<?xml version="1.0" encoding="UTF-8" standalone="yes"?>
<?xml-stylesheet type="text/xsl" href="fulltextIndex.xsl"?>
<fulltextIndex xsi:schemaLocation="schema/fulltextIndex.xsd" xmlns="http://framenet.icsi.berkeley.edu" xmlns:xsi="http://www.w3.org/2001/XMLSchema-instance">
    <corpus description="American National Corpus Texts" name="ANC" ID="195">
        <document description="chapter8_911report" name="chapter8_911report" ID="25397"/>
        <document description="Berlitz History of Jerusalem" name="HistoryOfJerusalem" ID="23647"/>
        <document description="Berlitz History of Greece" name="HistoryOfGreece" ID="23692"/>
        <document description="chapter1_911report" name="chapter1_911report" ID="25398"/>
        <document description="Berlitz What to Do in Hong Kong" name="WhatToHongKong" ID="23758"/>
        <document description="Goodwill fund-raising letter" name="110CYL067" ID="23791"/>
        <document description="Children's home fund-raising letter" name="112C-L013" ID="23811"/>
        <document description="Goodwill fund-raising letter" name="110CYL068" ID="23792"/>
        <document description="Berlitz Intro of Hong Kong" name="IntroHongKong" ID="23757"/>
        <document description="Berlitz Intro of Dublin" name="IntroOfDublin" ID="23652"/>
        <document description="Berlitz History of Las Vegas" name="HistoryOfLasVegas" ID="23691"/>
        <document description="Slate magazine article: Stephanopoulos Crimes" name="StephanopoulosCrimes" ID="23642"/>
        <document description="Goodwill fund-raising letter" name="110CYL070" ID="23795"/>
        <document description="Berlitz Where to Go in Hong Kong" name="WhereToHongKong" ID="23771"/>
        <document description="Slate magazine article: Entrepreneur as Madonna" name="EntrepreneurAsMadonna" ID="23646"/>
        <document description="Goodwill fund-raising letter" name="110CYL072" ID="23801"/>
        <document description="Berlitz Intro of Jamaica" name="IntroJamaica" ID="23754"/>
        <document description="Goodwill fund-raising letter" name="110CYL200" ID="23803"/>
        <document description="journal_christine" name="journal_christine" ID="23936"/>
        <document description="Goodwill fund-raising letter" name="110CYL069" ID="23794"/>
        <document description="Children's home fund-raising letter" name="112C-L012" ID="23802"/>
    </corpus>
    <corpus description="LUCorpus-v0.3" name="LUCorpus-v0.3" ID="205">
        <document description="AFGP-2002-600175-Trans" name="AFGP-2002-600175-Trans" ID="23744"/>
        <document description="602CZL285-1" name="602CZL285-1" ID="23714"/>
        <document description="20000415_apw_eng-NEW" name="20000415_apw_eng-NEW" ID="23703"/>
        <document description="IZ-060316-01-Trans-1" name="IZ-060316-01-Trans-1" ID="23732"/>
        <document description="20000419_apw_eng-NEW" name="20000419_apw_eng-NEW" ID="23711"/>
        <document description="artb_004_A1_E1_NEW" name="artb_004_A1_E1_NEW" ID="23715"/>
        <document description="CNN_AARONBROWN_ENG_20051101_215800.partial-NEW" name="CNN_AARONBROWN_ENG_20051101_215800.partial-NEW" ID="23733"/>
        <document description="AFGP-2002-602187-Trans" name="AFGP-2002-602187-Trans" ID="23743"/>
        <document description="enron-thread-159550" name="enron-thread-159550" ID="23724"/>
        <document description="wsj_2465" name="wsj_2465" ID="23722"/>
        <document description="20000424_nyt-NEW" name="20000424_nyt-NEW" ID="23713"/>
        <document description="ENRON-pearson-email-25jul02" name="ENRON-pearson-email-25jul02" ID="23719"/>
        <document description="artb_004_A1_E2_NEW" name="artb_004_A1_E2_NEW" ID="23716"/>
        <document description="20000416_xin_eng-NEW" name="20000416_xin_eng-NEW" ID="23702"/>
        <document description="20000420_xin_eng-NEW" name="20000420_xin_eng-NEW" ID="23712"/>
        <document description="sw2025-ms98-a-trans.ascii-1-NEW" name="sw2025-ms98-a-trans.ascii-1-NEW" ID="23731"/>
        <document description="SNO-525" name="SNO-525" ID="23728"/>
        <document description="wsj_1640.mrg-NEW" name="wsj_1640.mrg-NEW" ID="23727"/>
        <document description="CNN_ENG_20030614_173123.4-NEW-1" name="CNN_ENG_20030614_173123.4-NEW-1" ID="23726"/>
        <document description="AFGP-2002-600045-Trans" name="AFGP-2002-600045-Trans" ID="23740"/>
        <document description="20000410_nyt-NEW" name="20000410_nyt-NEW" ID="23701"/>
        <document description="AFGP-2002-600002-Trans" name="AFGP-2002-600002-Trans" ID="23736"/>
    </corpus>
    <corpus description="Texts from Nuclear Threat Initiative website, created by Center for Non-Proliferation Studies" name="NTI" ID="135">
        <document description="Kazakhstan" name="Kazakhstan" ID="23501"/>
        <document description="Iran Missile" name="Iran_Missile" ID="23512"/>
        <document description="Iran Chemical" name="Iran_Chemical" ID="23514"/>
        <document description="Libya Country 1" name="LibyaCountry1" ID="23477"/>
        <document description="WMD News 04/21/2006" name="WMDNews_042106" ID="23605"/>
        <document description="Taiwan Introduction" name="Taiwan_Introduction" ID="23565"/>
        <document description="Iran Biological" name="Iran_Biological" ID="23513"/>
        <document description="North Korea Nuclear Capabilities" name="NorthKorea_NuclearCapabilities" ID="23561"/>
        <document description="Iran Introduction" name="Iran_Introduction" ID="23521"/>
        <document description="Iran Nuclear" name="Iran_Nuclear" ID="23511"/>
        <document description="North Korea Introduction" name="NorthKorea_Introduction" ID="23481"/>
        <document description="Syria Nuclear Overview" name="Syria_NuclearOverview" ID="23631"/>
        <document description="South Africa Introduction" name="SouthAfrica_Introduction" ID="23571"/>
        <document description="B W Tutorial chapter1" name="BWTutorial_chapter1" ID="23602"/>
        <document description="WMD News 06/26/2006" name="WMDNews_062606" ID="23621"/>
        <document description="North Korea Nuclear Overview" name="NorthKorea_NuclearOverview" ID="23562"/>
        <document description="Russia Introduction" name="Russia_Introduction" ID="23563"/>
        <document description="North Korea Chemical Overview" name="NorthKorea_ChemicalOverview" ID="23611"/>
        <document description="Work Advances" name="workAdvances" ID="23683"/>
        <document description="China Overview" name="ChinaOverview" ID="23671"/>
    </corpus>
    <corpus description="Texts from WikiMedia--WikiNews and Wikipedia" name="WikiTexts" ID="246">
        <document description="oven.n" name="oven.n" ID="25739"/>
        <document description="fund.n" name="fund.n" ID="25736"/>
        <document description="Fires_3" name="Fires_3" ID="25618"/>
        <document description="Fires_2" name="Fires_2" ID="25617"/>
        <document description="spatula.n" name="spatula.n" ID="25740"/>
        <document description="extent.n" name="extent.n" ID="25738"/>
        <document description="Fires_5" name="Fires_5" ID="25620"/>
        <document description="someone.n" name="someone.n" ID="25737"/>
        <document description="Fires_7" name="Fires_7" ID="25622"/>
        <document description="Fires_1" name="Fires_1" ID="25616"/>
        <document description="Fires_6" name="Fires_6" ID="25621"/>
        <document description="invoice.n" name="invoice.n" ID="25733"/>
        <document description="Fires_4" name="Fires_4" ID="25619"/>
        <document description="boutique.n" name="boutique.n" ID="25734"/>
        <document description="acquisition.n" name="acquisition.n" ID="25735"/>
        <document description="Fires_10" name="Fires_10" ID="25625"/>
        <document description="Fires_8" name="Fires_8" ID="25623"/>
        <document description="Fires_9" name="Fires_9" ID="25624"/>
    </corpus>
    <corpus description="AQUAINT Knowledge-Based Evaluation Texts" name="KBEval" ID="185">
        <document description="MIT" name="MIT" ID="23580"/>
        <document description="lcch" name="lcch" ID="23574"/>
        <document description="parc" name="parc" ID="23575"/>
        <document description="Stanford" name="Stanford" ID="23576"/>
        <document description="LCC-M" name="LCC-M" ID="23578"/>
        <document description="cycorp" name="cycorp" ID="23581"/>
        <document description="atm" name="atm" ID="23577"/>
        <document description="utd-icsi" name="utd-icsi" ID="23579"/>
        <document description="Brandeis" name="Brandeis" ID="23573"/>
    </corpus>
    <corpus description="Miscellaneous" name="Miscellaneous" ID="175">
        <document description="TigerOfSanPedro" name="Tiger_Of_San_Pedro" ID="25343"/>
        <document description="Orwell_1984_p1" name="Orwell_1984_p1" ID="7"/>
        <document description="Sadat Assassination" name="SadatAssassination" ID="23551"/>
        <document description="C-4 Text" name="C-4Text" ID="23491"/>
        <document description="Iran-related Questions" name="IranRelatedQuestions" ID="23541"/>
        <document description="This is a 5-sentence news story about alleged White House gunman Robert Pickett." name="Pickett" ID="6"/>
        <document description="SemAnno_1" name="SemAnno_1" ID="23532"/>
        <document description="Chapter 14 of The Hound of the Baskervilles" name="Hound-Ch14" ID="23832"/>
        <document description="StatCan Trade Balance" name="tradeBalance020417" ID="23841"/>
        <document description="Hijack" name="Hijack" ID="23592"/>
        <document description="Examples4-5" name="Examples4-5" ID="25743"/>
    </corpus>
    <corpus description="Wall Street Journal Texts from the PropBank Project" name="PropBank" ID="115">
        <document description="Election Victory" name="ElectionVictory" ID="23010"/>
        <document description="Loma Prieta" name="LomaPrieta" ID="23013"/>
        <document description="Aetna Life and Casualty" name="AetnaLifeAndCasualty" ID="23019"/>
        <document description="Ticket Splitting" name="TicketSplitting" ID="23012"/>
        <document description="Polemic Progressive Education" name="PolemicProgressiveEducation" ID="23011"/>
        <document description="Bell Ringing" name="BellRinging" ID="23009"/>
    </corpus>
</fulltextIndex>