<?xml version="1.0" encoding="UTF-8" standalone="yes"?>
<?xml-stylesheet type="text/xsl" href="fullText.xsl"?>
<fullTextAnnotation xsi:schemaLocation="../schema/fullText.xsd" xmlns="http://framenet.icsi.berkeley.edu" xmlns:xsi="http://www.w3.org/2001/XMLSchema-instance">
    <header>
        <corpus description="American National Corpus Texts" name="ANC" ID="195">
            <document description="Children's home fund-raising letter" name="112C-L012" ID="23802"/>
        </corpus>
    </header>
    <sentence corpID="195" docID="23802" sentNo="1" paragNo="1" aPos="0" ID="4106532">
        <text>June 21 , 1999</text>
        <annotationSet cDate="12/03/2008 01:00:59 PST Wed" status="UNANN" ID="6557248">
            <layer rank="1" name="PENN">
                <label end="3" start="0" name="NP"/>
                <label end="6" start="5" name="cd"/>
                <label end="8" start="8" name=","/>
                <label end="13" start="10" name="cd"/>
            </layer>
            <layer rank="1" name="NER">
                <label end="13" start="0" name="date"/>
            </layer>
            <layer rank="1" name="WSL">
                <label end="3" start="0" name="NT"/>
                <label end="6" start="5" name="NT"/>
                <label end="8" start="8" name="NT"/>
                <label end="13" start="10" name="NT"/>
            </layer>
        </annotationSet>
    </sentence>
    <sentence corpID="195" docID="23802" sentNo="1" paragNo="2" aPos="0" ID="4106533">
        <text>Name Address City , ST Zip</text>
        <annotationSet cDate="12/03/2008 01:00:59 PST Wed" status="UNANN" ID="6557249">
            <layer rank="1" name="PENN">
                <label end="3" start="0" name="nn"/>
                <label end="11" start="5" name="nn"/>
                <label end="16" start="13" name="NP"/>
                <label end="18" start="18" name=","/>
                <label end="21" start="20" name="NP"/>
                <label end="25" start="23" name="nn"/>
            </layer>
            <layer rank="1" name="NER">
                <label end="25" start="20" name="organization"/>
            </layer>
            <layer rank="1" name="WSL">
                <label end="16" start="13" name="NT"/>
                <label end="18" start="18" name="NT"/>
                <label end="21" start="20" name="NT"/>
            </layer>
        </annotationSet>
    </sentence>
    <sentence corpID="195" docID="23802" sentNo="1" paragNo="3" aPos="0" ID="4106534">
        <text>Dear ,</text>
        <annotationSet cDate="12/03/2008 01:00:59 PST Wed" status="UNANN" ID="6557250">
            <layer rank="1" name="PENN">
                <label end="3" start="0" name="rb"/>
                <label end="5" start="5" name=","/>
            </layer>
            <layer rank="1" name="NER">
                <label end="3" start="0" name="person"/>
            </layer>
            <layer rank="1" name="WSL">
                <label end="3" start="0" name="NT"/>
                <label end="5" start="5" name="NT"/>
            </layer>
        </annotationSet>
    </sentence>
    <sentence corpID="195" docID="23802" sentNo="1" paragNo="4" aPos="0" ID="4106535">
        <text>Do you remember the combination of elation and apprehension you felt when you first left home ?</text>
        <annotationSet cDate="12/03/2008 01:00:59 PST Wed" status="UNANN" ID="6557251">
            <layer rank="1" name="PENN">
                <label end="1" start="0" name="VV"/>
                <label end="5" start="3" name="PP"/>
                <label end="14" start="7" name="VV"/>
                <label end="18" start="16" name="dt"/>
                <label end="30" start="20" name="nn"/>
                <label end="33" start="32" name="in"/>
                <label end="41" start="35" name="nn"/>
                <label end="45" start="43" name="cc"/>
                <label end="58" start="47" name="nn"/>
                <label end="62" start="60" name="PP"/>
                <label end="67" start="64" name="VVD"/>
                <label end="72" start="69" name="wrb"/>
                <label end="76" start="74" name="PP"/>
                <label end="82" start="78" name="rb"/>
                <label end="87" start="84" name="VVD"/>
                <label end="92" start="89" name="nn"/>
                <label end="94" start="94" name="sent"/>
            </layer>
            <layer rank="1" name="NER"/>
            <layer rank="1" name="WSL">
                <label end="5" start="3" name="NT"/>
                <label end="18" start="16" name="NT"/>
                <label end="33" start="32" name="NT"/>
                <label end="45" start="43" name="NT"/>
                <label end="62" start="60" name="NT"/>
                <label end="72" start="69" name="NT"/>
                <label end="76" start="74" name="NT"/>
                <label end="82" start="78" name="NT"/>
                <label end="94" start="94" name="NT"/>
            </layer>
        </annotationSet>
    </sentence>
    <sentence corpID="195" docID="23802" sentNo="2" paragNo="4" aPos="0" ID="4106536">
        <text>The young adults who leave Pleasant Run have those same feelings .</text>
        <annotationSet cDate="12/03/2008 01:00:59 PST Wed" status="UNANN" ID="6557252">
            <layer rank="1" name="PENN">
                <label end="2" start="0" name="dt"/>
                <label end="8" start="4" name="jj"/>
                <label end="15" start="10" name="nns"/>
                <label end="19" start="17" name="wp"/>
                <label end="25" start="21" name="VVP"/>
                <label end="34" start="27" name="NP"/>
                <label end="38" start="36" name="VV"/>
                <label end="43" start="40" name="VH"/>
                <label end="49" start="45" name="dt"/>
                <label end="54" start="51" name="jj"/>
                <label end="63" start="56" name="nns"/>
                <label end="65" start="65" name="sent"/>
            </layer>
            <layer rank="1" name="NER">
                <label end="38" start="27" name="organization"/>
            </layer>
            <layer rank="1" name="WSL">
                <label end="2" start="0" name="NT"/>
                <label end="19" start="17" name="NT"/>
                <label end="34" start="27" name="NT"/>
                <label end="49" start="45" name="NT"/>
                <label end="65" start="65" name="NT"/>
            </layer>
        </annotationSet>
    </sentence>
    <sentence corpID="195" docID="23802" sentNo="3" paragNo="4" aPos="0" ID="4106537">
        <text>Very few have family support to get them started .</text>
        <annotationSet cDate="12/03/2008 01:01:00 PST Wed" status="UNANN" ID="6557253">
            <layer rank="1" name="PENN">
                <label end="3" start="0" name="rb"/>
                <label end="7" start="5" name="jj"/>
                <label end="12" start="9" name="VHP"/>
                <label end="19" start="14" name="nn"/>
                <label end="27" start="21" name="nn"/>
                <label end="30" start="29" name="to"/>
                <label end="34" start="32" name="VV"/>
                <label end="39" start="36" name="PP"/>
                <label end="47" start="41" name="VVD"/>
                <label end="49" start="49" name="sent"/>
            </layer>
            <layer rank="1" name="NER"/>
            <layer rank="1" name="WSL">
                <label end="3" start="0" name="NT"/>
                <label end="30" start="29" name="NT"/>
                <label end="39" start="36" name="NT"/>
                <label end="49" start="49" name="NT"/>
            </layer>
        </annotationSet>
    </sentence>
    <sentence corpID="195" docID="23802" sentNo="4" paragNo="4" aPos="0" ID="4106538">
        <text>Many need furniture , linens and other basic necessities to begin lives on their own .</text>
        <annotationSet cDate="12/03/2008 01:01:00 PST Wed" status="UNANN" ID="6557254">
            <layer rank="1" name="PENN">
                <label end="3" start="0" name="jj"/>
                <label end="8" start="5" name="nn"/>
                <label end="18" start="10" name="nn"/>
                <label end="20" start="20" name=","/>
                <label end="27" start="22" name="nns"/>
                <label end="31" start="29" name="cc"/>
                <label end="37" start="33" name="jj"/>
                <label end="43" start="39" name="jj"/>
                <label end="55" start="45" name="nns"/>
                <label end="58" start="57" name="to"/>
                <label end="64" start="60" name="VV"/>
                <label end="70" start="66" name="nns"/>
                <label end="73" start="72" name="in"/>
                <label end="79" start="75" name="PP$"/>
                <label end="83" start="81" name="jj"/>
                <label end="85" start="85" name="sent"/>
            </layer>
            <layer rank="1" name="NER"/>
            <layer rank="1" name="WSL">
                <label end="20" start="20" name="NT"/>
                <label end="31" start="29" name="NT"/>
                <label end="58" start="57" name="NT"/>
                <label end="73" start="72" name="NT"/>
                <label end="79" start="75" name="NT"/>
                <label end="85" start="85" name="NT"/>
            </layer>
        </annotationSet>
    </sentence>
    <sentence corpID="195" docID="23802" sentNo="1" paragNo="5" aPos="0" ID="4106539">
        <text>To help them establish themselves in the community , the Pleasant Run Emancipation fund was begun in 1993 by private donors who wanted to provide a measure of financial support for those leaving our programs .</text>
        <annotationSet cDate="12/03/2008 01:01:00 PST Wed" status="UNANN" ID="6557255">
            <layer rank="1" name="PENN">
                <label end="1" start="0" name="to"/>
                <label end="6" start="3" name="VV"/>
                <label end="11" start="8" name="PP"/>
                <label end="21" start="13" name="VV"/>
                <label end="32" start="23" name="PP"/>
                <label end="35" start="34" name="in"/>
                <label end="39" start="37" name="dt"/>
                <label end="49" start="41" name="nn"/>
                <label end="51" start="51" name=","/>
                <label end="55" start="53" name="dt"/>
                <label end="64" start="57" name="NP"/>
                <label end="68" start="66" name="nn"/>
                <label end="81" start="70" name="nn"/>
                <label end="86" start="83" name="nn"/>
                <label end="90" start="88" name="VBD"/>
                <label end="96" start="92" name="VVN"/>
                <label end="99" start="98" name="in"/>
                <label end="104" start="101" name="cd"/>
                <label end="107" start="106" name="in"/>
                <label end="115" start="109" name="jj"/>
                <label end="122" start="117" name="nns"/>
                <label end="126" start="124" name="wp"/>
                <label end="133" start="128" name="VVD"/>
                <label end="136" start="135" name="to"/>
                <label end="144" start="138" name="VV"/>
                <label end="146" start="146" name="dt"/>
                <label end="154" start="148" name="nn"/>
                <label end="157" start="156" name="in"/>
                <label end="167" start="159" name="jj"/>
                <label end="175" start="169" name="nn"/>
                <label end="179" start="177" name="in"/>
                <label end="185" start="181" name="dt"/>
                <label end="193" start="187" name="VVG"/>
                <label end="197" start="195" name="PP$"/>
                <label end="206" start="199" name="nns"/>
                <label end="208" start="208" name="sent"/>
            </layer>
            <layer rank="1" name="NER">
                <label end="87" start="57" name="organization"/>
                <label end="110" start="107" name="date"/>
            </layer>
            <layer rank="1" name="WSL">
                <label end="1" start="0" name="NT"/>
                <label end="11" start="8" name="NT"/>
                <label end="32" start="23" name="NT"/>
                <label end="35" start="34" name="NT"/>
                <label end="39" start="37" name="NT"/>
                <label end="51" start="51" name="NT"/>
                <label end="55" start="53" name="NT"/>
                <label end="64" start="57" name="NT"/>
                <label end="90" start="88" name="NT"/>
                <label end="99" start="98" name="NT"/>
                <label end="104" start="101" name="NT"/>
                <label end="107" start="106" name="NT"/>
                <label end="126" start="124" name="NT"/>
                <label end="136" start="135" name="NT"/>
                <label end="146" start="146" name="NT"/>
                <label end="157" start="156" name="NT"/>
                <label end="179" start="177" name="NT"/>
                <label end="185" start="181" name="NT"/>
                <label end="197" start="195" name="NT"/>
                <label end="208" start="208" name="NT"/>
            </layer>
        </annotationSet>
    </sentence>
    <sentence corpID="195" docID="23802" sentNo="1" paragNo="6" aPos="0" ID="4106540">
        <text>Individuals who are being emancipated are eligible to receive up to $ 500 from the Fund if they formally apply and meet four requirements .</text>
        <annotationSet cDate="12/03/2008 01:01:00 PST Wed" status="UNANN" ID="6557256">
            <layer rank="1" name="PENN">
                <label end="10" start="0" name="nns"/>
                <label end="14" start="12" name="wp"/>
                <label end="18" start="16" name="vbp"/>
                <label end="24" start="20" name="VBG"/>
                <label end="36" start="26" name="VVN"/>
                <label end="40" start="38" name="vbp"/>
                <label end="49" start="42" name="jj"/>
                <label end="52" start="51" name="to"/>
                <label end="60" start="54" name="VV"/>
                <label end="63" start="62" name="rp"/>
                <label end="66" start="65" name="to"/>
                <label end="68" start="68" name="$"/>
                <label end="72" start="70" name="cd"/>
                <label end="77" start="74" name="in"/>
                <label end="81" start="79" name="dt"/>
                <label end="86" start="83" name="nn"/>
                <label end="89" start="88" name="in"/>
                <label end="94" start="91" name="PP"/>
                <label end="103" start="96" name="rb"/>
                <label end="109" start="105" name="VV"/>
                <label end="113" start="111" name="cc"/>
                <label end="118" start="115" name="VV"/>
                <label end="123" start="120" name="cd"/>
                <label end="136" start="125" name="nns"/>
                <label end="138" start="138" name="sent"/>
            </layer>
            <layer rank="1" name="NER">
                <label end="72" start="68" name="money"/>
            </layer>
            <layer rank="1" name="WSL">
                <label end="14" start="12" name="NT"/>
                <label end="18" start="16" name="NT"/>
                <label end="24" start="20" name="NT"/>
                <label end="40" start="38" name="NT"/>
                <label end="52" start="51" name="NT"/>
                <label end="63" start="62" name="NT"/>
                <label end="66" start="65" name="NT"/>
                <label end="68" start="68" name="NT"/>
                <label end="72" start="70" name="NT"/>
                <label end="77" start="74" name="NT"/>
                <label end="81" start="79" name="NT"/>
                <label end="89" start="88" name="NT"/>
                <label end="94" start="91" name="NT"/>
                <label end="103" start="96" name="NT"/>
                <label end="113" start="111" name="NT"/>
                <label end="123" start="120" name="NT"/>
                <label end="138" start="138" name="NT"/>
            </layer>
        </annotationSet>
    </sentence>
    <sentence corpID="195" docID="23802" sentNo="2" paragNo="6" aPos="0" ID="4106541">
        <text>1 Release by the courts .</text>
        <annotationSet cDate="12/03/2008 01:01:00 PST Wed" status="UNANN" ID="6557257">
            <layer rank="1" name="PENN">
                <label end="0" start="0" name="cd"/>
                <label end="8" start="2" name="NP"/>
                <label end="11" start="10" name="in"/>
                <label end="15" start="13" name="dt"/>
                <label end="22" start="17" name="nns"/>
                <label end="24" start="24" name="sent"/>
            </layer>
            <layer rank="1" name="NER"/>
            <layer rank="1" name="WSL">
                <label end="0" start="0" name="NT"/>
                <label end="8" start="2" name="NT"/>
                <label end="11" start="10" name="NT"/>
                <label end="15" start="13" name="NT"/>
                <label end="24" start="24" name="NT"/>
            </layer>
        </annotationSet>
    </sentence>
    <sentence corpID="195" docID="23802" sentNo="3" paragNo="6" aPos="0" ID="4106542">
        <text>2 Successful completion of all life skills tests .</text>
        <annotationSet cDate="12/03/2008 01:01:01 PST Wed" status="UNANN" ID="6557258">
            <layer rank="1" name="PENN">
                <label end="0" start="0" name="cd"/>
                <label end="11" start="2" name="jj"/>
                <label end="22" start="13" name="nn"/>
                <label end="25" start="24" name="in"/>
                <label end="29" start="27" name="dt"/>
                <label end="34" start="31" name="nn"/>
                <label end="41" start="36" name="nns"/>
                <label end="47" start="43" name="nns"/>
                <label end="49" start="49" name="sent"/>
            </layer>
            <layer rank="1" name="NER"/>
            <layer rank="1" name="WSL">
                <label end="0" start="0" name="NT"/>
                <label end="25" start="24" name="NT"/>
                <label end="29" start="27" name="NT"/>
                <label end="49" start="49" name="NT"/>
            </layer>
        </annotationSet>
    </sentence>
    <sentence corpID="195" docID="23802" sentNo="4" paragNo="6" aPos="0" ID="4106543">
        <text>3 Positive termination of his or her Pleasant Run program .</text>
        <annotationSet cDate="12/03/2008 01:01:01 PST Wed" status="UNANN" ID="6557259">
            <layer rank="1" name="PENN">
                <label end="0" start="0" name="cd"/>
                <label end="9" start="2" name="jj"/>
                <label end="21" start="11" name="nn"/>
                <label end="24" start="23" name="in"/>
                <label end="28" start="26" name="PP$"/>
                <label end="31" start="30" name="cc"/>
                <label end="35" start="33" name="PP$"/>
                <label end="44" start="37" name="NP"/>
                <label end="48" start="46" name="nn"/>
                <label end="56" start="50" name="nn"/>
                <label end="58" start="58" name="sent"/>
            </layer>
            <layer rank="1" name="NER">
                <label end="48" start="37" name="organization"/>
            </layer>
            <layer rank="1" name="WSL">
                <label end="0" start="0" name="NT"/>
                <label end="24" start="23" name="NT"/>
                <label end="28" start="26" name="NT"/>
                <label end="31" start="30" name="NT"/>
                <label end="35" start="33" name="NT"/>
                <label end="44" start="37" name="NT"/>
                <label end="58" start="58" name="NT"/>
            </layer>
        </annotationSet>
    </sentence>
    <sentence corpID="195" docID="23802" sentNo="5" paragNo="6" aPos="0" ID="4106544">
        <text>4 Possession of a high school diploma or GED .</text>
        <annotationSet cDate="12/03/2008 01:01:01 PST Wed" status="UNANN" ID="6557260">
            <layer rank="1" name="PENN">
                <label end="0" start="0" name="cd"/>
                <label end="11" start="2" name="nn"/>
                <label end="14" start="13" name="in"/>
                <label end="16" start="16" name="dt"/>
                <label end="21" start="18" name="jj"/>
                <label end="28" start="23" name="nn"/>
                <label end="36" start="30" name="nn"/>
                <label end="39" start="38" name="cc"/>
                <label end="43" start="41" name="jj"/>
                <label end="45" start="45" name="sent"/>
            </layer>
            <layer rank="1" name="NER">
                <label end="43" start="41" name="organization"/>
            </layer>
            <layer rank="1" name="WSL">
                <label end="0" start="0" name="NT"/>
                <label end="14" start="13" name="NT"/>
                <label end="16" start="16" name="NT"/>
                <label end="39" start="38" name="NT"/>
                <label end="45" start="45" name="NT"/>
            </layer>
        </annotationSet>
    </sentence>
    <sentence corpID="195" docID="23802" sentNo="1" paragNo="7" aPos="0" ID="4106545">
        <text>Proof of meeting these , two staff reference letters and an essay stating why they should receive a grant and how it will be used are all reviewed by a Pleasant Run panel , which determines if the applicant merits the funds .</text>
        <annotationSet cDate="12/03/2008 01:01:01 PST Wed" status="UNANN" ID="6557261">
            <layer rank="1" name="PENN">
                <label end="4" start="0" name="nn"/>
                <label end="7" start="6" name="in"/>
                <label end="15" start="9" name="VVG"/>
                <label end="21" start="17" name="dt"/>
                <label end="23" start="23" name=","/>
                <label end="27" start="25" name="cd"/>
                <label end="33" start="29" name="nn"/>
                <label end="43" start="35" name="nn"/>
                <label end="51" start="45" name="nns"/>
                <label end="55" start="53" name="cc"/>
                <label end="58" start="57" name="dt"/>
                <label end="64" start="60" name="nn"/>
                <label end="72" start="66" name="VVG"/>
                <label end="76" start="74" name="wrb"/>
                <label end="81" start="78" name="PP"/>
                <label end="88" start="83" name="md"/>
                <label end="96" start="90" name="VV"/>
                <label end="98" start="98" name="dt"/>
                <label end="104" start="100" name="nn"/>
                <label end="108" start="106" name="cc"/>
                <label end="112" start="110" name="wrb"/>
                <label end="115" start="114" name="PP"/>
                <label end="120" start="117" name="md"/>
                <label end="123" start="122" name="vb"/>
                <label end="128" start="125" name="VVN"/>
                <label end="132" start="130" name="vbp"/>
                <label end="136" start="134" name="dt"/>
                <label end="145" start="138" name="VVN"/>
                <label end="148" start="147" name="in"/>
                <label end="150" start="150" name="dt"/>
                <label end="159" start="152" name="NP"/>
                <label end="163" start="161" name="nn"/>
                <label end="169" start="165" name="nn"/>
                <label end="171" start="171" name=","/>
                <label end="177" start="173" name="wdt"/>
                <label end="188" start="179" name="VVZ"/>
                <label end="191" start="190" name="in"/>
                <label end="195" start="193" name="dt"/>
                <label end="205" start="197" name="nn"/>
                <label end="212" start="207" name="nns"/>
                <label end="216" start="214" name="dt"/>
                <label end="222" start="218" name="nns"/>
                <label end="224" start="224" name="sent"/>
            </layer>
            <layer rank="1" name="NER">
                <label end="163" start="152" name="organization"/>
            </layer>
            <layer rank="1" name="WSL">
                <label end="7" start="6" name="NT"/>
                <label end="21" start="17" name="NT"/>
                <label end="23" start="23" name="NT"/>
                <label end="27" start="25" name="NT"/>
                <label end="55" start="53" name="NT"/>
                <label end="58" start="57" name="NT"/>
                <label end="76" start="74" name="NT"/>
                <label end="81" start="78" name="NT"/>
                <label end="88" start="83" name="NT"/>
                <label end="98" start="98" name="NT"/>
                <label end="108" start="106" name="NT"/>
                <label end="112" start="110" name="NT"/>
                <label end="115" start="114" name="NT"/>
                <label end="120" start="117" name="NT"/>
                <label end="123" start="122" name="NT"/>
                <label end="132" start="130" name="NT"/>
                <label end="136" start="134" name="NT"/>
                <label end="148" start="147" name="NT"/>
                <label end="150" start="150" name="NT"/>
                <label end="159" start="152" name="NT"/>
                <label end="171" start="171" name="NT"/>
                <label end="177" start="173" name="NT"/>
                <label end="191" start="190" name="NT"/>
                <label end="195" start="193" name="NT"/>
                <label end="216" start="214" name="NT"/>
                <label end="224" start="224" name="NT"/>
            </layer>
        </annotationSet>
    </sentence>
    <sentence corpID="195" docID="23802" sentNo="1" paragNo="8" aPos="0" ID="4106546">
        <text>Such fund are often used for college tuition , vocational training or a deposit on an apartment .</text>
        <annotationSet cDate="12/03/2008 01:01:01 PST Wed" status="UNANN" ID="6557262">
            <layer rank="1" name="PENN">
                <label end="3" start="0" name="jj"/>
                <label end="8" start="5" name="nn"/>
                <label end="12" start="10" name="vbp"/>
                <label end="18" start="14" name="rb"/>
                <label end="23" start="20" name="VVN"/>
                <label end="27" start="25" name="in"/>
                <label end="35" start="29" name="nn"/>
                <label end="43" start="37" name="nn"/>
                <label end="45" start="45" name=","/>
                <label end="56" start="47" name="jj"/>
                <label end="65" start="58" name="nn"/>
                <label end="68" start="67" name="cc"/>
                <label end="70" start="70" name="dt"/>
                <label end="78" start="72" name="nn"/>
                <label end="81" start="80" name="in"/>
                <label end="84" start="83" name="dt"/>
                <label end="94" start="86" name="nn"/>
                <label end="96" start="96" name="sent"/>
            </layer>
            <layer rank="1" name="NER"/>
            <layer rank="1" name="WSL">
                <label end="12" start="10" name="NT"/>
                <label end="18" start="14" name="NT"/>
                <label end="27" start="25" name="NT"/>
                <label end="45" start="45" name="NT"/>
                <label end="68" start="67" name="NT"/>
                <label end="70" start="70" name="NT"/>
                <label end="81" start="80" name="NT"/>
                <label end="84" start="83" name="NT"/>
                <label end="96" start="96" name="NT"/>
            </layer>
        </annotationSet>
    </sentence>
    <sentence corpID="195" docID="23802" sentNo="1" paragNo="9" aPos="0" ID="4106547">
        <text>Because Pleasant Run is the only `` family '' for so many , our Emancipation Fund is one way we can help a young person take the first steps into his or her new life as an independent and productive adult .</text>
        <annotationSet cDate="12/03/2008 01:01:02 PST Wed" status="UNANN" ID="6557263">
            <layer rank="1" name="PENN">
                <label end="6" start="0" name="in"/>
                <label end="15" start="8" name="NP"/>
                <label end="19" start="17" name="nn"/>
                <label end="22" start="21" name="VBZ"/>
                <label end="26" start="24" name="dt"/>
                <label end="31" start="28" name="jj"/>
                <label end="34" start="33" name="``"/>
                <label end="41" start="36" name="nn"/>
                <label end="44" start="43" name="''"/>
                <label end="48" start="46" name="in"/>
                <label end="51" start="50" name="rb"/>
                <label end="56" start="53" name="jj"/>
                <label end="58" start="58" name=","/>
                <label end="62" start="60" name="PP$"/>
                <label end="75" start="64" name="nn"/>
                <label end="80" start="77" name="nn"/>
                <label end="83" start="82" name="VBZ"/>
                <label end="87" start="85" name="cd"/>
                <label end="91" start="89" name="nn"/>
                <label end="94" start="93" name="PP"/>
                <label end="98" start="96" name="md"/>
                <label end="103" start="100" name="VV"/>
                <label end="105" start="105" name="dt"/>
                <label end="111" start="107" name="jj"/>
                <label end="118" start="113" name="nn"/>
                <label end="123" start="120" name="VV"/>
                <label end="127" start="125" name="dt"/>
                <label end="133" start="129" name="jj"/>
                <label end="139" start="135" name="nns"/>
                <label end="144" start="141" name="in"/>
                <label end="148" start="146" name="PP$"/>
                <label end="151" start="150" name="cc"/>
                <label end="155" start="153" name="PP$"/>
                <label end="159" start="157" name="jj"/>
                <label end="164" start="161" name="nn"/>
                <label end="167" start="166" name="in"/>
                <label end="170" start="169" name="dt"/>
                <label end="182" start="172" name="jj"/>
                <label end="186" start="184" name="cc"/>
                <label end="197" start="188" name="jj"/>
                <label end="203" start="199" name="nn"/>
                <label end="205" start="205" name="sent"/>
            </layer>
            <layer rank="1" name="NER">
                <label end="19" start="8" name="organization"/>
            </layer>
            <layer rank="1" name="WSL">
                <label end="6" start="0" name="NT"/>
                <label end="15" start="8" name="NT"/>
                <label end="22" start="21" name="NT"/>
                <label end="26" start="24" name="NT"/>
                <label end="34" start="33" name="NT"/>
                <label end="44" start="43" name="NT"/>
                <label end="48" start="46" name="NT"/>
                <label end="51" start="50" name="NT"/>
                <label end="58" start="58" name="NT"/>
                <label end="62" start="60" name="NT"/>
                <label end="83" start="82" name="NT"/>
                <label end="87" start="85" name="NT"/>
                <label end="94" start="93" name="NT"/>
                <label end="98" start="96" name="NT"/>
                <label end="105" start="105" name="NT"/>
                <label end="127" start="125" name="NT"/>
                <label end="144" start="141" name="NT"/>
                <label end="148" start="146" name="NT"/>
                <label end="151" start="150" name="NT"/>
                <label end="155" start="153" name="NT"/>
                <label end="167" start="166" name="NT"/>
                <label end="170" start="169" name="NT"/>
                <label end="186" start="184" name="NT"/>
                <label end="205" start="205" name="NT"/>
            </layer>
        </annotationSet>
    </sentence>
    <sentence corpID="195" docID="23802" sentNo="1" paragNo="10" aPos="0" ID="4106548">
        <text>Without private donor support , this Fund does n't exist .</text>
        <annotationSet cDate="12/03/2008 01:01:02 PST Wed" status="UNANN" ID="6557264">
            <layer rank="1" name="PENN">
                <label end="6" start="0" name="in"/>
                <label end="14" start="8" name="jj"/>
                <label end="20" start="16" name="nn"/>
                <label end="28" start="22" name="nn"/>
                <label end="30" start="30" name=","/>
                <label end="35" start="32" name="dt"/>
                <label end="40" start="37" name="NP"/>
                <label end="45" start="42" name="VVZ"/>
                <label end="49" start="47" name="rb"/>
                <label end="55" start="51" name="VV"/>
                <label end="57" start="57" name="sent"/>
            </layer>
            <layer rank="1" name="NER"/>
            <layer rank="1" name="WSL">
                <label end="6" start="0" name="NT"/>
                <label end="30" start="30" name="NT"/>
                <label end="35" start="32" name="NT"/>
                <label end="40" start="37" name="NT"/>
                <label end="45" start="42" name="NT"/>
                <label end="49" start="47" name="NT"/>
                <label end="57" start="57" name="NT"/>
            </layer>
        </annotationSet>
    </sentence>
    <sentence corpID="195" docID="23802" sentNo="2" paragNo="10" aPos="0" ID="4106549">
        <text>Please take a few minutes to send a donation to help one or more of our children successfully cross that threshold into the future .</text>
        <annotationSet cDate="12/03/2008 01:01:02 PST Wed" status="UNANN" ID="6557265">
            <layer rank="1" name="PENN">
                <label end="5" start="0" name="VV"/>
                <label end="10" start="7" name="VV"/>
                <label end="12" start="12" name="dt"/>
                <label end="16" start="14" name="jj"/>
                <label end="24" start="18" name="nns"/>
                <label end="27" start="26" name="to"/>
                <label end="32" start="29" name="VV"/>
                <label end="34" start="34" name="dt"/>
                <label end="43" start="36" name="nn"/>
                <label end="46" start="45" name="to"/>
                <label end="51" start="48" name="VV"/>
                <label end="55" start="53" name="cd"/>
                <label end="58" start="57" name="cc"/>
                <label end="63" start="60" name="jjr"/>
                <label end="66" start="65" name="in"/>
                <label end="70" start="68" name="PP$"/>
                <label end="79" start="72" name="nns"/>
                <label end="92" start="81" name="rb"/>
                <label end="98" start="94" name="VVP"/>
                <label end="103" start="100" name="dt"/>
                <label end="113" start="105" name="nn"/>
                <label end="118" start="115" name="in"/>
                <label end="122" start="120" name="dt"/>
                <label end="129" start="124" name="nn"/>
                <label end="131" start="131" name="sent"/>
            </layer>
            <layer rank="1" name="NER"/>
            <layer rank="1" name="WSL">
                <label end="12" start="12" name="NT"/>
                <label end="27" start="26" name="NT"/>
                <label end="34" start="34" name="NT"/>
                <label end="46" start="45" name="NT"/>
                <label end="55" start="53" name="NT"/>
                <label end="58" start="57" name="NT"/>
                <label end="66" start="65" name="NT"/>
                <label end="70" start="68" name="NT"/>
                <label end="92" start="81" name="NT"/>
                <label end="103" start="100" name="NT"/>
                <label end="118" start="115" name="NT"/>
                <label end="122" start="120" name="NT"/>
                <label end="131" start="131" name="NT"/>
            </layer>
        </annotationSet>
    </sentence>
    <sentence corpID="195" docID="23802" sentNo="1" paragNo="11" aPos="0" ID="4106550">
        <text>Sincerely ,</text>
        <annotationSet cDate="12/03/2008 01:01:02 PST Wed" status="UNANN" ID="6557266">
            <layer rank="1" name="PENN">
                <label end="8" start="0" name="rb"/>
                <label end="10" start="10" name=","/>
            </layer>
            <layer rank="1" name="NER">
                <label end="8" start="0" name="person"/>
            </layer>
            <layer rank="1" name="WSL">
                <label end="8" start="0" name="NT"/>
                <label end="10" start="10" name="NT"/>
            </layer>
        </annotationSet>
    </sentence>
    <sentence corpID="195" docID="23802" sentNo="1" paragNo="12" aPos="0" ID="4106551">
        <text>Mary Roth Executive Director</text>
        <annotationSet cDate="12/03/2008 01:01:02 PST Wed" status="UNANN" ID="6557267">
            <layer rank="1" name="PENN">
                <label end="3" start="0" name="NP"/>
                <label end="8" start="5" name="NP"/>
                <label end="18" start="10" name="NP"/>
                <label end="27" start="20" name="NP"/>
            </layer>
            <layer rank="1" name="NER">
                <label end="8" start="0" name="person"/>
            </layer>
            <layer rank="1" name="WSL">
                <label end="3" start="0" name="NT"/>
                <label end="8" start="5" name="NT"/>
                <label end="18" start="10" name="NT"/>
                <label end="27" start="20" name="NT"/>
            </layer>
        </annotationSet>
    </sentence>
</fullTextAnnotation>