<?xml version="1.0" encoding="UTF-8" standalone="yes"?>
<?xml-stylesheet type="text/xsl" href="fullText.xsl"?>
<fullTextAnnotation xsi:schemaLocation="../schema/fullText.xsd" xmlns="http://framenet.icsi.berkeley.edu" xmlns:xsi="http://www.w3.org/2001/XMLSchema-instance">
    <header>
        <corpus description="American National Corpus Texts" name="ANC" ID="195">
            <document description="Goodwill fund-raising letter" name="110CYL072" ID="23801"/>
        </corpus>
    </header>
    <sentence corpID="195" docID="23801" sentNo="1" paragNo="1" aPos="0" ID="4106518">
        <text>Some of the strongest critics of our welfare system are the people who have become dependent on it .</text>
        <annotationSet cDate="12/03/2008 11:17:28 PST Wed" status="UNANN" ID="6557210">
            <layer rank="1" name="PENN">
                <label end="3" start="0" name="dt"/>
                <label end="6" start="5" name="in"/>
                <label end="10" start="8" name="dt"/>
                <label end="20" start="12" name="jjs"/>
                <label end="28" start="22" name="nns"/>
                <label end="31" start="30" name="in"/>
                <label end="35" start="33" name="PP$"/>
                <label end="43" start="37" name="nn"/>
                <label end="50" start="45" name="nn"/>
                <label end="54" start="52" name="vbp"/>
                <label end="58" start="56" name="dt"/>
                <label end="65" start="60" name="nns"/>
                <label end="69" start="67" name="wp"/>
                <label end="74" start="71" name="VHP"/>
                <label end="81" start="76" name="VVN"/>
                <label end="91" start="83" name="jj"/>
                <label end="94" start="93" name="in"/>
                <label end="97" start="96" name="PP"/>
                <label end="99" start="99" name="sent"/>
            </layer>
            <layer rank="1" name="NER"/>
            <layer rank="1" name="WSL">
                <label end="10" start="8" name="NT"/>
                <label end="31" start="30" name="NT"/>
                <label end="35" start="33" name="NT"/>
                <label end="54" start="52" name="NT"/>
                <label end="58" start="56" name="NT"/>
                <label end="69" start="67" name="NT"/>
                <label end="74" start="71" name="NT"/>
                <label end="94" start="93" name="NT"/>
                <label end="97" start="96" name="NT"/>
                <label end="99" start="99" name="NT"/>
            </layer>
        </annotationSet>
        <annotationSet cDate="12/03/2008 12:38:59 PST Wed" luID="10190" luName="of.prep" frameID="1010" frameName="Partitive" status="MANUAL" ID="6557225">
            <layer rank="1" name="Target">
                <label cBy="AlK" end="6" start="5" name="Target"/>
            </layer>
            <layer rank="1" name="FE">
                <label cBy="AlK" feID="6000" bgColor="0000FF" fgColor="FFFFFF" end="3" start="0" name="Subset"/>
                <label cBy="AlK" feID="6001" bgColor="800080" fgColor="FFFFFF" end="50" start="8" name="Group"/>
            </layer>
            <layer rank="1" name="GF">
                <label end="3" start="0" name="Ext"/>
                <label end="50" start="8" name="Obj"/>
            </layer>
            <layer rank="1" name="PT">
                <label end="3" start="0" name="NP"/>
                <label end="50" start="8" name="NP"/>
            </layer>
            <layer rank="1" name="Other"/>
            <layer rank="1" name="Sent"/>
            <layer rank="1" name="Prep"/>
        </annotationSet>
        <annotationSet cDate="12/03/2008 12:39:57 PST Wed" luID="12473" luName="strong.a" frameID="1563" frameName="Level_of_force_exertion" status="MANUAL" ID="6557226">
            <layer rank="1" name="Target">
                <label cBy="AlK" end="20" start="12" name="Target"/>
            </layer>
            <layer rank="1" name="FE">
                <label cBy="AlK" feID="8505" bgColor="FF0000" fgColor="FFFFFF" end="50" start="22" name="Exerter"/>
                <label cBy="HPh" feID="16704" bgColor="FF69B4" fgColor="FFFFFF" end="20" start="12" name="Degree"/>
            </layer>
            <layer rank="1" name="GF">
                <label end="50" start="22" name="Head"/>
            </layer>
            <layer rank="1" name="PT">
                <label end="50" start="22" name="N"/>
            </layer>
            <layer rank="1" name="Other"/>
            <layer rank="1" name="Sent">
                <label end="0" start="0" name="Metaphor"/>
            </layer>
            <layer rank="1" name="Adj"/>
        </annotationSet>
        <annotationSet cDate="12/03/2008 12:40:01 PST Wed" luID="4162" luName="critic.n" frameID="219" frameName="Judgment_communication" status="MANUAL" ID="6557227">
            <layer rank="1" name="Target">
                <label cBy="AlK" end="28" start="22" name="Target"/>
            </layer>
            <layer rank="1" name="FE">
                <label cBy="AlK" feID="1777" bgColor="0000FF" fgColor="FFFFFF" end="50" start="30" name="Evaluee"/>
                <label cBy="AlK" feID="1771" bgColor="FF0000" fgColor="FFFFFF" end="28" start="22" name="Communicator"/>
                <label cBy="AlK" feID="3719" bgColor="9400D3" fgColor="FFFFFF" end="20" start="12" name="Depictive"/>
            </layer>
            <layer rank="1" name="GF">
                <label end="50" start="30" name="Dep"/>
                <label end="20" start="12" name="Dep"/>
            </layer>
            <layer rank="1" name="PT">
                <label end="50" start="30" name="PP"/>
                <label end="20" start="12" name="AJP"/>
            </layer>
            <layer rank="1" name="Other"/>
            <layer rank="1" name="Sent"/>
            <layer rank="1" name="Noun"/>
        </annotationSet>
        <annotationSet cDate="12/03/2008 12:42:54 PST Wed" luID="12637" luName="system.n" frameID="1610" frameName="System" status="MANUAL" ID="6557228">
            <layer rank="1" name="Target">
                <label cBy="AlK" end="50" start="45" name="Target"/>
            </layer>
            <layer rank="1" name="FE">
                <label cBy="AlK" feID="8913" bgColor="008000" fgColor="FFFFFF" end="50" start="45" name="Complex"/>
                <label cBy="AlK" feID="8914" bgColor="800080" fgColor="FFFFFF" end="43" start="37" name="Function"/>
                <label cBy="AlK" feID="8925" bgColor="FFA500" fgColor="FFFFFF" end="35" start="33" name="Possessor"/>
            </layer>
            <layer rank="1" name="GF">
                <label end="43" start="37" name="Dep"/>
                <label end="35" start="33" name="Gen"/>
            </layer>
            <layer rank="1" name="PT">
                <label end="43" start="37" name="N"/>
                <label end="35" start="33" name="Poss"/>
            </layer>
            <layer rank="1" name="Other"/>
            <layer rank="1" name="Sent"/>
            <layer rank="1" name="Noun"/>
        </annotationSet>
        <annotationSet cDate="12/03/2008 12:42:59 PST Wed" luID="5511" luName="people.n" frameID="304" frameName="People" status="MANUAL" ID="6557229">
            <layer rank="1" name="Target">
                <label cBy="AlK" end="65" start="60" name="Target"/>
            </layer>
            <layer rank="1" name="FE">
                <label cBy="AlK" feID="2618" bgColor="FF0000" fgColor="FFFFFF" end="65" start="60" name="Person"/>
                <label cBy="AlK" feID="2620" bgColor="00BFFF" fgColor="FFFFFF" end="97" start="67" name="Descriptor"/>
            </layer>
            <layer rank="1" name="GF">
                <label end="97" start="67" name="Dep"/>
            </layer>
            <layer rank="1" name="PT">
                <label end="97" start="67" name="Srel"/>
            </layer>
            <layer rank="1" name="Other"/>
            <layer rank="1" name="Sent"/>
            <layer rank="1" name="Noun"/>
        </annotationSet>
        <annotationSet cDate="12/03/2008 12:43:17 PST Wed" luID="18221" luName="become.v" frameID="2971" frameName="Becoming" status="MANUAL" ID="6557230">
            <layer rank="1" name="Target">
                <label cBy="AlK" end="81" start="76" name="Target"/>
            </layer>
            <layer rank="1" name="FE">
                <label cBy="AlK" feID="16598" bgColor="FF0000" fgColor="FFFFFF" end="65" start="60" name="Entity"/>
                <label cBy="AlK" feID="16598" bgColor="FF0000" fgColor="FFFFFF" end="69" start="67" name="Entity"/>
                <label cBy="AlK" feID="16599" bgColor="7CCD7C" fgColor="FFFFFF" end="97" start="83" name="Final_quality"/>
            </layer>
            <layer rank="1" name="GF">
                <label end="65" start="60" name="Ext"/>
                <label end="69" start="67" name="Ext"/>
                <label end="97" start="83" name="Dep"/>
            </layer>
            <layer rank="1" name="PT">
                <label end="65" start="60" name="NP"/>
                <label end="69" start="67" name="NP"/>
                <label end="97" start="83" name="AJP"/>
            </layer>
            <layer rank="1" name="Other">
                <label end="65" start="60" name="Ant"/>
                <label end="69" start="67" name="Rel"/>
            </layer>
            <layer rank="1" name="Sent"/>
            <layer rank="1" name="Verb"/>
        </annotationSet>
    </sentence>
    <sentence corpID="195" docID="23801" sentNo="1" paragNo="2" aPos="0" ID="4106519">
        <text>Their complaint : the system discourages working because unemployment provides benefits that many entry - level jobs do n't include .</text>
        <annotationSet cDate="12/03/2008 11:17:28 PST Wed" status="UNANN" ID="6557211">
            <layer rank="1" name="PENN">
                <label end="4" start="0" name="PP$"/>
                <label end="14" start="6" name="nn"/>
                <label end="16" start="16" name=":"/>
                <label end="20" start="18" name="dt"/>
                <label end="27" start="22" name="nn"/>
                <label end="39" start="29" name="VVZ"/>
                <label end="47" start="41" name="VVG"/>
                <label end="55" start="49" name="in"/>
                <label end="68" start="57" name="nn"/>
                <label end="77" start="70" name="VVZ"/>
                <label end="86" start="79" name="nns"/>
                <label end="91" start="88" name="in"/>
                <label end="96" start="93" name="jj"/>
                <label end="102" start="98" name="nn"/>
                <label end="104" start="104" name=":"/>
                <label end="110" start="106" name="nn"/>
                <label end="115" start="112" name="nns"/>
                <label end="118" start="117" name="VVP"/>
                <label end="122" start="120" name="rb"/>
                <label end="130" start="124" name="VV"/>
                <label end="132" start="132" name="sent"/>
            </layer>
            <layer rank="1" name="NER"/>
            <layer rank="1" name="WSL">
                <label end="4" start="0" name="NT"/>
                <label end="16" start="16" name="NT"/>
                <label end="20" start="18" name="NT"/>
                <label end="91" start="88" name="NT"/>
                <label end="104" start="104" name="NT"/>
                <label end="118" start="117" name="NT"/>
                <label end="122" start="120" name="NT"/>
                <label end="132" start="132" name="NT"/>
            </layer>
        </annotationSet>
        <annotationSet cDate="12/03/2008 12:43:29 PST Wed" luID="12726" luName="complaint.n" frameID="1621" frameName="Complaining" status="MANUAL" ID="6557232">
            <layer rank="1" name="Target">
                <label cBy="AlK" end="14" start="6" name="Target"/>
            </layer>
            <layer rank="1" name="FE">
                <label cBy="AlK" feID="8975" bgColor="FF0000" fgColor="FFFFFF" end="4" start="0" name="Complainer"/>
                <label cBy="AlK" feID="8977" bgColor="00BFFF" fgColor="FFFFFF" end="130" start="18" name="Complaint"/>
            </layer>
            <layer rank="1" name="GF">
                <label end="4" start="0" name="Gen"/>
                <label end="130" start="18" name="Dep"/>
            </layer>
            <layer rank="1" name="PT">
                <label end="4" start="0" name="Poss"/>
                <label end="130" start="18" name="Sfin"/>
            </layer>
            <layer rank="1" name="Other"/>
            <layer rank="1" name="Sent"/>
            <layer rank="1" name="Noun"/>
        </annotationSet>
        <annotationSet cDate="12/03/2008 12:43:33 PST Wed" luID="12637" luName="system.n" frameID="1610" frameName="System" status="MANUAL" ID="6557233">
            <layer rank="1" name="Target">
                <label cBy="AlK" end="27" start="22" name="Target"/>
            </layer>
            <layer rank="1" name="FE">
                <label cBy="AlK" feID="8913" bgColor="008000" fgColor="FFFFFF" end="27" start="22" name="Complex"/>
                <label cBy="AlK" feID="8914" itype="DNI" bgColor="800080" fgColor="FFFFFF" name="Function"/>
            </layer>
            <layer rank="1" name="GF"/>
            <layer rank="1" name="PT"/>
            <layer rank="1" name="Other"/>
            <layer rank="1" name="Sent"/>
            <layer rank="1" name="Noun"/>
        </annotationSet>
        <annotationSet cDate="12/03/2008 12:44:20 PST Wed" luID="5780" luName="work.v" frameID="282" frameName="Being_employed" status="MANUAL" ID="6557235">
            <layer rank="1" name="Target">
                <label cBy="AlK" end="47" start="41" name="Target"/>
            </layer>
            <layer rank="1" name="FE">
                <label cBy="AlK" feID="2796" itype="INI" bgColor="0000FF" fgColor="FFFFFF" name="Employee"/>
                <label cBy="AlK" feID="2797" itype="INI" bgColor="FF0000" fgColor="FFFFFF" name="Employer"/>
            </layer>
            <layer rank="1" name="GF"/>
            <layer rank="1" name="PT"/>
            <layer rank="1" name="Other"/>
            <layer rank="1" name="Sent"/>
            <layer rank="1" name="Verb"/>
        </annotationSet>
        <annotationSet cDate="12/03/2008 12:44:27 PST Wed" luID="13419" luName="because.c" frameID="5" frameName="Causation" status="MANUAL" ID="6557236">
            <layer rank="1" name="Target">
                <label cBy="AlK" end="55" start="49" name="Target"/>
            </layer>
            <layer rank="1" name="FE">
                <label cBy="AlK" feID="20" bgColor="FF0000" fgColor="FFFFFF" end="47" start="18" name="Effect"/>
                <label cBy="AlK" feID="18" bgColor="0000FF" fgColor="FFFFFF" end="130" start="57" name="Cause"/>
            </layer>
            <layer rank="1" name="GF">
                <label end="47" start="18" name="Dep"/>
                <label end="130" start="57" name="Dep"/>
            </layer>
            <layer rank="1" name="PT">
                <label end="47" start="18" name="Sfin"/>
                <label end="130" start="57" name="Sfin"/>
            </layer>
            <layer rank="1" name="Other"/>
            <layer rank="1" name="Sent"/>
        </annotationSet>
        <annotationSet cDate="12/03/2008 12:45:06 PST Wed" luID="11673" luName="provide.v" frameID="1346" frameName="Supply" status="MANUAL" ID="6557237">
            <layer rank="1" name="Target">
                <label cBy="AlK" end="77" start="70" name="Target"/>
            </layer>
            <layer rank="1" name="FE">
                <label cBy="AlK" feID="7609" bgColor="FF0000" fgColor="FFFFFF" end="68" start="57" name="Supplier"/>
                <label cBy="AlK" feID="7611" bgColor="9400D3" fgColor="FFFFFF" end="130" start="79" name="Theme"/>
                <label cBy="AlK" feID="7610" itype="INI" bgColor="0000FF" fgColor="FFFFFF" name="Recipient"/>
            </layer>
            <layer rank="1" name="GF">
                <label end="130" start="79" name="Obj"/>
            </layer>
            <layer rank="1" name="PT">
                <label end="130" start="79" name="NP"/>
            </layer>
            <layer rank="1" name="Other"/>
            <layer rank="1" name="Sent"/>
            <layer rank="1" name="Verb"/>
        </annotationSet>
        <annotationSet cDate="12/03/2008 12:45:18 PST Wed" luID="13746" luName="many.a" frameID="189" frameName="Quantified_mass" status="MANUAL" ID="6557238">
            <layer rank="1" name="Target">
                <label cBy="AlK" end="96" start="93" name="Target"/>
            </layer>
            <layer rank="1" name="FE">
                <label cBy="AlK" feID="1550" bgColor="0000FF" fgColor="FFFFFF" end="96" start="93" name="Quantity"/>
                <label cBy="AlK" feID="1552" bgColor="008000" fgColor="FFFFFF" end="115" start="98" name="Individuals"/>
            </layer>
            <layer rank="1" name="GF">
                <label end="115" start="98" name="Head"/>
            </layer>
            <layer rank="1" name="PT">
                <label end="115" start="98" name="N"/>
            </layer>
            <layer rank="1" name="Other"/>
            <layer rank="1" name="Sent"/>
            <layer rank="1" name="Adj"/>
        </annotationSet>
        <annotationSet cDate="12/03/2008 12:45:48 PST Wed" luID="11801" luName="level.n" frameID="1377" frameName="Rank" status="MANUAL" ID="6557239">
            <layer rank="1" name="Target">
                <label cBy="AlK" end="110" start="106" name="Target"/>
            </layer>
            <layer rank="1" name="FE">
                <label cBy="AlK" feID="7716" bgColor="800080" fgColor="FFFFFF" end="110" start="98" name="Rank"/>
                <label cBy="AlK" feID="9618" bgColor="FF0000" fgColor="FFFFFF" end="115" start="112" name="Item"/>
            </layer>
            <layer rank="1" name="GF">
                <label end="110" start="98" name="Dep"/>
                <label end="115" start="112" name="Head"/>
            </layer>
            <layer rank="1" name="PT">
                <label end="110" start="98" name="N"/>
                <label end="115" start="112" name="N"/>
            </layer>
            <layer rank="1" name="Other"/>
            <layer rank="1" name="Sent"/>
            <layer rank="1" name="Noun"/>
        </annotationSet>
        <annotationSet cDate="12/03/2008 12:46:41 PST Wed" luID="5785" luName="job.n" frameID="282" frameName="Being_employed" status="MANUAL" ID="6557240">
            <layer rank="1" name="Target">
                <label cBy="AlK" end="115" start="112" name="Target"/>
            </layer>
            <layer rank="1" name="FE">
                <label cBy="AlK" feID="2796" itype="INI" bgColor="0000FF" fgColor="FFFFFF" name="Employee"/>
                <label cBy="AlK" feID="2797" itype="INI" bgColor="FF0000" fgColor="FFFFFF" name="Employer"/>
            </layer>
            <layer rank="1" name="GF"/>
            <layer rank="1" name="PT"/>
            <layer rank="1" name="Other"/>
            <layer rank="1" name="Sent"/>
            <layer rank="1" name="Noun"/>
        </annotationSet>
        <annotationSet cDate="12/06/2008 05:33:18 PST Sat" luID="18512" luName="discourage.v" frameID="1083" frameName="Subjective_influence" status="MANUAL" ID="6557371">
            <layer rank="1" name="Target">
                <label cBy="AlK" end="39" start="29" name="Target"/>
            </layer>
            <layer rank="1" name="FE">
                <label cBy="AlK" feID="6313" bgColor="0000FF" fgColor="FFFFFF" end="27" start="18" name="Entity"/>
                <label cBy="AlK" feID="6315" bgColor="9400D3" fgColor="FFFFFF" end="47" start="41" name="Behavior"/>
                <label cBy="AlK" feID="11180" bgColor="A9A9A9" fgColor="FFFFFF" end="130" start="49" name="Event_description"/>
            </layer>
            <layer rank="1" name="GF">
                <label end="27" start="18" name="Ext"/>
                <label end="47" start="41" name="Obj"/>
                <label end="130" start="49" name="Dep"/>
            </layer>
            <layer rank="1" name="PT">
                <label end="27" start="18" name="NP"/>
                <label end="47" start="41" name="NP"/>
                <label end="130" start="49" name="PP"/>
            </layer>
            <layer rank="1" name="Other"/>
            <layer rank="1" name="Sent"/>
            <layer rank="1" name="Verb"/>
        </annotationSet>
    </sentence>
    <sentence corpID="195" docID="23801" sentNo="1" paragNo="3" aPos="0" ID="4106520">
        <text>That 's where you - and Goodwill - come in .</text>
        <annotationSet cDate="12/03/2008 11:17:28 PST Wed" status="UNANN" ID="6557212">
            <layer rank="1" name="PENN">
                <label end="3" start="0" name="dt"/>
                <label end="6" start="5" name="VBZ"/>
                <label end="12" start="8" name="wrb"/>
                <label end="16" start="14" name="PP"/>
                <label end="18" start="18" name=":"/>
                <label end="22" start="20" name="cc"/>
                <label end="31" start="24" name="NP"/>
                <label end="33" start="33" name=":"/>
                <label end="38" start="35" name="VVN"/>
                <label end="41" start="40" name="rp"/>
                <label end="43" start="43" name="sent"/>
            </layer>
            <layer rank="1" name="NER">
                <label end="31" start="24" name="organization"/>
            </layer>
            <layer rank="1" name="WSL">
                <label end="3" start="0" name="NT"/>
                <label end="6" start="5" name="NT"/>
                <label end="16" start="14" name="NT"/>
                <label end="18" start="18" name="NT"/>
                <label end="22" start="20" name="NT"/>
                <label end="31" start="24" name="NT"/>
                <label end="33" start="33" name="NT"/>
                <label end="41" start="40" name="NT"/>
                <label end="43" start="43" name="NT"/>
            </layer>
        </annotationSet>
        <annotationSet cDate="12/03/2008 12:47:03 PST Wed" luID="13318" luName="where.adv" frameID="199" frameName="Locative_relation" status="MANUAL" ID="6557242">
            <layer rank="1" name="Target">
                <label cBy="AlK" end="12" start="8" name="Target"/>
            </layer>
            <layer rank="1" name="FE">
                <label cBy="AlK" feID="1622" bgColor="FF0000" fgColor="FFFFFF" end="41" start="14" name="Figure"/>
                <label cBy="AlK" feID="1621" bgColor="008000" fgColor="FFFFFF" end="12" start="8" name="Ground"/>
            </layer>
            <layer rank="1" name="GF">
                <label end="41" start="14" name="Dep"/>
            </layer>
            <layer rank="1" name="PT">
                <label end="41" start="14" name="Sfin"/>
            </layer>
            <layer rank="1" name="Other"/>
            <layer rank="1" name="Sent"/>
            <layer rank="1" name="Adv"/>
        </annotationSet>
    </sentence>
    <sentence corpID="195" docID="23801" sentNo="2" paragNo="3" aPos="0" ID="4106521">
        <text>We help people train for and find jobs that make it possible for them to get off of welfare .</text>
        <annotationSet cDate="12/03/2008 11:17:29 PST Wed" status="UNANN" ID="6557213">
            <layer rank="1" name="PENN">
                <label end="1" start="0" name="PP"/>
                <label end="6" start="3" name="VVP"/>
                <label end="13" start="8" name="nns"/>
                <label end="19" start="15" name="VVP"/>
                <label end="23" start="21" name="in"/>
                <label end="27" start="25" name="cc"/>
                <label end="32" start="29" name="VV"/>
                <label end="37" start="34" name="nns"/>
                <label end="42" start="39" name="wdt"/>
                <label end="47" start="44" name="VVP"/>
                <label end="50" start="49" name="PP"/>
                <label end="59" start="52" name="jj"/>
                <label end="63" start="61" name="in"/>
                <label end="68" start="65" name="PP"/>
                <label end="71" start="70" name="to"/>
                <label end="75" start="73" name="VV"/>
                <label end="79" start="77" name="rp"/>
                <label end="82" start="81" name="in"/>
                <label end="90" start="84" name="nn"/>
                <label end="92" start="92" name="sent"/>
            </layer>
            <layer rank="1" name="NER"/>
            <layer rank="1" name="WSL">
                <label end="1" start="0" name="NT"/>
                <label end="23" start="21" name="NT"/>
                <label end="27" start="25" name="NT"/>
                <label end="42" start="39" name="NT"/>
                <label end="50" start="49" name="NT"/>
                <label end="63" start="61" name="NT"/>
                <label end="68" start="65" name="NT"/>
                <label end="71" start="70" name="NT"/>
                <label end="79" start="77" name="NT"/>
                <label end="82" start="81" name="NT"/>
                <label end="92" start="92" name="NT"/>
            </layer>
        </annotationSet>
        <annotationSet cDate="12/03/2008 12:48:52 PST Wed" luID="7041" luName="help.v" frameID="391" frameName="Assistance" status="MANUAL" ID="6557243">
            <layer rank="1" name="Target">
                <label cBy="AlK" end="6" start="3" name="Target"/>
            </layer>
            <layer rank="1" name="FE">
                <label cBy="AlK" feID="3500" bgColor="FF0000" fgColor="FFFFFF" end="1" start="0" name="Helper"/>
                <label cBy="AlK" feID="3499" bgColor="0000FF" fgColor="FFFFFF" end="13" start="8" name="Benefited_party"/>
                <label cBy="AlK" feID="3501" bgColor="00BFFF" fgColor="FFFFFF" end="90" start="15" name="Goal"/>
            </layer>
            <layer rank="1" name="GF">
                <label end="1" start="0" name="Ext"/>
                <label end="13" start="8" name="Obj"/>
                <label end="90" start="15" name="Dep"/>
            </layer>
            <layer rank="1" name="PT">
                <label end="1" start="0" name="NP"/>
                <label end="13" start="8" name="NP"/>
                <label end="90" start="15" name="VPbrst"/>
            </layer>
            <layer rank="1" name="Other"/>
            <layer rank="1" name="Sent"/>
            <layer rank="1" name="Verb"/>
        </annotationSet>
        <annotationSet cDate="12/03/2008 12:48:53 PST Wed" luID="5511" luName="people.n" frameID="304" frameName="People" status="MANUAL" ID="6557244">
            <layer rank="1" name="Target">
                <label cBy="AlK" end="13" start="8" name="Target"/>
            </layer>
            <layer rank="1" name="FE">
                <label cBy="AlK" feID="2618" bgColor="FF0000" fgColor="FFFFFF" end="13" start="8" name="Person"/>
            </layer>
            <layer rank="1" name="GF"/>
            <layer rank="1" name="PT"/>
            <layer rank="1" name="Other"/>
            <layer rank="1" name="Sent"/>
            <layer rank="1" name="Noun"/>
        </annotationSet>
        <annotationSet cDate="12/03/2008 12:48:56 PST Wed" luID="10149" luName="train.v" frameID="111" frameName="Education_teaching" status="MANUAL" ID="6557245">
            <layer rank="1" name="Target">
                <label cBy="AlK" end="19" start="15" name="Target"/>
            </layer>
            <layer rank="1" name="FE">
                <label cBy="AlK" feID="542" bgColor="0000FF" fgColor="FFFFFF" end="13" start="8" name="Student"/>
                <label cBy="AlK" feID="6513" bgColor="7CCD7C" fgColor="FFFFFF" end="23" start="21" name="Skill"/>
                <label cBy="AlK" feID="6513" bgColor="7CCD7C" fgColor="FFFFFF" end="90" start="34" name="Skill"/>
            </layer>
            <layer rank="1" name="GF">
                <label end="13" start="8" name="Ext"/>
                <label end="23" start="21" name="Dep"/>
                <label end="90" start="34" name="Dep"/>
            </layer>
            <layer rank="1" name="PT">
                <label end="13" start="8" name="NP"/>
                <label end="23" start="21" name="PP"/>
                <label end="90" start="34" name="PP"/>
            </layer>
            <layer rank="1" name="Other"/>
            <layer rank="1" name="Sent"/>
            <layer rank="1" name="Verb"/>
        </annotationSet>
        <annotationSet cDate="12/03/2008 12:49:03 PST Wed" luID="11227" luName="find.v" frameID="792" frameName="Locating" status="MANUAL" ID="6557246">
            <layer rank="1" name="Target">
                <label cBy="AlK" end="32" start="29" name="Target"/>
            </layer>
            <layer rank="1" name="FE">
                <label cBy="AlK" feID="4933" bgColor="FF0000" fgColor="FFFFFF" end="13" start="8" name="Perceiver"/>
                <label cBy="AlK" feID="4934" bgColor="0000FF" fgColor="FFFFFF" end="90" start="34" name="Sought_entity"/>
            </layer>
            <layer rank="1" name="GF">
                <label end="13" start="8" name="Ext"/>
                <label end="90" start="34" name="Obj"/>
            </layer>
            <layer rank="1" name="PT">
                <label end="13" start="8" name="NP"/>
                <label end="90" start="34" name="NP"/>
            </layer>
            <layer rank="1" name="Other"/>
            <layer rank="1" name="Sent"/>
            <layer rank="1" name="Verb"/>
        </annotationSet>
        <annotationSet cDate="12/03/2008 12:49:06 PST Wed" luID="5785" luName="job.n" frameID="282" frameName="Being_employed" status="MANUAL" ID="6557247">
            <layer rank="1" name="Target">
                <label cBy="AlK" end="37" start="34" name="Target"/>
            </layer>
            <layer rank="1" name="FE">
                <label cBy="AlK" feID="2796" itype="INI" bgColor="0000FF" fgColor="FFFFFF" name="Employee"/>
                <label cBy="AlK" feID="2797" itype="INI" bgColor="FF0000" fgColor="FFFFFF" name="Employer"/>
                <label cBy="AlK" feID="3008" bgColor="A52A2A" fgColor="FFFFFF" end="90" start="39" name="Type"/>
            </layer>
            <layer rank="1" name="GF">
                <label end="90" start="39" name="Dep"/>
            </layer>
            <layer rank="1" name="PT">
                <label end="90" start="39" name="Srel"/>
            </layer>
            <layer rank="1" name="Other"/>
            <layer rank="1" name="Sent"/>
            <layer rank="1" name="Noun"/>
        </annotationSet>
        <annotationSet cDate="12/03/2008 04:39:48 PST Wed" luID="8705" luName="make.v" frameID="683" frameName="Cause_change" status="MANUAL" ID="6557326">
            <layer rank="1" name="Target">
                <label cBy="AlK" end="47" start="44" name="Target"/>
            </layer>
            <layer rank="1" name="FE">
                <label cBy="AlK" feID="6856" bgColor="d0d0d0" fgColor="00008B" end="37" start="34" name="Cause"/>
                <label cBy="AlK" feID="6856" bgColor="d0d0d0" fgColor="00008B" end="42" start="39" name="Cause"/>
                <label cBy="AlK" feID="6848" bgColor="800080" fgColor="FFFFFF" end="90" start="52" name="Final_value"/>
                <label cBy="AlK" feID="6855" bgColor="7CCD7C" fgColor="FFFFFF" end="50" start="49" name="Entity"/>
            </layer>
            <layer rank="1" name="GF">
                <label end="37" start="34" name="Ext"/>
                <label end="42" start="39" name="Ext"/>
                <label end="90" start="52" name="Dep"/>
                <label end="50" start="49" name="Obj"/>
            </layer>
            <layer rank="1" name="PT">
                <label end="37" start="34" name="NP"/>
                <label end="42" start="39" name="NP"/>
                <label end="90" start="52" name="AJP"/>
                <label end="50" start="49" name="NP"/>
            </layer>
            <layer rank="1" name="Other">
                <label end="37" start="34" name="Ant"/>
                <label end="42" start="39" name="Rel"/>
            </layer>
            <layer rank="1" name="Sent"/>
            <layer rank="1" name="Verb"/>
        </annotationSet>
        <annotationSet cDate="12/03/2008 04:39:51 PST Wed" luID="2281" luName="possible.a" frameID="114" frameName="Likelihood" status="MANUAL" ID="6557327">
            <layer rank="1" name="Target">
                <label cBy="AlK" end="59" start="52" name="Target"/>
            </layer>
            <layer rank="1" name="FE">
                <label cBy="AlK" feID="563" bgColor="006400" fgColor="FFFFFF" end="90" start="61" name="Hypothetical_event"/>
            </layer>
            <layer rank="1" name="GF">
                <label end="90" start="61" name="Dep"/>
            </layer>
            <layer rank="1" name="PT">
                <label end="90" start="61" name="PP"/>
            </layer>
            <layer rank="1" name="Other"/>
            <layer rank="1" name="Sent"/>
            <layer rank="1" name="Adj"/>
        </annotationSet>
        <annotationSet cDate="12/03/2008 04:42:04 PST Wed" luID="10393" luName="get.v" frameID="1070" frameName="Transition_to_state" status="MANUAL" ID="6557328">
            <layer rank="1" name="Target">
                <label cBy="AlK" end="75" start="73" name="Target"/>
            </layer>
            <layer rank="1" name="FE">
                <label cBy="AlK" feID="6257" bgColor="FF0000" fgColor="FFFFFF" end="68" start="65" name="Entity"/>
                <label cBy="AlK" feID="6258" bgColor="7CCD7C" fgColor="FFFFFF" end="90" start="77" name="Final_quality"/>
            </layer>
            <layer rank="1" name="GF">
                <label end="68" start="65" name="Ext"/>
                <label end="90" start="77" name="Dep"/>
            </layer>
            <layer rank="1" name="PT">
                <label end="68" start="65" name="NP"/>
                <label end="90" start="77" name="AJP"/>
            </layer>
            <layer rank="1" name="Other"/>
            <layer rank="1" name="Sent"/>
            <layer rank="1" name="Verb"/>
        </annotationSet>
    </sentence>
    <sentence corpID="195" docID="23801" sentNo="3" paragNo="3" aPos="0" ID="4106522">
        <text>Last year , Goodwill placed 511 people in jobs , more than double the number we placed in 1993 .</text>
        <annotationSet cDate="12/03/2008 11:17:29 PST Wed" status="UNANN" ID="6557214">
            <layer rank="1" name="PENN">
                <label end="3" start="0" name="jj"/>
                <label end="8" start="5" name="nn"/>
                <label end="10" start="10" name=","/>
                <label end="19" start="12" name="NP"/>
                <label end="26" start="21" name="VVD"/>
                <label end="30" start="28" name="cd"/>
                <label end="37" start="32" name="nns"/>
                <label end="40" start="39" name="in"/>
                <label end="45" start="42" name="nns"/>
                <label end="47" start="47" name=","/>
                <label end="52" start="49" name="jjr"/>
                <label end="57" start="54" name="in"/>
                <label end="64" start="59" name="rb"/>
                <label end="68" start="66" name="dt"/>
                <label end="75" start="70" name="nn"/>
                <label end="78" start="77" name="PP"/>
                <label end="85" start="80" name="VVD"/>
                <label end="88" start="87" name="in"/>
                <label end="93" start="90" name="cd"/>
                <label end="95" start="95" name="sent"/>
            </layer>
            <layer rank="1" name="NER">
                <label end="19" start="12" name="organization"/>
                <label end="93" start="90" name="date"/>
            </layer>
            <layer rank="1" name="WSL">
                <label end="10" start="10" name="NT"/>
                <label end="19" start="12" name="NT"/>
                <label end="30" start="28" name="NT"/>
                <label end="40" start="39" name="NT"/>
                <label end="47" start="47" name="NT"/>
                <label end="57" start="54" name="NT"/>
                <label end="64" start="59" name="NT"/>
                <label end="68" start="66" name="NT"/>
                <label end="78" start="77" name="NT"/>
                <label end="93" start="90" name="NT"/>
                <label end="95" start="95" name="NT"/>
            </layer>
        </annotationSet>
        <annotationSet cDate="12/03/2008 04:56:17 PST Wed" luID="13865" luName="last.a" frameID="81" frameName="Relative_time" status="MANUAL" ID="6557329">
            <layer rank="1" name="Target">
                <label cBy="AlK" end="3" start="0" name="Target"/>
            </layer>
            <layer rank="1" name="FE">
                <label cBy="AlK" feID="373" bgColor="00008B" fgColor="FFFFFF" end="8" start="5" name="Focal_occasion"/>
            </layer>
            <layer rank="1" name="GF">
                <label end="8" start="5" name="Head"/>
            </layer>
            <layer rank="1" name="PT">
                <label end="8" start="5" name="N"/>
            </layer>
            <layer rank="1" name="Other"/>
            <layer rank="1" name="Sent"/>
            <layer rank="1" name="Adj"/>
        </annotationSet>
        <annotationSet cDate="12/03/2008 04:56:27 PST Wed" luID="4074" luName="year.n" frameID="229" frameName="Calendric_unit" status="MANUAL" ID="6557330">
            <layer rank="1" name="Target">
                <label cBy="AlK" end="8" start="5" name="Target"/>
            </layer>
            <layer rank="1" name="FE">
                <label cBy="AlK" feID="1993" bgColor="FFA500" fgColor="FFFFFF" end="3" start="0" name="Relative_time"/>
                <label cBy="AlK" feID="10331" bgColor="FF0000" fgColor="FFFFFF" end="8" start="5" name="Unit"/>
            </layer>
            <layer rank="1" name="GF">
                <label end="3" start="0" name="Dep"/>
            </layer>
            <layer rank="1" name="PT">
                <label end="3" start="0" name="AJP"/>
            </layer>
            <layer rank="1" name="Other"/>
            <layer rank="1" name="Sent"/>
            <layer rank="1" name="Noun"/>
        </annotationSet>
        <annotationSet cDate="12/03/2008 05:01:28 PST Wed" luID="5511" luName="people.n" frameID="304" frameName="People" status="MANUAL" ID="6557331">
            <layer rank="1" name="Target">
                <label cBy="AlK" end="37" start="32" name="Target"/>
            </layer>
            <layer rank="1" name="FE">
                <label cBy="AlK" feID="2618" bgColor="FF0000" fgColor="FFFFFF" end="37" start="32" name="Person"/>
                <label cBy="AlK" feID="2620" bgColor="00BFFF" fgColor="FFFFFF" end="30" start="28" name="Descriptor"/>
            </layer>
            <layer rank="1" name="GF">
                <label end="30" start="28" name="Quant"/>
            </layer>
            <layer rank="1" name="PT">
                <label end="30" start="28" name="Num"/>
            </layer>
            <layer rank="1" name="Other"/>
            <layer rank="1" name="Sent"/>
            <layer rank="1" name="Noun"/>
        </annotationSet>
        <annotationSet cDate="12/03/2008 05:01:33 PST Wed" luID="5785" luName="job.n" frameID="282" frameName="Being_employed" status="MANUAL" ID="6557332">
            <layer rank="1" name="Target">
                <label cBy="AlK" end="45" start="42" name="Target"/>
            </layer>
            <layer rank="1" name="FE">
                <label cBy="AlK" feID="2796" itype="INI" bgColor="0000FF" fgColor="FFFFFF" name="Employee"/>
                <label cBy="AlK" feID="2797" itype="INI" bgColor="FF0000" fgColor="FFFFFF" name="Employer"/>
            </layer>
            <layer rank="1" name="GF"/>
            <layer rank="1" name="PT"/>
            <layer rank="1" name="Other"/>
            <layer rank="1" name="Sent"/>
            <layer rank="1" name="Noun"/>
        </annotationSet>
        <annotationSet cDate="12/03/2008 05:01:43 PST Wed" luID="10290" luName="more.a" frameID="1001" frameName="Increment" status="MANUAL" ID="6557333">
            <layer rank="1" name="Target">
                <label cBy="AlK" end="52" start="49" name="Target"/>
            </layer>
            <layer rank="1" name="FE">
                <label cBy="AlK" feID="5993" bgColor="FF0000" fgColor="FFFFFF" end="93" start="54" name="Class"/>
            </layer>
            <layer rank="1" name="GF">
                <label end="93" start="54" name="Dep"/>
            </layer>
            <layer rank="1" name="PT">
                <label end="93" start="54" name="Sub"/>
            </layer>
            <layer rank="1" name="Other"/>
            <layer rank="1" name="Sent"/>
            <layer rank="1" name="Adj"/>
            <layer rank="2" name="FE">
                <label cBy="AlK" feID="6124" bgColor="0000FF" fgColor="FFFFFF" end="93" start="49" name="Added_set"/>
            </layer>
        </annotationSet>
        <annotationSet cDate="12/08/2008 11:55:51 PST Mon" luID="14080" luName="in.prep" frameID="1895" frameName="Temporal_collocation" status="MANUAL" ID="6557372">
            <layer rank="1" name="Target">
                <label cBy="AlK" end="88" start="87" name="Target"/>
            </layer>
            <layer rank="1" name="FE">
                <label cBy="AlK" feID="12063" bgColor="1E90FF" fgColor="FFFFFF" end="93" start="90" name="Landmark_period"/>
                <label cBy="AlK" feID="12064" bgColor="FF00FF" fgColor="FFFFFF" end="85" start="77" name="Trajector_event"/>
            </layer>
            <layer rank="1" name="GF">
                <label end="93" start="90" name="Obj"/>
                <label end="85" start="77" name="Ext"/>
            </layer>
            <layer rank="1" name="PT">
                <label end="93" start="90" name="NP"/>
                <label end="85" start="77" name="Sfin"/>
            </layer>
            <layer rank="1" name="Other"/>
            <layer rank="1" name="Sent"/>
            <layer rank="1" name="Prep"/>
        </annotationSet>
        <annotationSet cDate="10/09/2014 01:26:47 PDT Thu" luID="16310" luName="number.n" frameID="218" frameName="Cardinal_numbers" status="MANUAL" ID="6675751">
            <layer rank="1" name="Target">
                <label cBy="WMcQ" end="75" start="70" name="Target"/>
            </layer>
            <layer rank="1" name="FE">
                <label cBy="WMcQ" feID="3622" bgColor="FF00FF" fgColor="FFFFFF" end="75" start="70" name="Number"/>
                <label cBy="HPh" feID="3623" itype="DNI" bgColor="9400D3" fgColor="FFFFFF" name="Entity"/>
                <label cBy="HPh" feID="7300" bgColor="008000" fgColor="FFFFFF" end="64" start="59" name="Multiplier"/>
                <label cBy="HPh" feID="3624" bgColor="FF69B4" fgColor="FFFFFF" end="57" start="49" name="Precision"/>
            </layer>
            <layer rank="1" name="GF">
                <label end="64" start="59" name="Dep"/>
                <label end="57" start="49" name="Dep"/>
            </layer>
            <layer rank="1" name="PT">
                <label end="64" start="59" name="A"/>
                <label end="57" start="49" name="AVP"/>
            </layer>
            <layer rank="1" name="Other"/>
            <layer rank="1" name="Sent"/>
            <layer rank="1" name="Noun"/>
        </annotationSet>
    </sentence>
    <sentence corpID="195" docID="23801" sentNo="1" paragNo="4" aPos="0" ID="4106523">
        <text>While the debate on welfare reform is gathering like a storm at sea , the people who need jobs are floundering .</text>
        <annotationSet cDate="12/03/2008 11:17:29 PST Wed" status="UNANN" ID="6557215">
            <layer rank="1" name="PENN">
                <label end="4" start="0" name="in"/>
                <label end="8" start="6" name="dt"/>
                <label end="15" start="10" name="nn"/>
                <label end="18" start="17" name="in"/>
                <label end="26" start="20" name="nn"/>
                <label end="33" start="28" name="nn"/>
                <label end="36" start="35" name="VBZ"/>
                <label end="46" start="38" name="VVG"/>
                <label end="51" start="48" name="in"/>
                <label end="53" start="53" name="dt"/>
                <label end="59" start="55" name="nn"/>
                <label end="62" start="61" name="in"/>
                <label end="66" start="64" name="nn"/>
                <label end="68" start="68" name=","/>
                <label end="72" start="70" name="dt"/>
                <label end="79" start="74" name="nns"/>
                <label end="83" start="81" name="wp"/>
                <label end="88" start="85" name="VVP"/>
                <label end="93" start="90" name="nns"/>
                <label end="97" start="95" name="vbp"/>
                <label end="109" start="99" name="VVG"/>
                <label end="111" start="111" name="sent"/>
            </layer>
            <layer rank="1" name="NER"/>
            <layer rank="1" name="WSL">
                <label end="8" start="6" name="NT"/>
                <label end="18" start="17" name="NT"/>
                <label end="36" start="35" name="NT"/>
                <label end="53" start="53" name="NT"/>
                <label end="68" start="68" name="NT"/>
                <label end="72" start="70" name="NT"/>
                <label end="83" start="81" name="NT"/>
                <label end="97" start="95" name="NT"/>
                <label end="111" start="111" name="NT"/>
            </layer>
        </annotationSet>
        <annotationSet cDate="12/03/2008 05:03:56 PST Wed" luID="17228" luName="while.c" frameID="1895" frameName="Temporal_collocation" status="MANUAL" ID="6557336">
            <layer rank="1" name="Target">
                <label cBy="AlK" end="4" start="0" name="Target"/>
            </layer>
            <layer rank="1" name="FE">
                <label cBy="AlK" feID="11269" bgColor="0000FF" fgColor="FFFFFF" end="66" start="6" name="Landmark_event"/>
                <label cBy="AlK" feID="12064" bgColor="FF00FF" fgColor="FFFFFF" end="109" start="70" name="Trajector_event"/>
            </layer>
            <layer rank="1" name="GF">
                <label end="66" start="6" name="Dep"/>
                <label end="109" start="70" name="Dep"/>
            </layer>
            <layer rank="1" name="PT">
                <label end="66" start="6" name="Sfin"/>
                <label end="109" start="70" name="Sfin"/>
            </layer>
            <layer rank="1" name="Other"/>
            <layer rank="1" name="Sent"/>
        </annotationSet>
        <annotationSet cDate="12/03/2008 05:03:59 PST Wed" luID="502" luName="debate.n" frameID="34" frameName="Discussion" status="MANUAL" ID="6557337">
            <layer rank="1" name="Target">
                <label cBy="AlK" end="15" start="10" name="Target"/>
            </layer>
            <layer rank="1" name="FE">
                <label cBy="AlK" feID="143" bgColor="0000FF" fgColor="FFFFFF" end="33" start="17" name="Topic"/>
                <label cBy="AlK" feID="142" itype="INI" bgColor="800080" fgColor="FFFFFF" name="Interlocutors"/>
            </layer>
            <layer rank="1" name="GF">
                <label end="33" start="17" name="Dep"/>
            </layer>
            <layer rank="1" name="PT">
                <label end="33" start="17" name="PP"/>
            </layer>
            <layer rank="1" name="Other"/>
            <layer rank="1" name="Sent"/>
            <layer rank="1" name="Noun"/>
        </annotationSet>
        <annotationSet cDate="12/03/2008 05:04:07 PST Wed" luID="12477" luName="reform.n" frameID="1571" frameName="Reforming_a_system" status="MANUAL" ID="6557338">
            <layer rank="1" name="Target">
                <label cBy="AlK" end="33" start="28" name="Target"/>
            </layer>
            <layer rank="1" name="FE">
                <label cBy="AlK" feID="8596" bgColor="7CCD7C" fgColor="FFFFFF" end="26" start="20" name="Entity"/>
                <label cBy="AlK" feID="8586" itype="INI" bgColor="FF0000" fgColor="FFFFFF" name="Agent"/>
            </layer>
            <layer rank="1" name="GF">
                <label end="26" start="20" name="Dep"/>
            </layer>
            <layer rank="1" name="PT">
                <label end="26" start="20" name="N"/>
            </layer>
            <layer rank="1" name="Other"/>
            <layer rank="1" name="Sent"/>
            <layer rank="1" name="Noun"/>
        </annotationSet>
        <annotationSet cDate="12/03/2008 05:04:35 PST Wed" luID="9143" luName="gather.v" frameID="730" frameName="Come_together" status="MANUAL" ID="6557339">
            <layer rank="1" name="Target">
                <label cBy="AlK" end="46" start="38" name="Target"/>
            </layer>
            <layer rank="1" name="FE">
                <label cBy="AlK" feID="4812" bgColor="FF0000" fgColor="FFFFFF" end="33" start="6" name="Configuration"/>
                <label cBy="AlK" feID="7094" bgColor="EEE8AA" fgColor="000000" end="66" start="48" name="Manner"/>
            </layer>
            <layer rank="1" name="GF">
                <label end="33" start="6" name="Ext"/>
                <label end="66" start="48" name="Dep"/>
            </layer>
            <layer rank="1" name="PT">
                <label end="33" start="6" name="NP"/>
                <label end="66" start="48" name="PP"/>
            </layer>
            <layer rank="1" name="Other"/>
            <layer rank="1" name="Sent">
                <label end="0" start="0" name="Metaphor"/>
            </layer>
            <layer rank="1" name="Verb"/>
        </annotationSet>
        <annotationSet cDate="12/03/2008 05:04:42 PST Wed" luID="8995" luName="like.prep" frameID="481" frameName="Similarity" status="MANUAL" ID="6557340">
            <layer rank="1" name="Target">
                <label cBy="AlK" end="51" start="48" name="Target"/>
            </layer>
            <layer rank="1" name="FE">
                <label cBy="AlK" feID="4027" bgColor="0000FF" fgColor="FFFFFF" end="33" start="6" name="Entity_1"/>
                <label cBy="AlK" feID="4029" bgColor="9400D3" fgColor="FFFFFF" end="46" start="35" name="Dimension"/>
                <label cBy="AlK" feID="4028" bgColor="008000" fgColor="FFFFFF" end="66" start="53" name="Entity_2"/>
            </layer>
            <layer rank="1" name="GF">
                <label end="33" start="6" name="Ext"/>
                <label end="46" start="35" name="Dep"/>
                <label end="66" start="53" name="Dep"/>
            </layer>
            <layer rank="1" name="PT">
                <label end="33" start="6" name="NP"/>
                <label end="46" start="35" name="VPfin"/>
                <label end="66" start="53" name="NP"/>
            </layer>
            <layer rank="1" name="Other"/>
            <layer rank="1" name="Sent"/>
            <layer rank="1" name="Prep"/>
        </annotationSet>
        <annotationSet cDate="12/03/2008 05:05:14 PST Wed" luID="6735" luName="at.prep" frameID="199" frameName="Locative_relation" status="MANUAL" ID="6557342">
            <layer rank="1" name="Target">
                <label cBy="AlK" end="62" start="61" name="Target"/>
            </layer>
            <layer rank="1" name="FE">
                <label cBy="AlK" feID="1622" bgColor="FF0000" fgColor="FFFFFF" end="59" start="53" name="Figure"/>
                <label cBy="AlK" feID="1621" bgColor="008000" fgColor="FFFFFF" end="66" start="64" name="Ground"/>
            </layer>
            <layer rank="1" name="GF">
                <label end="59" start="53" name="Ext"/>
                <label end="66" start="64" name="Obj"/>
            </layer>
            <layer rank="1" name="PT">
                <label end="59" start="53" name="NP"/>
                <label end="66" start="64" name="NP"/>
            </layer>
            <layer rank="1" name="Other"/>
            <layer rank="1" name="Sent"/>
            <layer rank="1" name="Prep"/>
        </annotationSet>
        <annotationSet cDate="12/03/2008 05:05:17 PST Wed" luID="3498" luName="sea.n" frameID="191" frameName="Natural_features" status="MANUAL" ID="6557343">
            <layer rank="1" name="Target">
                <label cBy="AlK" end="66" start="64" name="Target"/>
            </layer>
            <layer rank="1" name="FE">
                <label cBy="AlK" feID="1573" bgColor="FF0000" fgColor="FFFFFF" end="66" start="64" name="Locale"/>
            </layer>
            <layer rank="1" name="GF"/>
            <layer rank="1" name="PT"/>
            <layer rank="1" name="Other"/>
            <layer rank="1" name="Sent"/>
            <layer rank="1" name="Noun"/>
        </annotationSet>
        <annotationSet cDate="12/03/2008 05:05:19 PST Wed" luID="5511" luName="people.n" frameID="304" frameName="People" status="MANUAL" ID="6557344">
            <layer rank="1" name="Target">
                <label cBy="AlK" end="79" start="74" name="Target"/>
            </layer>
            <layer rank="1" name="FE">
                <label cBy="AlK" feID="2618" bgColor="FF0000" fgColor="FFFFFF" end="79" start="74" name="Person"/>
                <label cBy="AlK" feID="2620" bgColor="00BFFF" fgColor="FFFFFF" end="93" start="81" name="Descriptor"/>
            </layer>
            <layer rank="1" name="GF">
                <label end="93" start="81" name="Dep"/>
            </layer>
            <layer rank="1" name="PT">
                <label end="93" start="81" name="Srel"/>
            </layer>
            <layer rank="1" name="Other"/>
            <layer rank="1" name="Sent"/>
            <layer rank="1" name="Noun"/>
        </annotationSet>
        <annotationSet cDate="12/03/2008 05:05:25 PST Wed" luID="11791" luName="need.v" frameID="1375" frameName="Needing" status="MANUAL" ID="6557345">
            <layer rank="1" name="Target">
                <label cBy="AlK" end="88" start="85" name="Target"/>
            </layer>
            <layer rank="1" name="FE">
                <label cBy="AlK" feID="7709" bgColor="FF0000" fgColor="FFFFFF" end="79" start="70" name="Cognizer"/>
                <label cBy="AlK" feID="7709" bgColor="FF0000" fgColor="FFFFFF" end="83" start="81" name="Cognizer"/>
                <label cBy="AlK" feID="7710" bgColor="0000FF" fgColor="FFFFFF" end="93" start="90" name="Requirement"/>
                <label cBy="AlK" feID="8109" itype="DNI" bgColor="FF69B4" fgColor="FFFFFF" name="Consequences"/>
            </layer>
            <layer rank="1" name="GF">
                <label end="79" start="70" name="Ext"/>
                <label end="83" start="81" name="Ext"/>
                <label end="93" start="90" name="Obj"/>
            </layer>
            <layer rank="1" name="PT">
                <label end="79" start="70" name="NP"/>
                <label end="83" start="81" name="NP"/>
                <label end="93" start="90" name="NP"/>
            </layer>
            <layer rank="1" name="Other">
                <label end="79" start="70" name="Ant"/>
                <label end="83" start="81" name="Rel"/>
            </layer>
            <layer rank="1" name="Sent"/>
            <layer rank="1" name="Verb"/>
        </annotationSet>
        <annotationSet cDate="12/03/2008 05:05:29 PST Wed" luID="5785" luName="job.n" frameID="282" frameName="Being_employed" status="MANUAL" ID="6557346">
            <layer rank="1" name="Target">
                <label cBy="AlK" end="93" start="90" name="Target"/>
            </layer>
            <layer rank="1" name="FE">
                <label cBy="AlK" feID="2796" itype="INI" bgColor="0000FF" fgColor="FFFFFF" name="Employee"/>
                <label cBy="AlK" feID="2797" itype="INI" bgColor="FF0000" fgColor="FFFFFF" name="Employer"/>
            </layer>
            <layer rank="1" name="GF"/>
            <layer rank="1" name="PT"/>
            <layer rank="1" name="Other"/>
            <layer rank="1" name="Sent"/>
            <layer rank="1" name="Noun"/>
        </annotationSet>
        <annotationSet cDate="12/18/2012 01:07:58 PST Tue" luID="5691" luName="storm.n" frameID="303" frameName="Weather" status="MANUAL" ID="6639260">
            <layer rank="1" name="Target">
                <label cBy="PKe" end="59" start="55" name="Target"/>
            </layer>
            <layer rank="1" name="FE">
                <label cBy="PKe" feID="3557" bgColor="008000" fgColor="FFFFFF" end="66" start="61" name="Place"/>
            </layer>
            <layer rank="1" name="GF">
                <label end="66" start="61" name="Dep"/>
            </layer>
            <layer rank="1" name="PT">
                <label end="66" start="61" name="PP"/>
            </layer>
            <layer rank="1" name="Other"/>
            <layer rank="1" name="Sent"/>
            <layer rank="1" name="Noun"/>
        </annotationSet>
    </sentence>
    <sentence corpID="195" docID="23801" sentNo="2" paragNo="4" aPos="0" ID="4106524">
        <text>We need your support to continue getting people off of public assistance .</text>
        <annotationSet cDate="12/03/2008 11:17:29 PST Wed" status="UNANN" ID="6557216">
            <layer rank="1" name="PENN">
                <label end="1" start="0" name="PP"/>
                <label end="6" start="3" name="VVP"/>
                <label end="11" start="8" name="PP$"/>
                <label end="19" start="13" name="nn"/>
                <label end="22" start="21" name="to"/>
                <label end="31" start="24" name="VV"/>
                <label end="39" start="33" name="VVG"/>
                <label end="46" start="41" name="nns"/>
                <label end="50" start="48" name="rp"/>
                <label end="53" start="52" name="in"/>
                <label end="60" start="55" name="jj"/>
                <label end="71" start="62" name="nn"/>
                <label end="73" start="73" name="sent"/>
            </layer>
            <layer rank="1" name="NER"/>
            <layer rank="1" name="WSL">
                <label end="1" start="0" name="NT"/>
                <label end="11" start="8" name="NT"/>
                <label end="22" start="21" name="NT"/>
                <label end="50" start="48" name="NT"/>
                <label end="53" start="52" name="NT"/>
                <label end="73" start="73" name="NT"/>
            </layer>
        </annotationSet>
        <annotationSet cDate="12/03/2008 05:07:38 PST Wed" luID="11791" luName="need.v" frameID="1375" frameName="Needing" status="MANUAL" ID="6557347">
            <layer rank="1" name="Target">
                <label cBy="AlK" end="6" start="3" name="Target"/>
            </layer>
            <layer rank="1" name="FE">
                <label cBy="AlK" feID="7709" bgColor="FF0000" fgColor="FFFFFF" end="1" start="0" name="Cognizer"/>
                <label cBy="AlK" feID="7710" bgColor="0000FF" fgColor="FFFFFF" end="19" start="8" name="Requirement"/>
                <label cBy="AlK" feID="7711" bgColor="9400D3" fgColor="FFFFFF" end="71" start="21" name="Dependent"/>
            </layer>
            <layer rank="1" name="GF">
                <label end="1" start="0" name="Ext"/>
                <label end="19" start="8" name="Obj"/>
                <label end="71" start="21" name="Dep"/>
            </layer>
            <layer rank="1" name="PT">
                <label end="1" start="0" name="NP"/>
                <label end="19" start="8" name="NP"/>
                <label end="71" start="21" name="VPto"/>
            </layer>
            <layer rank="1" name="Other"/>
            <layer rank="1" name="Sent"/>
            <layer rank="1" name="Verb"/>
        </annotationSet>
        <annotationSet cDate="12/03/2008 05:07:40 PST Wed" luID="14738" luName="support.v" frameID="2000" frameName="Supporting" status="MANUAL" ID="6557348">
            <layer rank="1" name="Target">
                <label cBy="AlK" end="19" start="13" name="Target"/>
            </layer>
            <layer rank="1" name="FE">
                <label cBy="AlK" feID="12068" bgColor="FF0000" fgColor="FFFFFF" end="11" start="8" name="Supporter"/>
                <label cBy="AlK" feID="12069" itype="DNI" bgColor="0000FF" fgColor="FFFFFF" name="Supported"/>
            </layer>
            <layer rank="1" name="GF">
                <label end="11" start="8" name="Gen"/>
            </layer>
            <layer rank="1" name="PT">
                <label end="11" start="8" name="PPing"/>
            </layer>
            <layer rank="1" name="Other"/>
            <layer rank="1" name="Sent"/>
            <layer rank="1" name="Verb"/>
        </annotationSet>
        <annotationSet cDate="12/03/2008 05:07:50 PST Wed" luID="5435" luName="continue.v" frameID="164" frameName="Activity_ongoing" status="MANUAL" ID="6557349">
            <layer rank="1" name="Target">
                <label cBy="AlK" end="31" start="24" name="Target"/>
            </layer>
            <layer rank="1" name="FE">
                <label cBy="AlK" feID="2579" bgColor="FF0000" fgColor="FFFFFF" end="1" start="0" name="Agent"/>
                <label cBy="AlK" feID="1419" bgColor="0000FF" fgColor="FFFFFF" end="71" start="33" name="Activity"/>
            </layer>
            <layer rank="1" name="GF">
                <label end="1" start="0" name="Ext"/>
                <label end="71" start="33" name="Dep"/>
            </layer>
            <layer rank="1" name="PT">
                <label end="1" start="0" name="NP"/>
                <label end="71" start="33" name="VPing"/>
            </layer>
            <layer rank="1" name="Other"/>
            <layer rank="1" name="Sent"/>
            <layer rank="1" name="Verb"/>
        </annotationSet>
        <annotationSet cDate="12/03/2008 05:09:21 PST Wed" luID="12028" luName="get.v" frameID="240" frameName="Bringing" status="MANUAL" ID="6557350">
            <layer rank="1" name="Target">
                <label cBy="AlK" end="39" start="33" name="Target"/>
            </layer>
            <layer rank="1" name="FE">
                <label cBy="AlK" feID="2117" bgColor="FF0000" fgColor="FFFFFF" end="1" start="0" name="Agent"/>
                <label cBy="AlK" feID="2121" bgColor="0000FF" fgColor="FFFFFF" end="46" start="41" name="Theme"/>
                <label cBy="AlK" feID="2119" bgColor="008000" fgColor="FFFFFF" end="71" start="52" name="Source"/>
                <label cBy="AlK" feID="2118" bgColor="A52A2A" fgColor="FFFFFF" end="50" start="48" name="Goal"/>
            </layer>
            <layer rank="1" name="GF">
                <label end="1" start="0" name="Ext"/>
                <label end="46" start="41" name="Obj"/>
                <label end="71" start="52" name="Dep"/>
                <label end="50" start="48" name="Dep"/>
            </layer>
            <layer rank="1" name="PT">
                <label end="1" start="0" name="NP"/>
                <label end="46" start="41" name="NP"/>
                <label end="71" start="52" name="PP"/>
                <label end="50" start="48" name="A"/>
            </layer>
            <layer rank="1" name="Other"/>
            <layer rank="1" name="Sent"/>
            <layer rank="1" name="Verb"/>
        </annotationSet>
        <annotationSet cDate="12/03/2008 05:09:23 PST Wed" luID="5511" luName="people.n" frameID="304" frameName="People" status="MANUAL" ID="6557351">
            <layer rank="1" name="Target">
                <label cBy="AlK" end="46" start="41" name="Target"/>
            </layer>
            <layer rank="1" name="FE">
                <label cBy="AlK" feID="2618" bgColor="FF0000" fgColor="FFFFFF" end="46" start="41" name="Person"/>
            </layer>
            <layer rank="1" name="GF"/>
            <layer rank="1" name="PT"/>
            <layer rank="1" name="Other"/>
            <layer rank="1" name="Sent"/>
            <layer rank="1" name="Noun"/>
        </annotationSet>
        <annotationSet cDate="12/03/2008 05:10:06 PST Wed" luID="11591" luName="assistance.n" frameID="391" frameName="Assistance" status="MANUAL" ID="6557352">
            <layer rank="1" name="Target">
                <label cBy="AlK" end="71" start="62" name="Target"/>
            </layer>
            <layer rank="1" name="FE">
                <label cBy="AlK" feID="3500" bgColor="FF0000" fgColor="FFFFFF" end="60" start="55" name="Helper"/>
                <label cBy="AlK" feID="3499" itype="INI" bgColor="0000FF" fgColor="FFFFFF" name="Benefited_party"/>
            </layer>
            <layer rank="1" name="GF">
                <label end="60" start="55" name="Dep"/>
            </layer>
            <layer rank="1" name="PT">
                <label end="60" start="55" name="A"/>
            </layer>
            <layer rank="1" name="Other"/>
            <layer rank="1" name="Sent"/>
            <layer rank="1" name="Noun"/>
        </annotationSet>
    </sentence>
    <sentence corpID="195" docID="23801" sentNo="1" paragNo="5" aPos="0" ID="4106525">
        <text>Welfare is not the answer .</text>
        <annotationSet cDate="12/03/2008 11:17:29 PST Wed" status="UNANN" ID="6557217">
            <layer rank="1" name="PENN">
                <label end="6" start="0" name="NP"/>
                <label end="9" start="8" name="VBZ"/>
                <label end="13" start="11" name="rb"/>
                <label end="17" start="15" name="dt"/>
                <label end="24" start="19" name="nn"/>
                <label end="26" start="26" name="sent"/>
            </layer>
            <layer rank="1" name="NER"/>
            <layer rank="1" name="WSL">
                <label end="9" start="8" name="NT"/>
                <label end="13" start="11" name="NT"/>
                <label end="17" start="15" name="NT"/>
                <label end="26" start="26" name="NT"/>
            </layer>
        </annotationSet>
    </sentence>
    <sentence corpID="195" docID="23801" sentNo="2" paragNo="5" aPos="0" ID="4106526">
        <text>And welfare reform is an uncertain solution with an unknown starting date .</text>
        <annotationSet cDate="12/03/2008 11:17:29 PST Wed" status="UNANN" ID="6557218">
            <layer rank="1" name="PENN">
                <label end="2" start="0" name="cc"/>
                <label end="10" start="4" name="nn"/>
                <label end="17" start="12" name="nn"/>
                <label end="20" start="19" name="VBZ"/>
                <label end="23" start="22" name="dt"/>
                <label end="33" start="25" name="jj"/>
                <label end="42" start="35" name="nn"/>
                <label end="47" start="44" name="in"/>
                <label end="50" start="49" name="dt"/>
                <label end="58" start="52" name="jj"/>
                <label end="67" start="60" name="VVG"/>
                <label end="72" start="69" name="nn"/>
                <label end="74" start="74" name="sent"/>
            </layer>
            <layer rank="1" name="NER"/>
            <layer rank="1" name="WSL">
                <label end="2" start="0" name="NT"/>
                <label end="20" start="19" name="NT"/>
                <label end="23" start="22" name="NT"/>
                <label end="47" start="44" name="NT"/>
                <label end="50" start="49" name="NT"/>
                <label end="74" start="74" name="NT"/>
            </layer>
        </annotationSet>
        <annotationSet cDate="12/03/2008 05:14:55 PST Wed" luID="12477" luName="reform.n" frameID="1571" frameName="Reforming_a_system" status="MANUAL" ID="6557353">
            <layer rank="1" name="Target">
                <label cBy="AlK" end="17" start="12" name="Target"/>
            </layer>
            <layer rank="1" name="FE">
                <label cBy="AlK" feID="8596" bgColor="7CCD7C" fgColor="FFFFFF" end="10" start="4" name="Entity"/>
                <label cBy="AlK" feID="8586" itype="INI" bgColor="FF0000" fgColor="FFFFFF" name="Agent"/>
            </layer>
            <layer rank="1" name="GF">
                <label end="10" start="4" name="Dep"/>
            </layer>
            <layer rank="1" name="PT">
                <label end="10" start="4" name="N"/>
            </layer>
            <layer rank="1" name="Other"/>
            <layer rank="1" name="Sent"/>
            <layer rank="1" name="Noun"/>
        </annotationSet>
        <annotationSet cDate="12/03/2008 05:14:59 PST Wed" luID="2746" luName="uncertain.a" frameID="141" frameName="Certainty" status="MANUAL" ID="6557354">
            <layer rank="1" name="Target">
                <label cBy="AlK" end="33" start="25" name="Target"/>
            </layer>
            <layer rank="1" name="FE">
                <label cBy="AlK" feID="1092" bgColor="800080" fgColor="FFFFFF" end="42" start="35" name="Topic"/>
                <label cBy="AlK" feID="1091" itype="DNI" bgColor="FF0000" fgColor="FFFFFF" name="Cognizer"/>
            </layer>
            <layer rank="1" name="GF">
                <label end="42" start="35" name="Head"/>
            </layer>
            <layer rank="1" name="PT">
                <label end="42" start="35" name="N"/>
            </layer>
            <layer rank="1" name="Other"/>
            <layer rank="1" name="Sent"/>
            <layer rank="1" name="Adj"/>
        </annotationSet>
        <annotationSet cDate="12/03/2008 05:15:12 PST Wed" luID="13765" luName="unknown.a" frameID="19" frameName="Awareness" status="MANUAL" ID="6557355">
            <layer rank="1" name="Target">
                <label cBy="AlK" end="58" start="52" name="Target"/>
            </layer>
            <layer rank="1" name="FE">
                <label cBy="AlK" feID="83" itype="DNI" bgColor="FF0000" fgColor="FFFFFF" name="Cognizer"/>
                <label cBy="AlK" feID="84" bgColor="0000FF" fgColor="FFFFFF" end="72" start="60" name="Content"/>
            </layer>
            <layer rank="1" name="GF">
                <label end="72" start="60" name="Head"/>
            </layer>
            <layer rank="1" name="PT">
                <label end="72" start="60" name="N"/>
            </layer>
            <layer rank="1" name="Other"/>
            <layer rank="1" name="Sent"/>
            <layer rank="1" name="Adj"/>
        </annotationSet>
        <annotationSet cDate="12/03/2008 05:18:08 PST Wed" luID="2655" luName="start.v" frameID="133" frameName="Process_start" status="MANUAL" ID="6557356">
            <layer rank="1" name="Target">
                <label cBy="AlK" end="67" start="60" name="Target"/>
            </layer>
            <layer rank="1" name="FE">
                <label cBy="AlK" feID="857" itype="DNI" bgColor="00BFFF" fgColor="FFFFFF" name="Event"/>
            </layer>
            <layer rank="1" name="GF"/>
            <layer rank="1" name="PT"/>
            <layer rank="1" name="Other"/>
            <layer rank="1" name="Sent"/>
            <layer rank="1" name="Verb"/>
        </annotationSet>
    </sentence>
    <sentence corpID="195" docID="23801" sentNo="3" paragNo="5" aPos="0" ID="4106527">
        <text>Goodwill works .</text>
        <annotationSet cDate="12/03/2008 11:17:29 PST Wed" status="UNANN" ID="6557219">
            <layer rank="1" name="PENN">
                <label end="7" start="0" name="NP"/>
                <label end="13" start="9" name="VVZ"/>
                <label end="15" start="15" name="sent"/>
            </layer>
            <layer rank="1" name="NER">
                <label end="7" start="0" name="organization"/>
            </layer>
            <layer rank="1" name="WSL">
                <label end="7" start="0" name="NT"/>
                <label end="15" start="15" name="NT"/>
            </layer>
        </annotationSet>
        <annotationSet cDate="12/03/2008 05:19:44 PST Wed" luID="14629" luName="work.v" frameID="726" frameName="Usefulness" status="MANUAL" ID="6557357">
            <layer rank="1" name="Target">
                <label cBy="AlK" end="13" start="9" name="Target"/>
            </layer>
            <layer rank="1" name="FE">
                <label cBy="AlK" feID="4783" bgColor="0000FF" fgColor="FFFFFF" end="7" start="0" name="Entity"/>
                <label cBy="AlK" feID="4784" itype="DNI" bgColor="800080" fgColor="FFFFFF" name="Purpose"/>
            </layer>
            <layer rank="1" name="GF">
                <label end="7" start="0" name="Ext"/>
            </layer>
            <layer rank="1" name="PT">
                <label end="7" start="0" name="NP"/>
            </layer>
            <layer rank="1" name="Other"/>
            <layer rank="1" name="Sent"/>
            <layer rank="1" name="Verb"/>
        </annotationSet>
    </sentence>
    <sentence corpID="195" docID="23801" sentNo="4" paragNo="5" aPos="0" ID="4106528">
        <text>Right now .</text>
        <annotationSet cDate="12/03/2008 11:17:29 PST Wed" status="UNANN" ID="6557220">
            <layer rank="1" name="PENN">
                <label end="4" start="0" name="rb"/>
                <label end="8" start="6" name="rb"/>
                <label end="10" start="10" name="sent"/>
            </layer>
            <layer rank="1" name="NER"/>
            <layer rank="1" name="WSL">
                <label end="4" start="0" name="NT"/>
                <label end="10" start="10" name="NT"/>
            </layer>
        </annotationSet>
        <annotationSet cDate="12/03/2008 05:19:57 PST Wed" luID="14083" luName="now.adv" frameID="1895" frameName="Temporal_collocation" status="MANUAL" ID="6557358">
            <layer rank="1" name="Target">
                <label cBy="AlK" end="8" start="6" name="Target"/>
            </layer>
            <layer rank="1" name="FE">
                <label cBy="AlK" feID="12064" itype="DNI" bgColor="FF00FF" fgColor="FFFFFF" name="Trajector_event"/>
            </layer>
            <layer rank="1" name="GF"/>
            <layer rank="1" name="PT"/>
            <layer rank="1" name="Other"/>
            <layer rank="1" name="Sent"/>
            <layer rank="1" name="Adv"/>
        </annotationSet>
    </sentence>
    <sentence corpID="195" docID="23801" sentNo="1" paragNo="6" aPos="0" ID="4106529">
        <text>Please give the largest gift you can to Goodwill today .</text>
        <annotationSet cDate="12/03/2008 11:17:30 PST Wed" status="UNANN" ID="6557221">
            <layer rank="1" name="PENN">
                <label end="5" start="0" name="VV"/>
                <label end="10" start="7" name="VV"/>
                <label end="14" start="12" name="dt"/>
                <label end="22" start="16" name="jjs"/>
                <label end="27" start="24" name="nn"/>
                <label end="31" start="29" name="PP"/>
                <label end="35" start="33" name="md"/>
                <label end="38" start="37" name="to"/>
                <label end="47" start="40" name="NP"/>
                <label end="53" start="49" name="nn"/>
                <label end="55" start="55" name="sent"/>
            </layer>
            <layer rank="1" name="NER">
                <label end="47" start="40" name="organization"/>
            </layer>
            <layer rank="1" name="WSL">
                <label end="14" start="12" name="NT"/>
                <label end="31" start="29" name="NT"/>
                <label end="38" start="37" name="NT"/>
                <label end="47" start="40" name="NT"/>
                <label end="55" start="55" name="NT"/>
                <label end="5" start="0" name="NT"/>
            </layer>
        </annotationSet>
        <annotationSet cDate="12/03/2008 05:22:20 PST Wed" luID="4344" luName="give.v" frameID="139" frameName="Giving" status="MANUAL" ID="6557359">
            <layer rank="1" name="Target">
                <label cBy="AlK" end="10" start="7" name="Target"/>
            </layer>
            <layer rank="1" name="FE">
                <label cBy="AlK" feID="1052" itype="CNI" bgColor="FF0000" fgColor="FFFFFF" name="Donor"/>
                <label cBy="AlK" feID="1054" bgColor="9400D3" fgColor="FFD700" end="35" start="12" name="Theme"/>
                <label cBy="AlK" feID="1053" bgColor="0000FF" fgColor="FFFFFF" end="47" start="37" name="Recipient"/>
                <label cBy="AlK" feID="1682" bgColor="FFA500" fgColor="FFFFFF" end="53" start="49" name="Time"/>
            </layer>
            <layer rank="1" name="GF">
                <label end="35" start="12" name="Obj"/>
                <label end="47" start="37" name="Dep"/>
                <label end="53" start="49" name="Dep"/>
            </layer>
            <layer rank="1" name="PT">
                <label end="35" start="12" name="NP"/>
                <label end="47" start="37" name="PP"/>
                <label end="53" start="49" name="NP"/>
            </layer>
            <layer rank="1" name="Other"/>
            <layer rank="1" name="Sent"/>
            <layer rank="1" name="Verb"/>
        </annotationSet>
        <annotationSet cDate="12/03/2008 05:22:22 PST Wed" luID="15769" luName="large.a" frameID="2282" frameName="Size" status="MANUAL" ID="6557360">
            <layer rank="1" name="Target">
                <label cBy="AlK" end="22" start="16" name="Target"/>
            </layer>
            <layer rank="1" name="FE">
                <label cBy="AlK" feID="13813" bgColor="FF0000" fgColor="FFFFFF" end="27" start="24" name="Entity"/>
            </layer>
            <layer rank="1" name="GF">
                <label end="27" start="24" name="Head"/>
            </layer>
            <layer rank="1" name="PT">
                <label end="27" start="24" name="N"/>
            </layer>
            <layer rank="1" name="Other"/>
            <layer rank="1" name="Sent"/>
            <layer rank="1" name="Adj"/>
        </annotationSet>
        <annotationSet cDate="12/03/2008 05:22:25 PST Wed" luID="5372" luName="gift.n" frameID="139" frameName="Giving" status="MANUAL" ID="6557361">
            <layer rank="1" name="Target">
                <label cBy="AlK" end="27" start="24" name="Target"/>
            </layer>
            <layer rank="1" name="FE">
                <label cBy="AlK" feID="1052" itype="INI" bgColor="FF0000" fgColor="FFFFFF" name="Donor"/>
                <label cBy="AlK" feID="1053" itype="INI" bgColor="0000FF" fgColor="FFFFFF" name="Recipient"/>
                <label cBy="AlK" feID="1054" bgColor="9400D3" fgColor="FFD700" end="27" start="24" name="Theme"/>
                <label cBy="AlK" feID="11956" bgColor="A52A2A" fgColor="FFFFFF" end="22" start="16" name="Depictive"/>
            </layer>
            <layer rank="1" name="GF">
                <label end="22" start="16" name="Dep"/>
            </layer>
            <layer rank="1" name="PT">
                <label end="22" start="16" name="AJP"/>
            </layer>
            <layer rank="1" name="Other"/>
            <layer rank="1" name="Sent"/>
            <layer rank="1" name="Noun"/>
        </annotationSet>
        <annotationSet cDate="12/03/2008 05:22:39 PST Wed" luID="15260" luName="can.v" frameID="2120" frameName="Possibility" status="MANUAL" ID="6557362">
            <layer rank="1" name="Target">
                <label cBy="AlK" end="35" start="33" name="Target"/>
            </layer>
            <layer rank="1" name="FE">
                <label cBy="AlK" feID="13096" bgColor="008000" fgColor="FFFFFF" end="31" start="29" name="Possible_event"/>
            </layer>
            <layer rank="1" name="GF">
                <label end="31" start="29" name="Ext"/>
            </layer>
            <layer rank="1" name="PT">
                <label end="31" start="29" name="NP"/>
            </layer>
            <layer rank="1" name="Other"/>
            <layer rank="1" name="Sent"/>
            <layer rank="1" name="Verb"/>
        </annotationSet>
        <annotationSet cDate="12/03/2008 05:54:39 PST Wed" luID="14201" luName="today.n" frameID="1895" frameName="Temporal_collocation" status="MANUAL" ID="6557364">
            <layer rank="1" name="Target">
                <label cBy="AlK" end="53" start="49" name="Target"/>
            </layer>
            <layer rank="1" name="FE">
                <label cBy="JKs" feID="12064" bgColor="FF00FF" fgColor="FFFFFF" end="47" start="7" name="Trajector_event"/>
            </layer>
            <layer rank="1" name="GF">
                <label end="47" start="7" name="Head"/>
            </layer>
            <layer rank="1" name="PT">
                <label end="47" start="7" name="Sfin"/>
            </layer>
            <layer rank="1" name="Other"/>
            <layer rank="1" name="Sent"/>
            <layer rank="1" name="Noun"/>
        </annotationSet>
    </sentence>
    <sentence corpID="195" docID="23801" sentNo="1" paragNo="7" aPos="0" ID="4106530">
        <text>Sincerely ,</text>
        <annotationSet cDate="12/03/2008 11:17:30 PST Wed" status="UNANN" ID="6557222">
            <layer rank="1" name="PENN">
                <label end="8" start="0" name="rb"/>
                <label end="10" start="10" name=","/>
            </layer>
            <layer rank="1" name="NER">
                <label end="8" start="0" name="person"/>
            </layer>
            <layer rank="1" name="WSL">
                <label end="8" start="0" name="NT"/>
                <label end="10" start="10" name="NT"/>
            </layer>
        </annotationSet>
    </sentence>
    <sentence corpID="195" docID="23801" sentNo="1" paragNo="8" aPos="0" ID="4106531">
        <text>Jack Dustman Chairman</text>
        <annotationSet cDate="12/03/2008 11:17:30 PST Wed" status="UNANN" ID="6557223">
            <layer rank="1" name="PENN">
                <label end="3" start="0" name="NP"/>
                <label end="11" start="5" name="NP"/>
                <label end="20" start="13" name="NP"/>
            </layer>
            <layer rank="1" name="NER">
                <label end="11" start="0" name="person"/>
            </layer>
            <layer rank="1" name="WSL">
                <label end="3" start="0" name="NT"/>
                <label end="11" start="5" name="NT"/>
            </layer>
        </annotationSet>
        <annotationSet cDate="12/03/2008 05:23:09 PST Wed" luID="1576" luName="chairman.n" frameID="73" frameName="Leadership" status="MANUAL" ID="6557363">
            <layer rank="1" name="Target">
                <label cBy="AlK" end="20" start="13" name="Target"/>
            </layer>
            <layer rank="1" name="FE">
                <label cBy="AlK" feID="347" bgColor="FF0000" fgColor="FFFFFF" end="11" start="0" name="Leader"/>
                <label cBy="AlK" feID="6431" itype="DNI" bgColor="0000FF" fgColor="FFFFFF" name="Governed"/>
            </layer>
            <layer rank="1" name="GF">
                <label end="11" start="0" name="Dep"/>
            </layer>
            <layer rank="1" name="PT">
                <label end="11" start="0" name="AJP"/>
            </layer>
            <layer rank="1" name="Other"/>
            <layer rank="1" name="Sent"/>
            <layer rank="1" name="Noun"/>
        </annotationSet>
    </sentence>
</fullTextAnnotation>