<?xml version="1.0" encoding="UTF-8" standalone="yes"?>
<?xml-stylesheet type="text/xsl" href="fullText.xsl"?>
<fullTextAnnotation xsi:schemaLocation="../schema/fullText.xsd" xmlns="http://framenet.icsi.berkeley.edu" xmlns:xsi="http://www.w3.org/2001/XMLSchema-instance">
    <header>
        <corpus description="LUCorpus-v0.3" name="LUCorpus-v0.3" ID="205">
            <document description="20000424_nyt-NEW" name="20000424_nyt-NEW" ID="23713"/>
        </corpus>
    </header>
    <sentence corpID="205" docID="23713" sentNo="1" paragNo="1" aPos="0" ID="4101370">
        <text>IRAQ-POVERTY ( Washington )</text>
        <annotationSet cDate="08/03/2007 03:12:37 PDT Fri" status="UNANN" ID="6544605">
            <layer rank="1" name="PENN">
                <label end="11" start="0" name="nn"/>
                <label end="13" start="13" name="("/>
                <label end="24" start="15" name="NP"/>
                <label end="26" start="26" name=")"/>
            </layer>
            <layer rank="1" name="NER">
                <label end="11" start="0" name="organization"/>
                <label end="24" start="15" name="location"/>
            </layer>
            <layer rank="1" name="WSL">
                <label end="13" start="13" name="NT"/>
                <label end="24" start="15" name="NT"/>
                <label end="26" start="26" name="NT"/>
            </layer>
        </annotationSet>
    </sentence>
    <sentence corpID="205" docID="23713" sentNo="1" paragNo="2" aPos="0" ID="4101371">
        <text>Rep . Tony Hall , D- Ohio , urges the United Nations to allow a freer flow of food and medicine into Iraq .</text>
        <annotationSet cDate="08/03/2007 03:12:37 PDT Fri" status="UNANN" ID="6544606">
            <layer rank="1" name="PENN">
                <label end="2" start="0" name="nn"/>
                <label end="4" start="4" name="sent"/>
                <label end="9" start="6" name="NP"/>
                <label end="14" start="11" name="NP"/>
                <label end="16" start="16" name=","/>
                <label end="19" start="18" name="nn"/>
                <label end="24" start="21" name="NP"/>
                <label end="26" start="26" name=","/>
                <label end="32" start="28" name="VVZ"/>
                <label end="36" start="34" name="dt"/>
                <label end="43" start="38" name="NP"/>
                <label end="51" start="45" name="NPS"/>
                <label end="54" start="53" name="to"/>
                <label end="60" start="56" name="VV"/>
                <label end="62" start="62" name="dt"/>
                <label end="68" start="64" name="jjr"/>
                <label end="73" start="70" name="nn"/>
                <label end="76" start="75" name="in"/>
                <label end="81" start="78" name="nn"/>
                <label end="85" start="83" name="cc"/>
                <label end="94" start="87" name="nn"/>
                <label end="99" start="96" name="in"/>
                <label end="104" start="101" name="NP"/>
                <label end="106" start="106" name="sent"/>
            </layer>
            <layer rank="1" name="NER">
                <label end="14" start="6" name="person"/>
                <label end="24" start="21" name="location"/>
                <label end="51" start="38" name="organization"/>
                <label end="104" start="101" name="location"/>
            </layer>
            <layer rank="1" name="WSL">
                <label end="4" start="4" name="NT"/>
                <label end="9" start="6" name="NT"/>
                <label end="14" start="11" name="NT"/>
                <label end="16" start="16" name="NT"/>
                <label end="24" start="21" name="NT"/>
                <label end="26" start="26" name="NT"/>
                <label end="36" start="34" name="NT"/>
                <label end="43" start="38" name="NT"/>
                <label end="51" start="45" name="NT"/>
                <label end="54" start="53" name="NT"/>
                <label end="62" start="62" name="NT"/>
                <label end="76" start="75" name="NT"/>
                <label end="85" start="83" name="NT"/>
                <label end="104" start="101" name="NT"/>
                <label end="106" start="106" name="NT"/>
            </layer>
        </annotationSet>
        <annotationSet cDate="08/06/2007 04:44:21 PDT Mon" luID="1805" luName="urge.v" frameID="87" frameName="Attempt_suasion" status="MANUAL" ID="6544893">
            <layer rank="1" name="Target">
                <label cBy="RLG" end="32" start="28" name="Target"/>
            </layer>
            <layer rank="1" name="FE">
                <label cBy="RLG" feID="409" bgColor="006400" fgColor="FFFFFF" end="51" start="34" name="Addressee"/>
                <label cBy="RLG" feID="408" bgColor="0000FF" fgColor="FFFFFF" end="104" start="53" name="Content"/>
                <label cBy="RLG" feID="410" bgColor="FF0000" fgColor="FFFFFF" end="26" start="0" name="Speaker"/>
            </layer>
            <layer rank="1" name="GF">
                <label end="51" start="34" name="Obj"/>
                <label end="104" start="53" name="Dep"/>
                <label end="26" start="0" name="Ext"/>
            </layer>
            <layer rank="1" name="PT">
                <label end="51" start="34" name="NP"/>
                <label end="104" start="53" name="VPto"/>
                <label end="26" start="0" name="NP"/>
            </layer>
            <layer rank="1" name="Other"/>
            <layer rank="1" name="Sent"/>
            <layer rank="1" name="Verb"/>
        </annotationSet>
        <annotationSet cDate="08/06/2007 04:51:51 PDT Mon" luID="13129" luName="food.n" frameID="277" frameName="Food" status="MANUAL" ID="6544895">
            <layer rank="1" name="Target">
                <label cBy="RLG" end="81" start="78" name="Target"/>
            </layer>
            <layer rank="1" name="FE">
                <label cBy="RLG" feID="9696" bgColor="FF0000" fgColor="FFFFFF" end="81" start="78" name="Food"/>
            </layer>
            <layer rank="1" name="GF"/>
            <layer rank="1" name="PT"/>
            <layer rank="1" name="Other"/>
            <layer rank="1" name="Sent"/>
            <layer rank="1" name="Noun">
                <label end="73" start="70" name="Gov"/>
                <label end="94" start="75" name="X"/>
            </layer>
        </annotationSet>
        <annotationSet cDate="08/06/2007 04:52:43 PDT Mon" luID="14413" luName="into.prep" frameID="1177" frameName="Goal" status="MANUAL" ID="6544896">
            <layer rank="1" name="Target">
                <label cBy="RLG" end="99" start="96" name="Target"/>
            </layer>
            <layer rank="1" name="FE">
                <label cBy="RLG" feID="6823" bgColor="0000FF" fgColor="FFFFFF" end="104" start="101" name="Landmark"/>
                <label cBy="RLG" feID="6825" bgColor="008000" fgColor="FFFFFF" end="94" start="78" name="Trajector"/>
            </layer>
            <layer rank="1" name="GF">
                <label end="104" start="101" name="Obj"/>
                <label end="94" start="78" name="Ext"/>
            </layer>
            <layer rank="1" name="PT">
                <label end="104" start="101" name="NP"/>
                <label end="94" start="78" name="NP"/>
            </layer>
            <layer rank="1" name="Other"/>
            <layer rank="1" name="Sent"/>
            <layer rank="1" name="Prep"/>
        </annotationSet>
        <annotationSet cDate="02/28/2008 04:38:30 PST Thu" luID="18786" luName="allow.v" frameID="516" frameName="Preventing_or_letting" status="MANUAL" ID="6551655">
            <layer rank="1" name="Target">
                <label cBy="KmG" end="60" start="56" name="Target"/>
            </layer>
            <layer rank="1" name="FE">
                <label cBy="KmG" feID="4115" bgColor="0000FF" fgColor="FFFFFF" end="104" start="62" name="Event"/>
                <label cBy="KmG" feID="4115" bgColor="0000FF" fgColor="FFFFFF" end="51" start="34" name="Event"/>
                <label cBy="KmG" feID="12601" itype="INI" bgColor="FF0000" fgColor="FFFFFF" name="Agent"/>
            </layer>
            <layer rank="1" name="GF">
                <label end="104" start="62" name="Obj"/>
                <label end="51" start="34" name="Ext"/>
            </layer>
            <layer rank="1" name="PT">
                <label end="104" start="62" name="NP"/>
                <label end="51" start="34" name="NP"/>
            </layer>
            <layer rank="1" name="Other"/>
            <layer rank="1" name="Sent"/>
            <layer rank="1" name="Verb"/>
        </annotationSet>
    </sentence>
    <sentence corpID="205" docID="23713" sentNo="2" paragNo="2" aPos="0" ID="4101372">
        <text>Hall , who recently returned from a trip to Iraq , said U.N. economic sanctions have hurt millions of civilians there .</text>
        <annotationSet cDate="08/03/2007 03:12:37 PDT Fri" status="UNANN" ID="6544607">
            <layer rank="1" name="PENN">
                <label end="3" start="0" name="NP"/>
                <label end="5" start="5" name=","/>
                <label end="9" start="7" name="wp"/>
                <label end="18" start="11" name="rb"/>
                <label end="27" start="20" name="VVD"/>
                <label end="32" start="29" name="in"/>
                <label end="34" start="34" name="dt"/>
                <label end="39" start="36" name="nn"/>
                <label end="42" start="41" name="to"/>
                <label end="47" start="44" name="NP"/>
                <label end="49" start="49" name=","/>
                <label end="54" start="51" name="VVD"/>
                <label end="59" start="56" name="NP"/>
                <label end="68" start="61" name="jj"/>
                <label end="78" start="70" name="nns"/>
                <label end="83" start="80" name="VHP"/>
                <label end="88" start="85" name="VVN"/>
                <label end="97" start="90" name="nns"/>
                <label end="100" start="99" name="in"/>
                <label end="110" start="102" name="nns"/>
                <label end="116" start="112" name="rb"/>
                <label end="118" start="118" name="sent"/>
            </layer>
            <layer rank="1" name="NER">
                <label end="3" start="0" name="person"/>
                <label end="47" start="44" name="location"/>
                <label end="59" start="56" name="organization"/>
            </layer>
            <layer rank="1" name="WSL">
                <label end="3" start="0" name="NT"/>
                <label end="5" start="5" name="NT"/>
                <label end="9" start="7" name="NT"/>
                <label end="32" start="29" name="NT"/>
                <label end="34" start="34" name="NT"/>
                <label end="42" start="41" name="NT"/>
                <label end="47" start="44" name="NT"/>
                <label end="49" start="49" name="NT"/>
                <label end="59" start="56" name="NT"/>
                <label end="83" start="80" name="NT"/>
                <label end="100" start="99" name="NT"/>
                <label end="116" start="112" name="NT"/>
                <label end="118" start="118" name="NT"/>
            </layer>
        </annotationSet>
        <annotationSet cDate="08/06/2007 04:54:31 PDT Mon" luID="945" luName="return.v" frameID="54" frameName="Arriving" status="MANUAL" ID="6544897">
            <layer rank="1" name="Target">
                <label cBy="RLG" end="27" start="20" name="Target"/>
            </layer>
            <layer rank="1" name="FE">
                <label cBy="RLG" feID="223" bgColor="FF0000" fgColor="FFFFFF" end="9" start="7" name="Theme"/>
                <label cBy="RLG" feID="2051" bgColor="FFA500" fgColor="FFFFFF" end="18" start="11" name="Time"/>
                <label cBy="RLG" feID="223" bgColor="FF0000" fgColor="FFFFFF" end="3" start="0" name="Theme"/>
                <label cBy="RLG" feID="224" bgColor="9F79EE" fgColor="FFFFFF" end="47" start="29" name="Source"/>
            </layer>
            <layer rank="1" name="GF">
                <label end="9" start="7" name="Ext"/>
                <label end="18" start="11" name="Dep"/>
                <label end="3" start="0" name="Ext"/>
                <label end="47" start="29" name="Dep"/>
            </layer>
            <layer rank="1" name="PT">
                <label end="9" start="7" name="NP"/>
                <label end="18" start="11" name="AVP"/>
                <label end="3" start="0" name="NP"/>
                <label end="47" start="29" name="PP"/>
            </layer>
            <layer rank="1" name="Other">
                <label end="9" start="7" name="Rel"/>
                <label end="3" start="0" name="Ant"/>
            </layer>
            <layer rank="1" name="Sent"/>
            <layer rank="1" name="Verb"/>
        </annotationSet>
        <annotationSet cDate="08/06/2007 04:55:32 PDT Mon" luID="6064" luName="trip.n" frameID="343" frameName="Travel" status="MANUAL" ID="6544898">
            <layer rank="1" name="Target">
                <label cBy="RLG" end="39" start="36" name="Target"/>
            </layer>
            <layer rank="1" name="FE">
                <label cBy="RLG" feID="2945" bgColor="00BFFF" fgColor="FFFFFF" end="47" start="41" name="Goal"/>
                <label cBy="RLG" feID="2949" bgColor="FF0000" fgColor="FFFFFF" end="9" start="7" name="Traveler"/>
                <label cBy="RLG" feID="2949" bgColor="FF0000" fgColor="FFFFFF" end="3" start="0" name="Traveler"/>
            </layer>
            <layer rank="1" name="GF">
                <label end="47" start="41" name="Dep"/>
                <label end="9" start="7" name="Ext"/>
                <label end="3" start="0" name="Ext"/>
            </layer>
            <layer rank="1" name="PT">
                <label end="47" start="41" name="PP"/>
                <label end="9" start="7" name="NP"/>
                <label end="3" start="0" name="NP"/>
            </layer>
            <layer rank="1" name="Other">
                <label end="9" start="7" name="Rel"/>
                <label end="3" start="0" name="Ant"/>
            </layer>
            <layer rank="1" name="Sent"/>
            <layer rank="1" name="Noun">
                <label end="32" start="29" name="Ctrlr"/>
            </layer>
        </annotationSet>
        <annotationSet cDate="08/06/2007 05:02:41 PDT Mon" luID="751" luName="say.v" frameID="43" frameName="Statement" status="MANUAL" ID="6544901">
            <layer rank="1" name="Target">
                <label cBy="RLG" end="54" start="51" name="Target"/>
            </layer>
            <layer rank="1" name="FE">
                <label cBy="RLG" feID="183" bgColor="FF0000" fgColor="FFFFFF" end="47" start="0" name="Speaker"/>
                <label cBy="RLG" feID="185" bgColor="00BFFF" fgColor="FFFFFF" end="116" start="56" name="Message"/>
            </layer>
            <layer rank="1" name="GF">
                <label end="47" start="0" name="Ext"/>
                <label end="116" start="56" name="Dep"/>
            </layer>
            <layer rank="1" name="PT">
                <label end="47" start="0" name="NP"/>
                <label end="116" start="56" name="Sfin"/>
            </layer>
            <layer rank="1" name="Other"/>
            <layer rank="1" name="Sent"/>
            <layer rank="1" name="Verb"/>
        </annotationSet>
        <annotationSet cDate="08/06/2007 05:07:28 PDT Mon" luID="12490" luName="economic.a" frameID="1572" frameName="Economy" status="MANUAL" ID="6544902">
            <layer rank="1" name="Target">
                <label cBy="RLG" end="68" start="61" name="Target"/>
            </layer>
            <layer rank="1" name="FE">
                <label cBy="RLG" feID="8603" bgColor="800080" fgColor="FFFFFF" end="68" start="61" name="Economy"/>
                <label cBy="RLG" feID="8602" itype="INI" bgColor="0000FF" fgColor="FFFFFF" name="Political_region"/>
            </layer>
            <layer rank="1" name="GF"/>
            <layer rank="1" name="PT"/>
            <layer rank="1" name="Other"/>
            <layer rank="1" name="Sent"/>
            <layer rank="1" name="Adj"/>
        </annotationSet>
        <annotationSet cDate="08/06/2007 05:07:40 PDT Mon" luID="10676" luName="sanction.n" frameID="347" frameName="Revenge" status="MANUAL" ID="6544903">
            <layer rank="1" name="Target">
                <label cBy="RLG" end="78" start="70" name="Target"/>
            </layer>
            <layer rank="1" name="FE">
                <label cBy="RLG" feID="3009" bgColor="FF0000" fgColor="FFFFFF" end="59" start="56" name="Avenger"/>
                <label cBy="RLG" feID="3014" bgColor="FF00FF" fgColor="FFFFFF" end="68" start="61" name="Manner"/>
                <label cBy="RLG" feID="3022" itype="INI" bgColor="1E90FF" fgColor="FFFFFF" name="Injured_party"/>
                <label cBy="RLG" feID="3012" itype="DNI" bgColor="9F79EE" fgColor="FFFFFF" name="Offender"/>
                <label cBy="RLG" feID="3015" bgColor="0000FF" fgColor="FFFFFF" end="78" start="70" name="Punishment"/>
                <label cBy="RLG" feID="3018" itype="INI" bgColor="00008B" fgColor="FFFFFF" name="Injury"/>
            </layer>
            <layer rank="1" name="GF">
                <label end="59" start="56" name="Dep"/>
                <label end="68" start="61" name="Dep"/>
            </layer>
            <layer rank="1" name="PT">
                <label end="59" start="56" name="N"/>
                <label end="68" start="61" name="A"/>
            </layer>
            <layer rank="1" name="Other"/>
            <layer rank="1" name="Sent"/>
            <layer rank="1" name="Noun"/>
        </annotationSet>
        <annotationSet cDate="08/06/2007 05:08:26 PDT Mon" luID="2311" luName="hurt.v" frameID="112" frameName="Cause_harm" status="MANUAL" ID="6544904">
            <layer rank="1" name="Target">
                <label cBy="RLG" end="88" start="85" name="Target"/>
            </layer>
            <layer rank="1" name="FE">
                <label cBy="RLG" feID="547" bgColor="0000FF" fgColor="FFFFFF" end="116" start="90" name="Victim"/>
                <label cBy="RLG" feID="3331" bgColor="2E8B57" fgColor="FFFFFF" end="78" start="56" name="Cause"/>
            </layer>
            <layer rank="1" name="GF">
                <label end="116" start="90" name="Obj"/>
                <label end="78" start="56" name="Ext"/>
            </layer>
            <layer rank="1" name="PT">
                <label end="116" start="90" name="NP"/>
                <label end="78" start="56" name="NP"/>
            </layer>
            <layer rank="1" name="Other"/>
            <layer rank="1" name="Sent">
                <label end="0" start="0" name="Metaphor"/>
            </layer>
            <layer rank="1" name="Verb"/>
        </annotationSet>
        <annotationSet cDate="08/06/2007 05:08:55 PDT Mon" luID="3329" luName="millions.n" frameID="189" frameName="Quantified_mass" status="MANUAL" ID="6544905">
            <layer rank="1" name="Target">
                <label cBy="RLG" end="97" start="90" name="Target"/>
            </layer>
            <layer rank="1" name="FE">
                <label cBy="RLG" feID="1550" bgColor="0000FF" fgColor="FFFFFF" end="97" start="90" name="Quantity"/>
                <label cBy="RLG" feID="1552" bgColor="008000" fgColor="FFFFFF" end="110" start="99" name="Individuals"/>
            </layer>
            <layer rank="1" name="GF">
                <label end="110" start="99" name="Dep"/>
            </layer>
            <layer rank="1" name="PT">
                <label end="110" start="99" name="PP"/>
            </layer>
            <layer rank="1" name="Other"/>
            <layer rank="1" name="Sent"/>
            <layer rank="1" name="Noun"/>
        </annotationSet>
        <annotationSet cDate="10/24/2007 04:40:23 PDT Wed" luID="14550" luName="recently.adv" frameID="1895" frameName="Temporal_collocation" status="MANUAL" ID="6548816">
            <layer rank="1" name="Target">
                <label cBy="JKs" end="18" start="11" name="Target"/>
            </layer>
            <layer rank="1" name="FE">
                <label cBy="JKs" feID="12064" bgColor="FF00FF" fgColor="FFFFFF" end="47" start="20" name="Trajector_event"/>
                <label cBy="JKs" feID="12064" bgColor="FF00FF" fgColor="FFFFFF" end="3" start="0" name="Trajector_event"/>
                <label cBy="JKs" feID="12064" bgColor="FF00FF" fgColor="FFFFFF" end="9" start="7" name="Trajector_event"/>
            </layer>
            <layer rank="1" name="GF">
                <label end="47" start="20" name="Head"/>
                <label end="3" start="0" name="Head"/>
                <label end="9" start="7" name="Head"/>
            </layer>
            <layer rank="1" name="PT">
                <label end="47" start="20" name="VPfin"/>
                <label end="3" start="0" name="NP"/>
                <label end="9" start="7" name="NP"/>
            </layer>
            <layer rank="1" name="Other"/>
            <layer rank="1" name="Sent"/>
            <layer rank="1" name="Adv"/>
        </annotationSet>
    </sentence>
    <sentence corpID="205" docID="23713" sentNo="3" paragNo="2" aPos="0" ID="4101373">
        <text>By AUSTIN ZALKIN .</text>
        <annotationSet cDate="08/03/2007 03:12:38 PDT Fri" status="UNANN" ID="6544608">
            <layer rank="1" name="PENN">
                <label end="1" start="0" name="in"/>
                <label end="8" start="3" name="NP"/>
                <label end="15" start="10" name="NP"/>
                <label end="17" start="17" name="sent"/>
            </layer>
            <layer rank="1" name="NER">
                <label end="15" start="3" name="organization"/>
            </layer>
            <layer rank="1" name="WSL">
                <label end="1" start="0" name="NT"/>
                <label end="8" start="3" name="NT"/>
                <label end="15" start="10" name="NT"/>
                <label end="17" start="17" name="NT"/>
            </layer>
        </annotationSet>
    </sentence>
</fullTextAnnotation>