<?xml version="1.0" encoding="UTF-8" standalone="yes"?>
<?xml-stylesheet type="text/xsl" href="fullText.xsl"?>
<fullTextAnnotation xsi:schemaLocation="../schema/fullText.xsd" xmlns="http://framenet.icsi.berkeley.edu" xmlns:xsi="http://www.w3.org/2001/XMLSchema-instance">
    <header>
        <corpus description="Miscellaneous" name="Miscellaneous" ID="175">
            <document description="Sadat Assassination" name="SadatAssassination" ID="23551"/>
        </corpus>
    </header>
    <sentence corpID="175" docID="23551" sentNo="1" paragNo="1" aPos="0" ID="4097598">
        <text>In 1945 , the twenty - seven - year - old Anwar al-Sadat and his friends decided to assassinate the on - and - off prime minister of Egypt , Nahhas Pasha .</text>
        <annotationSet cDate="07/27/2005 11:48:05 PDT Wed" status="UNANN" ID="6528504">
            <layer rank="1" name="PENN">
                <label end="1" start="0" name="in"/>
                <label end="6" start="3" name="cd"/>
                <label end="8" start="8" name=","/>
                <label end="12" start="10" name="dt"/>
                <label end="19" start="14" name="cd"/>
                <label end="21" start="21" name=":"/>
                <label end="27" start="23" name="cd"/>
                <label end="29" start="29" name=":"/>
                <label end="34" start="31" name="nn"/>
                <label end="36" start="36" name=":"/>
                <label end="40" start="38" name="jj"/>
                <label end="46" start="42" name="NP"/>
                <label end="55" start="48" name="NP"/>
                <label end="59" start="57" name="cc"/>
                <label end="63" start="61" name="PP$"/>
                <label end="71" start="65" name="nns"/>
                <label end="79" start="73" name="VVD"/>
                <label end="82" start="81" name="to"/>
                <label end="94" start="84" name="VV"/>
                <label end="98" start="96" name="dt"/>
                <label end="101" start="100" name="rp"/>
                <label end="103" start="103" name=":"/>
                <label end="107" start="105" name="cc"/>
                <label end="109" start="109" name=":"/>
                <label end="113" start="111" name="in"/>
                <label end="119" start="115" name="jj"/>
                <label end="128" start="121" name="nn"/>
                <label end="131" start="130" name="in"/>
                <label end="137" start="133" name="NP"/>
                <label end="139" start="139" name=","/>
                <label end="146" start="141" name="NP"/>
                <label end="152" start="148" name="NP"/>
                <label end="154" start="154" name="sent"/>
            </layer>
            <layer rank="1" name="NER">
                <label end="6" start="3" name="date"/>
                <label end="27" start="14" name="date"/>
                <label end="55" start="42" name="person"/>
                <label end="137" start="133" name="location"/>
                <label end="152" start="141" name="person"/>
            </layer>
            <layer rank="1" name="WSL">
                <label end="1" start="0" name="NT"/>
                <label end="6" start="3" name="NT"/>
                <label end="8" start="8" name="NT"/>
                <label end="12" start="10" name="NT"/>
                <label end="19" start="14" name="NT"/>
                <label end="21" start="21" name="NT"/>
                <label end="27" start="23" name="NT"/>
                <label end="29" start="29" name="NT"/>
                <label end="36" start="36" name="NT"/>
                <label end="46" start="42" name="NT"/>
                <label end="55" start="48" name="NT"/>
                <label end="59" start="57" name="NT"/>
                <label end="63" start="61" name="NT"/>
                <label end="98" start="96" name="NT"/>
                <label end="101" start="100" name="NT"/>
                <label end="103" start="103" name="NT"/>
                <label end="107" start="105" name="NT"/>
                <label end="109" start="109" name="NT"/>
                <label end="113" start="111" name="NT"/>
                <label end="131" start="130" name="NT"/>
                <label end="137" start="133" name="NT"/>
                <label end="139" start="139" name="NT"/>
                <label end="146" start="141" name="NT"/>
                <label end="152" start="148" name="NT"/>
                <label end="154" start="154" name="NT"/>
            </layer>
        </annotationSet>
        <annotationSet cDate="07/27/2005 03:57:47 PDT Wed" luID="2177" luName="friend.n" frameID="102" frameName="Personal_relationship" status="MANUAL" ID="6528523">
            <layer rank="1" name="Target">
                <label cBy="RLG" end="71" start="65" name="Target"/>
            </layer>
            <layer rank="1" name="FE">
                <label cBy="RLG" feID="488" bgColor="FF0000" fgColor="FFFFFF" end="63" start="61" name="Partner_2"/>
                <label cBy="RLG" feID="487" bgColor="008000" fgColor="FFFFFF" end="71" start="65" name="Partner_1"/>
            </layer>
            <layer rank="1" name="GF">
                <label end="63" start="61" name="Gen"/>
            </layer>
            <layer rank="1" name="PT">
                <label end="63" start="61" name="Poss"/>
            </layer>
            <layer rank="1" name="Other"/>
            <layer rank="1" name="Sent"/>
            <layer rank="1" name="Noun"/>
        </annotationSet>
        <annotationSet cDate="07/27/2005 03:58:19 PDT Wed" luID="7431" luName="decide.v" frameID="363" frameName="Deciding" status="MANUAL" ID="6528524">
            <layer rank="1" name="Target">
                <label cBy="RLG" end="79" start="73" name="Target"/>
            </layer>
            <layer rank="1" name="FE">
                <label cBy="RLG" feID="3716" bgColor="FF0000" fgColor="FFFFFF" end="71" start="10" name="Cognizer"/>
                <label cBy="RLG" feID="3717" bgColor="0000FF" fgColor="FFFFFF" end="152" start="81" name="Decision"/>
                <label cBy="RLG" feID="8791" bgColor="FFA500" fgColor="FFFFFF" end="6" start="0" name="Time"/>
            </layer>
            <layer rank="1" name="GF">
                <label end="71" start="10" name="Ext"/>
                <label end="152" start="81" name="Dep"/>
                <label end="6" start="0" name="Dep"/>
            </layer>
            <layer rank="1" name="PT">
                <label end="71" start="10" name="NP"/>
                <label end="152" start="81" name="VPto"/>
                <label end="6" start="0" name="PP"/>
            </layer>
            <layer rank="1" name="Other"/>
            <layer rank="1" name="Sent"/>
            <layer rank="1" name="Verb"/>
        </annotationSet>
        <annotationSet cDate="07/27/2005 03:59:39 PDT Wed" luID="8632" luName="assassinate.v" frameID="590" frameName="Killing" status="MANUAL" ID="6528525">
            <layer rank="1" name="Target">
                <label cBy="RLG" end="94" start="84" name="Target"/>
            </layer>
            <layer rank="1" name="FE">
                <label cBy="RLG" feID="4450" bgColor="FF0000" fgColor="FFFFFF" end="71" start="10" name="Killer"/>
                <label cBy="RLG" feID="4451" bgColor="0000FF" fgColor="FFFFFF" end="152" start="96" name="Victim"/>
            </layer>
            <layer rank="1" name="GF">
                <label end="71" start="10" name="Ext"/>
                <label end="152" start="96" name="Obj"/>
            </layer>
            <layer rank="1" name="PT">
                <label end="71" start="10" name="NP"/>
                <label end="152" start="96" name="NP"/>
            </layer>
            <layer rank="1" name="Other"/>
            <layer rank="1" name="Sent"/>
            <layer rank="1" name="Verb"/>
        </annotationSet>
        <annotationSet cDate="07/27/2005 04:00:13 PDT Wed" luID="10822" luName="prime minister.n" frameID="73" frameName="Leadership" status="MANUAL" ID="6528526">
            <layer rank="1" name="Target">
                <label cBy="EGp" end="119" start="115" name="Target"/>
                <label cBy="EGp" end="128" start="121" name="Target"/>
            </layer>
            <layer rank="1" name="FE">
                <label cBy="RLG" feID="6431" bgColor="0000FF" fgColor="FFFFFF" end="137" start="130" name="Governed"/>
                <label cBy="RLG" feID="347" bgColor="FF0000" fgColor="FFFFFF" end="152" start="141" name="Leader"/>
                <label cBy="RLG" feID="6967" bgColor="008000" fgColor="FFFFFF" end="113" start="100" name="Descriptor"/>
            </layer>
            <layer rank="1" name="GF">
                <label end="137" start="130" name="Dep"/>
                <label end="152" start="141" name="Appositive"/>
                <label end="113" start="100" name="Dep"/>
            </layer>
            <layer rank="1" name="PT">
                <label end="137" start="130" name="PP"/>
                <label end="152" start="141" name="N"/>
                <label end="113" start="100" name="AJP"/>
            </layer>
            <layer rank="1" name="Other"/>
            <layer rank="1" name="Sent"/>
            <layer rank="1" name="Noun"/>
        </annotationSet>
    </sentence>
    <sentence corpID="175" docID="23551" sentNo="1" paragNo="2" aPos="0" ID="4097599">
        <text>Religious decrees were used to justify the assassination of Egyptian president Anwar Sadat .</text>
        <annotationSet cDate="07/27/2005 11:48:17 PDT Wed" status="UNANN" ID="6528505">
            <layer rank="1" name="PENN">
                <label end="8" start="0" name="jj"/>
                <label end="16" start="10" name="nns"/>
                <label end="21" start="18" name="VBD"/>
                <label end="26" start="23" name="VVN"/>
                <label end="29" start="28" name="to"/>
                <label end="37" start="31" name="VV"/>
                <label end="41" start="39" name="dt"/>
                <label end="55" start="43" name="nn"/>
                <label end="58" start="57" name="in"/>
                <label end="67" start="60" name="jj"/>
                <label end="77" start="69" name="nn"/>
                <label end="83" start="79" name="NP"/>
                <label end="89" start="85" name="NP"/>
                <label end="91" start="91" name="sent"/>
            </layer>
            <layer rank="1" name="NER">
                <label end="89" start="79" name="person"/>
            </layer>
            <layer rank="1" name="WSL">
                <label end="21" start="18" name="NT"/>
                <label end="29" start="28" name="NT"/>
                <label end="41" start="39" name="NT"/>
                <label end="58" start="57" name="NT"/>
                <label end="83" start="79" name="NT"/>
                <label end="89" start="85" name="NT"/>
                <label end="91" start="91" name="NT"/>
            </layer>
        </annotationSet>
        <annotationSet cDate="07/27/2005 04:03:08 PDT Wed" luID="10619" luName="use.v" frameID="1141" frameName="Using" status="MANUAL" ID="6528527">
            <layer rank="1" name="Target">
                <label cBy="RLG" end="26" start="23" name="Target"/>
            </layer>
            <layer rank="1" name="FE">
                <label cBy="RLG" feID="6580" bgColor="006400" fgColor="FFFFFF" end="16" start="0" name="Instrument"/>
                <label cBy="RLG" feID="6576" bgColor="800080" fgColor="FFFFFF" end="89" start="28" name="Purpose"/>
                <label cBy="RLG" feID="6574" itype="CNI" bgColor="FF0000" fgColor="FFFFFF" name="Agent"/>
            </layer>
            <layer rank="1" name="GF">
                <label end="16" start="0" name="Ext"/>
                <label end="89" start="28" name="Dep"/>
            </layer>
            <layer rank="1" name="PT">
                <label end="16" start="0" name="NP"/>
                <label end="89" start="28" name="VPto"/>
            </layer>
            <layer rank="1" name="Other"/>
            <layer rank="1" name="Sent"/>
            <layer rank="1" name="Verb"/>
        </annotationSet>
        <annotationSet cDate="07/27/2005 04:03:59 PDT Wed" luID="8034" luName="justify.v" frameID="512" frameName="Justifying" status="MANUAL" ID="6528528">
            <layer rank="1" name="Target">
                <label cBy="RLG" end="37" start="31" name="Target"/>
            </layer>
            <layer rank="1" name="FE">
                <label cBy="RLG" feID="5482" bgColor="008000" fgColor="FFFFFF" end="89" start="39" name="Act"/>
                <label cBy="RLG" feID="5480" itype="CNI" bgColor="FF0000" fgColor="FFFFFF" name="Agent"/>
            </layer>
            <layer rank="1" name="GF">
                <label end="89" start="39" name="Obj"/>
            </layer>
            <layer rank="1" name="PT">
                <label end="89" start="39" name="NP"/>
            </layer>
            <layer rank="1" name="Other"/>
            <layer rank="1" name="Sent"/>
            <layer rank="1" name="Verb"/>
        </annotationSet>
        <annotationSet cDate="07/27/2005 04:04:15 PDT Wed" luID="9068" luName="assassination.n" frameID="590" frameName="Killing" status="MANUAL" ID="6528529">
            <layer rank="1" name="Target">
                <label cBy="RLG" end="55" start="43" name="Target"/>
            </layer>
            <layer rank="1" name="FE">
                <label cBy="RLG" feID="4451" bgColor="0000FF" fgColor="FFFFFF" end="89" start="57" name="Victim"/>
                <label cBy="RLG" feID="4450" itype="INI" bgColor="FF0000" fgColor="FFFFFF" name="Killer"/>
            </layer>
            <layer rank="1" name="GF">
                <label end="89" start="57" name="Dep"/>
            </layer>
            <layer rank="1" name="PT">
                <label end="89" start="57" name="PP"/>
            </layer>
            <layer rank="1" name="Other"/>
            <layer rank="1" name="Sent"/>
            <layer rank="1" name="Noun"/>
        </annotationSet>
        <annotationSet cDate="07/27/2005 04:04:35 PDT Wed" luID="1599" luName="president [political].n" frameID="73" frameName="Leadership" status="MANUAL" ID="6528530">
            <layer rank="1" name="Target">
                <label cBy="RLG" end="77" start="69" name="Target"/>
            </layer>
            <layer rank="1" name="FE">
                <label cBy="RLG" feID="6431" bgColor="0000FF" fgColor="FFFFFF" end="67" start="60" name="Governed"/>
                <label cBy="RLG" feID="347" bgColor="FF0000" fgColor="FFFFFF" end="89" start="79" name="Leader"/>
            </layer>
            <layer rank="1" name="GF">
                <label end="67" start="60" name="Dep"/>
                <label end="89" start="79" name="Appositive"/>
            </layer>
            <layer rank="1" name="PT">
                <label end="67" start="60" name="AJP"/>
                <label end="89" start="79" name="NP"/>
            </layer>
            <layer rank="1" name="Other"/>
            <layer rank="1" name="Sent"/>
            <layer rank="1" name="Noun"/>
        </annotationSet>
    </sentence>
    <sentence corpID="175" docID="23551" sentNo="1" paragNo="3" aPos="0" ID="4097600">
        <text>The Islambouli Brigades is named after Lt . Khaled Islambouli , the leader of a group of militant Islamists who assassinated Sadat during a 1981 military parade in Cairo .</text>
        <annotationSet cDate="07/27/2005 11:48:17 PDT Wed" status="UNANN" ID="6528506">
            <layer rank="1" name="PENN">
                <label end="2" start="0" name="dt"/>
                <label end="13" start="4" name="NP"/>
                <label end="22" start="15" name="nns"/>
                <label end="25" start="24" name="VBZ"/>
                <label end="31" start="27" name="VVN"/>
                <label end="37" start="33" name="in"/>
                <label end="40" start="39" name="NP"/>
                <label end="42" start="42" name="sent"/>
                <label end="49" start="44" name="NP"/>
                <label end="60" start="51" name="NP"/>
                <label end="62" start="62" name=","/>
                <label end="66" start="64" name="dt"/>
                <label end="73" start="68" name="nn"/>
                <label end="76" start="75" name="in"/>
                <label end="78" start="78" name="dt"/>
                <label end="84" start="80" name="nn"/>
                <label end="87" start="86" name="in"/>
                <label end="96" start="89" name="jj"/>
                <label end="106" start="98" name="nns"/>
                <label end="110" start="108" name="wp"/>
                <label end="123" start="112" name="VVD"/>
                <label end="129" start="125" name="NP"/>
                <label end="136" start="131" name="in"/>
                <label end="138" start="138" name="dt"/>
                <label end="143" start="140" name="cd"/>
                <label end="152" start="145" name="jj"/>
                <label end="159" start="154" name="nn"/>
                <label end="162" start="161" name="in"/>
                <label end="168" start="164" name="NP"/>
                <label end="170" start="170" name="sent"/>
            </layer>
            <layer rank="1" name="NER">
                <label end="22" start="4" name="organization"/>
                <label end="60" start="44" name="person"/>
                <label end="106" start="98" name="person"/>
                <label end="129" start="125" name="person"/>
                <label end="143" start="140" name="date"/>
                <label end="168" start="164" name="location"/>
            </layer>
            <layer rank="1" name="WSL">
                <label end="2" start="0" name="NT"/>
                <label end="13" start="4" name="NT"/>
                <label end="25" start="24" name="NT"/>
                <label end="37" start="33" name="NT"/>
                <label end="40" start="39" name="NT"/>
                <label end="42" start="42" name="NT"/>
                <label end="49" start="44" name="NT"/>
                <label end="60" start="51" name="NT"/>
                <label end="62" start="62" name="NT"/>
                <label end="66" start="64" name="NT"/>
                <label end="76" start="75" name="NT"/>
                <label end="78" start="78" name="NT"/>
                <label end="87" start="86" name="NT"/>
                <label end="110" start="108" name="NT"/>
                <label end="129" start="125" name="NT"/>
                <label end="136" start="131" name="NT"/>
                <label end="138" start="138" name="NT"/>
                <label end="143" start="140" name="NT"/>
                <label end="162" start="161" name="NT"/>
                <label end="168" start="164" name="NT"/>
                <label end="170" start="170" name="NT"/>
            </layer>
        </annotationSet>
        <annotationSet cDate="07/27/2005 04:07:18 PDT Wed" luID="5544" luName="named.a" frameID="228" frameName="Being_named" status="MANUAL" ID="6528531">
            <layer rank="1" name="Target">
                <label cBy="RLG" end="31" start="27" name="Target"/>
            </layer>
            <layer rank="1" name="FE">
                <label cBy="RLG" feID="1859" bgColor="9F79EE" fgColor="FFFFFF" end="22" start="0" name="Entity"/>
                <label cBy="RLG" feID="1868" bgColor="008000" fgColor="FFFFFF" end="168" start="33" name="Language"/>
            </layer>
            <layer rank="1" name="GF">
                <label end="22" start="0" name="Ext"/>
                <label end="168" start="33" name="Dep"/>
            </layer>
            <layer rank="1" name="PT">
                <label end="22" start="0" name="NP"/>
                <label end="168" start="33" name="PP"/>
            </layer>
            <layer rank="1" name="Other"/>
            <layer rank="1" name="Sent"/>
            <layer rank="1" name="Adj"/>
            <layer rank="2" name="FE">
                <label cBy="RLG" feID="1858" bgColor="0000FF" fgColor="FFFFFF" end="22" start="0" name="Name"/>
            </layer>
        </annotationSet>
        <annotationSet cDate="07/27/2005 04:09:27 PDT Wed" luID="1593" luName="leader.n" frameID="73" frameName="Leadership" status="MANUAL" ID="6528532">
            <layer rank="1" name="Target">
                <label cBy="RLG" end="73" start="68" name="Target"/>
            </layer>
            <layer rank="1" name="FE">
                <label cBy="RLG" feID="347" bgColor="FF0000" fgColor="FFFFFF" end="60" start="39" name="Leader"/>
                <label cBy="RLG" feID="6431" bgColor="0000FF" fgColor="FFFFFF" end="168" start="75" name="Governed"/>
            </layer>
            <layer rank="1" name="GF">
                <label end="60" start="39" name="Ext"/>
                <label end="168" start="75" name="Dep"/>
            </layer>
            <layer rank="1" name="PT">
                <label end="60" start="39" name="NP"/>
                <label end="168" start="75" name="PP"/>
            </layer>
            <layer rank="1" name="Other"/>
            <layer rank="1" name="Sent"/>
            <layer rank="1" name="Noun"/>
        </annotationSet>
        <annotationSet cDate="07/27/2005 04:10:51 PDT Wed" luID="2112" luName="group.n" frameID="103" frameName="Aggregate" status="MANUAL" ID="6528533">
            <layer rank="1" name="Target">
                <label cBy="RLG" end="84" start="80" name="Target"/>
            </layer>
            <layer rank="1" name="FE">
                <label cBy="RLG" feID="744" bgColor="FF0000" fgColor="FFFFFF" end="168" start="86" name="Individuals"/>
                <label cBy="RLG" feID="745" bgColor="9400D3" fgColor="FFFFFF" end="84" start="80" name="Aggregate"/>
            </layer>
            <layer rank="1" name="GF">
                <label end="168" start="86" name="Dep"/>
            </layer>
            <layer rank="1" name="PT">
                <label end="168" start="86" name="PP"/>
            </layer>
            <layer rank="1" name="Other"/>
            <layer rank="1" name="Sent"/>
            <layer rank="1" name="Noun"/>
        </annotationSet>
        <annotationSet cDate="07/27/2005 04:16:47 PDT Wed" luID="8632" luName="assassinate.v" frameID="590" frameName="Killing" status="MANUAL" ID="6528534">
            <layer rank="1" name="Target">
                <label cBy="RLG" end="123" start="112" name="Target"/>
            </layer>
            <layer rank="1" name="FE">
                <label cBy="RLG" feID="4450" bgColor="FF0000" fgColor="FFFFFF" end="106" start="89" name="Killer"/>
                <label cBy="RLG" feID="4450" bgColor="FF0000" fgColor="FFFFFF" end="110" start="108" name="Killer"/>
                <label cBy="RLG" feID="4451" bgColor="0000FF" fgColor="FFFFFF" end="129" start="125" name="Victim"/>
                <label cBy="RLG" feID="4457" bgColor="FFA500" fgColor="FFFFFF" end="168" start="131" name="Time"/>
            </layer>
            <layer rank="1" name="GF">
                <label end="106" start="89" name="Ext"/>
                <label end="110" start="108" name="Ext"/>
                <label end="129" start="125" name="Obj"/>
                <label end="168" start="131" name="Dep"/>
            </layer>
            <layer rank="1" name="PT">
                <label end="106" start="89" name="NP"/>
                <label end="110" start="108" name="NP"/>
                <label end="129" start="125" name="NP"/>
                <label end="168" start="131" name="PP"/>
            </layer>
            <layer rank="1" name="Other">
                <label end="106" start="89" name="Ant"/>
                <label end="110" start="108" name="Rel"/>
            </layer>
            <layer rank="1" name="Sent"/>
            <layer rank="1" name="Verb"/>
        </annotationSet>
        <annotationSet cDate="07/27/2005 04:20:15 PDT Wed" luID="12282" luName="military.n" frameID="1514" frameName="Military" status="MANUAL" ID="6528535">
            <layer rank="1" name="Target">
                <label cBy="RLG" end="152" start="145" name="Target"/>
            </layer>
            <layer rank="1" name="FE">
                <label cBy="RLG" feID="8253" bgColor="FF0000" fgColor="FFFFFF" end="152" start="145" name="Force"/>
            </layer>
            <layer rank="1" name="GF"/>
            <layer rank="1" name="PT"/>
            <layer rank="1" name="Other"/>
            <layer rank="1" name="Sent"/>
            <layer rank="1" name="Noun"/>
        </annotationSet>
    </sentence>
    <sentence corpID="175" docID="23551" sentNo="1" paragNo="4" aPos="0" ID="4097601">
        <text>Islambouli and four associates were captured and executed for the plot to kill Sadat , which was carried out by Egyptian Islamic Jihad and another Egyptian militant group , al-Gamaa al-Islamiyya .</text>
        <annotationSet cDate="07/27/2005 11:48:20 PDT Wed" status="UNANN" ID="6528507">
            <layer rank="1" name="PENN">
                <label end="9" start="0" name="NP"/>
                <label end="13" start="11" name="cc"/>
                <label end="18" start="15" name="cd"/>
                <label end="29" start="20" name="nns"/>
                <label end="34" start="31" name="VBD"/>
                <label end="43" start="36" name="VVN"/>
                <label end="47" start="45" name="cc"/>
                <label end="56" start="49" name="VVN"/>
                <label end="60" start="58" name="in"/>
                <label end="64" start="62" name="dt"/>
                <label end="69" start="66" name="nn"/>
                <label end="72" start="71" name="to"/>
                <label end="77" start="74" name="VV"/>
                <label end="83" start="79" name="NP"/>
                <label end="85" start="85" name=","/>
                <label end="91" start="87" name="wdt"/>
                <label end="95" start="93" name="VBD"/>
                <label end="103" start="97" name="VVN"/>
                <label end="107" start="105" name="rp"/>
                <label end="110" start="109" name="in"/>
                <label end="119" start="112" name="jj"/>
                <label end="127" start="121" name="NP"/>
                <label end="133" start="129" name="NP"/>
                <label end="137" start="135" name="cc"/>
                <label end="145" start="139" name="dt"/>
                <label end="154" start="147" name="jj"/>
                <label end="163" start="156" name="jj"/>
                <label end="169" start="165" name="nn"/>
                <label end="171" start="171" name=","/>
                <label end="180" start="173" name="nn"/>
                <label end="193" start="182" name="nn"/>
                <label end="195" start="195" name="sent"/>
            </layer>
            <layer rank="1" name="NER">
                <label end="9" start="0" name="person"/>
                <label end="83" start="79" name="person"/>
                <label end="133" start="112" name="organization"/>
                <label end="193" start="173" name="organization"/>
            </layer>
            <layer rank="1" name="WSL">
                <label end="9" start="0" name="NT"/>
                <label end="13" start="11" name="NT"/>
                <label end="18" start="15" name="NT"/>
                <label end="34" start="31" name="NT"/>
                <label end="47" start="45" name="NT"/>
                <label end="60" start="58" name="NT"/>
                <label end="64" start="62" name="NT"/>
                <label end="72" start="71" name="NT"/>
                <label end="83" start="79" name="NT"/>
                <label end="85" start="85" name="NT"/>
                <label end="91" start="87" name="NT"/>
                <label end="95" start="93" name="NT"/>
                <label end="110" start="109" name="NT"/>
                <label end="127" start="121" name="NT"/>
                <label end="133" start="129" name="NT"/>
                <label end="137" start="135" name="NT"/>
                <label end="171" start="171" name="NT"/>
                <label end="195" start="195" name="NT"/>
            </layer>
        </annotationSet>
        <annotationSet cDate="07/27/2005 04:20:56 PDT Wed" luID="7646" luName="associate.n" frameID="418" frameName="Collaboration" status="MANUAL" ID="6528536">
            <layer rank="1" name="Target">
                <label cBy="RLG" end="29" start="20" name="Target"/>
            </layer>
            <layer rank="1" name="FE">
                <label cBy="RLG" feID="3851" bgColor="0000FF" fgColor="FFFFFF" end="29" start="20" name="Partner_1"/>
                <label cBy="RLG" feID="3852" itype="DNI" bgColor="FF0000" fgColor="FFFFFF" name="Partner_2"/>
            </layer>
            <layer rank="1" name="GF"/>
            <layer rank="1" name="PT"/>
            <layer rank="1" name="Other"/>
            <layer rank="1" name="Sent"/>
            <layer rank="1" name="Noun"/>
        </annotationSet>
        <annotationSet cDate="07/27/2005 04:21:10 PDT Wed" luID="3887" luName="execute.v" frameID="225" frameName="Execution" status="MANUAL" ID="6528537">
            <layer rank="1" name="Target">
                <label cBy="RLG" end="56" start="49" name="Target"/>
            </layer>
            <layer rank="1" name="FE">
                <label cBy="RLG" feID="1834" bgColor="0000FF" fgColor="FFFFFF" end="29" start="0" name="Executed"/>
                <label cBy="RLG" feID="1836" bgColor="90876C" fgColor="FFFFFF" end="193" start="58" name="Explanation"/>
                <label cBy="RLG" feID="1825" itype="CNI" bgColor="FF0000" fgColor="FFFFFF" name="Executioner"/>
            </layer>
            <layer rank="1" name="GF">
                <label end="29" start="0" name="Ext"/>
                <label end="193" start="58" name="Dep"/>
            </layer>
            <layer rank="1" name="PT">
                <label end="29" start="0" name="NP"/>
                <label end="193" start="58" name="PP"/>
            </layer>
            <layer rank="1" name="Other"/>
            <layer rank="1" name="Sent"/>
            <layer rank="1" name="Verb"/>
        </annotationSet>
        <annotationSet cDate="07/27/2005 04:22:00 PDT Wed" luID="8630" luName="kill.v" frameID="590" frameName="Killing" status="MANUAL" ID="6528538">
            <layer rank="1" name="Target">
                <label cBy="RLG" end="77" start="74" name="Target"/>
            </layer>
            <layer rank="1" name="FE">
                <label cBy="RLG" feID="4451" bgColor="0000FF" fgColor="FFFFFF" end="83" start="79" name="Victim"/>
                <label cBy="RLG" feID="4450" itype="CNI" bgColor="FF0000" fgColor="FFFFFF" name="Killer"/>
            </layer>
            <layer rank="1" name="GF">
                <label end="83" start="79" name="Obj"/>
            </layer>
            <layer rank="1" name="PT">
                <label end="83" start="79" name="NP"/>
            </layer>
            <layer rank="1" name="Other"/>
            <layer rank="1" name="Sent"/>
            <layer rank="1" name="Verb"/>
        </annotationSet>
        <annotationSet cDate="07/27/2005 04:22:18 PDT Wed" luID="11705" luName="carry out.v" frameID="198" frameName="Intentionally_act" status="MANUAL" ID="6528539">
            <layer rank="1" name="Target">
                <label cBy="RLG" end="103" start="97" name="Target"/>
                <label cBy="RLG" end="107" start="105" name="Target"/>
            </layer>
            <layer rank="1" name="FE">
                <label cBy="RLG" feID="1609" bgColor="0000FF" fgColor="FFFFFF" end="83" start="62" name="Act"/>
                <label cBy="RLG" feID="1609" bgColor="0000FF" fgColor="FFFFFF" end="91" start="87" name="Act"/>
                <label cBy="RLG" feID="1610" bgColor="FF0000" fgColor="FFFFFF" end="193" start="109" name="Agent"/>
                <label cBy="RLG" feID="1614" itype="INI" bgColor="800080" fgColor="FFFFFF" name="Purpose"/>
            </layer>
            <layer rank="1" name="GF">
                <label end="83" start="62" name="Ext"/>
                <label end="91" start="87" name="Ext"/>
                <label end="193" start="109" name="Dep"/>
            </layer>
            <layer rank="1" name="PT">
                <label end="83" start="62" name="NP"/>
                <label end="91" start="87" name="NP"/>
                <label end="193" start="109" name="PP"/>
            </layer>
            <layer rank="1" name="Other">
                <label end="83" start="62" name="Ant"/>
                <label end="91" start="87" name="Rel"/>
            </layer>
            <layer rank="1" name="Sent"/>
            <layer rank="1" name="Verb"/>
        </annotationSet>
        <annotationSet cDate="07/27/2005 04:24:38 PDT Wed" luID="10175" luName="another.a" frameID="1001" frameName="Increment" status="MANUAL" ID="6528540">
            <layer rank="1" name="Target">
                <label cBy="RLG" end="145" start="139" name="Target"/>
            </layer>
            <layer rank="1" name="FE">
                <label cBy="RLG" feID="5993" bgColor="FF0000" fgColor="FFFFFF" end="169" start="147" name="Class"/>
                <label cBy="RLG" feID="6124" bgColor="0000FF" fgColor="FFFFFF" end="193" start="173" name="Added_set"/>
            </layer>
            <layer rank="1" name="GF">
                <label end="169" start="147" name="Head"/>
                <label end="193" start="173" name="Appositive"/>
            </layer>
            <layer rank="1" name="PT">
                <label end="169" start="147" name="N"/>
                <label end="193" start="173" name="NP"/>
            </layer>
            <layer rank="1" name="Other"/>
            <layer rank="1" name="Sent"/>
            <layer rank="1" name="Adj"/>
        </annotationSet>
        <annotationSet cDate="07/27/2005 04:25:27 PDT Wed" luID="2112" luName="group.n" frameID="103" frameName="Aggregate" status="MANUAL" ID="6528541">
            <layer rank="1" name="Target">
                <label cBy="RLG" end="169" start="165" name="Target"/>
            </layer>
            <layer rank="1" name="FE">
                <label cBy="RLG" feID="745" bgColor="9400D3" fgColor="FFFFFF" end="193" start="173" name="Aggregate"/>
                <label cBy="RLG" feID="786" bgColor="00BFFF" fgColor="FFFFFF" end="154" start="147" name="Aggregate_property"/>
                <label cBy="RLG" feID="786" bgColor="00BFFF" fgColor="FFFFFF" end="163" start="156" name="Aggregate_property"/>
            </layer>
            <layer rank="1" name="GF">
                <label end="193" start="173" name="Appositive"/>
                <label end="154" start="147" name="Dep"/>
                <label end="163" start="156" name="Dep"/>
            </layer>
            <layer rank="1" name="PT">
                <label end="193" start="173" name="NP"/>
                <label end="154" start="147" name="AJP"/>
                <label end="163" start="156" name="AJP"/>
            </layer>
            <layer rank="1" name="Other"/>
            <layer rank="1" name="Sent"/>
            <layer rank="1" name="Noun"/>
        </annotationSet>
    </sentence>
    <sentence corpID="175" docID="23551" sentNo="1" paragNo="5" aPos="0" ID="4097836">
        <text>When did Khaled Islambouli die ?</text>
        <annotationSet cDate="08/04/2005 03:04:02 PDT Thu" status="UNANN" ID="6529307">
            <layer rank="1" name="PENN">
                <label end="3" start="0" name="wrb"/>
                <label end="7" start="5" name="VVD"/>
                <label end="14" start="9" name="NP"/>
                <label end="25" start="16" name="NP"/>
                <label end="29" start="27" name="nn"/>
                <label end="31" start="31" name="sent"/>
            </layer>
            <layer rank="1" name="NER">
                <label end="25" start="9" name="person"/>
            </layer>
            <layer rank="1" name="WSL">
                <label end="3" start="0" name="NT"/>
                <label end="7" start="5" name="NT"/>
                <label end="14" start="9" name="NT"/>
                <label end="25" start="16" name="NT"/>
                <label end="31" start="31" name="NT"/>
            </layer>
        </annotationSet>
    </sentence>
    <sentence corpID="175" docID="23551" sentNo="1" paragNo="6" aPos="0" ID="4097837">
        <text>Islambouli , an Egyptian military officer and member of Al-Jihad Organization , assassinated President Anwar Sadat during a military parade in Cairo in October 1981 for signing a peace treaty with Israel .</text>
        <annotationSet cDate="08/04/2005 03:04:03 PDT Thu" status="UNANN" ID="6529308">
            <layer rank="1" name="PENN">
                <label end="9" start="0" name="NP"/>
                <label end="11" start="11" name=","/>
                <label end="14" start="13" name="dt"/>
                <label end="23" start="16" name="jj"/>
                <label end="32" start="25" name="jj"/>
                <label end="40" start="34" name="nn"/>
                <label end="44" start="42" name="cc"/>
                <label end="51" start="46" name="nn"/>
                <label end="54" start="53" name="in"/>
                <label end="63" start="56" name="NP"/>
                <label end="76" start="65" name="NP"/>
                <label end="78" start="78" name=","/>
                <label end="91" start="80" name="VVD"/>
                <label end="101" start="93" name="NP"/>
                <label end="107" start="103" name="NP"/>
                <label end="113" start="109" name="NP"/>
                <label end="120" start="115" name="in"/>
                <label end="122" start="122" name="dt"/>
                <label end="131" start="124" name="jj"/>
                <label end="138" start="133" name="nn"/>
                <label end="141" start="140" name="in"/>
                <label end="147" start="143" name="NP"/>
                <label end="150" start="149" name="in"/>
                <label end="158" start="152" name="NP"/>
                <label end="163" start="160" name="cd"/>
                <label end="167" start="165" name="in"/>
                <label end="175" start="169" name="VVG"/>
                <label end="177" start="177" name="dt"/>
                <label end="183" start="179" name="nn"/>
                <label end="190" start="185" name="nn"/>
                <label end="195" start="192" name="in"/>
                <label end="202" start="197" name="NP"/>
                <label end="204" start="204" name="sent"/>
            </layer>
            <layer rank="1" name="NER">
                <label end="9" start="0" name="person"/>
                <label end="76" start="56" name="organization"/>
                <label end="113" start="103" name="person"/>
                <label end="147" start="143" name="location"/>
                <label end="163" start="152" name="date"/>
                <label end="202" start="197" name="location"/>
            </layer>
            <layer rank="1" name="WSL">
                <label end="9" start="0" name="NT"/>
                <label end="11" start="11" name="NT"/>
                <label end="14" start="13" name="NT"/>
                <label end="44" start="42" name="NT"/>
                <label end="54" start="53" name="NT"/>
                <label end="63" start="56" name="NT"/>
                <label end="76" start="65" name="NT"/>
                <label end="78" start="78" name="NT"/>
                <label end="101" start="93" name="NT"/>
                <label end="107" start="103" name="NT"/>
                <label end="113" start="109" name="NT"/>
                <label end="120" start="115" name="NT"/>
                <label end="122" start="122" name="NT"/>
                <label end="141" start="140" name="NT"/>
                <label end="147" start="143" name="NT"/>
                <label end="150" start="149" name="NT"/>
                <label end="158" start="152" name="NT"/>
                <label end="163" start="160" name="NT"/>
                <label end="167" start="165" name="NT"/>
                <label end="177" start="177" name="NT"/>
                <label end="195" start="192" name="NT"/>
                <label end="202" start="197" name="NT"/>
                <label end="204" start="204" name="NT"/>
            </layer>
        </annotationSet>
        <annotationSet cDate="07/15/2008 05:12:56 PDT Tue" luID="8632" luName="assassinate.v" frameID="590" frameName="Killing" status="MANUAL" ID="6552428">
            <layer rank="1" name="Target">
                <label cBy="KmG" end="91" start="80" name="Target"/>
            </layer>
            <layer rank="1" name="FE">
                <label cBy="KmG" feID="4451" bgColor="0000FF" fgColor="FFFFFF" end="113" start="93" name="Victim"/>
                <label cBy="KmG" feID="4457" bgColor="FFA500" fgColor="FFFFFF" end="138" start="115" name="Time"/>
                <label cBy="KmG" feID="4456" bgColor="008000" fgColor="FFFFFF" end="147" start="140" name="Place"/>
                <label cBy="KmG" feID="4457" bgColor="FFA500" fgColor="FFFFFF" end="163" start="149" name="Time"/>
                <label cBy="KmG" feID="4455" bgColor="90876C" fgColor="FFFFFF" end="202" start="165" name="Explanation"/>
                <label cBy="KmG" feID="4450" bgColor="FF0000" fgColor="FFFFFF" end="76" start="0" name="Killer"/>
            </layer>
            <layer rank="1" name="GF">
                <label end="113" start="93" name="Obj"/>
                <label end="138" start="115" name="Dep"/>
                <label end="147" start="140" name="Dep"/>
                <label end="163" start="149" name="Dep"/>
                <label end="202" start="165" name="Dep"/>
                <label end="76" start="0" name="Ext"/>
            </layer>
            <layer rank="1" name="PT">
                <label end="113" start="93" name="NP"/>
                <label end="138" start="115" name="PP"/>
                <label end="147" start="140" name="PP"/>
                <label end="163" start="149" name="PP"/>
                <label end="202" start="165" name="PP"/>
                <label end="76" start="0" name="NP"/>
            </layer>
            <layer rank="1" name="Other"/>
            <layer rank="1" name="Sent"/>
            <layer rank="1" name="Verb"/>
        </annotationSet>
    </sentence>
    <sentence corpID="175" docID="23551" sentNo="1" paragNo="7" aPos="0" ID="4097838">
        <text>Lt . Khaled Islambouli was the leader of the group of soldiers who assassinated Egyptian President Anwar Sadat in Cairo in 1981 .</text>
        <annotationSet cDate="08/04/2005 03:04:04 PDT Thu" status="UNANN" ID="6529309">
            <layer rank="1" name="PENN">
                <label end="1" start="0" name="NP"/>
                <label end="3" start="3" name="sent"/>
                <label end="10" start="5" name="NP"/>
                <label end="21" start="12" name="NP"/>
                <label end="25" start="23" name="VBD"/>
                <label end="29" start="27" name="dt"/>
                <label end="36" start="31" name="nn"/>
                <label end="39" start="38" name="in"/>
                <label end="43" start="41" name="dt"/>
                <label end="49" start="45" name="nn"/>
                <label end="52" start="51" name="in"/>
                <label end="61" start="54" name="nns"/>
                <label end="65" start="63" name="wp"/>
                <label end="78" start="67" name="VVD"/>
                <label end="87" start="80" name="NP"/>
                <label end="97" start="89" name="NP"/>
                <label end="103" start="99" name="NP"/>
                <label end="109" start="105" name="NP"/>
                <label end="112" start="111" name="in"/>
                <label end="118" start="114" name="NP"/>
                <label end="121" start="120" name="in"/>
                <label end="126" start="123" name="cd"/>
                <label end="128" start="128" name="sent"/>
            </layer>
            <layer rank="1" name="NER">
                <label end="21" start="5" name="person"/>
                <label end="109" start="99" name="person"/>
                <label end="118" start="114" name="location"/>
                <label end="126" start="123" name="date"/>
            </layer>
            <layer rank="1" name="WSL">
                <label end="1" start="0" name="NT"/>
                <label end="3" start="3" name="NT"/>
                <label end="10" start="5" name="NT"/>
                <label end="21" start="12" name="NT"/>
                <label end="25" start="23" name="NT"/>
                <label end="29" start="27" name="NT"/>
                <label end="39" start="38" name="NT"/>
                <label end="43" start="41" name="NT"/>
                <label end="52" start="51" name="NT"/>
                <label end="65" start="63" name="NT"/>
                <label end="87" start="80" name="NT"/>
                <label end="97" start="89" name="NT"/>
                <label end="103" start="99" name="NT"/>
                <label end="109" start="105" name="NT"/>
                <label end="112" start="111" name="NT"/>
                <label end="118" start="114" name="NT"/>
                <label end="121" start="120" name="NT"/>
                <label end="126" start="123" name="NT"/>
                <label end="128" start="128" name="NT"/>
            </layer>
        </annotationSet>
        <annotationSet cDate="07/15/2008 05:14:50 PDT Tue" luID="8632" luName="assassinate.v" frameID="590" frameName="Killing" status="MANUAL" ID="6552429">
            <layer rank="1" name="Target">
                <label cBy="KmG" end="78" start="67" name="Target"/>
            </layer>
            <layer rank="1" name="FE">
                <label cBy="KmG" feID="4451" bgColor="0000FF" fgColor="FFFFFF" end="109" start="80" name="Victim"/>
                <label cBy="KmG" feID="4456" bgColor="008000" fgColor="FFFFFF" end="118" start="111" name="Place"/>
                <label cBy="KmG" feID="4457" bgColor="FFA500" fgColor="FFFFFF" end="126" start="120" name="Time"/>
                <label cBy="KmG" feID="4450" bgColor="FF0000" fgColor="FFFFFF" end="61" start="41" name="Killer"/>
                <label cBy="KmG" feID="4450" bgColor="FF0000" fgColor="FFFFFF" end="65" start="63" name="Killer"/>
            </layer>
            <layer rank="1" name="GF">
                <label end="109" start="80" name="Obj"/>
                <label end="118" start="111" name="Dep"/>
                <label end="126" start="120" name="Dep"/>
                <label end="61" start="41" name="Ext"/>
                <label end="65" start="63" name="Ext"/>
            </layer>
            <layer rank="1" name="PT">
                <label end="109" start="80" name="NP"/>
                <label end="118" start="111" name="PP"/>
                <label end="126" start="120" name="PP"/>
                <label end="61" start="41" name="NP"/>
                <label end="65" start="63" name="NP"/>
            </layer>
            <layer rank="1" name="Other">
                <label end="61" start="41" name="Ant"/>
                <label end="65" start="63" name="Rel"/>
            </layer>
            <layer rank="1" name="Sent"/>
            <layer rank="1" name="Verb"/>
        </annotationSet>
    </sentence>
    <sentence corpID="175" docID="23551" sentNo="1" paragNo="8" aPos="0" ID="4097839">
        <text>Lieutenant Khaled Islambouli was the leader of the group of soldiers who assassinated Egyptian President Anwar Sadat during a military parade in Cairo in 1981 .</text>
        <annotationSet cDate="08/04/2005 03:04:04 PDT Thu" status="UNANN" ID="6529310">
            <layer rank="1" name="PENN">
                <label end="9" start="0" name="nn"/>
                <label end="16" start="11" name="NP"/>
                <label end="27" start="18" name="NP"/>
                <label end="31" start="29" name="VBD"/>
                <label end="35" start="33" name="dt"/>
                <label end="42" start="37" name="nn"/>
                <label end="45" start="44" name="in"/>
                <label end="49" start="47" name="dt"/>
                <label end="55" start="51" name="nn"/>
                <label end="58" start="57" name="in"/>
                <label end="67" start="60" name="nns"/>
                <label end="71" start="69" name="wp"/>
                <label end="84" start="73" name="VVD"/>
                <label end="93" start="86" name="NP"/>
                <label end="103" start="95" name="NP"/>
                <label end="109" start="105" name="NP"/>
                <label end="115" start="111" name="NP"/>
                <label end="122" start="117" name="in"/>
                <label end="124" start="124" name="dt"/>
                <label end="133" start="126" name="jj"/>
                <label end="140" start="135" name="nn"/>
                <label end="143" start="142" name="in"/>
                <label end="149" start="145" name="NP"/>
                <label end="152" start="151" name="in"/>
                <label end="157" start="154" name="cd"/>
                <label end="159" start="159" name="sent"/>
            </layer>
            <layer rank="1" name="NER">
                <label end="27" start="11" name="person"/>
                <label end="115" start="105" name="person"/>
                <label end="149" start="145" name="location"/>
                <label end="157" start="154" name="date"/>
            </layer>
            <layer rank="1" name="WSL">
                <label end="16" start="11" name="NT"/>
                <label end="27" start="18" name="NT"/>
                <label end="31" start="29" name="NT"/>
                <label end="35" start="33" name="NT"/>
                <label end="45" start="44" name="NT"/>
                <label end="49" start="47" name="NT"/>
                <label end="58" start="57" name="NT"/>
                <label end="71" start="69" name="NT"/>
                <label end="93" start="86" name="NT"/>
                <label end="103" start="95" name="NT"/>
                <label end="109" start="105" name="NT"/>
                <label end="115" start="111" name="NT"/>
                <label end="122" start="117" name="NT"/>
                <label end="124" start="124" name="NT"/>
                <label end="143" start="142" name="NT"/>
                <label end="149" start="145" name="NT"/>
                <label end="152" start="151" name="NT"/>
                <label end="157" start="154" name="NT"/>
                <label end="159" start="159" name="NT"/>
            </layer>
        </annotationSet>
        <annotationSet cDate="07/15/2008 05:15:54 PDT Tue" luID="8632" luName="assassinate.v" frameID="590" frameName="Killing" status="MANUAL" ID="6552430">
            <layer rank="1" name="Target">
                <label cBy="KmG" end="84" start="73" name="Target"/>
            </layer>
            <layer rank="1" name="FE">
                <label cBy="KmG" feID="4451" bgColor="0000FF" fgColor="FFFFFF" end="115" start="86" name="Victim"/>
                <label cBy="KmG" feID="4457" bgColor="FFA500" fgColor="FFFFFF" end="140" start="117" name="Time"/>
                <label cBy="KmG" feID="4456" bgColor="008000" fgColor="FFFFFF" end="149" start="142" name="Place"/>
                <label cBy="KmG" feID="4457" bgColor="FFA500" fgColor="FFFFFF" end="157" start="151" name="Time"/>
                <label cBy="KmG" feID="4450" bgColor="FF0000" fgColor="FFFFFF" end="67" start="47" name="Killer"/>
                <label cBy="KmG" feID="4450" bgColor="FF0000" fgColor="FFFFFF" end="71" start="69" name="Killer"/>
            </layer>
            <layer rank="1" name="GF">
                <label end="115" start="86" name="Obj"/>
                <label end="140" start="117" name="Dep"/>
                <label end="149" start="142" name="Dep"/>
                <label end="157" start="151" name="Dep"/>
                <label end="67" start="47" name="Ext"/>
                <label end="71" start="69" name="Ext"/>
            </layer>
            <layer rank="1" name="PT">
                <label end="115" start="86" name="NP"/>
                <label end="140" start="117" name="PP"/>
                <label end="149" start="142" name="PP"/>
                <label end="157" start="151" name="PP"/>
                <label end="67" start="47" name="NP"/>
                <label end="71" start="69" name="NP"/>
            </layer>
            <layer rank="1" name="Other">
                <label end="67" start="47" name="Ant"/>
                <label end="71" start="69" name="Rel"/>
            </layer>
            <layer rank="1" name="Sent"/>
            <layer rank="1" name="Verb"/>
        </annotationSet>
    </sentence>
    <sentence corpID="175" docID="23551" sentNo="1" paragNo="9" aPos="0" ID="4097840">
        <text>The group 's late , eponymous leader , Lt . Khaled Islambouli , killed Egyptian President Anwar Sadat during a military parade in Cairo in 1981 .</text>
        <annotationSet cDate="08/04/2005 03:04:05 PDT Thu" status="UNANN" ID="6529311">
            <layer rank="1" name="PENN">
                <label end="2" start="0" name="dt"/>
                <label end="8" start="4" name="nn"/>
                <label end="11" start="10" name="POS"/>
                <label end="16" start="13" name="jj"/>
                <label end="18" start="18" name=","/>
                <label end="28" start="20" name="jj"/>
                <label end="35" start="30" name="nn"/>
                <label end="37" start="37" name=","/>
                <label end="40" start="39" name="NP"/>
                <label end="42" start="42" name="sent"/>
                <label end="49" start="44" name="NP"/>
                <label end="60" start="51" name="NP"/>
                <label end="62" start="62" name=","/>
                <label end="69" start="64" name="VVD"/>
                <label end="78" start="71" name="NP"/>
                <label end="88" start="80" name="NP"/>
                <label end="94" start="90" name="NP"/>
                <label end="100" start="96" name="NP"/>
                <label end="107" start="102" name="in"/>
                <label end="109" start="109" name="dt"/>
                <label end="118" start="111" name="jj"/>
                <label end="125" start="120" name="nn"/>
                <label end="128" start="127" name="in"/>
                <label end="134" start="130" name="NP"/>
                <label end="137" start="136" name="in"/>
                <label end="142" start="139" name="cd"/>
                <label end="144" start="144" name="sent"/>
            </layer>
            <layer rank="1" name="NER">
                <label end="60" start="44" name="person"/>
                <label end="100" start="90" name="person"/>
                <label end="134" start="130" name="location"/>
                <label end="142" start="139" name="date"/>
            </layer>
            <layer rank="1" name="WSL">
                <label end="2" start="0" name="NT"/>
                <label end="11" start="10" name="NT"/>
                <label end="18" start="18" name="NT"/>
                <label end="37" start="37" name="NT"/>
                <label end="40" start="39" name="NT"/>
                <label end="42" start="42" name="NT"/>
                <label end="49" start="44" name="NT"/>
                <label end="60" start="51" name="NT"/>
                <label end="62" start="62" name="NT"/>
                <label end="78" start="71" name="NT"/>
                <label end="88" start="80" name="NT"/>
                <label end="94" start="90" name="NT"/>
                <label end="100" start="96" name="NT"/>
                <label end="107" start="102" name="NT"/>
                <label end="109" start="109" name="NT"/>
                <label end="128" start="127" name="NT"/>
                <label end="134" start="130" name="NT"/>
                <label end="137" start="136" name="NT"/>
                <label end="142" start="139" name="NT"/>
                <label end="144" start="144" name="NT"/>
            </layer>
        </annotationSet>
    </sentence>
    <sentence corpID="175" docID="23551" sentNo="1" paragNo="10" aPos="0" ID="4097841">
        <text>He was executed for the crime a year later .</text>
        <annotationSet cDate="08/04/2005 03:04:05 PDT Thu" status="UNANN" ID="6529312">
            <layer rank="1" name="PENN">
                <label end="1" start="0" name="PP"/>
                <label end="5" start="3" name="VBD"/>
                <label end="14" start="7" name="VVN"/>
                <label end="18" start="16" name="in"/>
                <label end="22" start="20" name="dt"/>
                <label end="28" start="24" name="nn"/>
                <label end="30" start="30" name="dt"/>
                <label end="35" start="32" name="nn"/>
                <label end="41" start="37" name="rbr"/>
                <label end="43" start="43" name="sent"/>
            </layer>
            <layer rank="1" name="NER"/>
            <layer rank="1" name="WSL">
                <label end="1" start="0" name="NT"/>
                <label end="5" start="3" name="NT"/>
                <label end="18" start="16" name="NT"/>
                <label end="22" start="20" name="NT"/>
                <label end="30" start="30" name="NT"/>
                <label end="41" start="37" name="NT"/>
                <label end="43" start="43" name="NT"/>
            </layer>
        </annotationSet>
    </sentence>
</fullTextAnnotation>