<?xml version="1.0" encoding="UTF-8" standalone="yes"?>
<?xml-stylesheet type="text/xsl" href="fullText.xsl"?>
<fullTextAnnotation xsi:schemaLocation="../schema/fullText.xsd" xmlns="http://framenet.icsi.berkeley.edu" xmlns:xsi="http://www.w3.org/2001/XMLSchema-instance">
    <header>
        <corpus description="Miscellaneous" name="Miscellaneous" ID="175">
            <document description="C-4 Text" name="C-4Text" ID="23491"/>
        </corpus>
    </header>
    <sentence corpID="175" docID="23491" sentNo="1" paragNo="1" aPos="0" ID="4096518">
        <text>A 12-year-old boy reports seeing a man launch a rubber boat from a car parked at the harbor . </text>
        <annotationSet cDate="12/10/2004 04:03:32 PST Fri" status="UNANN" ID="6521585">
            <layer rank="1" name="PENN">
                <label end="12" start="2" name="jj"/>
                <label end="16" start="14" name="nn"/>
                <label end="24" start="18" name="VVZ"/>
                <label end="31" start="26" name="VVG"/>
                <label end="37" start="35" name="nn"/>
                <label end="44" start="39" name="VV"/>
                <label end="53" start="48" name="nn"/>
                <label end="58" start="55" name="nn"/>
                <label end="63" start="60" name="in"/>
                <label end="69" start="67" name="nn"/>
                <label end="76" start="71" name="VVN"/>
                <label end="83" start="81" name="dt"/>
                <label end="90" start="85" name="nn"/>
                <label end="92" start="92" name="sent"/>
            </layer>
            <layer rank="1" name="NER"/>
            <layer rank="1" name="WSL"/>
        </annotationSet>
        <annotationSet cDate="12/13/2004 01:38:48 PST Mon" luID="10082" luName="boy.n" frameID="973" frameName="People_by_age" status="MANUAL" ID="6521673">
            <layer rank="1" name="Target">
                <label cBy="Pam" end="16" start="14" name="Target"/>
            </layer>
            <layer rank="1" name="FE">
                <label cBy="Pam" feID="5940" bgColor="00008B" fgColor="FFFFFF" end="12" start="2" name="Age"/>
                <label cBy="Pam" feID="5937" bgColor="FF0000" fgColor="FFFFFF" end="16" start="14" name="Person"/>
            </layer>
            <layer rank="1" name="GF">
                <label end="12" start="2" name="Dep"/>
            </layer>
            <layer rank="1" name="PT">
                <label end="12" start="2" name="AJP"/>
            </layer>
            <layer rank="1" name="Other"/>
            <layer rank="1" name="Sent"/>
            <layer rank="1" name="Noun"/>
        </annotationSet>
        <annotationSet cDate="12/13/2004 01:39:04 PST Mon" luID="747" luName="report.n" frameID="43" frameName="Statement" status="MANUAL" ID="6521674">
            <layer rank="1" name="Target">
                <label cBy="Pam" end="24" start="18" name="Target"/>
            </layer>
            <layer rank="1" name="FE">
                <label cBy="Pam" feID="183" bgColor="FF0000" fgColor="FFFFFF" end="16" start="0" name="Speaker"/>
                <label cBy="Pam" feID="185" bgColor="00BFFF" fgColor="FFFFFF" end="90" start="26" name="Message"/>
            </layer>
            <layer rank="1" name="GF">
                <label end="16" start="0" name="Ext"/>
                <label end="90" start="26" name="Dep"/>
            </layer>
            <layer rank="1" name="PT">
                <label end="16" start="0" name="NP"/>
                <label end="90" start="26" name="VPing"/>
            </layer>
            <layer rank="1" name="Other"/>
            <layer rank="1" name="Sent"/>
            <layer rank="1" name="Noun"/>
        </annotationSet>
        <annotationSet cDate="12/13/2004 01:39:23 PST Mon" luID="1535" luName="see.v" frameID="70" frameName="Perception_experience" status="MANUAL" ID="6521675">
            <layer rank="1" name="Target">
                <label cBy="Pam" end="31" start="26" name="Target"/>
            </layer>
            <layer rank="1" name="FE">
                <label cBy="Pam" feID="331" bgColor="FF0000" fgColor="FFFFFF" end="16" start="0" name="Perceiver_passive"/>
                <label cBy="Pam" feID="332" bgColor="0000FF" fgColor="FFFFFF" end="90" start="33" name="Phenomenon"/>
            </layer>
            <layer rank="1" name="GF">
                <label end="16" start="0" name="Ext"/>
                <label end="90" start="33" name="Dep"/>
            </layer>
            <layer rank="1" name="PT">
                <label end="16" start="0" name="NP"/>
                <label end="90" start="33" name="Sbrst"/>
            </layer>
            <layer rank="1" name="Other"/>
            <layer rank="1" name="Sent"/>
            <layer rank="1" name="Verb"/>
        </annotationSet>
        <annotationSet cDate="12/13/2004 01:39:42 PST Mon" luID="5526" luName="man.n" frameID="304" frameName="People" status="MANUAL" ID="6521676">
            <layer rank="1" name="Target">
                <label cBy="Pam" end="37" start="35" name="Target"/>
            </layer>
            <layer rank="1" name="FE">
                <label cBy="Pam" feID="2618" bgColor="FF0000" fgColor="FFFFFF" end="37" start="35" name="Person"/>
            </layer>
            <layer rank="1" name="GF"/>
            <layer rank="1" name="PT"/>
            <layer rank="1" name="Other"/>
            <layer rank="1" name="Sent"/>
            <layer rank="1" name="Noun"/>
        </annotationSet>
        <annotationSet cDate="12/13/2004 01:40:09 PST Mon" luID="8140" luName="boat.n" frameID="429" frameName="Vehicle" status="MANUAL" ID="6521677">
            <layer rank="1" name="Target">
                <label cBy="Pam" end="58" start="55" name="Target"/>
            </layer>
            <layer rank="1" name="FE">
                <label cBy="Pam" feID="3957" bgColor="00BFFF" fgColor="FFFFFF" end="53" start="48" name="Descriptor"/>
                <label cBy="Pam" feID="3958" bgColor="A52A2A" fgColor="FFFFFF" end="58" start="55" name="Vehicle"/>
            </layer>
            <layer rank="1" name="GF">
                <label end="53" start="48" name="Dep"/>
            </layer>
            <layer rank="1" name="PT">
                <label end="53" start="48" name="N"/>
            </layer>
            <layer rank="1" name="Other"/>
            <layer rank="1" name="Sent"/>
            <layer rank="1" name="Noun">
                <label end="44" start="39" name="Gov"/>
                <label end="58" start="46" name="X"/>
            </layer>
        </annotationSet>
        <annotationSet cDate="12/13/2004 01:41:11 PST Mon" luID="7808" luName="car.n" frameID="429" frameName="Vehicle" status="MANUAL" ID="6521678">
            <layer rank="1" name="Target">
                <label cBy="Pam" end="69" start="67" name="Target"/>
            </layer>
            <layer rank="1" name="FE">
                <label cBy="Pam" feID="3958" bgColor="A52A2A" fgColor="FFFFFF" end="69" start="67" name="Vehicle"/>
            </layer>
            <layer rank="1" name="GF"/>
            <layer rank="1" name="PT"/>
            <layer rank="1" name="Other"/>
            <layer rank="1" name="Sent"/>
            <layer rank="1" name="Noun">
                <label end="44" start="39" name="Gov"/>
                <label end="90" start="60" name="X"/>
            </layer>
        </annotationSet>
        <annotationSet cDate="12/13/2004 01:41:23 PST Mon" luID="1098" luName="park.v" frameID="62" frameName="Placing" status="MANUAL" ID="6521679">
            <layer rank="1" name="Target">
                <label cBy="Pam" end="76" start="71" name="Target"/>
            </layer>
            <layer rank="1" name="FE">
                <label cBy="Pam" feID="273" itype="DNI" bgColor="FF0000" fgColor="FFFFFF" name="Agent"/>
                <label cBy="Pam" feID="274" bgColor="800080" fgColor="FFFFFF" end="69" start="65" name="Theme"/>
                <label cBy="Pam" feID="277" bgColor="00BFFF" fgColor="FFFFFF" end="90" start="78" name="Goal"/>
            </layer>
            <layer rank="1" name="GF">
                <label end="69" start="65" name="Ext"/>
                <label end="90" start="78" name="Dep"/>
            </layer>
            <layer rank="1" name="PT">
                <label end="69" start="65" name="NP"/>
                <label end="90" start="78" name="PP"/>
            </layer>
            <layer rank="1" name="Other"/>
            <layer rank="1" name="Sent"/>
            <layer rank="1" name="Verb"/>
        </annotationSet>
        <annotationSet cDate="12/13/2004 03:57:39 PST Mon" luID="11418" luName="harbor.n" frameID="196" frameName="Locale_by_use" status="MANUAL" ID="6521742">
            <layer rank="1" name="Target">
                <label cBy="Pam" end="90" start="85" name="Target"/>
            </layer>
            <layer rank="1" name="FE">
                <label cBy="Pam" feID="1588" bgColor="800080" fgColor="FFFFFF" end="90" start="85" name="Locale"/>
            </layer>
            <layer rank="1" name="GF"/>
            <layer rank="1" name="PT"/>
            <layer rank="1" name="Other"/>
            <layer rank="1" name="Sent"/>
            <layer rank="1" name="Noun">
                <label end="76" start="71" name="Gov"/>
                <label end="90" start="78" name="X"/>
            </layer>
        </annotationSet>
        <annotationSet cDate="04/20/2005 11:51:45 PDT Wed" luID="11826" luName="launch.v" frameID="1387" frameName="Getting_vehicle_underway" status="MANUAL" ID="6525802">
            <layer rank="1" name="Target">
                <label cBy="JKR" end="44" start="39" name="Target"/>
            </layer>
            <layer rank="1" name="FE">
                <label cBy="JKR" feID="7768" bgColor="FF0000" fgColor="FFFFFF" end="37" start="33" name="Driver"/>
                <label cBy="JKR" feID="7769" bgColor="00008B" fgColor="FFFFFF" end="58" start="46" name="Vehicle"/>
                <label cBy="JKR" feID="7770" bgColor="006400" fgColor="FFFFFF" end="90" start="60" name="Source"/>
            </layer>
            <layer rank="1" name="GF">
                <label end="37" start="33" name="Ext"/>
                <label end="58" start="46" name="Obj"/>
                <label end="90" start="60" name="Dep"/>
            </layer>
            <layer rank="1" name="PT">
                <label end="37" start="33" name="NP"/>
                <label end="58" start="46" name="NP"/>
                <label end="90" start="60" name="PP"/>
            </layer>
            <layer rank="1" name="Other"/>
            <layer rank="1" name="Sent"/>
            <layer rank="1" name="Verb"/>
        </annotationSet>
    </sentence>
    <sentence corpID="175" docID="23491" sentNo="2" paragNo="1" aPos="0" ID="4096519">
        <text>FBI officials find what they believe may be explosives in the car . </text>
        <annotationSet cDate="12/10/2004 04:03:32 PST Fri" status="UNANN" ID="6521586">
            <layer rank="1" name="PENN">
                <label end="2" start="0" name="NNP"/>
                <label end="12" start="4" name="nns"/>
                <label end="17" start="14" name="VVP"/>
                <label end="22" start="19" name="wp"/>
                <label end="27" start="24" name="PRP"/>
                <label end="35" start="29" name="VVP"/>
                <label end="39" start="37" name="md"/>
                <label end="53" start="44" name="nns"/>
                <label end="56" start="55" name="in"/>
                <label end="60" start="58" name="dt"/>
                <label end="64" start="62" name="nn"/>
                <label end="66" start="66" name="sent"/>
            </layer>
            <layer rank="1" name="NER"/>
            <layer rank="1" name="WSL"/>
        </annotationSet>
        <annotationSet cDate="12/13/2004 01:42:00 PST Mon" luID="10625" luName="official.n" frameID="73" frameName="Leadership" status="MANUAL" ID="6521680">
            <layer rank="1" name="Target">
                <label cBy="Pam" end="12" start="4" name="Target"/>
            </layer>
            <layer rank="1" name="FE">
                <label cBy="Pam" feID="6431" bgColor="0000FF" fgColor="FFFFFF" end="2" start="0" name="Governed"/>
            </layer>
            <layer rank="1" name="GF">
                <label end="2" start="0" name="Dep"/>
            </layer>
            <layer rank="1" name="PT">
                <label end="2" start="0" name="N"/>
            </layer>
            <layer rank="1" name="Other"/>
            <layer rank="1" name="Sent"/>
            <layer rank="1" name="Noun"/>
        </annotationSet>
        <annotationSet cDate="12/13/2004 01:42:08 PST Mon" luID="11227" luName="find.v" frameID="792" frameName="Locating" status="MANUAL" ID="6521681">
            <layer rank="1" name="Target">
                <label cBy="Pam" end="17" start="14" name="Target"/>
            </layer>
            <layer rank="1" name="FE">
                <label cBy="Pam" feID="4933" bgColor="FF0000" fgColor="FFFFFF" end="12" start="0" name="Perceiver"/>
                <label cBy="Pam" feID="4935" bgColor="008000" fgColor="FFFFFF" end="64" start="55" name="Location"/>
                <label cBy="Pam" feID="4934" bgColor="0000FF" fgColor="FFFFFF" end="53" start="19" name="Sought_entity"/>
                <label cBy="Pam" feID="4936" itype="INI" bgColor="9400D3" fgColor="FFFFFF" name="Ground"/>
            </layer>
            <layer rank="1" name="GF">
                <label end="64" start="55" name="Dep"/>
                <label end="53" start="19" name="Obj"/>
                <label end="12" start="0" name="Ext"/>
            </layer>
            <layer rank="1" name="PT">
                <label end="64" start="55" name="PP"/>
                <label end="53" start="19" name="NP"/>
                <label end="12" start="0" name="NP"/>
            </layer>
            <layer rank="1" name="Other"/>
            <layer rank="1" name="Sent"/>
            <layer rank="1" name="Verb"/>
        </annotationSet>
        <annotationSet cDate="12/13/2004 01:42:21 PST Mon" luID="150" luName="believe.v" frameID="19" frameName="Awareness" status="MANUAL" ID="6521682">
            <layer rank="1" name="Target">
                <label cBy="Pam" end="35" start="29" name="Target"/>
            </layer>
            <layer rank="1" name="FE">
                <label cBy="Pam" feID="83" bgColor="FF0000" fgColor="FFFFFF" end="27" start="24" name="Cognizer"/>
                <label cBy="Pam" feID="84" bgColor="0000FF" fgColor="FFFFFF" end="53" start="37" name="Content"/>
                <label cBy="Pam" feID="84" bgColor="0000FF" fgColor="FFFFFF" end="22" start="19" name="Content"/>
            </layer>
            <layer rank="1" name="GF">
                <label end="27" start="24" name="Ext"/>
                <label end="22" start="19" name="Obj"/>
                <label end="53" start="37" name="Dep"/>
            </layer>
            <layer rank="1" name="PT">
                <label end="27" start="24" name="NP"/>
                <label end="22" start="19" name="NP"/>
                <label end="53" start="37" name="VPbrst"/>
            </layer>
            <layer rank="1" name="Other"/>
            <layer rank="1" name="Sent"/>
            <layer rank="1" name="Verb"/>
        </annotationSet>
        <annotationSet cDate="12/13/2004 01:43:02 PST Mon" luID="7808" luName="car.n" frameID="429" frameName="Vehicle" status="MANUAL" ID="6521683">
            <layer rank="1" name="Target">
                <label cBy="Pam" end="64" start="62" name="Target"/>
            </layer>
            <layer rank="1" name="FE">
                <label cBy="Pam" feID="3958" bgColor="A52A2A" fgColor="FFFFFF" end="64" start="62" name="Vehicle"/>
            </layer>
            <layer rank="1" name="GF"/>
            <layer rank="1" name="PT"/>
            <layer rank="1" name="Other"/>
            <layer rank="1" name="Sent"/>
            <layer rank="1" name="Noun">
                <label end="56" start="55" name="Gov"/>
                <label end="64" start="58" name="X"/>
            </layer>
        </annotationSet>
        <annotationSet cDate="12/13/2004 03:59:58 PST Mon" luID="11416" luName="explosive.n" frameID="426" frameName="Weapon" status="MANUAL" ID="6521743">
            <layer rank="1" name="Target">
                <label cBy="Pam" end="53" start="44" name="Target"/>
            </layer>
            <layer rank="1" name="FE">
                <label cBy="Pam" feID="3919" bgColor="A52A2A" fgColor="FFFFFF" end="53" start="44" name="Weapon"/>
            </layer>
            <layer rank="1" name="GF"/>
            <layer rank="1" name="PT"/>
            <layer rank="1" name="Other"/>
            <layer rank="1" name="Sent"/>
            <layer rank="1" name="Noun">
                <label end="42" start="41" name="Gov"/>
                <label end="53" start="44" name="X"/>
            </layer>
        </annotationSet>
    </sentence>
    <sentence corpID="175" docID="23491" sentNo="3" paragNo="1" aPos="0" ID="4096520">
        <text>Yemeni police trace the car to a nearby house . </text>
        <annotationSet cDate="12/10/2004 04:03:32 PST Fri" status="UNANN" ID="6521587">
            <layer rank="1" name="PENN">
                <label end="5" start="0" name="jj"/>
                <label end="12" start="7" name="nns"/>
                <label end="18" start="14" name="VVP"/>
                <label end="22" start="20" name="dt"/>
                <label end="26" start="24" name="nn"/>
                <label end="29" start="28" name="to"/>
                <label end="38" start="33" name="jj"/>
                <label end="44" start="40" name="nn"/>
                <label end="46" start="46" name="sent"/>
            </layer>
            <layer rank="1" name="NER"/>
            <layer rank="1" name="WSL"/>
        </annotationSet>
        <annotationSet cDate="12/13/2004 01:43:52 PST Mon" luID="7808" luName="car.n" frameID="429" frameName="Vehicle" status="MANUAL" ID="6521684">
            <layer rank="1" name="Target">
                <label cBy="Pam" end="26" start="24" name="Target"/>
            </layer>
            <layer rank="1" name="FE">
                <label cBy="Pam" feID="3958" bgColor="A52A2A" fgColor="FFFFFF" end="26" start="24" name="Vehicle"/>
            </layer>
            <layer rank="1" name="GF"/>
            <layer rank="1" name="PT"/>
            <layer rank="1" name="Other"/>
            <layer rank="1" name="Sent"/>
            <layer rank="1" name="Noun">
                <label end="18" start="14" name="Gov"/>
                <label end="26" start="20" name="X"/>
            </layer>
        </annotationSet>
        <annotationSet cDate="12/13/2004 01:44:01 PST Mon" luID="2999" luName="house.n" frameID="173" frameName="Buildings" status="MANUAL" ID="6521685">
            <layer rank="1" name="Target">
                <label cBy="Pam" end="44" start="40" name="Target"/>
            </layer>
            <layer rank="1" name="FE">
                <label cBy="Pam" feID="6037" bgColor="800080" fgColor="FFFFFF" end="44" start="40" name="Building"/>
            </layer>
            <layer rank="1" name="GF"/>
            <layer rank="1" name="PT"/>
            <layer rank="1" name="Other"/>
            <layer rank="1" name="Sent"/>
            <layer rank="1" name="Noun">
                <label end="18" start="14" name="Gov"/>
                <label end="44" start="28" name="X"/>
            </layer>
        </annotationSet>
    </sentence>
    <sentence corpID="175" docID="23491" sentNo="4" paragNo="1" aPos="0" ID="4096521">
        <text>The FBI finds traces of explosives on clothes found ; neighbors say they saw two men who they describe as `` Arab-looking '' living there for several weeks . </text>
        <annotationSet cDate="12/10/2004 04:03:32 PST Fri" status="UNANN" ID="6521588">
            <layer rank="1" name="PENN">
                <label end="2" start="0" name="dt"/>
                <label end="6" start="4" name="NNP"/>
                <label end="12" start="8" name="VVZ"/>
                <label end="19" start="14" name="nns"/>
                <label end="33" start="24" name="nns"/>
                <label end="36" start="35" name="in"/>
                <label end="44" start="38" name="nns"/>
                <label end="50" start="46" name="VVN"/>
                <label end="52" start="52" name=":"/>
                <label end="62" start="54" name="nns"/>
                <label end="66" start="64" name="VVP"/>
                <label end="71" start="68" name="PRP"/>
                <label end="75" start="73" name="VVD"/>
                <label end="79" start="77" name="cd"/>
                <label end="83" start="81" name="nns"/>
                <label end="87" start="85" name="wp"/>
                <label end="92" start="89" name="PRP"/>
                <label end="101" start="94" name="VVP"/>
                <label end="107" start="106" name="``"/>
                <label end="120" start="109" name="VVG"/>
                <label end="123" start="122" name="''"/>
                <label end="130" start="125" name="nn"/>
                <label end="136" start="132" name="rb"/>
                <label end="140" start="138" name="in"/>
                <label end="148" start="142" name="jj"/>
                <label end="156" start="156" name="sent"/>
            </layer>
            <layer rank="1" name="NER"/>
            <layer rank="1" name="WSL"/>
        </annotationSet>
        <annotationSet cDate="12/13/2004 01:45:58 PST Mon" luID="11227" luName="find.v" frameID="792" frameName="Locating" status="MANUAL" ID="6521686">
            <layer rank="1" name="Target">
                <label cBy="Pam" end="12" start="8" name="Target"/>
            </layer>
            <layer rank="1" name="FE">
                <label cBy="Pam" feID="4933" bgColor="FF0000" fgColor="FFFFFF" end="6" start="0" name="Perceiver"/>
                <label cBy="Pam" feID="4934" bgColor="0000FF" fgColor="FFFFFF" end="33" start="14" name="Sought_entity"/>
                <label cBy="RLG" feID="4935" bgColor="008000" fgColor="FFFFFF" end="50" start="35" name="Location"/>
                <label cBy="Pam" feID="4936" itype="INI" bgColor="9400D3" fgColor="FFFFFF" name="Ground"/>
            </layer>
            <layer rank="1" name="GF">
                <label end="6" start="0" name="Ext"/>
                <label end="33" start="14" name="Obj"/>
                <label end="50" start="35" name="Dep"/>
            </layer>
            <layer rank="1" name="PT">
                <label end="6" start="0" name="NP"/>
                <label end="33" start="14" name="NP"/>
                <label end="50" start="35" name="PP"/>
            </layer>
            <layer rank="1" name="Other"/>
            <layer rank="1" name="Sent"/>
            <layer rank="1" name="Verb"/>
        </annotationSet>
        <annotationSet cDate="12/13/2004 01:46:06 PST Mon" luID="2936" luName="clothes.n" frameID="134" frameName="Clothing" status="MANUAL" ID="6521687">
            <layer rank="1" name="Target">
                <label cBy="Pam" end="44" start="38" name="Target"/>
            </layer>
            <layer rank="1" name="FE"/>
            <layer rank="1" name="GF"/>
            <layer rank="1" name="PT"/>
            <layer rank="1" name="Other"/>
            <layer rank="1" name="Sent"/>
            <layer rank="1" name="Noun">
                <label end="12" start="8" name="Gov"/>
                <label end="44" start="35" name="X"/>
            </layer>
        </annotationSet>
        <annotationSet cDate="12/13/2004 01:46:37 PST Mon" luID="11261" luName="neighbor.n" frameID="1143" frameName="People_by_residence" status="MANUAL" ID="6521688">
            <layer rank="1" name="Target">
                <label cBy="Pam" end="62" start="54" name="Target"/>
            </layer>
            <layer rank="1" name="FE">
                <label cBy="Pam" feID="6594" bgColor="FF69B4" fgColor="FFFFFF" end="62" start="54" name="Residents"/>
            </layer>
            <layer rank="1" name="GF"/>
            <layer rank="1" name="PT"/>
            <layer rank="1" name="Other"/>
            <layer rank="1" name="Sent"/>
            <layer rank="1" name="Noun"/>
        </annotationSet>
        <annotationSet cDate="12/13/2004 01:46:45 PST Mon" luID="751" luName="say.v" frameID="43" frameName="Statement" status="MANUAL" ID="6521689">
            <layer rank="1" name="Target">
                <label cBy="Pam" end="66" start="64" name="Target"/>
            </layer>
            <layer rank="1" name="FE">
                <label cBy="Pam" feID="183" bgColor="FF0000" fgColor="FFFFFF" end="62" start="54" name="Speaker"/>
                <label cBy="Pam" feID="185" bgColor="00BFFF" fgColor="FFFFFF" end="154" start="68" name="Message"/>
            </layer>
            <layer rank="1" name="GF">
                <label end="62" start="54" name="Ext"/>
                <label end="154" start="68" name="Dep"/>
            </layer>
            <layer rank="1" name="PT">
                <label end="62" start="54" name="NP"/>
                <label end="154" start="68" name="Sfin"/>
            </layer>
            <layer rank="1" name="Other"/>
            <layer rank="1" name="Sent"/>
            <layer rank="1" name="Verb"/>
        </annotationSet>
        <annotationSet cDate="12/13/2004 01:46:52 PST Mon" luID="1535" luName="see.v" frameID="70" frameName="Perception_experience" status="MANUAL" ID="6521690">
            <layer rank="1" name="Target">
                <label cBy="Pam" end="75" start="73" name="Target"/>
            </layer>
            <layer rank="1" name="FE">
                <label cBy="Pam" feID="331" bgColor="FF0000" fgColor="FFFFFF" end="71" start="68" name="Perceiver_passive"/>
                <label cBy="RLG" feID="332" bgColor="0000FF" fgColor="FFFFFF" end="123" start="77" name="Phenomenon"/>
                <label cBy="RLG" feID="336" bgColor="A52A2A" fgColor="FFFFFF" end="154" start="125" name="Depictive"/>
            </layer>
            <layer rank="1" name="GF">
                <label end="71" start="68" name="Ext"/>
                <label end="123" start="77" name="Obj"/>
                <label end="154" start="125" name="Dep"/>
            </layer>
            <layer rank="1" name="PT">
                <label end="71" start="68" name="NP"/>
                <label end="123" start="77" name="NP"/>
                <label end="154" start="125" name="VPing"/>
            </layer>
            <layer rank="1" name="Other"/>
            <layer rank="1" name="Sent"/>
            <layer rank="1" name="Verb"/>
        </annotationSet>
        <annotationSet cDate="12/13/2004 01:47:02 PST Mon" luID="5526" luName="man.n" frameID="304" frameName="People" status="MANUAL" ID="6521691">
            <layer rank="1" name="Target">
                <label cBy="Pam" end="83" start="81" name="Target"/>
            </layer>
            <layer rank="1" name="FE">
                <label cBy="Pam" feID="2618" bgColor="FF0000" fgColor="FFFFFF" end="83" start="81" name="Person"/>
                <label cBy="Pam" feID="2620" bgColor="00BFFF" fgColor="FFFFFF" end="120" start="85" name="Descriptor"/>
                <label cBy="Pam" feID="2620" bgColor="00BFFF" fgColor="FFFFFF" end="154" start="125" name="Descriptor"/>
            </layer>
            <layer rank="1" name="GF">
                <label end="120" start="85" name="Dep"/>
                <label end="154" start="125" name="Dep"/>
            </layer>
            <layer rank="1" name="PT">
                <label end="120" start="85" name="Sinterrog"/>
                <label end="154" start="125" name="VPing"/>
            </layer>
            <layer rank="1" name="Other"/>
            <layer rank="1" name="Sent"/>
            <layer rank="1" name="Noun">
                <label end="75" start="73" name="Gov"/>
                <label end="154" start="77" name="X"/>
            </layer>
        </annotationSet>
        <annotationSet cDate="12/13/2004 01:47:10 PST Mon" luID="9803" luName="describe.v" frameID="796" frameName="Communicate_categorization" status="MANUAL" ID="6521692">
            <layer rank="1" name="Target">
                <label cBy="Pam" end="101" start="94" name="Target"/>
            </layer>
            <layer rank="1" name="FE">
                <label cBy="Pam" feID="5630" bgColor="FF0000" fgColor="FFFFFF" end="92" start="89" name="Speaker"/>
                <label cBy="Pam" feID="5631" bgColor="2E8B57" fgColor="FFFFFF" end="120" start="103" name="Category"/>
                <label cBy="Pam" feID="5632" bgColor="0000FF" fgColor="FFFFFF" end="87" start="77" name="Item"/>
            </layer>
            <layer rank="1" name="GF">
                <label end="92" start="89" name="Ext"/>
                <label end="87" start="77" name="Obj"/>
                <label end="120" start="103" name="Dep"/>
            </layer>
            <layer rank="1" name="PT">
                <label end="92" start="89" name="NP"/>
                <label end="87" start="77" name="NP"/>
                <label end="120" start="103" name="PP"/>
            </layer>
            <layer rank="1" name="Other"/>
            <layer rank="1" name="Sent"/>
            <layer rank="1" name="Verb"/>
        </annotationSet>
        <annotationSet cDate="12/13/2004 01:47:28 PST Mon" luID="2220" luName="live.v" frameID="110" frameName="Residence" status="MANUAL" ID="6521693">
            <layer rank="1" name="Target">
                <label cBy="Pam" end="130" start="125" name="Target"/>
            </layer>
            <layer rank="1" name="FE">
                <label cBy="Pam" feID="536" bgColor="008000" fgColor="FFFFFF" end="136" start="132" name="Location"/>
                <label cBy="Pam" feID="535" bgColor="FF0000" fgColor="FFFFFF" end="120" start="77" name="Resident"/>
            </layer>
            <layer rank="1" name="GF">
                <label end="136" start="132" name="Obj"/>
                <label end="120" start="77" name="Ext"/>
            </layer>
            <layer rank="1" name="PT">
                <label end="136" start="132" name="NP"/>
                <label end="120" start="77" name="NP"/>
            </layer>
            <layer rank="1" name="Other"/>
            <layer rank="1" name="Sent"/>
            <layer rank="1" name="Verb"/>
        </annotationSet>
        <annotationSet cDate="12/13/2004 04:01:32 PST Mon" luID="11416" luName="explosive.n" frameID="426" frameName="Weapon" status="MANUAL" ID="6521745">
            <layer rank="1" name="Target">
                <label cBy="Pam" end="33" start="24" name="Target"/>
            </layer>
            <layer rank="1" name="FE">
                <label cBy="Pam" feID="3919" bgColor="A52A2A" fgColor="FFFFFF" end="33" start="24" name="Weapon"/>
            </layer>
            <layer rank="1" name="GF"/>
            <layer rank="1" name="PT"/>
            <layer rank="1" name="Other"/>
            <layer rank="1" name="Sent"/>
            <layer rank="1" name="Noun">
                <label end="33" start="14" name="X"/>
                <label end="12" start="8" name="Gov"/>
            </layer>
        </annotationSet>
        <annotationSet cDate="12/13/2004 04:59:43 PST Mon" luID="3947" luName="week.n" frameID="229" frameName="Calendric_unit" status="MANUAL" ID="6521758">
            <layer rank="1" name="Target">
                <label cBy="Pam" end="154" start="150" name="Target"/>
            </layer>
            <layer rank="1" name="FE"/>
            <layer rank="1" name="GF"/>
            <layer rank="1" name="PT"/>
            <layer rank="1" name="Other"/>
            <layer rank="1" name="Sent"/>
            <layer rank="1" name="Noun">
                <label end="130" start="125" name="Gov"/>
                <label end="154" start="138" name="X"/>
            </layer>
        </annotationSet>
    </sentence>
    <sentence corpID="175" docID="23491" sentNo="5" paragNo="1" aPos="0" ID="4096522">
        <text>Police also find a second house where authorities believe two others may have assembled the bomb , possibly doing some welding . </text>
        <annotationSet cDate="12/10/2004 04:03:33 PST Fri" status="UNANN" ID="6521589">
            <layer rank="1" name="PENN">
                <label end="5" start="0" name="nns"/>
                <label end="10" start="7" name="rb"/>
                <label end="15" start="12" name="VVP"/>
                <label end="24" start="19" name="jj"/>
                <label end="30" start="26" name="nn"/>
                <label end="36" start="32" name="wrb"/>
                <label end="48" start="38" name="nns"/>
                <label end="56" start="50" name="VVP"/>
                <label end="60" start="58" name="cd"/>
                <label end="67" start="62" name="nns"/>
                <label end="71" start="69" name="md"/>
                <label end="86" start="78" name="VVN"/>
                <label end="90" start="88" name="dt"/>
                <label end="95" start="92" name="nn"/>
                <label end="106" start="99" name="rb"/>
                <label end="112" start="108" name="VVG"/>
                <label end="125" start="119" name="VVG"/>
                <label end="127" start="127" name="sent"/>
            </layer>
            <layer rank="1" name="NER"/>
            <layer rank="1" name="WSL"/>
        </annotationSet>
        <annotationSet cDate="12/13/2004 01:48:03 PST Mon" luID="11227" luName="find.v" frameID="792" frameName="Locating" status="MANUAL" ID="6521695">
            <layer rank="1" name="Target">
                <label cBy="Pam" end="15" start="12" name="Target"/>
            </layer>
            <layer rank="1" name="FE">
                <label cBy="Pam" feID="4933" bgColor="FF0000" fgColor="FFFFFF" end="5" start="0" name="Perceiver"/>
                <label cBy="Pam" feID="4936" itype="INI" bgColor="9400D3" fgColor="FFFFFF" name="Ground"/>
                <label cBy="Pam" feID="4934" bgColor="0000FF" fgColor="FFFFFF" end="125" start="17" name="Sought_entity"/>
                <label cBy="Pam" feID="4935" itype="DNI" bgColor="008000" fgColor="FFFFFF" name="Location"/>
            </layer>
            <layer rank="1" name="GF">
                <label end="5" start="0" name="Ext"/>
                <label end="125" start="17" name="Obj"/>
            </layer>
            <layer rank="1" name="PT">
                <label end="5" start="0" name="NP"/>
                <label end="125" start="17" name="NP"/>
            </layer>
            <layer rank="1" name="Other"/>
            <layer rank="1" name="Sent"/>
            <layer rank="1" name="Verb"/>
        </annotationSet>
        <annotationSet cDate="12/13/2004 01:48:06 PST Mon" luID="2999" luName="house.n" frameID="173" frameName="Buildings" status="MANUAL" ID="6521696">
            <layer rank="1" name="Target">
                <label cBy="Pam" end="30" start="26" name="Target"/>
            </layer>
            <layer rank="1" name="FE">
                <label cBy="Pam" feID="6037" bgColor="800080" fgColor="FFFFFF" end="30" start="26" name="Building"/>
            </layer>
            <layer rank="1" name="GF"/>
            <layer rank="1" name="PT"/>
            <layer rank="1" name="Other"/>
            <layer rank="1" name="Sent"/>
            <layer rank="1" name="Noun">
                <label end="15" start="12" name="Gov"/>
                <label end="125" start="17" name="X"/>
            </layer>
        </annotationSet>
        <annotationSet cDate="12/13/2004 01:48:34 PST Mon" luID="150" luName="believe.v" frameID="19" frameName="Awareness" status="MANUAL" ID="6521697">
            <layer rank="1" name="Target">
                <label cBy="Pam" end="56" start="50" name="Target"/>
            </layer>
            <layer rank="1" name="FE">
                <label cBy="Pam" feID="83" bgColor="FF0000" fgColor="FFFFFF" end="48" start="38" name="Cognizer"/>
                <label cBy="Pam" feID="84" bgColor="0000FF" fgColor="FFFFFF" end="95" start="58" name="Content"/>
            </layer>
            <layer rank="1" name="GF">
                <label end="95" start="58" name="Dep"/>
                <label end="48" start="38" name="Ext"/>
            </layer>
            <layer rank="1" name="PT">
                <label end="95" start="58" name="Sfin"/>
                <label end="48" start="38" name="NP"/>
            </layer>
            <layer rank="1" name="Other"/>
            <layer rank="1" name="Sent"/>
            <layer rank="1" name="Verb"/>
        </annotationSet>
        <annotationSet cDate="12/13/2004 01:48:45 PST Mon" luID="4731" luName="assemble.v" frameID="259" frameName="Building" status="MANUAL" ID="6521698">
            <layer rank="1" name="Target">
                <label cBy="Pam" end="86" start="78" name="Target"/>
            </layer>
            <layer rank="1" name="FE">
                <label cBy="Pam" feID="2238" bgColor="FF0000" fgColor="FFFFFF" end="67" start="58" name="Agent"/>
                <label cBy="Pam" feID="2247" bgColor="0000FF" fgColor="FFFFFF" end="95" start="88" name="Created_entity"/>
            </layer>
            <layer rank="1" name="GF">
                <label end="67" start="58" name="Ext"/>
                <label end="95" start="88" name="Obj"/>
            </layer>
            <layer rank="1" name="PT">
                <label end="67" start="58" name="NP"/>
                <label end="95" start="88" name="NP"/>
            </layer>
            <layer rank="1" name="Other"/>
            <layer rank="1" name="Sent"/>
            <layer rank="1" name="Verb"/>
        </annotationSet>
        <annotationSet cDate="12/13/2004 01:48:50 PST Mon" luID="7781" luName="bomb.n" frameID="426" frameName="Weapon" status="MANUAL" ID="6521699">
            <layer rank="1" name="Target">
                <label cBy="Pam" end="95" start="92" name="Target"/>
            </layer>
            <layer rank="1" name="FE">
                <label cBy="Pam" feID="3919" bgColor="A52A2A" fgColor="FFFFFF" end="95" start="92" name="Weapon"/>
            </layer>
            <layer rank="1" name="GF"/>
            <layer rank="1" name="PT"/>
            <layer rank="1" name="Other"/>
            <layer rank="1" name="Sent"/>
            <layer rank="1" name="Noun">
                <label end="86" start="78" name="Gov"/>
                <label end="95" start="88" name="X"/>
            </layer>
        </annotationSet>
        <annotationSet cDate="12/13/2004 01:49:08 PST Mon" luID="4739" luName="weld.v" frameID="259" frameName="Building" status="MANUAL" ID="6521701">
            <layer rank="1" name="Target">
                <label cBy="Pam" end="125" start="119" name="Target"/>
            </layer>
            <layer rank="1" name="FE">
                <label cBy="Pam" feID="2238" itype="CNI" bgColor="FF0000" fgColor="FFFFFF" name="Agent"/>
                <label cBy="Pam" feID="2247" itype="DNI" bgColor="0000FF" fgColor="FFFFFF" name="Created_entity"/>
            </layer>
            <layer rank="1" name="GF"/>
            <layer rank="1" name="PT"/>
            <layer rank="1" name="Other"/>
            <layer rank="1" name="Sent"/>
            <layer rank="1" name="Verb"/>
        </annotationSet>
        <annotationSet cDate="12/13/2004 04:02:42 PST Mon" luID="11420" luName="authority.n" frameID="73" frameName="Leadership" status="MANUAL" ID="6521747">
            <layer rank="1" name="Target">
                <label cBy="Pam" end="48" start="38" name="Target"/>
            </layer>
            <layer rank="1" name="FE">
                <label cBy="Pam" feID="347" bgColor="FF0000" fgColor="FFFFFF" end="48" start="38" name="Leader"/>
                <label cBy="JKs" feID="6431" itype="DNI" bgColor="0000FF" fgColor="FFFFFF" name="Governed"/>
            </layer>
            <layer rank="1" name="GF"/>
            <layer rank="1" name="PT"/>
            <layer rank="1" name="Other"/>
            <layer rank="1" name="Sent"/>
            <layer rank="1" name="Noun"/>
        </annotationSet>
    </sentence>
    <sentence corpID="175" docID="23491" sentNo="6" paragNo="1" aPos="0" ID="4096523">
        <text>Passports found in one of the houses identify the men as from a privilege convenience province noted for lawless tribes . </text>
        <annotationSet cDate="12/10/2004 04:03:33 PST Fri" status="UNANN" ID="6521590">
            <layer rank="1" name="PENN">
                <label end="8" start="0" name="nns"/>
                <label end="14" start="10" name="VVN"/>
                <label end="17" start="16" name="in"/>
                <label end="21" start="19" name="cd"/>
                <label end="28" start="26" name="dt"/>
                <label end="35" start="30" name="nns"/>
                <label end="44" start="37" name="VVP"/>
                <label end="48" start="46" name="dt"/>
                <label end="52" start="50" name="nns"/>
                <label end="60" start="57" name="in"/>
                <label end="72" start="64" name="nn"/>
                <label end="84" start="74" name="nn"/>
                <label end="93" start="86" name="nn"/>
                <label end="99" start="95" name="VVD"/>
                <label end="103" start="101" name="in"/>
                <label end="111" start="105" name="jj"/>
                <label end="118" start="113" name="nns"/>
                <label end="120" start="120" name="sent"/>
            </layer>
            <layer rank="1" name="NER"/>
            <layer rank="1" name="WSL"/>
        </annotationSet>
        <annotationSet cDate="12/13/2004 01:49:41 PST Mon" luID="8291" luName="passport.n" frameID="560" frameName="Documents" status="MANUAL" ID="6521702">
            <layer rank="1" name="Target">
                <label cBy="Pam" end="8" start="0" name="Target"/>
            </layer>
            <layer rank="1" name="FE">
                <label cBy="Pam" feID="4192" bgColor="FF0000" fgColor="FFFFFF" end="8" start="0" name="Document"/>
            </layer>
            <layer rank="1" name="GF"/>
            <layer rank="1" name="PT"/>
            <layer rank="1" name="Other"/>
            <layer rank="1" name="Sent"/>
            <layer rank="1" name="Noun">
                <label end="14" start="10" name="Gov"/>
                <label end="8" start="0" name="X"/>
            </layer>
        </annotationSet>
        <annotationSet cDate="12/13/2004 01:49:44 PST Mon" luID="11227" luName="find.v" frameID="792" frameName="Locating" status="MANUAL" ID="6521703">
            <layer rank="1" name="Target">
                <label cBy="Pam" end="14" start="10" name="Target"/>
            </layer>
            <layer rank="1" name="FE">
                <label cBy="Pam" feID="4934" bgColor="0000FF" fgColor="FFFFFF" end="8" start="0" name="Sought_entity"/>
                <label cBy="Pam" feID="4935" bgColor="008000" fgColor="FFFFFF" end="35" start="16" name="Location"/>
                <label cBy="Pam" feID="4936" itype="DNI" bgColor="9400D3" fgColor="FFFFFF" name="Ground"/>
                <label cBy="RLG" feID="4933" itype="CNI" bgColor="FF0000" fgColor="FFFFFF" name="Perceiver"/>
            </layer>
            <layer rank="1" name="GF">
                <label end="8" start="0" name="Ext"/>
                <label end="35" start="16" name="Dep"/>
            </layer>
            <layer rank="1" name="PT">
                <label end="8" start="0" name="NP"/>
                <label end="35" start="16" name="PP"/>
            </layer>
            <layer rank="1" name="Other">
                <label end="8" start="0" name="Ant"/>
            </layer>
            <layer rank="1" name="Sent"/>
            <layer rank="1" name="Verb"/>
        </annotationSet>
        <annotationSet cDate="12/13/2004 01:49:50 PST Mon" luID="2999" luName="house.n" frameID="173" frameName="Buildings" status="MANUAL" ID="6521704">
            <layer rank="1" name="Target">
                <label cBy="Pam" end="35" start="30" name="Target"/>
            </layer>
            <layer rank="1" name="FE">
                <label cBy="Pam" feID="6037" bgColor="800080" fgColor="FFFFFF" end="35" start="30" name="Building"/>
            </layer>
            <layer rank="1" name="GF"/>
            <layer rank="1" name="PT"/>
            <layer rank="1" name="Other"/>
            <layer rank="1" name="Sent"/>
            <layer rank="1" name="Noun">
                <label end="14" start="10" name="Gov"/>
                <label end="35" start="16" name="X"/>
            </layer>
        </annotationSet>
        <annotationSet cDate="12/13/2004 01:50:06 PST Mon" luID="5526" luName="man.n" frameID="304" frameName="People" status="MANUAL" ID="6521705">
            <layer rank="1" name="Target">
                <label cBy="Pam" end="52" start="50" name="Target"/>
            </layer>
            <layer rank="1" name="FE">
                <label cBy="Pam" feID="2618" bgColor="FF0000" fgColor="FFFFFF" end="52" start="50" name="Person"/>
            </layer>
            <layer rank="1" name="GF"/>
            <layer rank="1" name="PT"/>
            <layer rank="1" name="Other"/>
            <layer rank="1" name="Sent"/>
            <layer rank="1" name="Noun">
                <label end="44" start="37" name="Gov"/>
                <label end="52" start="46" name="X"/>
            </layer>
        </annotationSet>
        <annotationSet cDate="12/13/2004 01:50:36 PST Mon" luID="3684" luName="province.n" frameID="195" frameName="Political_locales" status="MANUAL" ID="6521706">
            <layer rank="1" name="Target">
                <label cBy="Pam" end="93" start="86" name="Target"/>
            </layer>
            <layer rank="1" name="FE">
                <label cBy="Pam" feID="1583" bgColor="00008B" fgColor="FFFFFF" end="93" start="86" name="Locale"/>
                <label cBy="Pam" feID="7151" bgColor="FFA500" fgColor="FFFFFF" end="84" start="74" name="Descriptor"/>
                <label cBy="Pam" feID="7151" bgColor="FFA500" fgColor="FFFFFF" end="72" start="64" name="Descriptor"/>
            </layer>
            <layer rank="1" name="GF">
                <label end="84" start="74" name="Dep"/>
                <label end="72" start="64" name="Dep"/>
            </layer>
            <layer rank="1" name="PT">
                <label end="84" start="74" name="N"/>
                <label end="72" start="64" name="N"/>
            </layer>
            <layer rank="1" name="Other"/>
            <layer rank="1" name="Sent"/>
            <layer rank="1" name="Noun">
                <label end="44" start="37" name="Gov"/>
                <label end="55" start="54" name="Gov"/>
                <label end="93" start="57" name="X"/>
            </layer>
        </annotationSet>
        <annotationSet cDate="12/13/2004 04:03:13 PST Mon" luID="11421" luName="identify.v" frameID="1230" frameName="Verification" status="MANUAL" ID="6521748">
            <layer rank="1" name="Target">
                <label cBy="Pam" end="44" start="37" name="Target"/>
            </layer>
            <layer rank="1" name="FE">
                <label cBy="Pam" feID="7128" bgColor="808080" fgColor="FFFFFF" end="35" start="0" name="Medium"/>
                <label cBy="Pam" feID="7121" bgColor="FF0000" fgColor="FFFFFF" end="118" start="46" name="Unconfirmed_content"/>
            </layer>
            <layer rank="1" name="GF">
                <label end="35" start="0" name="Ext"/>
                <label end="118" start="46" name="Obj"/>
            </layer>
            <layer rank="1" name="PT">
                <label end="35" start="0" name="NP"/>
                <label end="118" start="46" name="NP"/>
            </layer>
            <layer rank="1" name="Other"/>
            <layer rank="1" name="Sent"/>
            <layer rank="1" name="Verb"/>
        </annotationSet>
        <annotationSet cDate="12/13/2004 04:03:25 PST Mon" luID="11423" luName="lawless.a" frameID="117" frameName="Compliance" status="MANUAL" ID="6521749">
            <layer rank="1" name="Target">
                <label cBy="Pam" end="111" start="105" name="Target"/>
            </layer>
            <layer rank="1" name="FE">
                <label cBy="Pam" feID="612" bgColor="FF0000" fgColor="FFFFFF" end="118" start="113" name="Protagonist"/>
            </layer>
            <layer rank="1" name="GF">
                <label end="118" start="113" name="Head"/>
            </layer>
            <layer rank="1" name="PT">
                <label end="118" start="113" name="N"/>
            </layer>
            <layer rank="1" name="Other"/>
            <layer rank="1" name="Sent"/>
            <layer rank="1" name="Adj">
                <label end="118" start="113" name="Gov"/>
                <label end="111" start="105" name="X"/>
            </layer>
        </annotationSet>
    </sentence>
    <sentence corpID="175" docID="23491" sentNo="7" paragNo="1" aPos="0" ID="4096524">
        <text>But the documents turn out to be fakes . </text>
        <annotationSet cDate="12/10/2004 04:03:34 PST Fri" status="UNANN" ID="6521591">
            <layer rank="1" name="PENN">
                <label end="2" start="0" name="cc"/>
                <label end="6" start="4" name="dt"/>
                <label end="16" start="8" name="nns"/>
                <label end="21" start="18" name="VVP"/>
                <label end="25" start="23" name="rp"/>
                <label end="28" start="27" name="to"/>
                <label end="37" start="33" name="nns"/>
                <label end="39" start="39" name="sent"/>
            </layer>
            <layer rank="1" name="NER"/>
            <layer rank="1" name="WSL"/>
        </annotationSet>
        <annotationSet cDate="12/13/2004 04:05:32 PST Mon" luID="11422" luName="document.n" frameID="560" frameName="Documents" status="MANUAL" ID="6521751">
            <layer rank="1" name="Target">
                <label cBy="Pam" end="16" start="8" name="Target"/>
            </layer>
            <layer rank="1" name="FE">
                <label cBy="Pam" feID="4192" bgColor="FF0000" fgColor="FFFFFF" end="16" start="8" name="Document"/>
            </layer>
            <layer rank="1" name="GF"/>
            <layer rank="1" name="PT"/>
            <layer rank="1" name="Other"/>
            <layer rank="1" name="Sent"/>
            <layer rank="1" name="Noun">
                <label end="21" start="18" name="Gov"/>
                <label end="25" start="23" name="Gov"/>
                <label end="16" start="8" name="X"/>
            </layer>
        </annotationSet>
    </sentence>
    <sentence corpID="175" docID="23491" sentNo="8" paragNo="1" aPos="0" ID="4096525">
        <text>Meantime, analysts at the FBI crime lab try to discover what the bomb was made from . </text>
        <annotationSet cDate="12/10/2004 04:03:34 PST Fri" status="UNANN" ID="6521592">
            <layer rank="1" name="PENN">
                <label end="8" start="0" name="rb"/>
                <label end="17" start="10" name="nns"/>
                <label end="24" start="22" name="dt"/>
                <label end="28" start="26" name="NNP"/>
                <label end="34" start="30" name="nn"/>
                <label end="38" start="36" name="nn"/>
                <label end="42" start="40" name="VVP"/>
                <label end="45" start="44" name="to"/>
                <label end="54" start="47" name="VV"/>
                <label end="59" start="56" name="wp"/>
                <label end="63" start="61" name="dt"/>
                <label end="68" start="65" name="nn"/>
                <label end="77" start="74" name="VVN"/>
                <label end="82" start="79" name="in"/>
                <label end="84" start="84" name="sent"/>
            </layer>
            <layer rank="1" name="NER"/>
            <layer rank="1" name="WSL"/>
        </annotationSet>
        <annotationSet cDate="12/13/2004 01:53:20 PST Mon" luID="4281" luName="analyst.n" frameID="31" frameName="Scrutiny" status="MANUAL" ID="6521709">
            <layer rank="1" name="Target">
                <label cBy="Pam" end="17" start="10" name="Target"/>
            </layer>
            <layer rank="1" name="FE">
                <label cBy="Pam" feID="128" bgColor="FF0000" fgColor="FFFFFF" end="17" start="10" name="Cognizer"/>
                <label cBy="Pam" feID="129" bgColor="7CCD7C" fgColor="FFFFFF" end="38" start="19" name="Ground"/>
            </layer>
            <layer rank="1" name="GF">
                <label end="38" start="19" name="Dep"/>
            </layer>
            <layer rank="1" name="PT">
                <label end="38" start="19" name="PP"/>
            </layer>
            <layer rank="1" name="Other"/>
            <layer rank="1" name="Sent"/>
            <layer rank="1" name="Noun"/>
        </annotationSet>
        <annotationSet cDate="12/13/2004 01:53:54 PST Mon" luID="173" luName="discover.v" frameID="20" frameName="Becoming_aware" status="MANUAL" ID="6521711">
            <layer rank="1" name="Target">
                <label cBy="Pam" end="54" start="47" name="Target"/>
            </layer>
            <layer rank="1" name="FE">
                <label cBy="Pam" feID="87" bgColor="FF0000" fgColor="FFFFFF" end="34" start="10" name="Cognizer"/>
                <label cBy="Pam" feID="88" bgColor="0000FF" fgColor="FFFFFF" end="82" start="56" name="Phenomenon"/>
            </layer>
            <layer rank="1" name="GF">
                <label end="34" start="10" name="Ext"/>
                <label end="82" start="56" name="Dep"/>
            </layer>
            <layer rank="1" name="PT">
                <label end="34" start="10" name="NP"/>
                <label end="82" start="56" name="Sinterrog"/>
            </layer>
            <layer rank="1" name="Other"/>
            <layer rank="1" name="Sent"/>
            <layer rank="1" name="Verb"/>
        </annotationSet>
        <annotationSet cDate="12/13/2004 01:54:02 PST Mon" luID="7781" luName="bomb.n" frameID="426" frameName="Weapon" status="MANUAL" ID="6521712">
            <layer rank="1" name="Target">
                <label cBy="Pam" end="68" start="65" name="Target"/>
            </layer>
            <layer rank="1" name="FE">
                <label cBy="Pam" feID="3919" bgColor="A52A2A" fgColor="FFFFFF" end="68" start="65" name="Weapon"/>
            </layer>
            <layer rank="1" name="GF"/>
            <layer rank="1" name="PT"/>
            <layer rank="1" name="Other"/>
            <layer rank="1" name="Sent"/>
            <layer rank="1" name="Noun">
                <label end="77" start="74" name="Gov"/>
                <label end="68" start="61" name="X"/>
            </layer>
        </annotationSet>
        <annotationSet cDate="12/13/2004 01:54:14 PST Mon" luID="7526" luName="make.v" frameID="408" frameName="Manufacturing" status="MANUAL" ID="6521713">
            <layer rank="1" name="Target">
                <label cBy="Pam" end="77" start="74" name="Target"/>
            </layer>
            <layer rank="1" name="FE">
                <label cBy="Pam" feID="3757" bgColor="0000FF" fgColor="FFFFFF" end="68" start="61" name="Product"/>
                <label cBy="Pam" feID="3758" bgColor="A52A2A" fgColor="FFFFFF" end="82" start="79" name="Resource"/>
                <label cBy="Pam" feID="3758" bgColor="A52A2A" fgColor="FFFFFF" end="59" start="56" name="Resource"/>
                <label cBy="Pam" feID="3756" itype="DNI" bgColor="FF0000" fgColor="FFFFFF" name="Producer"/>
            </layer>
            <layer rank="1" name="GF">
                <label end="68" start="61" name="Ext"/>
                <label end="82" start="79" name="Dep"/>
                <label end="59" start="56" name="Dep"/>
            </layer>
            <layer rank="1" name="PT">
                <label end="68" start="61" name="NP"/>
                <label end="82" start="79" name="PP"/>
                <label end="59" start="56" name="PP"/>
            </layer>
            <layer rank="1" name="Other"/>
            <layer rank="1" name="Sent"/>
            <layer rank="1" name="Verb"/>
        </annotationSet>
        <annotationSet cDate="12/13/2004 04:05:59 PST Mon" luID="11419" luName="lab.n" frameID="196" frameName="Locale_by_use" status="MANUAL" ID="6521754">
            <layer rank="1" name="Target">
                <label cBy="Pam" end="38" start="36" name="Target"/>
            </layer>
            <layer rank="1" name="FE">
                <label cBy="Pam" feID="1588" bgColor="800080" fgColor="FFFFFF" end="38" start="36" name="Locale"/>
                <label cBy="Pam" feID="1598" bgColor="A52A2A" fgColor="FFFFFF" end="34" start="26" name="Name"/>
            </layer>
            <layer rank="1" name="GF">
                <label end="34" start="26" name="Dep"/>
            </layer>
            <layer rank="1" name="PT">
                <label end="34" start="26" name="N"/>
            </layer>
            <layer rank="1" name="Other"/>
            <layer rank="1" name="Sent"/>
            <layer rank="1" name="Noun">
                <label end="20" start="19" name="Gov"/>
                <label end="38" start="22" name="X"/>
            </layer>
        </annotationSet>
        <annotationSet cDate="09/08/2016 05:49:01 PDT Thu" luID="2465" luName="try.v" frameID="116" frameName="Attempt" status="MANUAL" ID="6774318">
            <layer rank="1" name="Target">
                <label cBy="MJE" end="42" start="40" name="Target"/>
            </layer>
            <layer rank="1" name="FE">
                <label cBy="MJE" feID="569" bgColor="FF0000" fgColor="FFFFFF" end="38" start="10" name="Agent"/>
                <label cBy="MJE" feID="570" bgColor="00BFFF" fgColor="FFFFFF" end="82" start="44" name="Goal"/>
                <label cBy="MJE" feID="3599" bgColor="FFA500" fgColor="FFFFFF" end="7" start="0" name="Time"/>
            </layer>
            <layer rank="1" name="GF">
                <label end="38" start="10" name="Ext"/>
                <label end="82" start="44" name="Dep"/>
                <label end="7" start="0" name="Dep"/>
            </layer>
            <layer rank="1" name="PT">
                <label end="38" start="10" name="NP"/>
                <label end="82" start="44" name="VPto"/>
                <label end="7" start="0" name="AVP"/>
            </layer>
            <layer rank="1" name="Other"/>
            <layer rank="1" name="Sent"/>
            <layer rank="1" name="Verb"/>
        </annotationSet>
    </sentence>
    <sentence corpID="175" docID="23491" sentNo="9" paragNo="1" aPos="0" ID="4096526">
        <text>No conclusions yet , U.S. officials say , but a working theory , plastic explosive . </text>
        <annotationSet cDate="12/10/2004 04:03:34 PST Fri" status="UNANN" ID="6521593">
            <layer rank="1" name="PENN">
                <label end="1" start="0" name="dt"/>
                <label end="13" start="3" name="nns"/>
                <label end="17" start="15" name="rb"/>
                <label end="24" start="21" name="NNP"/>
                <label end="34" start="26" name="nns"/>
                <label end="38" start="36" name="VVP"/>
                <label end="44" start="42" name="cc"/>
                <label end="54" start="48" name="VVG"/>
                <label end="61" start="56" name="nn"/>
                <label end="71" start="65" name="jj"/>
                <label end="81" start="73" name="nn"/>
                <label end="83" start="83" name="sent"/>
            </layer>
            <layer rank="1" name="NER"/>
            <layer rank="1" name="WSL"/>
        </annotationSet>
        <annotationSet cDate="12/13/2004 01:54:28 PST Mon" luID="223" luName="conclusion.n" frameID="23" frameName="Coming_to_believe" status="UNANN" ID="6521714">
            <layer rank="1" name="Target">
                <label cBy="Pam" end="13" start="3" name="Target"/>
            </layer>
            <layer rank="1" name="FE"/>
            <layer rank="1" name="GF"/>
            <layer rank="1" name="PT"/>
            <layer rank="1" name="Other"/>
            <layer rank="1" name="Sent"/>
            <layer rank="1" name="Noun"/>
        </annotationSet>
        <annotationSet cDate="12/13/2004 01:54:31 PST Mon" luID="10625" luName="official.n" frameID="73" frameName="Leadership" status="MANUAL" ID="6521715">
            <layer rank="1" name="Target">
                <label cBy="Pam" end="34" start="26" name="Target"/>
            </layer>
            <layer rank="1" name="FE">
                <label cBy="Pam" feID="6431" bgColor="0000FF" fgColor="FFFFFF" end="24" start="21" name="Governed"/>
            </layer>
            <layer rank="1" name="GF">
                <label end="24" start="21" name="Dep"/>
            </layer>
            <layer rank="1" name="PT">
                <label end="24" start="21" name="N"/>
            </layer>
            <layer rank="1" name="Other"/>
            <layer rank="1" name="Sent"/>
            <layer rank="1" name="Noun"/>
        </annotationSet>
        <annotationSet cDate="12/13/2004 01:54:40 PST Mon" luID="751" luName="say.v" frameID="43" frameName="Statement" status="MANUAL" ID="6521716">
            <layer rank="1" name="Target">
                <label cBy="Pam" end="38" start="36" name="Target"/>
            </layer>
            <layer rank="1" name="FE">
                <label cBy="Pam" feID="183" bgColor="FF0000" fgColor="FFFFFF" end="34" start="21" name="Speaker"/>
                <label cBy="Pam" feID="185" bgColor="00BFFF" fgColor="FFFFFF" end="17" start="0" name="Message"/>
                <label cBy="Pam" feID="185" bgColor="00BFFF" fgColor="FFFFFF" end="81" start="42" name="Message"/>
            </layer>
            <layer rank="1" name="GF">
                <label end="34" start="21" name="Ext"/>
                <label end="17" start="0" name="Head"/>
                <label end="81" start="42" name="Head"/>
            </layer>
            <layer rank="1" name="PT">
                <label end="34" start="21" name="NP"/>
                <label end="17" start="0" name="Sfin"/>
                <label end="81" start="42" name="Sfin"/>
            </layer>
            <layer rank="1" name="Other"/>
            <layer rank="1" name="Sent"/>
            <layer rank="1" name="Verb"/>
        </annotationSet>
        <annotationSet cDate="12/15/2004 09:41:45 PST Wed" luID="11425" luName="plastic explosive.n" frameID="426" frameName="Weapon" status="MANUAL" ID="6521909">
            <layer rank="1" name="Target">
                <label cBy="EGp" end="71" start="65" name="Target"/>
                <label cBy="EGp" end="81" start="73" name="Target"/>
            </layer>
            <layer rank="1" name="FE">
                <label cBy="Pam" feID="3919" bgColor="A52A2A" fgColor="FFFFFF" end="81" start="65" name="Weapon"/>
            </layer>
            <layer rank="1" name="GF"/>
            <layer rank="1" name="PT"/>
            <layer rank="1" name="Other"/>
            <layer rank="1" name="Sent"/>
            <layer rank="1" name="Noun"/>
        </annotationSet>
    </sentence>
    <sentence corpID="175" docID="23491" sentNo="1" paragNo="2" aPos="0" ID="4096527">
        <text>But Yemen 's president says the FBI has told him the explosive material could only have come from the U.S. , Israel or two Arab countries . </text>
        <annotationSet cDate="12/10/2004 04:03:35 PST Fri" status="UNANN" ID="6521594">
            <layer rank="1" name="PENN">
                <label end="2" start="0" name="cc"/>
                <label end="8" start="4" name="NNP"/>
                <label end="11" start="10" name="POS"/>
                <label end="21" start="13" name="nn"/>
                <label end="26" start="23" name="VVZ"/>
                <label end="30" start="28" name="dt"/>
                <label end="34" start="32" name="NNP"/>
                <label end="43" start="40" name="VVN"/>
                <label end="47" start="45" name="PRP"/>
                <label end="51" start="49" name="dt"/>
                <label end="61" start="53" name="nn"/>
                <label end="70" start="63" name="nn"/>
                <label end="76" start="72" name="md"/>
                <label end="81" start="78" name="rb"/>
                <label end="91" start="88" name="VVN"/>
                <label end="96" start="93" name="in"/>
                <label end="100" start="98" name="dt"/>
                <label end="105" start="102" name="NNP"/>
                <label end="114" start="109" name="NNP"/>
                <label end="117" start="116" name="cc"/>
                <label end="121" start="119" name="cd"/>
                <label end="126" start="123" name="jj"/>
                <label end="136" start="128" name="nns"/>
                <label end="138" start="138" name="sent"/>
            </layer>
            <layer rank="1" name="NER"/>
            <layer rank="1" name="WSL"/>
        </annotationSet>
        <annotationSet cDate="12/13/2004 09:34:50 PST Mon" luID="1599" luName="president [political].n" frameID="73" frameName="Leadership" status="MANUAL" ID="6521614">
            <layer rank="1" name="Target">
                <label cBy="Pam" end="21" start="13" name="Target"/>
            </layer>
            <layer rank="1" name="FE">
                <label cBy="Pam" feID="6431" bgColor="0000FF" fgColor="FFFFFF" end="11" start="4" name="Governed"/>
                <label cBy="Pam" feID="347" bgColor="FF0000" fgColor="FFFFFF" end="21" start="13" name="Leader"/>
            </layer>
            <layer rank="1" name="GF">
                <label end="11" start="4" name="Gen"/>
            </layer>
            <layer rank="1" name="PT">
                <label end="11" start="4" name="Poss"/>
            </layer>
            <layer rank="1" name="Other"/>
            <layer rank="1" name="Sent"/>
            <layer rank="1" name="Noun"/>
        </annotationSet>
        <annotationSet cDate="12/13/2004 09:35:09 PST Mon" luID="751" luName="say.v" frameID="43" frameName="Statement" status="MANUAL" ID="6521615">
            <layer rank="1" name="Target">
                <label cBy="Pam" end="26" start="23" name="Target"/>
            </layer>
            <layer rank="1" name="FE">
                <label cBy="Pam" feID="183" bgColor="FF0000" fgColor="FFFFFF" end="21" start="4" name="Speaker"/>
                <label cBy="Pam" feID="185" bgColor="00BFFF" fgColor="FFFFFF" end="136" start="28" name="Message"/>
            </layer>
            <layer rank="1" name="GF">
                <label end="21" start="4" name="Ext"/>
                <label end="136" start="28" name="Dep"/>
            </layer>
            <layer rank="1" name="PT">
                <label end="21" start="4" name="NP"/>
                <label end="136" start="28" name="Sfin"/>
            </layer>
            <layer rank="1" name="Other"/>
            <layer rank="1" name="Sent"/>
            <layer rank="1" name="Verb"/>
        </annotationSet>
        <annotationSet cDate="12/13/2004 09:35:33 PST Mon" luID="9177" luName="tell.v" frameID="750" frameName="Telling" status="MANUAL" ID="6521616">
            <layer rank="1" name="Target">
                <label cBy="Pam" end="43" start="40" name="Target"/>
            </layer>
            <layer rank="1" name="FE">
                <label cBy="Pam" feID="4869" bgColor="FF0000" fgColor="FFFFFF" end="34" start="28" name="Speaker"/>
                <label cBy="Pam" feID="4870" bgColor="008000" fgColor="FFFFFF" end="47" start="45" name="Addressee"/>
                <label cBy="Pam" feID="4871" bgColor="0000FF" fgColor="FFFFFF" end="136" start="49" name="Message"/>
            </layer>
            <layer rank="1" name="GF">
                <label end="34" start="28" name="Ext"/>
                <label end="47" start="45" name="Obj"/>
                <label end="136" start="49" name="Dep"/>
            </layer>
            <layer rank="1" name="PT">
                <label end="34" start="28" name="NP"/>
                <label end="47" start="45" name="NP"/>
                <label end="136" start="49" name="Sfin"/>
            </layer>
            <layer rank="1" name="Other"/>
            <layer rank="1" name="Sent"/>
            <layer rank="1" name="Verb"/>
        </annotationSet>
        <annotationSet cDate="12/13/2004 09:36:13 PST Mon" luID="941" luName="come.v" frameID="54" frameName="Arriving" status="MANUAL" ID="6521617">
            <layer rank="1" name="Target">
                <label cBy="Pam" end="91" start="88" name="Target"/>
            </layer>
            <layer rank="1" name="FE">
                <label cBy="Pam" feID="223" bgColor="FF0000" fgColor="FFFFFF" end="70" start="49" name="Theme"/>
                <label cBy="Pam" feID="224" bgColor="9F79EE" fgColor="FFFFFF" end="136" start="93" name="Source"/>
                <label cBy="Pam" feID="226" itype="DNI" bgColor="00BFFF" fgColor="FFFFFF" name="Goal"/>
            </layer>
            <layer rank="1" name="GF">
                <label end="70" start="49" name="Ext"/>
                <label end="136" start="93" name="Dep"/>
            </layer>
            <layer rank="1" name="PT">
                <label end="70" start="49" name="NP"/>
                <label end="136" start="93" name="PP"/>
            </layer>
            <layer rank="1" name="Other"/>
            <layer rank="1" name="Sent"/>
            <layer rank="1" name="Verb"/>
        </annotationSet>
        <annotationSet cDate="12/13/2004 09:36:32 PST Mon" luID="3683" luName="country.n" frameID="195" frameName="Political_locales" status="MANUAL" ID="6521618">
            <layer rank="1" name="Target">
                <label cBy="Pam" end="136" start="128" name="Target"/>
            </layer>
            <layer rank="1" name="FE">
                <label cBy="Pam" feID="1583" bgColor="00008B" fgColor="FFFFFF" end="136" start="128" name="Locale"/>
                <label cBy="Pam" feID="1599" bgColor="A52A2A" fgColor="FFFFFF" end="126" start="98" name="Name"/>
            </layer>
            <layer rank="1" name="GF">
                <label end="126" start="98" name="Dep"/>
            </layer>
            <layer rank="1" name="PT">
                <label end="126" start="98" name="N"/>
            </layer>
            <layer rank="1" name="Other"/>
            <layer rank="1" name="Sent"/>
            <layer rank="1" name="Noun">
                <label end="96" start="93" name="Gov"/>
                <label end="136" start="98" name="X"/>
            </layer>
        </annotationSet>
        <annotationSet cDate="12/13/2004 04:06:31 PST Mon" luID="11415" luName="explosive.a" frameID="426" frameName="Weapon" status="MANUAL" ID="6521755">
            <layer rank="1" name="Target">
                <label cBy="Pam" end="61" start="53" name="Target"/>
            </layer>
            <layer rank="1" name="FE">
                <label cBy="Pam" feID="3956" bgColor="A9A9A9" fgColor="000000" end="70" start="63" name="Material"/>
            </layer>
            <layer rank="1" name="GF">
                <label end="70" start="63" name="Dep"/>
            </layer>
            <layer rank="1" name="PT">
                <label end="70" start="63" name="NP"/>
            </layer>
            <layer rank="1" name="Other"/>
            <layer rank="1" name="Sent"/>
            <layer rank="1" name="Adj"/>
        </annotationSet>
    </sentence>
    <sentence corpID="175" docID="23491" sentNo="2" paragNo="2" aPos="0" ID="4096528">
        <text>And to a former federal bomb investigator , that description suggests a powerful military-style plastic explosive C-4 that can be cut or molded into different shapes . </text>
        <annotationSet cDate="12/10/2004 04:03:35 PST Fri" status="UNANN" ID="6521595">
            <layer rank="1" name="PENN">
                <label end="2" start="0" name="cc"/>
                <label end="5" start="4" name="to"/>
                <label end="14" start="9" name="jj"/>
                <label end="22" start="16" name="jj"/>
                <label end="27" start="24" name="nn"/>
                <label end="40" start="29" name="nn"/>
                <label end="59" start="49" name="nn"/>
                <label end="68" start="61" name="VVZ"/>
                <label end="79" start="72" name="jj"/>
                <label end="94" start="81" name="jj"/>
                <label end="102" start="96" name="nn"/>
                <label end="112" start="104" name="nn"/>
                <label end="116" start="114" name="nn"/>
                <label end="121" start="118" name="wdt"/>
                <label end="125" start="123" name="md"/>
                <label end="132" start="130" name="VVN"/>
                <label end="135" start="134" name="cc"/>
                <label end="142" start="137" name="VVN"/>
                <label end="147" start="144" name="in"/>
                <label end="157" start="149" name="jj"/>
                <label end="164" start="159" name="nn"/>
                <label end="166" start="166" name="sent"/>
            </layer>
            <layer rank="1" name="NER"/>
            <layer rank="1" name="WSL"/>
        </annotationSet>
        <annotationSet cDate="12/13/2004 09:52:38 PST Mon" luID="10234" luName="federal.a" frameID="195" frameName="Political_locales" status="MANUAL" ID="6521619">
            <layer rank="1" name="Target">
                <label cBy="Pam" end="22" start="16" name="Target"/>
            </layer>
            <layer rank="1" name="FE">
                <label cBy="Pam" feID="1583" itype="DNI" bgColor="00008B" fgColor="FFFFFF" name="Locale"/>
                <label cBy="Pam" feID="7151" bgColor="FFA500" fgColor="FFFFFF" end="14" start="9" name="Descriptor"/>
            </layer>
            <layer rank="1" name="GF">
                <label end="14" start="9" name="Dep"/>
            </layer>
            <layer rank="1" name="PT">
                <label end="14" start="9" name="AJP"/>
            </layer>
            <layer rank="1" name="Other"/>
            <layer rank="1" name="Sent"/>
            <layer rank="1" name="Adj"/>
        </annotationSet>
        <annotationSet cDate="12/13/2004 09:52:42 PST Mon" luID="7781" luName="bomb.n" frameID="426" frameName="Weapon" status="MANUAL" ID="6521620">
            <layer rank="1" name="Target">
                <label cBy="Pam" end="27" start="24" name="Target"/>
            </layer>
            <layer rank="1" name="FE">
                <label cBy="Pam" feID="3919" bgColor="A52A2A" fgColor="FFFFFF" end="27" start="24" name="Weapon"/>
            </layer>
            <layer rank="1" name="GF"/>
            <layer rank="1" name="PT"/>
            <layer rank="1" name="Other"/>
            <layer rank="1" name="Sent"/>
            <layer rank="1" name="Noun">
                <label end="40" start="29" name="Gov"/>
                <label end="27" start="24" name="X"/>
            </layer>
        </annotationSet>
        <annotationSet cDate="12/13/2004 09:52:57 PST Mon" luID="9804" luName="description.n" frameID="796" frameName="Communicate_categorization" status="UNANN" ID="6521621">
            <layer rank="1" name="Target">
                <label cBy="Pam" end="59" start="49" name="Target"/>
            </layer>
            <layer rank="1" name="FE"/>
            <layer rank="1" name="GF"/>
            <layer rank="1" name="PT"/>
            <layer rank="1" name="Other"/>
            <layer rank="1" name="Sent"/>
            <layer rank="1" name="Noun"/>
        </annotationSet>
        <annotationSet cDate="12/13/2004 09:54:11 PST Mon" luID="7989" luName="different.a" frameID="481" frameName="Similarity" status="MANUAL" ID="6521624">
            <layer rank="1" name="Target">
                <label cBy="Pam" end="157" start="149" name="Target"/>
            </layer>
            <layer rank="1" name="FE">
                <label cBy="RLG" feID="4019" bgColor="FF0000" fgColor="FFFFFF" end="164" start="159" name="Entities"/>
            </layer>
            <layer rank="1" name="GF">
                <label end="164" start="159" name="Head"/>
            </layer>
            <layer rank="1" name="PT">
                <label end="164" start="159" name="N"/>
            </layer>
            <layer rank="1" name="Other"/>
            <layer rank="1" name="Sent"/>
            <layer rank="1" name="Adj"/>
        </annotationSet>
        <annotationSet cDate="12/13/2004 04:07:06 PST Mon" luID="11417" luName="shape.n" frameID="328" frameName="Shapes" status="MANUAL" ID="6521757">
            <layer rank="1" name="Target">
                <label cBy="Pam" end="164" start="159" name="Target"/>
            </layer>
            <layer rank="1" name="FE">
                <label cBy="Pam" feID="2862" bgColor="008000" fgColor="FFFFFF" end="157" start="149" name="Shape_prop"/>
                <label cBy="Pam" feID="2861" bgColor="FF0000" fgColor="FFFFFF" end="164" start="159" name="Shape"/>
            </layer>
            <layer rank="1" name="GF">
                <label end="157" start="149" name="Dep"/>
            </layer>
            <layer rank="1" name="PT">
                <label end="157" start="149" name="N"/>
            </layer>
            <layer rank="1" name="Other"/>
            <layer rank="1" name="Sent"/>
            <layer rank="1" name="Noun">
                <label end="142" start="137" name="Gov"/>
                <label end="164" start="144" name="X"/>
            </layer>
        </annotationSet>
        <annotationSet cDate="12/15/2004 09:11:08 PST Wed" luID="11425" luName="plastic explosive.n" frameID="426" frameName="Weapon" status="MANUAL" ID="6521894">
            <layer rank="1" name="Target">
                <label cBy="EGp" end="102" start="96" name="Target"/>
                <label cBy="EGp" end="112" start="104" name="Target"/>
            </layer>
            <layer rank="1" name="FE">
                <label cBy="Pam" feID="3921" bgColor="9F79EE" fgColor="FFFFFF" end="79" start="72" name="Type"/>
                <label cBy="Pam" feID="3921" bgColor="9F79EE" fgColor="FFFFFF" end="94" start="81" name="Type"/>
                <label cBy="Pam" feID="7207" bgColor="1E90FF" fgColor="FFFFFF" end="116" start="114" name="Name"/>
                <label cBy="Pam" feID="3920" bgColor="9400D3" fgColor="FFFFFF" end="164" start="118" name="Use"/>
                <label cBy="Pam" feID="3919" bgColor="A52A2A" fgColor="FFFFFF" end="112" start="96" name="Weapon"/>
            </layer>
            <layer rank="1" name="GF">
                <label end="79" start="72" name="Dep"/>
                <label end="94" start="81" name="Dep"/>
                <label end="116" start="114" name="Appositive"/>
                <label end="164" start="118" name="Dep"/>
            </layer>
            <layer rank="1" name="PT">
                <label end="79" start="72" name="AJP"/>
                <label end="94" start="81" name="AJP"/>
                <label end="116" start="114" name="N"/>
                <label end="164" start="118" name="Srel"/>
            </layer>
            <layer rank="1" name="Other"/>
            <layer rank="1" name="Sent"/>
            <layer rank="1" name="Noun"/>
        </annotationSet>
        <annotationSet cDate="12/15/2004 09:11:28 PST Wed" luID="7614" luName="mold.v" frameID="344" frameName="Reshaping" status="MANUAL" ID="6521895">
            <layer rank="1" name="Target">
                <label cBy="Pam" end="142" start="137" name="Target"/>
            </layer>
            <layer rank="1" name="FE">
                <label cBy="RLG" feID="2961" bgColor="0000FF" fgColor="FFFFFF" end="121" start="70" name="Patient"/>
                <label cBy="RLG" feID="2965" bgColor="9400D3" fgColor="FFFFFF" end="164" start="144" name="Result"/>
                <label cBy="RLG" feID="2957" itype="CNI" bgColor="FF0000" fgColor="FFFFFF" name="Deformer"/>
            </layer>
            <layer rank="1" name="GF">
                <label end="121" start="70" name="Ext"/>
                <label end="164" start="144" name="Dep"/>
            </layer>
            <layer rank="1" name="PT">
                <label end="121" start="70" name="NP"/>
                <label end="164" start="144" name="PP"/>
            </layer>
            <layer rank="1" name="Other"/>
            <layer rank="1" name="Sent"/>
            <layer rank="1" name="Verb"/>
        </annotationSet>
        <annotationSet cDate="05/18/2011 04:55:09 PDT Wed" luID="16323" luName="suggest.v" frameID="1012" frameName="Evoking" status="MANUAL" ID="6563313">
            <layer rank="1" name="Target">
                <label cBy="AlK" end="68" start="61" name="Target"/>
            </layer>
            <layer rank="1" name="FE">
                <label cBy="AlK" feID="6016" bgColor="7CCD73" fgColor="FFFFFF" end="59" start="44" name="Stimulus"/>
                <label cBy="AlK" feID="6003" bgColor="FF0000" fgColor="FFFFFF" end="164" start="70" name="Phenomenon"/>
                <label cBy="AlK" feID="6002" bgColor="800080" fgColor="FFFFFF" end="40" start="4" name="Cognizer"/>
            </layer>
            <layer rank="1" name="GF">
                <label end="59" start="44" name="Ext"/>
                <label end="164" start="70" name="Obj"/>
                <label end="40" start="4" name="Dep"/>
            </layer>
            <layer rank="1" name="PT">
                <label end="59" start="44" name="NP"/>
                <label end="164" start="70" name="NP"/>
                <label end="40" start="4" name="PP"/>
            </layer>
            <layer rank="1" name="Other"/>
            <layer rank="1" name="Sent"/>
            <layer rank="1" name="Verb"/>
        </annotationSet>
    </sentence>
</fullTextAnnotation>