<?xml version="1.0" encoding="UTF-8" standalone="yes"?>
<?xml-stylesheet type="text/xsl" href="fullText.xsl"?>
<fullTextAnnotation xsi:schemaLocation="../schema/fullText.xsd" xmlns="http://framenet.icsi.berkeley.edu" xmlns:xsi="http://www.w3.org/2001/XMLSchema-instance">
    <header>
        <corpus description="Texts from WikiMedia--WikiNews and Wikipedia" name="WikiTexts" ID="246">
            <document description="Fires_2" name="Fires_2" ID="25617"/>
        </corpus>
    </header>
    <sentence corpID="246" docID="25617" sentNo="1" paragNo="1" aPos="0" ID="4164987">
        <text>California wildfire forces evacuation of thousands</text>
        <annotationSet cDate="07/17/2014 11:43:35 PDT Thu" status="UNANN" ID="6669157">
            <layer rank="1" name="PENN">
                <label end="9" start="0" name="NP"/>
                <label end="18" start="11" name="nn"/>
                <label end="25" start="20" name="nns"/>
                <label end="36" start="27" name="nn"/>
                <label end="39" start="38" name="in"/>
                <label end="49" start="41" name="nns"/>
            </layer>
            <layer rank="1" name="NER">
                <label end="9" start="0" name="location"/>
            </layer>
            <layer rank="1" name="WSL">
                <label end="9" start="0" name="NT"/>
                <label end="39" start="38" name="NT"/>
            </layer>
        </annotationSet>
        <annotationSet cDate="07/17/2014 04:05:12 PDT Thu" luID="17614" luName="wildfire.n" frameID="2835" frameName="Emergency_fire" status="MANUAL" ID="6669293">
            <layer rank="1" name="Target">
                <label cBy="WMcQ" end="18" start="11" name="Target"/>
            </layer>
            <layer rank="1" name="FE">
                <label cBy="WMcQ" feID="16093" bgColor="008000" fgColor="FFFFFF" end="9" start="0" name="Place"/>
                <label cBy="MJE" feID="16089" bgColor="0000FF" fgColor="FFFFFF" end="18" start="11" name="Fire"/>
            </layer>
            <layer rank="1" name="GF">
                <label end="9" start="0" name="Dep"/>
            </layer>
            <layer rank="1" name="PT">
                <label end="9" start="0" name="N"/>
            </layer>
            <layer rank="1" name="Other"/>
            <layer rank="1" name="Sent"/>
            <layer rank="1" name="Noun"/>
        </annotationSet>
        <annotationSet cDate="07/17/2014 04:07:48 PDT Thu" luID="15112" luName="force.v" frameID="5" frameName="Causation" status="MANUAL" ID="6669294">
            <layer rank="1" name="Target">
                <label cBy="WMcQ" end="25" start="20" name="Target"/>
            </layer>
            <layer rank="1" name="FE">
                <label cBy="WMcQ" feID="18" bgColor="0000FF" fgColor="FFFFFF" end="18" start="0" name="Cause"/>
                <label cBy="WMcQ" feID="20" bgColor="FF0000" fgColor="FFFFFF" end="49" start="27" name="Effect"/>
            </layer>
            <layer rank="1" name="GF">
                <label end="18" start="0" name="Ext"/>
                <label end="49" start="27" name="Obj"/>
            </layer>
            <layer rank="1" name="PT">
                <label end="18" start="0" name="NP"/>
                <label end="49" start="27" name="NP"/>
            </layer>
            <layer rank="1" name="Other"/>
            <layer rank="1" name="Sent"/>
            <layer rank="1" name="Verb"/>
        </annotationSet>
        <annotationSet cDate="07/17/2014 04:08:27 PDT Thu" luID="1130" luName="evacuation.n" frameID="63" frameName="Removing" status="MANUAL" ID="6669295">
            <layer rank="1" name="Target">
                <label cBy="WMcQ" end="36" start="27" name="Target"/>
            </layer>
            <layer rank="1" name="FE">
                <label cBy="WMcQ" feID="280" bgColor="800080" fgColor="FFFFFF" end="49" start="38" name="Theme"/>
                <label cBy="MJE" feID="279" itype="INI" bgColor="FF0000" fgColor="FFFFFF" name="Agent"/>
            </layer>
            <layer rank="1" name="GF">
                <label end="49" start="38" name="Dep"/>
            </layer>
            <layer rank="1" name="PT">
                <label end="49" start="38" name="PP"/>
            </layer>
            <layer rank="1" name="Other"/>
            <layer rank="1" name="Sent"/>
            <layer rank="1" name="Noun"/>
        </annotationSet>
    </sentence>
    <sentence corpID="246" docID="25617" sentNo="1" paragNo="3" aPos="0" ID="4164988">
        <text>At least 400 homes have been evacuated in Sierra Madre near Los Angeles , California after a wildfire which started on Saturday , began to threaten their homes .</text>
        <annotationSet cDate="07/17/2014 11:43:35 PDT Thu" status="UNANN" ID="6669158">
            <layer rank="1" name="PENN">
                <label end="1" start="0" name="in"/>
                <label end="7" start="3" name="jjs"/>
                <label end="11" start="9" name="cd"/>
                <label end="17" start="13" name="nns"/>
                <label end="22" start="19" name="VHP"/>
                <label end="27" start="24" name="VBN"/>
                <label end="37" start="29" name="VVN"/>
                <label end="40" start="39" name="in"/>
                <label end="47" start="42" name="NP"/>
                <label end="53" start="49" name="NP"/>
                <label end="58" start="55" name="in"/>
                <label end="62" start="60" name="NP"/>
                <label end="70" start="64" name="NP"/>
                <label end="72" start="72" name=","/>
                <label end="83" start="74" name="NP"/>
                <label end="89" start="85" name="in"/>
                <label end="91" start="91" name="dt"/>
                <label end="100" start="93" name="nn"/>
                <label end="106" start="102" name="wdt"/>
                <label end="114" start="108" name="VVD"/>
                <label end="117" start="116" name="in"/>
                <label end="126" start="119" name="NP"/>
                <label end="128" start="128" name=","/>
                <label end="134" start="130" name="VVD"/>
                <label end="137" start="136" name="to"/>
                <label end="146" start="139" name="VV"/>
                <label end="152" start="148" name="PP$"/>
                <label end="158" start="154" name="nns"/>
                <label end="160" start="160" name="sent"/>
            </layer>
            <layer rank="1" name="NER">
                <label end="53" start="42" name="location"/>
                <label end="70" start="60" name="location"/>
                <label end="83" start="74" name="location"/>
                <label end="126" start="119" name="date"/>
            </layer>
            <layer rank="1" name="WSL">
                <label end="11" start="9" name="NT"/>
                <label end="22" start="19" name="NT"/>
                <label end="27" start="24" name="NT"/>
                <label end="47" start="42" name="NT"/>
                <label end="53" start="49" name="NT"/>
                <label end="62" start="60" name="NT"/>
                <label end="70" start="64" name="NT"/>
                <label end="72" start="72" name="NT"/>
                <label end="83" start="74" name="NT"/>
                <label end="89" start="85" name="NT"/>
                <label end="91" start="91" name="NT"/>
                <label end="106" start="102" name="NT"/>
                <label end="117" start="116" name="NT"/>
                <label end="126" start="119" name="NT"/>
                <label end="128" start="128" name="NT"/>
                <label end="137" start="136" name="NT"/>
                <label end="152" start="148" name="NT"/>
                <label end="160" start="160" name="NT"/>
            </layer>
        </annotationSet>
        <annotationSet cDate="07/17/2014 04:09:09 PDT Thu" luID="3012" luName="home.n" frameID="173" frameName="Buildings" status="MANUAL" ID="6669296">
            <layer rank="1" name="Target">
                <label cBy="WMcQ" end="17" start="13" name="Target"/>
            </layer>
            <layer rank="1" name="FE">
                <label cBy="WMcQ" feID="6037" bgColor="800080" fgColor="FFFFFF" end="17" start="13" name="Building"/>
            </layer>
            <layer rank="1" name="GF"/>
            <layer rank="1" name="PT"/>
            <layer rank="1" name="Other"/>
            <layer rank="1" name="Sent"/>
            <layer rank="1" name="Noun"/>
        </annotationSet>
        <annotationSet cDate="07/17/2014 04:10:26 PDT Thu" luID="17614" luName="wildfire.n" frameID="2835" frameName="Emergency_fire" status="MANUAL" ID="6669298">
            <layer rank="1" name="Target">
                <label cBy="WMcQ" end="100" start="93" name="Target"/>
            </layer>
            <layer rank="1" name="FE">
                <label cBy="WMcQ" feID="16089" bgColor="0000FF" fgColor="FFFFFF" end="100" start="93" name="Fire"/>
            </layer>
            <layer rank="1" name="GF"/>
            <layer rank="1" name="PT"/>
            <layer rank="1" name="Other"/>
            <layer rank="1" name="Sent"/>
            <layer rank="1" name="Noun"/>
        </annotationSet>
        <annotationSet cDate="07/17/2014 04:11:00 PDT Thu" luID="17491" luName="start.v" frameID="2827" frameName="Catching_fire" status="MANUAL" ID="6669299">
            <layer rank="1" name="Target">
                <label cBy="WMcQ" end="114" start="108" name="Target"/>
            </layer>
            <layer rank="1" name="FE">
                <label cBy="WMcQ" feID="16041" bgColor="0000FF" fgColor="FFFFFF" end="100" start="93" name="Fire"/>
                <label cBy="WMcQ" feID="16041" bgColor="0000FF" fgColor="FFFFFF" end="106" start="102" name="Fire"/>
                <label cBy="WMcQ" feID="16040" bgColor="FFA500" fgColor="FFFFFF" end="126" start="116" name="Time"/>
            </layer>
            <layer rank="1" name="GF">
                <label end="100" start="93" name="Ext"/>
                <label end="106" start="102" name="Ext"/>
                <label end="126" start="116" name="Dep"/>
            </layer>
            <layer rank="1" name="PT">
                <label end="100" start="93" name="NP"/>
                <label end="106" start="102" name="NP"/>
                <label end="126" start="116" name="PP"/>
            </layer>
            <layer rank="1" name="Other">
                <label end="106" start="102" name="Rel"/>
                <label end="100" start="93" name="Ant"/>
            </layer>
            <layer rank="1" name="Sent"/>
            <layer rank="1" name="Verb"/>
        </annotationSet>
        <annotationSet cDate="07/17/2014 04:11:49 PDT Thu" luID="3012" luName="home.n" frameID="173" frameName="Buildings" status="MANUAL" ID="6669301">
            <layer rank="1" name="Target">
                <label cBy="WMcQ" end="158" start="154" name="Target"/>
            </layer>
            <layer rank="1" name="FE">
                <label cBy="WMcQ" feID="6037" bgColor="800080" fgColor="FFFFFF" end="158" start="154" name="Building"/>
            </layer>
            <layer rank="1" name="GF"/>
            <layer rank="1" name="PT"/>
            <layer rank="1" name="Other"/>
            <layer rank="1" name="Sent"/>
            <layer rank="1" name="Noun"/>
        </annotationSet>
        <annotationSet cDate="07/18/2014 03:27:36 PDT Fri" luID="14292" luName="at least.adv" frameID="1923" frameName="Proportional_quantity" status="MANUAL" ID="6669793">
            <layer rank="1" name="Target">
                <label cBy="WMcQ" end="7" start="3" name="Target"/>
                <label cBy="WMcQ" end="1" start="0" name="Target"/>
            </layer>
            <layer rank="1" name="FE">
                <label cBy="WMcQ" feID="11577" bgColor="00BFFF" fgColor="FFFFFF" end="11" start="9" name="Reference_quantity"/>
                <label cBy="WMcQ" feID="11575" bgColor="008000" fgColor="FFFFFF" end="17" start="13" name="Individuals"/>
            </layer>
            <layer rank="1" name="GF">
                <label end="11" start="9" name="Dep"/>
                <label end="17" start="13" name="Head"/>
            </layer>
            <layer rank="1" name="PT">
                <label end="11" start="9" name="Num"/>
                <label end="17" start="13" name="N"/>
            </layer>
            <layer rank="1" name="Other"/>
            <layer rank="1" name="Sent"/>
            <layer rank="1" name="Adv"/>
            <layer rank="2" name="FE">
                <label cBy="WMcQ" feID="11573" bgColor="0000FF" fgColor="FFFFFF" end="11" start="0" name="Denoted_quantity"/>
            </layer>
        </annotationSet>
        <annotationSet cDate="07/21/2014 12:39:20 PDT Mon" luID="5009" luName="evacuate.v" frameID="273" frameName="Escaping" status="MANUAL" ID="6670892">
            <layer rank="1" name="Target">
                <label cBy="MJE" end="37" start="29" name="Target"/>
            </layer>
            <layer rank="1" name="FE">
                <label cBy="MJE" feID="2360" bgColor="006400" fgColor="FFFFFF" end="17" start="0" name="Undesirable_location"/>
                <label cBy="MJE" feID="2366" bgColor="008000" fgColor="FFFFFF" end="83" start="39" name="Place"/>
                <label cBy="MJE" feID="2356" itype="CNI" bgColor="FF0000" fgColor="FFFFFF" name="Escapee"/>
                <label cBy="MJE" feID="2364" bgColor="FFA500" fgColor="FFFFFF" end="158" start="85" name="Time"/>
            </layer>
            <layer rank="1" name="GF">
                <label end="17" start="0" name="Ext"/>
                <label end="83" start="39" name="Dep"/>
                <label end="158" start="85" name="Dep"/>
            </layer>
            <layer rank="1" name="PT">
                <label end="17" start="0" name="NP"/>
                <label end="83" start="39" name="PP"/>
                <label end="158" start="85" name="Sub"/>
            </layer>
            <layer rank="1" name="Other"/>
            <layer rank="1" name="Sent"/>
            <layer rank="1" name="Verb"/>
            <layer rank="2" name="FE">
                <label cBy="MJE" feID="16168" bgColor="00BFFF" fgColor="000000" end="158" start="85" name="Explanation"/>
            </layer>
        </annotationSet>
        <annotationSet cDate="07/21/2014 12:41:00 PDT Mon" luID="2656" luName="begin.v" frameID="133" frameName="Process_start" status="MANUAL" ID="6670895">
            <layer rank="1" name="Target">
                <label cBy="MJE" end="134" start="130" name="Target"/>
            </layer>
            <layer rank="1" name="FE">
                <label cBy="MJE" feID="857" bgColor="00BFFF" fgColor="FFFFFF" end="158" start="136" name="Event"/>
                <label cBy="MJE" feID="857" bgColor="00BFFF" fgColor="FFFFFF" end="126" start="91" name="Event"/>
            </layer>
            <layer rank="1" name="GF">
                <label end="158" start="136" name="Dep"/>
                <label end="126" start="91" name="Ext"/>
            </layer>
            <layer rank="1" name="PT">
                <label end="158" start="136" name="VPto"/>
                <label end="126" start="91" name="NP"/>
            </layer>
            <layer rank="1" name="Other"/>
            <layer rank="1" name="Sent"/>
            <layer rank="1" name="Verb"/>
        </annotationSet>
        <annotationSet cDate="07/21/2014 12:51:18 PDT Mon" luID="10801" luName="in.prep" frameID="1178" frameName="Interior_profile_relation" status="MANUAL" ID="6671029">
            <layer rank="1" name="Target">
                <label cBy="MJE" end="40" start="39" name="Target"/>
            </layer>
            <layer rank="1" name="FE">
                <label cBy="MJE" feID="6828" bgColor="008000" fgColor="FFFFFF" end="53" start="42" name="Ground"/>
                <label cBy="MJE" feID="6826" bgColor="FF0000" fgColor="FFFFFF" end="37" start="0" name="Figure"/>
            </layer>
            <layer rank="1" name="GF">
                <label end="53" start="42" name="Obj"/>
                <label end="37" start="0" name="Head"/>
            </layer>
            <layer rank="1" name="PT">
                <label end="53" start="42" name="NP"/>
                <label end="37" start="0" name="Sfin"/>
            </layer>
            <layer rank="1" name="Other"/>
            <layer rank="1" name="Sent"/>
            <layer rank="1" name="Prep"/>
        </annotationSet>
        <annotationSet cDate="07/21/2014 12:52:30 PDT Mon" luID="13764" luName="near.prep" frameID="199" frameName="Locative_relation" status="MANUAL" ID="6671030">
            <layer rank="1" name="Target">
                <label cBy="MJE" end="58" start="55" name="Target"/>
            </layer>
            <layer rank="1" name="FE">
                <label cBy="MJE" feID="1621" bgColor="008000" fgColor="FFFFFF" end="83" start="60" name="Ground"/>
                <label cBy="MJE" feID="1622" bgColor="FF0000" fgColor="FFFFFF" end="37" start="0" name="Figure"/>
            </layer>
            <layer rank="1" name="GF">
                <label end="83" start="60" name="Obj"/>
                <label end="37" start="0" name="Head"/>
            </layer>
            <layer rank="1" name="PT">
                <label end="83" start="60" name="NP"/>
                <label end="37" start="0" name="Sfin"/>
            </layer>
            <layer rank="1" name="Other"/>
            <layer rank="1" name="Sent"/>
            <layer rank="1" name="Prep"/>
        </annotationSet>
    </sentence>
    <sentence corpID="246" docID="25617" sentNo="1" paragNo="4" aPos="0" ID="4164989">
        <text>So far only five percent of the 350 acre fire is contained , with over 400 firefighters battling the blaze .</text>
        <annotationSet cDate="07/17/2014 11:43:36 PDT Thu" status="UNANN" ID="6669159">
            <layer rank="1" name="PENN">
                <label end="1" start="0" name="rb"/>
                <label end="5" start="3" name="rb"/>
                <label end="10" start="7" name="rb"/>
                <label end="15" start="12" name="cd"/>
                <label end="23" start="17" name="nn"/>
                <label end="26" start="25" name="in"/>
                <label end="30" start="28" name="dt"/>
                <label end="34" start="32" name="cd"/>
                <label end="39" start="36" name="nn"/>
                <label end="44" start="41" name="nn"/>
                <label end="47" start="46" name="VBZ"/>
                <label end="57" start="49" name="VVN"/>
                <label end="59" start="59" name=","/>
                <label end="64" start="61" name="in"/>
                <label end="69" start="66" name="in"/>
                <label end="73" start="71" name="cd"/>
                <label end="86" start="75" name="nns"/>
                <label end="95" start="88" name="VVG"/>
                <label end="99" start="97" name="dt"/>
                <label end="105" start="101" name="nn"/>
                <label end="107" start="107" name="sent"/>
            </layer>
            <layer rank="1" name="NER">
                <label end="23" start="12" name="percent"/>
            </layer>
            <layer rank="1" name="WSL">
                <label end="10" start="7" name="NT"/>
                <label end="15" start="12" name="NT"/>
                <label end="30" start="28" name="NT"/>
                <label end="34" start="32" name="NT"/>
                <label end="47" start="46" name="NT"/>
                <label end="59" start="59" name="NT"/>
                <label end="64" start="61" name="NT"/>
                <label end="73" start="71" name="NT"/>
                <label end="99" start="97" name="NT"/>
                <label end="107" start="107" name="NT"/>
            </layer>
        </annotationSet>
        <annotationSet cDate="07/17/2014 04:12:31 PDT Thu" luID="10190" luName="of.prep" frameID="1010" frameName="Partitive" status="MANUAL" ID="6669302">
            <layer rank="1" name="Target">
                <label cBy="WMcQ" end="26" start="25" name="Target"/>
            </layer>
            <layer rank="1" name="FE">
                <label cBy="WMcQ" feID="6000" bgColor="0000FF" fgColor="FFFFFF" end="23" start="7" name="Subset"/>
                <label cBy="WMcQ" feID="6001" bgColor="800080" fgColor="FFFFFF" end="44" start="28" name="Group"/>
            </layer>
            <layer rank="1" name="GF">
                <label end="23" start="7" name="Ext"/>
                <label end="44" start="28" name="Obj"/>
            </layer>
            <layer rank="1" name="PT">
                <label end="23" start="7" name="NP"/>
                <label end="44" start="28" name="NP"/>
            </layer>
            <layer rank="1" name="Other"/>
            <layer rank="1" name="Sent"/>
            <layer rank="1" name="Prep"/>
        </annotationSet>
        <annotationSet cDate="07/17/2014 04:13:02 PDT Thu" luID="17455" luName="fire.n" frameID="2824" frameName="Fire_burning" status="MANUAL" ID="6669303">
            <layer rank="1" name="Target">
                <label cBy="WMcQ" end="44" start="41" name="Target"/>
            </layer>
            <layer rank="1" name="FE">
                <label cBy="WMcQ" feID="16018" bgColor="0000FF" fgColor="FFFFFF" end="44" start="41" name="Fire"/>
            </layer>
            <layer rank="1" name="GF"/>
            <layer rank="1" name="PT"/>
            <layer rank="1" name="Other"/>
            <layer rank="1" name="Sent"/>
            <layer rank="1" name="Noun"/>
        </annotationSet>
        <annotationSet cDate="07/17/2014 04:13:21 PDT Thu" luID="2858" luName="acre.n" frameID="156" frameName="Measure_area" status="MANUAL" ID="6669304">
            <layer rank="1" name="Target">
                <label cBy="WMcQ" end="39" start="36" name="Target"/>
            </layer>
            <layer rank="1" name="FE">
                <label cBy="WMcQ" feID="1278" bgColor="0000FF" fgColor="FFFFFF" end="39" start="36" name="Unit"/>
                <label cBy="WMcQ" feID="1280" bgColor="FF0000" fgColor="FFFFFF" end="34" start="32" name="Count"/>
                <label cBy="WMcQ" feID="1279" bgColor="008000" fgColor="FFFFFF" end="44" start="41" name="Area"/>
            </layer>
            <layer rank="1" name="GF">
                <label end="34" start="32" name="Quant"/>
                <label end="44" start="41" name="Head"/>
            </layer>
            <layer rank="1" name="PT">
                <label end="34" start="32" name="Num"/>
                <label end="44" start="41" name="N"/>
            </layer>
            <layer rank="1" name="Other"/>
            <layer rank="1" name="Sent"/>
            <layer rank="1" name="Noun"/>
        </annotationSet>
        <annotationSet cDate="07/17/2014 04:13:50 PDT Thu" luID="18472" luName="firefighter.n" frameID="1071" frameName="People_by_vocation" status="MANUAL" ID="6669305">
            <layer rank="1" name="Target">
                <label cBy="WMcQ" end="86" start="75" name="Target"/>
            </layer>
            <layer rank="1" name="FE">
                <label cBy="WMcQ" feID="6263" bgColor="FF0000" fgColor="FFFFFF" end="86" start="75" name="Person"/>
            </layer>
            <layer rank="1" name="GF"/>
            <layer rank="1" name="PT"/>
            <layer rank="1" name="Other"/>
            <layer rank="1" name="Sent"/>
            <layer rank="1" name="Noun"/>
        </annotationSet>
        <annotationSet cDate="07/17/2014 04:15:57 PDT Thu" luID="17613" luName="battle.v" frameID="2832" frameName="Firefighting" status="MANUAL" ID="6669306">
            <layer rank="1" name="Target">
                <label cBy="WMcQ" end="95" start="88" name="Target"/>
            </layer>
            <layer rank="1" name="FE">
                <label cBy="WMcQ" feID="16079" bgColor="FFFF00" fgColor="FF0000" end="86" start="66" name="Firefighter"/>
                <label cBy="WMcQ" feID="16078" bgColor="FF0000" fgColor="FFFF00" end="105" start="97" name="Fire"/>
            </layer>
            <layer rank="1" name="GF">
                <label end="86" start="66" name="Ext"/>
                <label end="105" start="97" name="Obj"/>
            </layer>
            <layer rank="1" name="PT">
                <label end="86" start="66" name="NP"/>
                <label end="105" start="97" name="NP"/>
            </layer>
            <layer rank="1" name="Other"/>
            <layer rank="1" name="Sent"/>
            <layer rank="1" name="Verb"/>
        </annotationSet>
        <annotationSet cDate="07/18/2014 03:30:22 PDT Fri" luID="14275" luName="over.prep" frameID="1923" frameName="Proportional_quantity" status="MANUAL" ID="6669794">
            <layer rank="1" name="Target">
                <label cBy="WMcQ" end="69" start="66" name="Target"/>
            </layer>
            <layer rank="1" name="FE">
                <label cBy="WMcQ" feID="11577" bgColor="00BFFF" fgColor="FFFFFF" end="73" start="71" name="Reference_quantity"/>
                <label cBy="MJE" feID="11575" bgColor="008000" fgColor="FFFFFF" end="86" start="75" name="Individuals"/>
            </layer>
            <layer rank="1" name="GF">
                <label end="73" start="71" name="Dep"/>
                <label end="86" start="75" name="Head"/>
            </layer>
            <layer rank="1" name="PT">
                <label end="73" start="71" name="Num"/>
                <label end="86" start="75" name="N"/>
            </layer>
            <layer rank="1" name="Other"/>
            <layer rank="1" name="Sent"/>
            <layer rank="1" name="Prep"/>
            <layer rank="2" name="FE">
                <label cBy="MJE" feID="11573" bgColor="0000FF" fgColor="FFFFFF" end="73" start="66" name="Denoted_quantity"/>
            </layer>
        </annotationSet>
        <annotationSet cDate="07/21/2014 12:54:38 PDT Mon" luID="12555" luName="so far.adv" frameID="1594" frameName="Continued_state_of_affairs" status="MANUAL" ID="6671034">
            <layer rank="1" name="Target">
                <label cBy="MJE" end="5" start="3" name="Target"/>
                <label cBy="MJE" end="1" start="0" name="Target"/>
            </layer>
            <layer rank="1" name="FE">
                <label cBy="MJE" feID="8725" bgColor="800080" fgColor="FFFFFF" end="5" start="0" name="Reference_occasion"/>
                <label cBy="MJE" feID="8724" bgColor="FF0000" fgColor="FFFFFF" end="57" start="7" name="State_of_affairs"/>
            </layer>
            <layer rank="1" name="GF">
                <label end="57" start="7" name="Head"/>
            </layer>
            <layer rank="1" name="PT">
                <label end="57" start="7" name="Sfin"/>
            </layer>
            <layer rank="1" name="Other"/>
            <layer rank="1" name="Sent"/>
            <layer rank="1" name="Adv"/>
        </annotationSet>
    </sentence>
    <sentence corpID="246" docID="25617" sentNo="1" paragNo="5" aPos="0" ID="4164990">
        <text>Authorities say that it has been over 40 years since some parts of the land have caught fire .</text>
        <annotationSet cDate="07/17/2014 11:43:36 PDT Thu" status="UNANN" ID="6669160">
            <layer rank="1" name="PENN">
                <label end="10" start="0" name="nns"/>
                <label end="14" start="12" name="VVP"/>
                <label end="19" start="16" name="IN/that"/>
                <label end="22" start="21" name="PP"/>
                <label end="26" start="24" name="VHZ"/>
                <label end="31" start="28" name="VBN"/>
                <label end="36" start="33" name="in"/>
                <label end="39" start="38" name="cd"/>
                <label end="45" start="41" name="nns"/>
                <label end="51" start="47" name="in"/>
                <label end="56" start="53" name="dt"/>
                <label end="62" start="58" name="nns"/>
                <label end="65" start="64" name="in"/>
                <label end="69" start="67" name="dt"/>
                <label end="74" start="71" name="nn"/>
                <label end="79" start="76" name="VHP"/>
                <label end="86" start="81" name="VVN"/>
                <label end="91" start="88" name="nn"/>
                <label end="93" start="93" name="sent"/>
            </layer>
            <layer rank="1" name="NER"/>
            <layer rank="1" name="WSL">
                <label end="22" start="21" name="NT"/>
                <label end="26" start="24" name="NT"/>
                <label end="31" start="28" name="NT"/>
                <label end="39" start="38" name="NT"/>
                <label end="56" start="53" name="NT"/>
                <label end="65" start="64" name="NT"/>
                <label end="69" start="67" name="NT"/>
                <label end="79" start="76" name="NT"/>
                <label end="93" start="93" name="NT"/>
            </layer>
        </annotationSet>
        <annotationSet cDate="07/17/2014 04:16:54 PDT Thu" luID="11420" luName="authority.n" frameID="73" frameName="Leadership" status="MANUAL" ID="6669307">
            <layer rank="1" name="Target">
                <label cBy="WMcQ" end="10" start="0" name="Target"/>
            </layer>
            <layer rank="1" name="FE">
                <label cBy="WMcQ" feID="347" bgColor="FF0000" fgColor="FFFFFF" end="10" start="0" name="Leader"/>
                <label cBy="WMcQ" feID="13068" bgColor="808080" fgColor="FFFFFF" end="91" start="12" name="Activity"/>
            </layer>
            <layer rank="1" name="GF">
                <label end="91" start="12" name="Dep"/>
            </layer>
            <layer rank="1" name="PT">
                <label end="91" start="12" name="VPfin"/>
            </layer>
            <layer rank="1" name="Other"/>
            <layer rank="1" name="Sent"/>
            <layer rank="1" name="Noun"/>
        </annotationSet>
        <annotationSet cDate="07/17/2014 04:17:16 PDT Thu" luID="751" luName="say.v" frameID="43" frameName="Statement" status="MANUAL" ID="6669308">
            <layer rank="1" name="Target">
                <label cBy="WMcQ" end="14" start="12" name="Target"/>
            </layer>
            <layer rank="1" name="FE">
                <label cBy="WMcQ" feID="183" bgColor="FF0000" fgColor="FFFFFF" end="10" start="0" name="Speaker"/>
                <label cBy="WMcQ" feID="185" bgColor="00BFFF" fgColor="FFFFFF" end="91" start="16" name="Message"/>
            </layer>
            <layer rank="1" name="GF">
                <label end="10" start="0" name="Ext"/>
                <label end="91" start="16" name="Obj"/>
            </layer>
            <layer rank="1" name="PT">
                <label end="10" start="0" name="NP"/>
                <label end="91" start="16" name="Sfin"/>
            </layer>
            <layer rank="1" name="Other"/>
            <layer rank="1" name="Sent"/>
            <layer rank="1" name="Verb"/>
        </annotationSet>
        <annotationSet cDate="07/17/2014 04:18:03 PDT Thu" luID="3878" luName="year.n" frameID="224" frameName="Measure_duration" status="MANUAL" ID="6669309">
            <layer rank="1" name="Target">
                <label cBy="WMcQ" end="45" start="41" name="Target"/>
            </layer>
            <layer rank="1" name="FE">
                <label cBy="WMcQ" feID="1805" bgColor="0000FF" fgColor="FFFFFF" end="39" start="38" name="Count"/>
                <label cBy="WMcQ" feID="1806" bgColor="006400" fgColor="FFFFFF" end="45" start="41" name="Unit"/>
                <label cBy="WMcQ" feID="1807" bgColor="FF0000" fgColor="FFFFFF" end="91" start="47" name="Process"/>
            </layer>
            <layer rank="1" name="GF">
                <label end="39" start="38" name="Dep"/>
                <label end="91" start="47" name="Dep"/>
            </layer>
            <layer rank="1" name="PT">
                <label end="39" start="38" name="Num"/>
                <label end="91" start="47" name="AJP"/>
            </layer>
            <layer rank="1" name="Other"/>
            <layer rank="1" name="Sent"/>
            <layer rank="1" name="Noun"/>
        </annotationSet>
        <annotationSet cDate="07/17/2014 04:18:37 PDT Thu" luID="17464" luName="catch fire.v" frameID="2827" frameName="Catching_fire" status="MANUAL" ID="6669310">
            <layer rank="1" name="Target">
                <label cBy="WMcQ" end="86" start="81" name="Target"/>
                <label cBy="WMcQ" end="91" start="88" name="Target"/>
            </layer>
            <layer rank="1" name="FE">
                <label cBy="WMcQ" feID="16042" bgColor="800080" fgColor="FFFFFF" end="74" start="53" name="Fuel"/>
                <label cBy="WMcQ" feID="16041" bgColor="0000FF" fgColor="FFFFFF" end="91" start="88" name="Fire"/>
            </layer>
            <layer rank="1" name="GF">
                <label end="74" start="53" name="Ext"/>
            </layer>
            <layer rank="1" name="PT">
                <label end="74" start="53" name="NP"/>
            </layer>
            <layer rank="1" name="Other"/>
            <layer rank="1" name="Sent"/>
            <layer rank="1" name="Verb"/>
        </annotationSet>
        <annotationSet cDate="07/17/2014 04:19:14 PDT Thu" luID="15465" luName="land.n" frameID="191" frameName="Natural_features" status="MANUAL" ID="6669311">
            <layer rank="1" name="Target">
                <label cBy="WMcQ" end="74" start="71" name="Target"/>
            </layer>
            <layer rank="1" name="FE">
                <label cBy="WMcQ" feID="1573" bgColor="FF0000" fgColor="FFFFFF" end="74" start="71" name="Locale"/>
            </layer>
            <layer rank="1" name="GF"/>
            <layer rank="1" name="PT"/>
            <layer rank="1" name="Other"/>
            <layer rank="1" name="Sent"/>
            <layer rank="1" name="Noun"/>
        </annotationSet>
        <annotationSet cDate="07/18/2014 03:32:49 PDT Fri" luID="14275" luName="over.prep" frameID="1923" frameName="Proportional_quantity" status="MANUAL" ID="6669804">
            <layer rank="1" name="Target">
                <label cBy="WMcQ" end="36" start="33" name="Target"/>
            </layer>
            <layer rank="1" name="FE">
                <label cBy="WMcQ" feID="11577" bgColor="00BFFF" fgColor="FFFFFF" end="39" start="38" name="Reference_quantity"/>
                <label cBy="WMcQ" feID="11575" bgColor="008000" fgColor="FFFFFF" end="45" start="41" name="Individuals"/>
            </layer>
            <layer rank="1" name="GF">
                <label end="39" start="38" name="Dep"/>
                <label end="45" start="41" name="Head"/>
            </layer>
            <layer rank="1" name="PT">
                <label end="39" start="38" name="Num"/>
                <label end="45" start="41" name="N"/>
            </layer>
            <layer rank="1" name="Other"/>
            <layer rank="1" name="Sent"/>
            <layer rank="1" name="Prep"/>
            <layer rank="2" name="FE">
                <label cBy="WMcQ" feID="11573" bgColor="0000FF" fgColor="FFFFFF" end="39" start="33" name="Denoted_quantity"/>
            </layer>
        </annotationSet>
    </sentence>
    <sentence corpID="246" docID="25617" sentNo="1" paragNo="6" aPos="0" ID="4164991">
        <text>The cause of the fire is not known .</text>
        <annotationSet cDate="07/17/2014 11:43:36 PDT Thu" status="UNANN" ID="6669161">
            <layer rank="1" name="PENN">
                <label end="2" start="0" name="dt"/>
                <label end="8" start="4" name="nn"/>
                <label end="11" start="10" name="in"/>
                <label end="15" start="13" name="dt"/>
                <label end="20" start="17" name="nn"/>
                <label end="23" start="22" name="VBZ"/>
                <label end="27" start="25" name="rb"/>
                <label end="33" start="29" name="VVN"/>
                <label end="35" start="35" name="sent"/>
            </layer>
            <layer rank="1" name="NER"/>
            <layer rank="1" name="WSL">
                <label end="2" start="0" name="NT"/>
                <label end="11" start="10" name="NT"/>
                <label end="15" start="13" name="NT"/>
                <label end="23" start="22" name="NT"/>
                <label end="27" start="25" name="NT"/>
                <label end="35" start="35" name="NT"/>
            </layer>
        </annotationSet>
        <annotationSet cDate="07/17/2014 04:19:38 PDT Thu" luID="3" luName="cause.n" frameID="5" frameName="Causation" status="MANUAL" ID="6669312">
            <layer rank="1" name="Target">
                <label cBy="WMcQ" end="8" start="4" name="Target"/>
            </layer>
            <layer rank="1" name="FE">
                <label cBy="WMcQ" feID="20" bgColor="FF0000" fgColor="FFFFFF" end="20" start="10" name="Effect"/>
                <label cBy="MJE" feID="18" bgColor="0000FF" fgColor="FFFFFF" end="8" start="4" name="Cause"/>
            </layer>
            <layer rank="1" name="GF">
                <label end="20" start="10" name="Dep"/>
            </layer>
            <layer rank="1" name="PT">
                <label end="20" start="10" name="PP"/>
            </layer>
            <layer rank="1" name="Other"/>
            <layer rank="1" name="Sent"/>
            <layer rank="1" name="Noun"/>
        </annotationSet>
        <annotationSet cDate="07/17/2014 04:20:17 PDT Thu" luID="16446" luName="known.a" frameID="2593" frameName="Awareness_status" status="MANUAL" ID="6669314">
            <layer rank="1" name="Target">
                <label cBy="WMcQ" end="33" start="29" name="Target"/>
            </layer>
            <layer rank="1" name="FE">
                <label cBy="WMcQ" feID="14630" bgColor="0000FF" fgColor="FFFFFF" end="20" start="0" name="Content"/>
                <label cBy="WMcQ" feID="14629" itype="CNI" bgColor="FF0000" fgColor="FFFFFF" name="Cognizer"/>
            </layer>
            <layer rank="1" name="GF">
                <label end="20" start="0" name="Ext"/>
            </layer>
            <layer rank="1" name="PT">
                <label end="20" start="0" name="NP"/>
            </layer>
            <layer rank="1" name="Other"/>
            <layer rank="1" name="Sent"/>
            <layer rank="1" name="Adj"/>
        </annotationSet>
        <annotationSet cDate="07/21/2014 04:47:30 PDT Mon" luID="17455" luName="fire.n" frameID="2824" frameName="Fire_burning" status="MANUAL" ID="6671560">
            <layer rank="1" name="Target">
                <label cBy="WMcQ" end="20" start="17" name="Target"/>
            </layer>
            <layer rank="1" name="FE">
                <label cBy="WMcQ" feID="16018" bgColor="0000FF" fgColor="FFFFFF" end="20" start="17" name="Fire"/>
            </layer>
            <layer rank="1" name="GF"/>
            <layer rank="1" name="PT"/>
            <layer rank="1" name="Other"/>
            <layer rank="1" name="Sent"/>
            <layer rank="1" name="Noun"/>
        </annotationSet>
    </sentence>
    <sentence corpID="246" docID="25617" sentNo="1" paragNo="7" aPos="0" ID="4164992">
        <text>Authorities say the investigation into how it started may take up to three days to finish .</text>
        <annotationSet cDate="07/17/2014 11:43:36 PDT Thu" status="UNANN" ID="6669162">
            <layer rank="1" name="PENN">
                <label end="10" start="0" name="nns"/>
                <label end="14" start="12" name="VVP"/>
                <label end="18" start="16" name="dt"/>
                <label end="32" start="20" name="nn"/>
                <label end="37" start="34" name="in"/>
                <label end="41" start="39" name="wrb"/>
                <label end="44" start="43" name="PP"/>
                <label end="52" start="46" name="VVD"/>
                <label end="56" start="54" name="md"/>
                <label end="61" start="58" name="VV"/>
                <label end="64" start="63" name="rp"/>
                <label end="67" start="66" name="to"/>
                <label end="73" start="69" name="cd"/>
                <label end="78" start="75" name="nns"/>
                <label end="81" start="80" name="to"/>
                <label end="88" start="83" name="VV"/>
                <label end="90" start="90" name="sent"/>
            </layer>
            <layer rank="1" name="NER"/>
            <layer rank="1" name="WSL">
                <label end="18" start="16" name="NT"/>
                <label end="37" start="34" name="NT"/>
                <label end="41" start="39" name="NT"/>
                <label end="44" start="43" name="NT"/>
                <label end="64" start="63" name="NT"/>
                <label end="67" start="66" name="NT"/>
                <label end="73" start="69" name="NT"/>
                <label end="81" start="80" name="NT"/>
                <label end="90" start="90" name="NT"/>
            </layer>
        </annotationSet>
        <annotationSet cDate="07/17/2014 04:20:49 PDT Thu" luID="11420" luName="authority.n" frameID="73" frameName="Leadership" status="MANUAL" ID="6669315">
            <layer rank="1" name="Target">
                <label cBy="WMcQ" end="10" start="0" name="Target"/>
            </layer>
            <layer rank="1" name="FE">
                <label cBy="WMcQ" feID="347" bgColor="FF0000" fgColor="FFFFFF" end="10" start="0" name="Leader"/>
            </layer>
            <layer rank="1" name="GF"/>
            <layer rank="1" name="PT"/>
            <layer rank="1" name="Other"/>
            <layer rank="1" name="Sent"/>
            <layer rank="1" name="Noun"/>
        </annotationSet>
        <annotationSet cDate="07/17/2014 04:36:02 PDT Thu" luID="8046" luName="investigation.n" frameID="500" frameName="Criminal_investigation" status="MANUAL" ID="6669325">
            <layer rank="1" name="Target">
                <label cBy="WMcQ" end="32" start="20" name="Target"/>
            </layer>
            <layer rank="1" name="FE">
                <label cBy="WMcQ" feID="4045" bgColor="0000FF" fgColor="FFFFFF" end="52" start="34" name="Incident"/>
                <label cBy="MJE" feID="4041" itype="INI" bgColor="FF0000" fgColor="FFFFFF" name="Investigator"/>
            </layer>
            <layer rank="1" name="GF">
                <label end="52" start="34" name="Dep"/>
            </layer>
            <layer rank="1" name="PT">
                <label end="52" start="34" name="PP"/>
            </layer>
            <layer rank="1" name="Other"/>
            <layer rank="1" name="Sent"/>
            <layer rank="1" name="Noun"/>
        </annotationSet>
        <annotationSet cDate="07/17/2014 04:36:53 PDT Thu" luID="2655" luName="start.v" frameID="133" frameName="Process_start" status="MANUAL" ID="6669326">
            <layer rank="1" name="Target">
                <label cBy="WMcQ" end="52" start="46" name="Target"/>
            </layer>
            <layer rank="1" name="FE">
                <label cBy="WMcQ" feID="857" bgColor="00BFFF" fgColor="FFFFFF" end="44" start="43" name="Event"/>
            </layer>
            <layer rank="1" name="GF">
                <label end="44" start="43" name="Ext"/>
            </layer>
            <layer rank="1" name="PT">
                <label end="44" start="43" name="NP"/>
            </layer>
            <layer rank="1" name="Other"/>
            <layer rank="1" name="Sent"/>
            <layer rank="1" name="Verb"/>
        </annotationSet>
        <annotationSet cDate="07/21/2014 02:07:03 PDT Mon" luID="10042" luName="take.v" frameID="967" frameName="Taking_time" status="MANUAL" ID="6671384">
            <layer rank="1" name="Target">
                <label cBy="MJE" end="61" start="58" name="Target"/>
            </layer>
            <layer rank="1" name="FE">
                <label cBy="MJE" feID="5910" bgColor="008000" fgColor="FFFFFF" end="78" start="63" name="Time_length"/>
                <label cBy="MJE" feID="5908" bgColor="800080" fgColor="FFFFFF" end="52" start="16" name="Activity"/>
                <label cBy="MJE" feID="5908" bgColor="800080" fgColor="FFFFFF" end="88" start="80" name="Activity"/>
            </layer>
            <layer rank="1" name="GF">
                <label end="78" start="63" name="Dep"/>
                <label end="52" start="16" name="Ext"/>
                <label end="88" start="80" name="Dep"/>
            </layer>
            <layer rank="1" name="PT">
                <label end="78" start="63" name="unknown"/>
                <label end="52" start="16" name="NP"/>
                <label end="88" start="80" name="VPto"/>
            </layer>
            <layer rank="1" name="Other"/>
            <layer rank="1" name="Sent"/>
            <layer rank="1" name="Verb"/>
        </annotationSet>
        <annotationSet cDate="07/21/2014 02:09:57 PDT Mon" luID="6505" luName="may.v" frameID="114" frameName="Likelihood" status="MANUAL" ID="6671387">
            <layer rank="1" name="Target">
                <label cBy="MJE" end="56" start="54" name="Target"/>
            </layer>
            <layer rank="1" name="FE">
                <label cBy="MJE" feID="563" bgColor="006400" fgColor="FFFFFF" end="88" start="58" name="Hypothetical_event"/>
                <label cBy="MJE" feID="563" bgColor="006400" fgColor="FFFFFF" end="52" start="16" name="Hypothetical_event"/>
            </layer>
            <layer rank="1" name="GF">
                <label end="88" start="58" name="Dep"/>
                <label end="52" start="16" name="Ext"/>
            </layer>
            <layer rank="1" name="PT">
                <label end="88" start="58" name="VPbrst"/>
                <label end="52" start="16" name="NP"/>
            </layer>
            <layer rank="1" name="Other"/>
            <layer rank="1" name="Sent"/>
            <layer rank="1" name="Verb"/>
        </annotationSet>
    </sentence>
    <sentence corpID="246" docID="25617" sentNo="1" paragNo="8" aPos="0" ID="4164993">
        <text>So far there have been no injuries and no homes have yet been damaged , but one building storing equipment used by firefighters was burned to the ground .</text>
        <annotationSet cDate="07/17/2014 11:43:36 PDT Thu" status="UNANN" ID="6669163">
            <layer rank="1" name="PENN">
                <label end="1" start="0" name="rb"/>
                <label end="5" start="3" name="rb"/>
                <label end="11" start="7" name="ex"/>
                <label end="16" start="13" name="VHP"/>
                <label end="21" start="18" name="VBN"/>
                <label end="24" start="23" name="dt"/>
                <label end="33" start="26" name="nns"/>
                <label end="37" start="35" name="cc"/>
                <label end="40" start="39" name="dt"/>
                <label end="46" start="42" name="nns"/>
                <label end="51" start="48" name="VHP"/>
                <label end="55" start="53" name="rb"/>
                <label end="60" start="57" name="VBN"/>
                <label end="68" start="62" name="VVN"/>
                <label end="70" start="70" name=","/>
                <label end="74" start="72" name="cc"/>
                <label end="78" start="76" name="cd"/>
                <label end="87" start="80" name="nn"/>
                <label end="95" start="89" name="VVG"/>
                <label end="105" start="97" name="nn"/>
                <label end="110" start="107" name="VVN"/>
                <label end="113" start="112" name="in"/>
                <label end="126" start="115" name="nns"/>
                <label end="130" start="128" name="VBD"/>
                <label end="137" start="132" name="VVN"/>
                <label end="140" start="139" name="to"/>
                <label end="144" start="142" name="dt"/>
                <label end="151" start="146" name="nn"/>
                <label end="153" start="153" name="sent"/>
            </layer>
            <layer rank="1" name="NER"/>
            <layer rank="1" name="WSL">
                <label end="11" start="7" name="NT"/>
                <label end="16" start="13" name="NT"/>
                <label end="21" start="18" name="NT"/>
                <label end="24" start="23" name="NT"/>
                <label end="37" start="35" name="NT"/>
                <label end="40" start="39" name="NT"/>
                <label end="51" start="48" name="NT"/>
                <label end="55" start="53" name="NT"/>
                <label end="60" start="57" name="NT"/>
                <label end="70" start="70" name="NT"/>
                <label end="74" start="72" name="NT"/>
                <label end="78" start="76" name="NT"/>
                <label end="113" start="112" name="NT"/>
                <label end="130" start="128" name="NT"/>
                <label end="140" start="139" name="NT"/>
                <label end="144" start="142" name="NT"/>
                <label end="153" start="153" name="NT"/>
            </layer>
        </annotationSet>
        <annotationSet cDate="07/17/2014 04:26:29 PDT Thu" luID="17511" luName="injury.n" frameID="384" frameName="Experience_bodily_harm" status="MANUAL" ID="6669316">
            <layer rank="1" name="Target">
                <label cBy="WMcQ" end="33" start="26" name="Target"/>
            </layer>
            <layer rank="1" name="FE">
                <label cBy="WMcQ" feID="3443" itype="INI" bgColor="0000FF" fgColor="FFFFFF" name="Experiencer"/>
            </layer>
            <layer rank="1" name="GF"/>
            <layer rank="1" name="PT"/>
            <layer rank="1" name="Other"/>
            <layer rank="1" name="Sent"/>
            <layer rank="1" name="Noun"/>
        </annotationSet>
        <annotationSet cDate="07/17/2014 04:31:55 PDT Thu" luID="3012" luName="home.n" frameID="173" frameName="Buildings" status="MANUAL" ID="6669317">
            <layer rank="1" name="Target">
                <label cBy="WMcQ" end="46" start="42" name="Target"/>
            </layer>
            <layer rank="1" name="FE">
                <label cBy="WMcQ" feID="6037" bgColor="800080" fgColor="FFFFFF" end="46" start="42" name="Building"/>
            </layer>
            <layer rank="1" name="GF"/>
            <layer rank="1" name="PT"/>
            <layer rank="1" name="Other"/>
            <layer rank="1" name="Sent"/>
            <layer rank="1" name="Noun"/>
        </annotationSet>
        <annotationSet cDate="07/17/2014 04:32:15 PDT Thu" luID="7594" luName="damage.v" frameID="415" frameName="Damaging" status="MANUAL" ID="6669318">
            <layer rank="1" name="Target">
                <label cBy="WMcQ" end="68" start="62" name="Target"/>
            </layer>
            <layer rank="1" name="FE">
                <label cBy="MJE" feID="3828" bgColor="0000FF" fgColor="FFFFFF" end="46" start="39" name="Patient"/>
                <label cBy="MJE" feID="3817" itype="CNI" bgColor="FF0000" fgColor="FFFFFF" name="Agent"/>
            </layer>
            <layer rank="1" name="GF">
                <label end="46" start="39" name="Ext"/>
            </layer>
            <layer rank="1" name="PT">
                <label end="46" start="39" name="NP"/>
            </layer>
            <layer rank="1" name="Other"/>
            <layer rank="1" name="Sent"/>
            <layer rank="1" name="Verb"/>
        </annotationSet>
        <annotationSet cDate="07/17/2014 04:33:04 PDT Thu" luID="10869" luName="building.n" frameID="173" frameName="Buildings" status="MANUAL" ID="6669320">
            <layer rank="1" name="Target">
                <label cBy="WMcQ" end="87" start="80" name="Target"/>
            </layer>
            <layer rank="1" name="FE">
                <label cBy="WMcQ" feID="6037" bgColor="800080" fgColor="FFFFFF" end="87" start="80" name="Building"/>
                <label cBy="WMcQ" feID="10837" bgColor="A52A2A" fgColor="FFFFFF" end="126" start="89" name="Descriptor"/>
            </layer>
            <layer rank="1" name="GF">
                <label end="126" start="89" name="Dep"/>
            </layer>
            <layer rank="1" name="PT">
                <label end="126" start="89" name="VPing"/>
            </layer>
            <layer rank="1" name="Other"/>
            <layer rank="1" name="Sent"/>
            <layer rank="1" name="Noun"/>
        </annotationSet>
        <annotationSet cDate="07/17/2014 04:33:55 PDT Thu" luID="17450" luName="burn.v" frameID="2824" frameName="Fire_burning" status="MANUAL" ID="6669321">
            <layer rank="1" name="Target">
                <label cBy="WMcQ" end="137" start="132" name="Target"/>
            </layer>
            <layer rank="1" name="FE">
                <label cBy="WMcQ" feID="16020" bgColor="800080" fgColor="FFFFFF" end="126" start="76" name="Fuel"/>
                <label cBy="MJE" feID="16170" bgColor="EEE8AA" fgColor="000000" end="151" start="139" name="Subregion"/>
            </layer>
            <layer rank="1" name="GF">
                <label end="126" start="76" name="Ext"/>
                <label end="151" start="139" name="Dep"/>
            </layer>
            <layer rank="1" name="PT">
                <label end="126" start="76" name="NP"/>
                <label end="151" start="139" name="PP"/>
            </layer>
            <layer rank="1" name="Other"/>
            <layer rank="1" name="Sent"/>
            <layer rank="1" name="Verb"/>
        </annotationSet>
        <annotationSet cDate="07/17/2014 04:34:16 PDT Thu" luID="18472" luName="firefighter.n" frameID="1071" frameName="People_by_vocation" status="MANUAL" ID="6669322">
            <layer rank="1" name="Target">
                <label cBy="WMcQ" end="126" start="115" name="Target"/>
            </layer>
            <layer rank="1" name="FE">
                <label cBy="WMcQ" feID="6263" bgColor="FF0000" fgColor="FFFFFF" end="126" start="115" name="Person"/>
            </layer>
            <layer rank="1" name="GF"/>
            <layer rank="1" name="PT"/>
            <layer rank="1" name="Other"/>
            <layer rank="1" name="Sent"/>
            <layer rank="1" name="Noun"/>
        </annotationSet>
        <annotationSet cDate="07/17/2014 04:34:48 PDT Thu" luID="10619" luName="use.v" frameID="1141" frameName="Using" status="MANUAL" ID="6669323">
            <layer rank="1" name="Target">
                <label cBy="WMcQ" end="110" start="107" name="Target"/>
            </layer>
            <layer rank="1" name="FE">
                <label cBy="WMcQ" feID="6580" bgColor="006400" fgColor="FFFFFF" end="105" start="97" name="Instrument"/>
                <label cBy="WMcQ" feID="6574" bgColor="FF0000" fgColor="FFFFFF" end="126" start="112" name="Agent"/>
                <label cBy="MJE" feID="6576" itype="INI" bgColor="800080" fgColor="FFFFFF" name="Purpose"/>
            </layer>
            <layer rank="1" name="GF">
                <label end="126" start="112" name="Dep"/>
                <label end="105" start="97" name="Ext"/>
            </layer>
            <layer rank="1" name="PT">
                <label end="126" start="112" name="PP"/>
                <label end="105" start="97" name="NP"/>
            </layer>
            <layer rank="1" name="Other"/>
            <layer rank="1" name="Sent"/>
            <layer rank="1" name="Verb"/>
        </annotationSet>
        <annotationSet cDate="07/21/2014 02:43:56 PDT Mon" luID="12555" luName="so far.adv" frameID="1594" frameName="Continued_state_of_affairs" status="MANUAL" ID="6671426">
            <layer rank="1" name="Target">
                <label cBy="MJE" end="5" start="3" name="Target"/>
                <label cBy="MJE" end="1" start="0" name="Target"/>
            </layer>
            <layer rank="1" name="FE">
                <label cBy="MJE" feID="8725" bgColor="800080" fgColor="FFFFFF" end="5" start="0" name="Reference_occasion"/>
                <label cBy="MJE" feID="8724" bgColor="FF0000" fgColor="FFFFFF" end="33" start="7" name="State_of_affairs"/>
            </layer>
            <layer rank="1" name="GF">
                <label end="33" start="7" name="Head"/>
            </layer>
            <layer rank="1" name="PT">
                <label end="33" start="7" name="Sfin"/>
            </layer>
            <layer rank="1" name="Other"/>
            <layer rank="1" name="Sent"/>
            <layer rank="1" name="Adv"/>
        </annotationSet>
        <annotationSet cDate="07/21/2014 03:45:54 PDT Mon" luID="17644" luName="store.v" frameID="397" frameName="Containing" status="MANUAL" ID="6671503">
            <layer rank="1" name="Target">
                <label cBy="MJE" end="95" start="89" name="Target"/>
            </layer>
            <layer rank="1" name="FE">
                <label cBy="MJE" feID="3563" bgColor="9400D3" fgColor="FFFFFF" end="126" start="97" name="Contents"/>
                <label cBy="MJE" feID="3562" bgColor="FF0000" fgColor="FFFFFF" end="87" start="76" name="Container"/>
            </layer>
            <layer rank="1" name="GF">
                <label end="126" start="97" name="Obj"/>
                <label end="87" start="76" name="Ext"/>
            </layer>
            <layer rank="1" name="PT">
                <label end="126" start="97" name="NP"/>
                <label end="87" start="76" name="NP"/>
            </layer>
            <layer rank="1" name="Other"/>
            <layer rank="1" name="Sent"/>
            <layer rank="1" name="Verb"/>
        </annotationSet>
    </sentence>
    <sentence corpID="246" docID="25617" sentNo="1" paragNo="9" aPos="0" ID="4164994">
        <text>For a short time , at least 100 hikers were trapped in the mountains and a boy scout camp was also threatened by the blaze .</text>
        <annotationSet cDate="07/17/2014 11:43:37 PDT Thu" status="UNANN" ID="6669164">
            <layer rank="1" name="PENN">
                <label end="2" start="0" name="in"/>
                <label end="4" start="4" name="dt"/>
                <label end="10" start="6" name="jj"/>
                <label end="15" start="12" name="nn"/>
                <label end="17" start="17" name=","/>
                <label end="20" start="19" name="in"/>
                <label end="26" start="22" name="jjs"/>
                <label end="30" start="28" name="cd"/>
                <label end="37" start="32" name="nns"/>
                <label end="42" start="39" name="VBD"/>
                <label end="50" start="44" name="VVN"/>
                <label end="53" start="52" name="in"/>
                <label end="57" start="55" name="dt"/>
                <label end="67" start="59" name="nns"/>
                <label end="71" start="69" name="cc"/>
                <label end="73" start="73" name="dt"/>
                <label end="77" start="75" name="nn"/>
                <label end="83" start="79" name="nn"/>
                <label end="88" start="85" name="nn"/>
                <label end="92" start="90" name="VBD"/>
                <label end="97" start="94" name="rb"/>
                <label end="108" start="99" name="VVN"/>
                <label end="111" start="110" name="in"/>
                <label end="115" start="113" name="dt"/>
                <label end="121" start="117" name="nn"/>
                <label end="123" start="123" name="sent"/>
            </layer>
            <layer rank="1" name="NER"/>
            <layer rank="1" name="WSL">
                <label end="4" start="4" name="NT"/>
                <label end="17" start="17" name="NT"/>
                <label end="30" start="28" name="NT"/>
                <label end="42" start="39" name="NT"/>
                <label end="53" start="52" name="NT"/>
                <label end="57" start="55" name="NT"/>
                <label end="71" start="69" name="NT"/>
                <label end="73" start="73" name="NT"/>
                <label end="92" start="90" name="NT"/>
                <label end="97" start="94" name="NT"/>
                <label end="111" start="110" name="NT"/>
                <label end="115" start="113" name="NT"/>
                <label end="123" start="123" name="NT"/>
            </layer>
        </annotationSet>
        <annotationSet cDate="07/17/2014 04:38:21 PDT Thu" luID="17509" luName="hiker.n" frameID="64" frameName="Self_motion" status="MANUAL" ID="6669327">
            <layer rank="1" name="Target">
                <label cBy="WMcQ" end="37" start="32" name="Target"/>
            </layer>
            <layer rank="1" name="FE">
                <label cBy="MJE" feID="285" bgColor="FF0000" fgColor="FFFFFF" end="37" start="32" name="Self_mover"/>
                <label cBy="MJE" feID="291" itype="INI" bgColor="A52A2A" fgColor="FFFFFF" name="Area"/>
            </layer>
            <layer rank="1" name="GF"/>
            <layer rank="1" name="PT"/>
            <layer rank="1" name="Other"/>
            <layer rank="1" name="Sent"/>
            <layer rank="1" name="Noun"/>
        </annotationSet>
        <annotationSet cDate="07/17/2014 04:40:17 PDT Thu" luID="2353" luName="camp.n" frameID="110" frameName="Residence" status="MANUAL" ID="6669328">
            <layer rank="1" name="Target">
                <label cBy="WMcQ" end="88" start="85" name="Target"/>
            </layer>
            <layer rank="1" name="FE">
                <label cBy="WMcQ" feID="535" bgColor="FF0000" fgColor="FFFFFF" end="83" start="75" name="Resident"/>
                <label cBy="MJE" feID="536" bgColor="008000" fgColor="FFFFFF" end="88" start="85" name="Location"/>
            </layer>
            <layer rank="1" name="GF">
                <label end="83" start="75" name="Dep"/>
            </layer>
            <layer rank="1" name="PT">
                <label end="83" start="75" name="N"/>
            </layer>
            <layer rank="1" name="Other"/>
            <layer rank="1" name="Sent"/>
            <layer rank="1" name="Noun"/>
        </annotationSet>
        <annotationSet cDate="07/17/2014 04:40:41 PDT Thu" luID="17489" luName="blaze.n" frameID="2824" frameName="Fire_burning" status="MANUAL" ID="6669329">
            <layer rank="1" name="Target">
                <label cBy="WMcQ" end="121" start="117" name="Target"/>
            </layer>
            <layer rank="1" name="FE">
                <label cBy="WMcQ" feID="16018" bgColor="0000FF" fgColor="FFFFFF" end="121" start="117" name="Fire"/>
            </layer>
            <layer rank="1" name="GF"/>
            <layer rank="1" name="PT"/>
            <layer rank="1" name="Other"/>
            <layer rank="1" name="Sent"/>
            <layer rank="1" name="Noun"/>
        </annotationSet>
        <annotationSet cDate="07/17/2014 04:40:53 PDT Thu" luID="17498" luName="threatened.a" frameID="1560" frameName="Being_at_risk" status="MANUAL" ID="6669330">
            <layer rank="1" name="Target">
                <label cBy="WMcQ" end="108" start="99" name="Target"/>
            </layer>
            <layer rank="1" name="FE">
                <label cBy="WMcQ" feID="8483" bgColor="1E90FF" fgColor="FFFFFF" end="121" start="110" name="Dangerous_entity"/>
                <label cBy="WMcQ" feID="8480" bgColor="FF0000" fgColor="FFFFFF" end="88" start="73" name="Asset"/>
                <label cBy="WMcQ" feID="10577" bgColor="7CCD7C" fgColor="FFFFFF" end="15" start="0" name="Duration"/>
            </layer>
            <layer rank="1" name="GF">
                <label end="121" start="110" name="Dep"/>
                <label end="88" start="73" name="Ext"/>
                <label end="15" start="0" name="Dep"/>
            </layer>
            <layer rank="1" name="PT">
                <label end="121" start="110" name="PP"/>
                <label end="88" start="73" name="NP"/>
                <label end="15" start="0" name="PP"/>
            </layer>
            <layer rank="1" name="Other"/>
            <layer rank="1" name="Sent"/>
            <layer rank="1" name="Adj"/>
        </annotationSet>
        <annotationSet cDate="07/18/2014 03:35:29 PDT Fri" luID="14292" luName="at least.adv" frameID="1923" frameName="Proportional_quantity" status="MANUAL" ID="6669809">
            <layer rank="1" name="Target">
                <label cBy="WMcQ" end="20" start="19" name="Target"/>
                <label cBy="WMcQ" end="26" start="22" name="Target"/>
            </layer>
            <layer rank="1" name="FE">
                <label cBy="WMcQ" feID="11577" bgColor="00BFFF" fgColor="FFFFFF" end="30" start="28" name="Reference_quantity"/>
                <label cBy="WMcQ" feID="11575" bgColor="008000" fgColor="FFFFFF" end="37" start="32" name="Individuals"/>
            </layer>
            <layer rank="1" name="GF">
                <label end="30" start="28" name="Dep"/>
                <label end="37" start="32" name="Head"/>
            </layer>
            <layer rank="1" name="PT">
                <label end="30" start="28" name="Num"/>
                <label end="37" start="32" name="N"/>
            </layer>
            <layer rank="1" name="Other"/>
            <layer rank="1" name="Sent"/>
            <layer rank="1" name="Adv"/>
            <layer rank="2" name="FE">
                <label cBy="WMcQ" feID="11573" bgColor="0000FF" fgColor="FFFFFF" end="30" start="19" name="Denoted_quantity"/>
            </layer>
        </annotationSet>
        <annotationSet cDate="07/21/2014 03:40:07 PDT Mon" luID="17645" luName="for.prep" frameID="2121" frameName="Duration_relation" status="MANUAL" ID="6671495">
            <layer rank="1" name="Target">
                <label cBy="MJE" end="2" start="0" name="Target"/>
            </layer>
            <layer rank="1" name="FE">
                <label cBy="MJE" feID="13108" bgColor="800080" fgColor="FFFFFF" end="15" start="4" name="Duration"/>
                <label cBy="MJE" feID="13105" bgColor="006400" fgColor="FFFFFF" end="121" start="19" name="Eventuality"/>
            </layer>
            <layer rank="1" name="GF">
                <label end="15" start="4" name="Dep"/>
                <label end="121" start="19" name="Head"/>
            </layer>
            <layer rank="1" name="PT">
                <label end="15" start="4" name="NP"/>
                <label end="121" start="19" name="Sfin"/>
            </layer>
            <layer rank="1" name="Other"/>
            <layer rank="1" name="Sent"/>
            <layer rank="1" name="Prep"/>
        </annotationSet>
    </sentence>
    <sentence corpID="246" docID="25617" sentNo="1" paragNo="10" aPos="0" ID="4164995">
        <text>Several people celebrating a wedding have also been trapped by the fire but are not injured and authorities say they are in no danger from the blaze .</text>
        <annotationSet cDate="07/17/2014 11:43:37 PDT Thu" status="UNANN" ID="6669165">
            <layer rank="1" name="PENN">
                <label end="6" start="0" name="jj"/>
                <label end="13" start="8" name="nns"/>
                <label end="25" start="15" name="VVG"/>
                <label end="27" start="27" name="dt"/>
                <label end="35" start="29" name="nn"/>
                <label end="40" start="37" name="VHP"/>
                <label end="45" start="42" name="rb"/>
                <label end="50" start="47" name="VBN"/>
                <label end="58" start="52" name="VVN"/>
                <label end="61" start="60" name="in"/>
                <label end="65" start="63" name="dt"/>
                <label end="70" start="67" name="nn"/>
                <label end="74" start="72" name="cc"/>
                <label end="78" start="76" name="vbp"/>
                <label end="82" start="80" name="rb"/>
                <label end="90" start="84" name="VVN"/>
                <label end="94" start="92" name="cc"/>
                <label end="106" start="96" name="nns"/>
                <label end="110" start="108" name="VVP"/>
                <label end="115" start="112" name="PP"/>
                <label end="119" start="117" name="vbp"/>
                <label end="122" start="121" name="in"/>
                <label end="125" start="124" name="dt"/>
                <label end="132" start="127" name="nn"/>
                <label end="137" start="134" name="in"/>
                <label end="141" start="139" name="dt"/>
                <label end="147" start="143" name="nn"/>
                <label end="149" start="149" name="sent"/>
            </layer>
            <layer rank="1" name="NER"/>
            <layer rank="1" name="WSL">
                <label end="27" start="27" name="NT"/>
                <label end="40" start="37" name="NT"/>
                <label end="45" start="42" name="NT"/>
                <label end="50" start="47" name="NT"/>
                <label end="61" start="60" name="NT"/>
                <label end="65" start="63" name="NT"/>
                <label end="74" start="72" name="NT"/>
                <label end="78" start="76" name="NT"/>
                <label end="82" start="80" name="NT"/>
                <label end="94" start="92" name="NT"/>
                <label end="115" start="112" name="NT"/>
                <label end="119" start="117" name="NT"/>
                <label end="125" start="124" name="NT"/>
                <label end="137" start="134" name="NT"/>
                <label end="141" start="139" name="NT"/>
                <label end="149" start="149" name="NT"/>
            </layer>
        </annotationSet>
        <annotationSet cDate="07/17/2014 04:41:45 PDT Thu" luID="5511" luName="people.n" frameID="304" frameName="People" status="MANUAL" ID="6669331">
            <layer rank="1" name="Target">
                <label cBy="WMcQ" end="13" start="8" name="Target"/>
            </layer>
            <layer rank="1" name="FE">
                <label cBy="WMcQ" feID="2618" bgColor="FF0000" fgColor="FFFFFF" end="13" start="8" name="Person"/>
            </layer>
            <layer rank="1" name="GF"/>
            <layer rank="1" name="PT"/>
            <layer rank="1" name="Other"/>
            <layer rank="1" name="Sent"/>
            <layer rank="1" name="Noun"/>
        </annotationSet>
        <annotationSet cDate="07/17/2014 04:42:24 PDT Thu" luID="17455" luName="fire.n" frameID="2824" frameName="Fire_burning" status="MANUAL" ID="6669332">
            <layer rank="1" name="Target">
                <label cBy="WMcQ" end="70" start="67" name="Target"/>
            </layer>
            <layer rank="1" name="FE">
                <label cBy="WMcQ" feID="16018" bgColor="0000FF" fgColor="FFFFFF" end="70" start="67" name="Fire"/>
            </layer>
            <layer rank="1" name="GF"/>
            <layer rank="1" name="PT"/>
            <layer rank="1" name="Other"/>
            <layer rank="1" name="Sent"/>
            <layer rank="1" name="Noun"/>
        </annotationSet>
        <annotationSet cDate="07/17/2014 04:42:52 PDT Thu" luID="11420" luName="authority.n" frameID="73" frameName="Leadership" status="MANUAL" ID="6669333">
            <layer rank="1" name="Target">
                <label cBy="WMcQ" end="106" start="96" name="Target"/>
            </layer>
            <layer rank="1" name="FE">
                <label cBy="WMcQ" feID="347" bgColor="FF0000" fgColor="FFFFFF" end="106" start="96" name="Leader"/>
            </layer>
            <layer rank="1" name="GF"/>
            <layer rank="1" name="PT"/>
            <layer rank="1" name="Other"/>
            <layer rank="1" name="Sent"/>
            <layer rank="1" name="Noun"/>
        </annotationSet>
        <annotationSet cDate="07/17/2014 04:43:10 PDT Thu" luID="751" luName="say.v" frameID="43" frameName="Statement" status="MANUAL" ID="6669334">
            <layer rank="1" name="Target">
                <label cBy="WMcQ" end="110" start="108" name="Target"/>
            </layer>
            <layer rank="1" name="FE">
                <label cBy="WMcQ" feID="183" bgColor="FF0000" fgColor="FFFFFF" end="106" start="96" name="Speaker"/>
                <label cBy="WMcQ" feID="185" bgColor="00BFFF" fgColor="FFFFFF" end="147" start="112" name="Message"/>
            </layer>
            <layer rank="1" name="GF">
                <label end="106" start="96" name="Ext"/>
                <label end="147" start="112" name="Dep"/>
            </layer>
            <layer rank="1" name="PT">
                <label end="106" start="96" name="NP"/>
                <label end="147" start="112" name="Sfin"/>
            </layer>
            <layer rank="1" name="Other"/>
            <layer rank="1" name="Sent"/>
            <layer rank="1" name="Verb"/>
        </annotationSet>
        <annotationSet cDate="07/17/2014 04:43:33 PDT Thu" luID="17489" luName="blaze.n" frameID="2824" frameName="Fire_burning" status="MANUAL" ID="6669335">
            <layer rank="1" name="Target">
                <label cBy="WMcQ" end="147" start="143" name="Target"/>
            </layer>
            <layer rank="1" name="FE">
                <label cBy="WMcQ" feID="16018" bgColor="0000FF" fgColor="FFFFFF" end="147" start="143" name="Fire"/>
            </layer>
            <layer rank="1" name="GF"/>
            <layer rank="1" name="PT"/>
            <layer rank="1" name="Other"/>
            <layer rank="1" name="Sent"/>
            <layer rank="1" name="Noun"/>
        </annotationSet>
        <annotationSet cDate="07/17/2014 04:44:35 PDT Thu" luID="13506" luName="danger.n" frameID="1560" frameName="Being_at_risk" status="MANUAL" ID="6669336">
            <layer rank="1" name="Target">
                <label cBy="WMcQ" end="132" start="127" name="Target"/>
            </layer>
            <layer rank="1" name="FE">
                <label cBy="WMcQ" feID="8480" bgColor="FF0000" fgColor="FFFFFF" end="115" start="112" name="Asset"/>
                <label cBy="WMcQ" feID="8483" bgColor="1E90FF" fgColor="FFFFFF" end="147" start="134" name="Dangerous_entity"/>
            </layer>
            <layer rank="1" name="GF">
                <label end="115" start="112" name="Ext"/>
                <label end="147" start="134" name="Dep"/>
            </layer>
            <layer rank="1" name="PT">
                <label end="115" start="112" name="NP"/>
                <label end="147" start="134" name="PP"/>
            </layer>
            <layer rank="1" name="Other"/>
            <layer rank="1" name="Sent"/>
            <layer rank="1" name="Noun">
                <label end="122" start="121" name="Supp"/>
                <label end="119" start="117" name="Cop"/>
            </layer>
        </annotationSet>
    </sentence>
    <sentence corpID="246" docID="25617" sentNo="1" paragNo="11" aPos="0" ID="4164996">
        <text>However , there are currently around 1000 people under mandatory evacuations , and the city has been declared in a state of emergency .</text>
        <annotationSet cDate="07/17/2014 11:43:37 PDT Thu" status="UNANN" ID="6669166">
            <layer rank="1" name="PENN">
                <label end="6" start="0" name="rb"/>
                <label end="8" start="8" name=","/>
                <label end="14" start="10" name="ex"/>
                <label end="18" start="16" name="vbp"/>
                <label end="28" start="20" name="rb"/>
                <label end="35" start="30" name="rb"/>
                <label end="40" start="37" name="cd"/>
                <label end="47" start="42" name="nns"/>
                <label end="53" start="49" name="in"/>
                <label end="63" start="55" name="jj"/>
                <label end="75" start="65" name="nns"/>
                <label end="77" start="77" name=","/>
                <label end="81" start="79" name="cc"/>
                <label end="85" start="83" name="dt"/>
                <label end="90" start="87" name="nn"/>
                <label end="94" start="92" name="VHZ"/>
                <label end="99" start="96" name="VBN"/>
                <label end="108" start="101" name="VVN"/>
                <label end="111" start="110" name="in"/>
                <label end="113" start="113" name="dt"/>
                <label end="119" start="115" name="nn"/>
                <label end="122" start="121" name="in"/>
                <label end="132" start="124" name="nn"/>
                <label end="134" start="134" name="sent"/>
            </layer>
            <layer rank="1" name="NER"/>
            <layer rank="1" name="WSL">
                <label end="6" start="0" name="NT"/>
                <label end="8" start="8" name="NT"/>
                <label end="40" start="37" name="NT"/>
                <label end="53" start="49" name="NT"/>
                <label end="77" start="77" name="NT"/>
                <label end="81" start="79" name="NT"/>
                <label end="85" start="83" name="NT"/>
                <label end="94" start="92" name="NT"/>
                <label end="99" start="96" name="NT"/>
                <label end="111" start="110" name="NT"/>
                <label end="113" start="113" name="NT"/>
                <label end="122" start="121" name="NT"/>
                <label end="134" start="134" name="NT"/>
            </layer>
        </annotationSet>
        <annotationSet cDate="07/17/2014 04:45:59 PDT Thu" luID="5511" luName="people.n" frameID="304" frameName="People" status="MANUAL" ID="6669337">
            <layer rank="1" name="Target">
                <label cBy="WMcQ" end="47" start="42" name="Target"/>
            </layer>
            <layer rank="1" name="FE">
                <label cBy="WMcQ" feID="2618" bgColor="FF0000" fgColor="FFFFFF" end="47" start="42" name="Person"/>
            </layer>
            <layer rank="1" name="GF"/>
            <layer rank="1" name="PT"/>
            <layer rank="1" name="Other"/>
            <layer rank="1" name="Sent"/>
            <layer rank="1" name="Noun"/>
        </annotationSet>
        <annotationSet cDate="07/17/2014 04:46:31 PDT Thu" luID="3764" luName="city.n" frameID="195" frameName="Political_locales" status="MANUAL" ID="6669339">
            <layer rank="1" name="Target">
                <label cBy="WMcQ" end="90" start="87" name="Target"/>
            </layer>
            <layer rank="1" name="FE">
                <label cBy="WMcQ" feID="1583" bgColor="00008B" fgColor="FFFFFF" end="90" start="87" name="Locale"/>
            </layer>
            <layer rank="1" name="GF"/>
            <layer rank="1" name="PT"/>
            <layer rank="1" name="Other"/>
            <layer rank="1" name="Sent"/>
            <layer rank="1" name="Noun"/>
        </annotationSet>
        <annotationSet cDate="07/17/2014 04:47:08 PDT Thu" luID="1130" luName="evacuation.n" frameID="63" frameName="Removing" status="MANUAL" ID="6669340">
            <layer rank="1" name="Target">
                <label cBy="WMcQ" end="75" start="65" name="Target"/>
            </layer>
            <layer rank="1" name="FE">
                <label cBy="WMcQ" feID="280" bgColor="800080" fgColor="FFFFFF" end="47" start="30" name="Theme"/>
            </layer>
            <layer rank="1" name="GF">
                <label end="47" start="30" name="Dep"/>
            </layer>
            <layer rank="1" name="PT">
                <label end="47" start="30" name="NP"/>
            </layer>
            <layer rank="1" name="Other"/>
            <layer rank="1" name="Sent"/>
            <layer rank="1" name="Noun"/>
        </annotationSet>
        <annotationSet cDate="07/17/2014 04:52:49 PDT Thu" luID="714" luName="declare.v" frameID="43" frameName="Statement" status="MANUAL" ID="6669341">
            <layer rank="1" name="Target">
                <label cBy="WMcQ" end="108" start="101" name="Target"/>
            </layer>
            <layer rank="1" name="FE">
                <label cBy="WMcQ" feID="185" bgColor="00BFFF" fgColor="FFFFFF" end="132" start="110" name="Message"/>
                <label cBy="WMcQ" feID="185" bgColor="00BFFF" fgColor="FFFFFF" end="90" start="83" name="Message"/>
                <label cBy="MJE" feID="183" itype="CNI" bgColor="FF0000" fgColor="FFFFFF" name="Speaker"/>
            </layer>
            <layer rank="1" name="GF">
                <label end="132" start="110" name="Dep"/>
                <label end="90" start="83" name="Ext"/>
            </layer>
            <layer rank="1" name="PT">
                <label end="132" start="110" name="PP"/>
                <label end="90" start="83" name="NP"/>
            </layer>
            <layer rank="1" name="Other"/>
            <layer rank="1" name="Sent"/>
            <layer rank="1" name="Verb"/>
        </annotationSet>
        <annotationSet cDate="07/17/2014 04:54:47 PDT Thu" luID="12596" luName="state.n" frameID="1600" frameName="State_of_entity" status="MANUAL" ID="6669342">
            <layer rank="1" name="Target">
                <label cBy="WMcQ" end="119" start="115" name="Target"/>
            </layer>
            <layer rank="1" name="FE">
                <label cBy="WMcQ" feID="8787" bgColor="FF0000" fgColor="FFFFFF" end="90" start="83" name="Entity"/>
                <label cBy="WMcQ" feID="8789" bgColor="008000" fgColor="FFFFFF" end="132" start="121" name="State"/>
            </layer>
            <layer rank="1" name="GF">
                <label end="90" start="83" name="Ext"/>
                <label end="132" start="121" name="Dep"/>
            </layer>
            <layer rank="1" name="PT">
                <label end="90" start="83" name="NP"/>
                <label end="132" start="121" name="PP"/>
            </layer>
            <layer rank="1" name="Other"/>
            <layer rank="1" name="Sent"/>
            <layer rank="1" name="Noun">
                <label end="111" start="110" name="Supp"/>
            </layer>
        </annotationSet>
        <annotationSet cDate="07/18/2014 03:37:03 PDT Fri" luID="14278" luName="around.prep" frameID="1923" frameName="Proportional_quantity" status="MANUAL" ID="6669811">
            <layer rank="1" name="Target">
                <label cBy="WMcQ" end="35" start="30" name="Target"/>
            </layer>
            <layer rank="1" name="FE">
                <label cBy="WMcQ" feID="11577" bgColor="00BFFF" fgColor="FFFFFF" end="40" start="37" name="Reference_quantity"/>
                <label cBy="WMcQ" feID="11575" bgColor="008000" fgColor="FFFFFF" end="47" start="42" name="Individuals"/>
            </layer>
            <layer rank="1" name="GF">
                <label end="40" start="37" name="Dep"/>
                <label end="47" start="42" name="Head"/>
            </layer>
            <layer rank="1" name="PT">
                <label end="40" start="37" name="Num"/>
                <label end="47" start="42" name="N"/>
            </layer>
            <layer rank="1" name="Other"/>
            <layer rank="1" name="Sent"/>
            <layer rank="1" name="Prep"/>
            <layer rank="2" name="FE">
                <label cBy="WMcQ" feID="11573" bgColor="0000FF" fgColor="FFFFFF" end="40" start="30" name="Denoted_quantity"/>
            </layer>
        </annotationSet>
        <annotationSet cDate="07/21/2014 03:46:51 PDT Mon" luID="14085" luName="currently.adv" frameID="1895" frameName="Temporal_collocation" status="MANUAL" ID="6671504">
            <layer rank="1" name="Target">
                <label cBy="MJE" end="28" start="20" name="Target"/>
            </layer>
            <layer rank="1" name="FE">
                <label cBy="MJE" feID="12064" bgColor="FF00FF" fgColor="FFFFFF" end="18" start="10" name="Trajector_event"/>
                <label cBy="MJE" feID="12064" bgColor="FF00FF" fgColor="FFFFFF" end="75" start="30" name="Trajector_event"/>
            </layer>
            <layer rank="1" name="GF">
                <label end="18" start="10" name="Head"/>
                <label end="75" start="30" name="Head"/>
            </layer>
            <layer rank="1" name="PT">
                <label end="18" start="10" name="Sfin"/>
                <label end="75" start="30" name="Sfin"/>
            </layer>
            <layer rank="1" name="Other"/>
            <layer rank="1" name="Sent"/>
            <layer rank="1" name="Adv"/>
        </annotationSet>
        <annotationSet cDate="07/21/2014 03:47:46 PDT Mon" luID="10329" luName="there be.v" frameID="660" frameName="Existence" status="MANUAL" ID="6671506">
            <layer rank="1" name="Target">
                <label cBy="MJE" end="18" start="16" name="Target"/>
                <label cBy="MJE" end="14" start="10" name="Target"/>
            </layer>
            <layer rank="1" name="FE">
                <label cBy="MJE" feID="4382" bgColor="FFA500" fgColor="FFFFFF" end="28" start="20" name="Time"/>
                <label cBy="MJE" feID="4381" bgColor="0000FF" fgColor="FFFFFF" end="47" start="30" name="Entity"/>
                <label cBy="MJE" feID="4385" bgColor="A52A2A" fgColor="FFFFFF" end="75" start="49" name="State"/>
            </layer>
            <layer rank="1" name="GF">
                <label end="28" start="20" name="Dep"/>
                <label end="47" start="30" name="Ext"/>
                <label end="75" start="49" name="Dep"/>
            </layer>
            <layer rank="1" name="PT">
                <label end="28" start="20" name="AVP"/>
                <label end="47" start="30" name="NP"/>
                <label end="75" start="49" name="PP"/>
            </layer>
            <layer rank="1" name="Other"/>
            <layer rank="1" name="Sent"/>
            <layer rank="1" name="Verb"/>
        </annotationSet>
    </sentence>
    <sentence corpID="246" docID="25617" sentNo="1" paragNo="12" aPos="0" ID="4164997">
        <text>It could take at least five days before the fire can be brought under full control .</text>
        <annotationSet cDate="07/17/2014 11:43:37 PDT Thu" status="UNANN" ID="6669167">
            <layer rank="1" name="PENN">
                <label end="1" start="0" name="PP"/>
                <label end="7" start="3" name="md"/>
                <label end="12" start="9" name="VV"/>
                <label end="15" start="14" name="in"/>
                <label end="21" start="17" name="jjs"/>
                <label end="26" start="23" name="cd"/>
                <label end="31" start="28" name="nns"/>
                <label end="38" start="33" name="in"/>
                <label end="42" start="40" name="dt"/>
                <label end="47" start="44" name="nn"/>
                <label end="51" start="49" name="md"/>
                <label end="54" start="53" name="vb"/>
                <label end="62" start="56" name="VVN"/>
                <label end="68" start="64" name="in"/>
                <label end="73" start="70" name="jj"/>
                <label end="81" start="75" name="nn"/>
                <label end="83" start="83" name="sent"/>
            </layer>
            <layer rank="1" name="NER"/>
            <layer rank="1" name="WSL">
                <label end="1" start="0" name="NT"/>
                <label end="15" start="14" name="NT"/>
                <label end="26" start="23" name="NT"/>
                <label end="38" start="33" name="NT"/>
                <label end="42" start="40" name="NT"/>
                <label end="51" start="49" name="NT"/>
                <label end="54" start="53" name="NT"/>
                <label end="68" start="64" name="NT"/>
                <label end="83" start="83" name="NT"/>
            </layer>
        </annotationSet>
        <annotationSet cDate="07/17/2014 04:55:55 PDT Thu" luID="10042" luName="take.v" frameID="967" frameName="Taking_time" status="MANUAL" ID="6669343">
            <layer rank="1" name="Target">
                <label cBy="WMcQ" end="12" start="9" name="Target"/>
            </layer>
            <layer rank="1" name="FE">
                <label cBy="WMcQ" feID="5910" bgColor="008000" fgColor="FFFFFF" end="31" start="14" name="Time_length"/>
                <label cBy="WMcQ" feID="5908" bgColor="800080" fgColor="FFFFFF" end="81" start="33" name="Activity"/>
            </layer>
            <layer rank="1" name="GF">
                <label end="31" start="14" name="Dep"/>
                <label end="81" start="33" name="Dep"/>
            </layer>
            <layer rank="1" name="PT">
                <label end="31" start="14" name="NP"/>
                <label end="81" start="33" name="Sub"/>
            </layer>
            <layer rank="1" name="Other">
                <label end="1" start="0" name="Null"/>
            </layer>
            <layer rank="1" name="Sent"/>
            <layer rank="1" name="Verb"/>
        </annotationSet>
        <annotationSet cDate="07/17/2014 04:56:53 PDT Thu" luID="17455" luName="fire.n" frameID="2824" frameName="Fire_burning" status="MANUAL" ID="6669344">
            <layer rank="1" name="Target">
                <label cBy="WMcQ" end="47" start="44" name="Target"/>
            </layer>
            <layer rank="1" name="FE">
                <label cBy="WMcQ" feID="16018" bgColor="0000FF" fgColor="FFFFFF" end="47" start="44" name="Fire"/>
            </layer>
            <layer rank="1" name="GF"/>
            <layer rank="1" name="PT"/>
            <layer rank="1" name="Other"/>
            <layer rank="1" name="Sent"/>
            <layer rank="1" name="Noun"/>
        </annotationSet>
        <annotationSet cDate="07/21/2014 05:02:42 PDT Mon" luID="17413" luName="could.v" frameID="2120" frameName="Possibility" status="MANUAL" ID="6671572">
            <layer rank="1" name="Target">
                <label cBy="MJE" end="7" start="3" name="Target"/>
            </layer>
            <layer rank="1" name="FE">
                <label cBy="MJE" feID="13096" bgColor="008000" fgColor="FFFFFF" end="1" start="0" name="Possible_event"/>
                <label cBy="MJE" feID="13096" bgColor="008000" fgColor="FFFFFF" end="81" start="9" name="Possible_event"/>
                <label cBy="MJE" feID="13104" itype="INI" bgColor="00BFFF" fgColor="FFFFFF" name="Condition"/>
            </layer>
            <layer rank="1" name="GF">
                <label end="1" start="0" name="Ext"/>
                <label end="81" start="9" name="Dep"/>
            </layer>
            <layer rank="1" name="PT">
                <label end="1" start="0" name="NP"/>
                <label end="81" start="9" name="VPbrst"/>
            </layer>
            <layer rank="1" name="Other"/>
            <layer rank="1" name="Sent"/>
            <layer rank="1" name="Verb"/>
        </annotationSet>
    </sentence>
</fullTextAnnotation>