<?xml version="1.0" encoding="UTF-8" standalone="yes"?>
<?xml-stylesheet type="text/xsl" href="frameIndex.xsl"?>
<frameIndex xsi:schemaLocation="schema/frameIndex.xsd" xmlns="http://framenet.icsi.berkeley.edu" xmlns:xsi="http://www.w3.org/2001/XMLSchema-instance">
    <frame mDate="09/11/2013 02:13:50 PDT Wed" ID="2031" name="Abandonment"/>
    <frame mDate="08/05/2005 11:30:19 PDT Fri" ID="262" name="Abounding_with"/>
    <frame mDate="11/30/2004 10:59:58 PST Tue" ID="830" name="Absorb_heat"/>
    <frame mDate="08/05/2005 03:58:33 PDT Fri" ID="1602" name="Abundance"/>
    <frame mDate="01/04/2013 01:43:56 PST Fri" ID="482" name="Abusing"/>
    <frame mDate="02/09/2007 06:00:39 PST Fri" ID="1871" name="Access_scenario"/>
    <frame mDate="08/20/2013 05:44:36 PDT Tue" ID="258" name="Accompaniment"/>
    <frame mDate="11/02/2012 11:06:40 PDT Fri" ID="1519" name="Accomplishment"/>
    <frame mDate="08/04/2004 04:30:21 PDT Wed" ID="158" name="Accoutrements"/>
    <frame mDate="03/26/2007 12:23:20 PDT Mon" ID="1903" name="Accuracy"/>
    <frame mDate="06/12/2008 12:26:01 PDT Thu" ID="403" name="Achieving_first"/>
    <frame mDate="05/08/2005 07:46:09 PDT Sun" ID="1322" name="Active_substance"/>
    <frame mDate="06/02/2006 08:19:19 PDT Fri" ID="124" name="Activity"/>
    <frame mDate="07/19/2006 05:13:34 PDT Wed" ID="168" name="Activity_abandoned_state"/>
    <frame mDate="11/02/2012 11:17:38 PDT Fri" ID="182" name="Activity_done_state"/>
    <frame mDate="11/02/2012 11:22:33 PDT Fri" ID="165" name="Activity_finish"/>
    <frame mDate="11/02/2012 11:31:08 PDT Fri" ID="164" name="Activity_ongoing"/>
    <frame mDate="11/02/2012 11:42:03 PDT Fri" ID="167" name="Activity_pause"/>
    <frame mDate="07/19/2006 05:14:14 PDT Wed" ID="181" name="Activity_paused_state"/>
    <frame mDate="11/02/2012 12:00:54 PDT Fri" ID="170" name="Activity_prepare"/>
    <frame mDate="06/21/2005 08:12:36 PDT Tue" ID="169" name="Activity_ready_state"/>
    <frame mDate="06/30/2004 11:11:33 PDT Wed" ID="1156" name="Activity_resume"/>
    <frame mDate="11/09/2012 09:53:13 PST Fri" ID="146" name="Activity_start"/>
    <frame mDate="11/09/2012 09:58:10 PST Fri" ID="166" name="Activity_stop"/>
    <frame mDate="01/31/2006 01:44:53 PST Tue" ID="1580" name="Actually_occurring_entity"/>
    <frame mDate="11/09/2012 10:06:01 PST Fri" ID="213" name="Addiction"/>
    <frame mDate="11/30/2004 05:18:15 PST Tue" ID="621" name="Adding_up"/>
    <frame mDate="05/04/2010 04:31:37 PDT Tue" ID="1601" name="Adducing"/>
    <frame mDate="01/23/2015 11:45:23 PST Fri" ID="2891" name="Adjacency"/>
    <frame mDate="08/10/2011 05:07:16 PDT Wed" ID="1376" name="Adjusting"/>
    <frame mDate="05/30/2006 02:56:04 PDT Tue" ID="1590" name="Adopt_selection"/>
    <frame mDate="11/09/2012 10:12:15 PST Fri" ID="1016" name="Aesthetics"/>
    <frame mDate="01/05/2016 05:30:35 PST Tue" ID="2974" name="Affirm_or_deny"/>
    <frame mDate="06/07/2010 06:26:47 PDT Mon" ID="972" name="Age"/>
    <frame mDate="09/19/2014 04:02:08 PDT Fri" ID="103" name="Aggregate"/>
    <frame mDate="06/08/2010 12:37:19 PDT Tue" ID="1919" name="Aging"/>
    <frame mDate="11/09/2012 10:17:56 PST Fri" ID="1625" name="Agree_or_refuse_to_act"/>
    <frame mDate="12/03/2012 04:16:19 PST Mon" ID="2012" name="Agriculture"/>
    <frame mDate="05/05/2008 05:52:39 PDT Mon" ID="1901" name="Aiming"/>
    <frame mDate="02/25/2008 07:09:09 PST Mon" ID="2020" name="Alignment_image_schema"/>
    <frame mDate="12/18/2012 05:06:45 PST Tue" ID="1574" name="Alliance"/>
    <frame mDate="06/30/2015 08:03:52 PDT Tue" ID="1931" name="Alternatives"/>
    <frame mDate="06/30/2015 07:59:38 PDT Tue" ID="2950" name="Alternativity"/>
    <frame mDate="08/18/2004 02:48:49 PDT Wed" ID="790" name="Amalgamation"/>
    <frame mDate="12/18/2012 05:10:21 PST Tue" ID="1482" name="Amassing"/>
    <frame mDate="06/09/2016 05:50:08 PDT Thu" ID="1052" name="Ambient_temperature"/>
    <frame mDate="07/15/2005 04:11:35 PDT Fri" ID="1565" name="Ammunition"/>
    <frame mDate="08/12/2004 04:18:21 PDT Thu" ID="602" name="Amounting_to"/>
    <frame mDate="07/21/2014 09:38:21 PDT Mon" ID="2840" name="Animals"/>
    <frame mDate="04/09/2008 03:56:56 PDT Wed" ID="2049" name="Annoyance"/>
    <frame mDate="01/22/2003 02:53:20 PST Wed" ID="504" name="Appeal"/>
    <frame mDate="06/30/2015 03:39:45 PDT Tue" ID="2390" name="Appellations"/>
    <frame mDate="09/19/2014 04:02:08 PDT Fri" ID="236" name="Apply_heat"/>
    <frame mDate="04/02/2007 05:26:39 PDT Mon" ID="1925" name="Appointing"/>
    <frame mDate="02/19/2004 05:39:52 PST Thu" ID="971" name="Architectural_part"/>
    <frame mDate="03/08/2010 05:06:32 PST Mon" ID="2234" name="Arithmetic"/>
    <frame mDate="03/09/2010 03:05:48 PST Tue" ID="2245" name="Arithmetic_commutative"/>
    <frame mDate="03/10/2010 12:42:04 PST Wed" ID="2236" name="Arithmetic_non-commutative"/>
    <frame mDate="08/04/2011 03:34:37 PDT Thu" ID="2602" name="Armor"/>
    <frame mDate="12/10/2012 03:55:47 PST Mon" ID="120" name="Arraignment"/>
    <frame mDate="08/16/2013 09:17:02 PDT Fri" ID="921" name="Arranging"/>
    <frame mDate="01/06/2003 05:30:50 PST Mon" ID="202" name="Arrest"/>
    <frame mDate="12/10/2012 01:24:11 PST Mon" ID="54" name="Arriving"/>
    <frame mDate="12/18/2012 05:15:48 PST Tue" ID="138" name="Arson"/>
    <frame mDate="12/18/2012 05:20:53 PST Tue" ID="421" name="Artifact"/>
    <frame mDate="12/10/2010 04:02:21 PST Fri" ID="2470" name="Artifact_subpart"/>
    <frame mDate="06/03/2014 03:40:55 PDT Tue" ID="1660" name="Artificiality"/>
    <frame mDate="03/31/2011 01:03:48 PDT Thu" ID="2490" name="Artistic_style"/>
    <frame mDate="03/08/2010 02:18:59 PST Mon" ID="2237" name="Assemble"/>
    <frame mDate="01/19/2005 06:35:35 PST Wed" ID="519" name="Assessing"/>
    <frame mDate="12/07/2015 03:52:05 PST Mon" ID="2628" name="Assigned_location"/>
    <frame mDate="07/21/2015 03:06:43 PDT Tue" ID="391" name="Assistance"/>
    <frame mDate="04/14/2015 11:21:59 PDT Tue" ID="226" name="Asymmetric_reciprocality"/>
    <frame mDate="12/18/2012 05:24:01 PST Tue" ID="388" name="Atonement"/>
    <frame mDate="06/07/2010 03:38:03 PDT Mon" ID="197" name="Attaching"/>
    <frame mDate="06/15/2015 12:34:44 PDT Mon" ID="424" name="Attack"/>
    <frame mDate="08/08/2011 10:38:25 PDT Mon" ID="116" name="Attempt"/>
    <frame mDate="09/08/2016 11:33:49 PDT Thu" ID="3020" name="Attempt_action_scenario"/>
    <frame mDate="03/24/2007 04:24:26 PDT Sat" ID="1900" name="Attempt_distant_interaction_scenario"/>
    <frame mDate="10/25/2016 02:05:27 PDT Tue" ID="2132" name="Attempt_means"/>
    <frame mDate="02/26/2008 03:10:55 PST Tue" ID="2007" name="Attempt_obtain_food_scenario"/>
    <frame mDate="08/18/2016 02:52:39 PDT Thu" ID="2221" name="Attempt_obtain_mineral_scenario"/>
    <frame mDate="04/30/2012 10:55:24 PDT Mon" ID="87" name="Attempt_suasion"/>
    <frame mDate="09/08/2016 11:38:41 PDT Thu" ID="1683" name="Attempting_and_resolving_scenario"/>
    <frame mDate="06/08/2010 01:30:20 PDT Tue" ID="2030" name="Attending"/>
    <frame mDate="12/15/2005 04:37:40 PST Thu" ID="791" name="Attention"/>
    <frame mDate="01/31/2006 12:37:48 PST Tue" ID="305" name="Attention_getting"/>
    <frame mDate="03/22/2012 01:00:24 PDT Thu" ID="2713" name="Attitude_description"/>
    <frame mDate="03/02/2005 07:52:14 PST Wed" ID="1148" name="Attributed_information"/>
    <frame mDate="02/18/2004 02:06:28 PST Wed" ID="964" name="Attributes"/>
    <frame mDate="06/18/2015 06:52:31 PDT Thu" ID="2451" name="Authority"/>
    <frame mDate="12/18/2012 05:37:39 PST Tue" ID="274" name="Avoiding"/>
    <frame mDate="10/25/2013 04:33:56 PDT Fri" ID="19" name="Awareness"/>
    <frame mDate="08/02/2011 01:20:24 PDT Tue" ID="2592" name="Awareness_situation"/>
    <frame mDate="08/02/2011 02:27:28 PDT Tue" ID="2593" name="Awareness_status"/>
    <frame mDate="12/10/2012 03:59:46 PST Mon" ID="121" name="Bail_decision"/>
    <frame mDate="09/10/2015 08:42:20 PDT Thu" ID="1160" name="Basis_for_attribute"/>
    <frame mDate="12/18/2012 05:40:07 PST Tue" ID="1380" name="Be_in_agreement_on_action"/>
    <frame mDate="11/02/2005 03:57:12 PST Wed" ID="1496" name="Be_in_agreement_on_assessment"/>
    <frame mDate="04/19/2012 11:08:55 PDT Thu" ID="2723" name="Be_on_alert"/>
    <frame mDate="11/08/2006 10:32:55 PST Wed" ID="1818" name="Be_subset_of"/>
    <frame mDate="11/17/2005 12:53:21 PST Thu" ID="1655" name="Be_translation_equivalent"/>
    <frame mDate="07/29/2005 02:16:03 PDT Fri" ID="470" name="Bearing_arms"/>
    <frame mDate="12/18/2012 05:47:40 PST Tue" ID="2074" name="Beat_opponent"/>
    <frame mDate="08/28/2015 10:34:27 PDT Fri" ID="2971" name="Becoming"/>
    <frame mDate="03/30/2006 11:23:55 PST Thu" ID="1733" name="Becoming_a_member"/>
    <frame mDate="05/07/2013 02:16:09 PDT Tue" ID="306" name="Becoming_attached"/>
    <frame mDate="02/01/2005 07:34:20 PST Tue" ID="20" name="Becoming_aware"/>
    <frame mDate="12/18/2012 05:52:57 PST Tue" ID="1391" name="Becoming_detached"/>
    <frame mDate="12/18/2012 05:57:30 PST Tue" ID="2029" name="Becoming_dry"/>
    <frame mDate="12/04/2006 03:19:56 PST Mon" ID="1863" name="Becoming_separated"/>
    <frame mDate="10/08/2015 04:25:47 PDT Thu" ID="731" name="Becoming_silent"/>
    <frame mDate="03/15/2012 09:34:38 PDT Thu" ID="2582" name="Becoming_visible"/>
    <frame mDate="12/19/2003 12:17:25 PST Fri" ID="409" name="Behind_the_scenes"/>
    <frame mDate="12/05/2005 03:42:33 PST Mon" ID="1540" name="Being_active"/>
    <frame mDate="08/21/2006 10:40:29 PDT Mon" ID="1560" name="Being_at_risk"/>
    <frame mDate="10/25/2006 10:48:57 PDT Wed" ID="307" name="Being_attached"/>
    <frame mDate="12/19/2012 11:43:37 PST Wed" ID="1681" name="Being_awake"/>
    <frame mDate="12/19/2012 11:45:35 PST Wed" ID="793" name="Being_born"/>
    <frame mDate="09/10/2015 08:48:36 PDT Thu" ID="1176" name="Being_contained_within"/>
    <frame mDate="04/24/2005 11:22:17 PDT Sun" ID="1411" name="Being_detached"/>
    <frame mDate="11/23/2004 04:02:50 PST Tue" ID="338" name="Being_dry"/>
    <frame mDate="05/17/2004 08:14:28 PDT Mon" ID="282" name="Being_employed"/>
    <frame mDate="10/12/2011 06:44:35 PDT Wed" ID="2672" name="Being_in_captivity"/>
    <frame mDate="12/19/2012 11:49:14 PST Wed" ID="1820" name="Being_in_category"/>
    <frame mDate="07/07/2015 04:53:55 PDT Tue" ID="1800" name="Being_in_control"/>
    <frame mDate="08/07/2006 01:47:09 PDT Mon" ID="1510" name="Being_in_effect"/>
    <frame mDate="11/06/2003 06:08:28 PST Thu" ID="880" name="Being_in_operation"/>
    <frame mDate="12/19/2012 11:53:13 PST Wed" ID="2673" name="Being_incarcerated"/>
    <frame mDate="11/08/2006 10:46:38 PST Wed" ID="1822" name="Being_included"/>
    <frame mDate="03/28/2007 08:24:31 PDT Wed" ID="960" name="Being_located"/>
    <frame mDate="08/13/2013 12:50:04 PDT Tue" ID="228" name="Being_named"/>
    <frame mDate="06/09/2005 03:09:28 PDT Thu" ID="1157" name="Being_necessary"/>
    <frame mDate="12/17/2015 02:35:02 PST Thu" ID="392" name="Being_obligated"/>
    <frame mDate="06/09/2005 04:08:49 PDT Thu" ID="1164" name="Being_obligatory"/>
    <frame mDate="12/19/2012 11:56:35 PST Wed" ID="1200" name="Being_operational"/>
    <frame mDate="04/24/2015 04:54:29 PDT Fri" ID="2921" name="Being_pregnant"/>
    <frame mDate="09/24/2015 10:24:15 PDT Thu" ID="531" name="Being_questionable"/>
    <frame mDate="12/19/2012 12:34:53 PST Wed" ID="2530" name="Being_relevant"/>
    <frame mDate="06/30/2015 06:49:53 PDT Tue" ID="346" name="Being_rotted"/>
    <frame mDate="09/19/2014 04:02:12 PDT Fri" ID="1440" name="Being_up_to_it"/>
    <frame mDate="09/19/2014 04:02:10 PDT Fri" ID="332" name="Being_wet"/>
    <frame mDate="11/01/2006 02:55:34 PST Wed" ID="1817" name="Besieging"/>
    <frame mDate="11/05/2004 05:25:22 PST Fri" ID="356" name="Beyond_compare"/>
    <frame mDate="02/29/2016 04:04:49 PST Mon" ID="2983" name="Billing"/>
    <frame mDate="12/19/2012 12:56:32 PST Wed" ID="193" name="Biological_area"/>
    <frame mDate="02/29/2012 12:23:33 PST Wed" ID="2701" name="Biological_classification"/>
    <frame mDate="01/19/2016 12:16:13 PST Tue" ID="2567" name="Biological_entity"/>
    <frame mDate="12/19/2012 01:00:06 PST Wed" ID="2750" name="Biological_mechanisms"/>
    <frame mDate="06/07/2010 05:27:38 PDT Mon" ID="394" name="Biological_urge"/>
    <frame mDate="04/25/2013 02:40:53 PDT Thu" ID="2811" name="Birth_scenario"/>
    <frame mDate="10/14/2005 12:19:45 PDT Fri" ID="1633" name="Board_vehicle"/>
    <frame mDate="01/06/2003 05:30:51 PST Mon" ID="299" name="Body_decoration"/>
    <frame mDate="01/06/2003 05:30:50 PST Mon" ID="157" name="Body_description_holistic"/>
    <frame mDate="04/25/2005 06:06:45 PDT Mon" ID="235" name="Body_description_part"/>
    <frame mDate="01/06/2003 05:30:51 PST Mon" ID="393" name="Body_mark"/>
    <frame mDate="08/01/2003 07:40:51 PDT Fri" ID="16" name="Body_movement"/>
    <frame mDate="06/06/2016 04:11:21 PDT Mon" ID="119" name="Body_parts"/>
    <frame mDate="09/16/2010 12:07:32 PDT Thu" ID="2371" name="Bond_maturation"/>
    <frame mDate="05/04/2015 06:23:56 PDT Mon" ID="2783" name="Borrowing"/>
    <frame mDate="12/19/2012 01:02:14 PST Wed" ID="329" name="Boundary"/>
    <frame mDate="08/04/2003 05:48:49 PDT Mon" ID="237" name="Bounded_entity"/>
    <frame mDate="02/25/2008 07:00:36 PST Mon" ID="2019" name="Bounded_region"/>
    <frame mDate="06/08/2010 12:10:44 PDT Tue" ID="1624" name="Bragging"/>
    <frame mDate="06/09/2016 05:38:54 PDT Thu" ID="1862" name="Breaking_apart"/>
    <frame mDate="05/04/2015 05:06:58 PDT Mon" ID="1860" name="Breaking_off"/>
    <frame mDate="12/19/2012 01:11:53 PST Wed" ID="2665" name="Breaking_out_captive"/>
    <frame mDate="12/19/2012 01:14:44 PST Wed" ID="272" name="Breathing"/>
    <frame mDate="06/07/2010 04:17:53 PDT Mon" ID="240" name="Bringing"/>
    <frame mDate="01/06/2003 05:30:51 PST Mon" ID="259" name="Building"/>
    <frame mDate="08/09/2011 03:18:30 PDT Tue" ID="188" name="Building_subparts"/>
    <frame mDate="11/23/2004 04:12:05 PST Tue" ID="173" name="Buildings"/>
    <frame mDate="01/06/2003 05:30:51 PST Mon" ID="266" name="Bungling"/>
    <frame mDate="05/09/2012 12:39:08 PDT Wed" ID="2740" name="Burying"/>
    <frame mDate="05/12/2015 12:51:03 PDT Tue" ID="2590" name="Business_closure"/>
    <frame mDate="12/19/2012 01:27:47 PST Wed" ID="365" name="Businesses"/>
    <frame mDate="07/15/2011 10:31:12 PDT Fri" ID="2576" name="Cache"/>
    <frame mDate="07/26/2016 10:59:20 PDT Tue" ID="229" name="Calendric_unit"/>
    <frame mDate="01/06/2003 05:30:50 PST Mon" ID="32" name="Candidness"/>
    <frame mDate="06/30/2015 05:26:30 PDT Tue" ID="990" name="Capability"/>
    <frame mDate="06/23/2009 02:29:48 PDT Tue" ID="2138" name="Capacity"/>
    <frame mDate="06/30/2015 07:01:50 PDT Tue" ID="2682" name="Capital_stock"/>
    <frame mDate="10/13/2015 07:02:02 PDT Tue" ID="218" name="Cardinal_numbers"/>
    <frame mDate="12/19/2012 01:54:34 PST Wed" ID="1850" name="Carry_goods"/>
    <frame mDate="06/30/2015 06:49:52 PDT Tue" ID="115" name="Catastrophe"/>
    <frame mDate="03/10/2014 04:36:37 PDT Mon" ID="2827" name="Catching_fire"/>
    <frame mDate="03/19/2007 12:06:19 PDT Mon" ID="21" name="Categorization"/>
    <frame mDate="01/27/2014 07:10:43 PST Mon" ID="5" name="Causation"/>
    <frame mDate="08/30/2016 10:54:43 PDT Tue" ID="217" name="Causation_scenario"/>
    <frame mDate="09/19/2014 04:02:11 PDT Fri" ID="2320" name="Cause_bodily_experience"/>
    <frame mDate="08/22/2006 02:20:19 PDT Tue" ID="683" name="Cause_change"/>
    <frame mDate="06/30/2015 06:49:53 PDT Tue" ID="383" name="Cause_change_of_consistency"/>
    <frame mDate="06/30/2015 06:49:52 PDT Tue" ID="335" name="Cause_change_of_phase"/>
    <frame mDate="12/10/2012 02:55:53 PST Mon" ID="96" name="Cause_change_of_position_on_a_scale"/>
    <frame mDate="12/19/2012 03:08:04 PST Wed" ID="1781" name="Cause_change_of_strength"/>
    <frame mDate="04/17/2008 02:47:52 PDT Thu" ID="2041" name="Cause_emotion"/>
    <frame mDate="08/17/2015 03:52:04 PDT Mon" ID="77" name="Cause_expansion"/>
    <frame mDate="12/19/2012 03:11:51 PST Wed" ID="920" name="Cause_fluidic_motion"/>
    <frame mDate="12/10/2012 03:25:06 PST Mon" ID="112" name="Cause_harm"/>
    <frame mDate="06/16/2008 01:23:49 PDT Mon" ID="395" name="Cause_impact"/>
    <frame mDate="08/18/2016 01:47:37 PDT Thu" ID="55" name="Cause_motion"/>
    <frame mDate="07/20/2010 04:20:21 PDT Tue" ID="1905" name="Cause_proliferation_in_number"/>
    <frame mDate="10/17/2003 08:47:44 PDT Fri" ID="334" name="Cause_temperature_change"/>
    <frame mDate="09/12/2003 04:05:33 PDT Fri" ID="13" name="Cause_to_amalgamate"/>
    <frame mDate="01/06/2003 05:30:51 PST Mon" ID="337" name="Cause_to_be_dry"/>
    <frame mDate="11/29/2011 04:43:01 PST Tue" ID="2230" name="Cause_to_be_included"/>
    <frame mDate="11/30/2004 07:29:06 PST Tue" ID="1291" name="Cause_to_be_sharp"/>
    <frame mDate="06/30/2015 06:49:52 PDT Tue" ID="309" name="Cause_to_be_wet"/>
    <frame mDate="03/10/2014 01:16:07 PDT Mon" ID="2826" name="Cause_to_burn"/>
    <frame mDate="12/15/2015 07:29:15 PST Tue" ID="1060" name="Cause_to_continue"/>
    <frame mDate="06/29/2004 07:07:20 PDT Tue" ID="1149" name="Cause_to_end"/>
    <frame mDate="01/06/2003 05:30:51 PST Mon" ID="288" name="Cause_to_experience"/>
    <frame mDate="01/06/2003 05:30:51 PST Mon" ID="414" name="Cause_to_fragment"/>
    <frame mDate="09/01/2011 02:16:02 PDT Thu" ID="2643" name="Cause_to_land"/>
    <frame mDate="11/12/2004 01:12:35 PST Fri" ID="801" name="Cause_to_make_noise"/>
    <frame mDate="12/19/2012 03:14:08 PST Wed" ID="1349" name="Cause_to_make_progress"/>
    <frame mDate="06/13/2003 09:14:58 PDT Fri" ID="276" name="Cause_to_move_in_place"/>
    <frame mDate="01/26/2010 02:30:56 PST Tue" ID="2161" name="Cause_to_perceive"/>
    <frame mDate="12/19/2012 03:17:09 PST Wed" ID="1372" name="Cause_to_resume"/>
    <frame mDate="06/30/2015 06:49:54 PDT Tue" ID="2248" name="Cause_to_rot"/>
    <frame mDate="07/25/2011 01:12:07 PDT Mon" ID="381" name="Cause_to_start"/>
    <frame mDate="12/19/2012 03:26:54 PST Wed" ID="293" name="Cause_to_wake"/>
    <frame mDate="12/19/2012 03:32:04 PST Wed" ID="2104" name="Ceasing_to_be"/>
    <frame mDate="03/22/2007 10:28:11 PDT Thu" ID="141" name="Certainty"/>
    <frame mDate="12/14/2011 12:43:48 PST Wed" ID="2686" name="Change_accessibility"/>
    <frame mDate="11/17/2005 11:36:51 PST Thu" ID="1653" name="Change_direction"/>
    <frame mDate="08/15/2006 03:26:24 PDT Tue" ID="1770" name="Change_event_duration"/>
    <frame mDate="12/19/2012 03:41:04 PST Wed" ID="691" name="Change_event_time"/>
    <frame mDate="06/30/2015 06:42:22 PDT Tue" ID="341" name="Change_of_consistency"/>
    <frame mDate="06/07/2010 01:37:37 PDT Mon" ID="72" name="Change_of_leadership"/>
    <frame mDate="06/30/2015 06:49:52 PDT Tue" ID="336" name="Change_of_phase"/>
    <frame mDate="06/30/2015 06:49:54 PDT Tue" ID="1281" name="Change_of_phase_scenario"/>
    <frame mDate="02/03/2010 02:23:20 PST Wed" ID="2201" name="Change_of_quantity_of_possession"/>
    <frame mDate="05/07/2013 02:32:15 PDT Tue" ID="797" name="Change_of_temperature"/>
    <frame mDate="08/09/2006 01:10:25 PDT Wed" ID="1688" name="Change_operational_state"/>
    <frame mDate="11/04/2004 02:32:36 PST Thu" ID="91" name="Change_position_on_a_scale"/>
    <frame mDate="06/07/2016 04:48:33 PDT Tue" ID="3011" name="Change_post-state"/>
    <frame mDate="12/19/2012 03:43:07 PST Wed" ID="770" name="Change_posture"/>
    <frame mDate="12/19/2012 03:49:44 PST Wed" ID="1782" name="Change_resistance"/>
    <frame mDate="10/21/2004 06:18:57 PDT Thu" ID="1173" name="Change_tool"/>
    <frame mDate="02/28/2012 01:36:47 PST Tue" ID="2705" name="Chaos"/>
    <frame mDate="06/07/2010 06:23:54 PDT Mon" ID="910" name="Chatting"/>
    <frame mDate="06/20/2003 11:45:58 PDT Fri" ID="271" name="Chemical-sense_description"/>
    <frame mDate="04/19/2012 03:30:43 PDT Thu" ID="2724" name="Chemical_potency"/>
    <frame mDate="12/03/2015 03:04:31 PST Thu" ID="352" name="Choosing"/>
    <frame mDate="08/10/2011 04:23:27 PDT Wed" ID="2612" name="Circumscribed_existence"/>
    <frame mDate="09/17/2015 07:29:37 PDT Thu" ID="2984" name="Citing"/>
    <frame mDate="02/05/2003 08:14:51 PST Wed" ID="550" name="Claim_ownership"/>
    <frame mDate="04/27/2004 04:00:54 PDT Tue" ID="1086" name="Clemency"/>
    <frame mDate="09/17/2003 01:25:09 PDT Wed" ID="254" name="Closure"/>
    <frame mDate="01/03/2006 04:29:07 PST Tue" ID="134" name="Clothing"/>
    <frame mDate="01/06/2003 05:30:50 PST Mon" ID="194" name="Clothing_parts"/>
    <frame mDate="06/09/2016 04:04:30 PDT Thu" ID="3013" name="Co-association"/>
    <frame mDate="06/07/2006 05:30:31 PDT Wed" ID="22" name="Cogitation"/>
    <frame mDate="02/15/2016 04:32:02 PST Mon" ID="720" name="Cognitive_connection"/>
    <frame mDate="05/21/2014 12:34:28 PDT Wed" ID="2502" name="Cognitive_impact"/>
    <frame mDate="12/19/2012 03:54:07 PST Wed" ID="1812" name="Coincidence"/>
    <frame mDate="01/06/2003 05:30:51 PST Mon" ID="418" name="Collaboration"/>
    <frame mDate="02/25/2008 11:11:36 PST Mon" ID="2018" name="Collocation_image_schema"/>
    <frame mDate="09/29/2006 11:33:07 PDT Fri" ID="1794" name="Colonization"/>
    <frame mDate="01/06/2003 05:30:51 PST Mon" ID="423" name="Color"/>
    <frame mDate="12/19/2012 03:55:13 PST Wed" ID="2270" name="Color_qualities"/>
    <frame mDate="06/09/2016 08:00:34 PDT Thu" ID="3016" name="Come_down_with"/>
    <frame mDate="05/05/2015 04:54:08 PDT Tue" ID="2931" name="Come_into_effect"/>
    <frame mDate="05/05/2010 02:26:58 PDT Wed" ID="730" name="Come_together"/>
    <frame mDate="09/19/2014 04:02:10 PDT Fri" ID="316" name="Coming_to_be"/>
    <frame mDate="01/04/2006 02:39:01 PST Wed" ID="23" name="Coming_to_believe"/>
    <frame mDate="06/12/2008 01:13:00 PDT Thu" ID="27" name="Coming_up_with"/>
    <frame mDate="05/05/2010 03:03:30 PDT Wed" ID="261" name="Commemorative"/>
    <frame mDate="05/14/2012 10:39:00 PDT Mon" ID="171" name="Commerce_buy"/>
    <frame mDate="12/19/2012 03:57:09 PST Wed" ID="210" name="Commerce_collect"/>
    <frame mDate="10/26/2004 10:43:30 PDT Tue" ID="211" name="Commerce_goods-transfer"/>
    <frame mDate="10/26/2004 10:43:30 PDT Tue" ID="209" name="Commerce_money-transfer"/>
    <frame mDate="12/19/2012 03:59:00 PST Wed" ID="180" name="Commerce_pay"/>
    <frame mDate="10/05/2012 04:52:20 PDT Fri" ID="82" name="Commerce_scenario"/>
    <frame mDate="12/19/2012 04:01:17 PST Wed" ID="172" name="Commerce_sell"/>
    <frame mDate="12/19/2012 04:42:10 PST Wed" ID="177" name="Commercial_transaction"/>
    <frame mDate="01/06/2003 05:30:50 PST Mon" ID="33" name="Commitment"/>
    <frame mDate="02/09/2005 05:42:03 PST Wed" ID="700" name="Committing_crime"/>
    <frame mDate="12/19/2012 04:44:56 PST Wed" ID="2669" name="Commonality"/>
    <frame mDate="12/15/2005 04:26:31 PST Thu" ID="796" name="Communicate_categorization"/>
    <frame mDate="01/05/2016 04:41:55 PST Tue" ID="6" name="Communication"/>
    <frame mDate="01/04/2006 07:21:05 PST Wed" ID="38" name="Communication_manner"/>
    <frame mDate="12/19/2012 04:50:03 PST Wed" ID="242" name="Communication_means"/>
    <frame mDate="12/03/2012 05:13:50 PST Mon" ID="39" name="Communication_noise"/>
    <frame mDate="12/03/2012 05:32:08 PST Mon" ID="42" name="Communication_response"/>
    <frame mDate="04/27/2004 05:24:03 PDT Tue" ID="1088" name="Commutation"/>
    <frame mDate="03/10/2010 12:40:06 PST Wed" ID="2243" name="Commutative_process"/>
    <frame mDate="11/03/2010 01:51:51 PDT Wed" ID="2244" name="Commutative_statement"/>
    <frame mDate="01/25/2006 05:20:15 PST Wed" ID="360" name="Compatibility"/>
    <frame mDate="12/19/2012 05:06:28 PST Wed" ID="241" name="Competition"/>
    <frame mDate="01/05/2016 01:46:36 PST Tue" ID="1621" name="Complaining"/>
    <frame mDate="08/24/2011 02:47:38 PDT Wed" ID="1534" name="Completeness"/>
    <frame mDate="12/10/2012 03:40:56 PST Mon" ID="117" name="Compliance"/>
    <frame mDate="06/02/2015 11:44:27 PDT Tue" ID="2150" name="Concessive"/>
    <frame mDate="06/30/2015 06:38:59 PDT Tue" ID="2718" name="Condition_symptom_relation"/>
    <frame mDate="05/15/2015 11:22:30 PDT Fri" ID="2903" name="Conditional_occurrence"/>
    <frame mDate="05/18/2015 06:30:37 PDT Mon" ID="2902" name="Conditional_scenario"/>
    <frame mDate="09/19/2014 04:02:08 PDT Fri" ID="491" name="Conduct"/>
    <frame mDate="04/20/2012 04:46:52 PDT Fri" ID="2721" name="Conferring_benefit"/>
    <frame mDate="12/19/2012 05:38:33 PST Wed" ID="2054" name="Confronting_problem"/>
    <frame mDate="03/08/2004 06:26:34 PST Mon" ID="1025" name="Connecting_architecture"/>
    <frame mDate="11/17/2004 02:01:00 PST Wed" ID="419" name="Connectors"/>
    <frame mDate="06/08/2010 02:00:13 PDT Tue" ID="2021" name="Conquering"/>
    <frame mDate="02/27/2008 05:33:27 PST Wed" ID="2024" name="Contact_image_schema"/>
    <frame mDate="01/06/2003 05:30:51 PST Mon" ID="286" name="Contacting"/>
    <frame mDate="05/14/2010 04:26:25 PDT Fri" ID="2303" name="Container_focused_placing"/>
    <frame mDate="05/14/2010 03:09:18 PDT Fri" ID="2301" name="Container_focused_removing"/>
    <frame mDate="10/05/2012 04:32:18 PDT Fri" ID="78" name="Containers"/>
    <frame mDate="06/07/2010 05:28:31 PDT Mon" ID="397" name="Containing"/>
    <frame mDate="09/10/2015 08:59:05 PDT Thu" ID="1174" name="Containment_scenario"/>
    <frame mDate="11/26/2003 03:10:13 PST Wed" ID="900" name="Contingency"/>
    <frame mDate="12/05/2005 02:10:05 PST Mon" ID="1594" name="Continued_state_of_affairs"/>
    <frame mDate="06/29/2011 04:46:28 PDT Wed" ID="2500" name="Contrary_circumstances"/>
    <frame mDate="01/06/2003 05:30:51 PST Mon" ID="382" name="Contrition"/>
    <frame mDate="10/06/2006 11:45:19 PDT Fri" ID="1799" name="Control"/>
    <frame mDate="05/12/2015 02:34:38 PDT Tue" ID="2654" name="Controller_object"/>
    <frame mDate="09/19/2014 04:02:12 PDT Fri" ID="1543" name="Convey_importance"/>
    <frame mDate="11/03/2011 02:55:43 PDT Thu" ID="2597" name="Convoy"/>
    <frame mDate="12/19/2012 05:42:02 PST Wed" ID="268" name="Cooking_creation"/>
    <frame mDate="12/19/2012 05:57:32 PST Wed" ID="222" name="Corporal_punishment"/>
    <frame mDate="10/16/2008 05:11:23 PDT Thu" ID="1512" name="Correctness"/>
    <frame mDate="06/30/2015 06:49:53 PDT Tue" ID="348" name="Corroding"/>
    <frame mDate="06/30/2015 06:49:53 PDT Tue" ID="350" name="Corroding_caused"/>
    <frame mDate="12/10/2012 01:29:59 PST Mon" ID="56" name="Cotheme"/>
    <frame mDate="10/14/2011 12:37:29 PDT Fri" ID="2677" name="Counterattack"/>
    <frame mDate="07/21/2003 06:46:34 PDT Mon" ID="507" name="Court_examination"/>
    <frame mDate="02/25/2004 05:04:28 PST Wed" ID="981" name="Craft"/>
    <frame mDate="11/21/2005 05:45:10 PST Mon" ID="1658" name="Create_physical_artwork"/>
    <frame mDate="11/21/2005 03:45:38 PST Mon" ID="1657" name="Create_representation"/>
    <frame mDate="12/19/2012 05:58:39 PST Wed" ID="319" name="Creating"/>
    <frame mDate="09/17/2015 01:35:58 PDT Thu" ID="692" name="Crime_scenario"/>
    <frame mDate="09/22/2015 01:04:24 PDT Tue" ID="500" name="Criminal_investigation"/>
    <frame mDate="09/22/2015 12:41:23 PDT Tue" ID="200" name="Criminal_process"/>
    <frame mDate="12/10/2012 12:57:14 PST Mon" ID="50" name="Cure"/>
    <frame mDate="08/17/2006 01:55:14 PDT Thu" ID="380" name="Custom"/>
    <frame mDate="11/30/2004 03:12:28 PST Tue" ID="265" name="Cutting"/>
    <frame mDate="07/10/2008 03:21:44 PDT Thu" ID="2100" name="Cycle_of_existence_scenario"/>
    <frame mDate="07/10/2008 05:14:24 PDT Thu" ID="2106" name="Cycle_of_life_and_death"/>
    <frame mDate="09/10/2015 09:16:04 PDT Thu" ID="415" name="Damaging"/>
    <frame mDate="06/07/2010 05:13:35 PDT Mon" ID="374" name="Daring"/>
    <frame mDate="12/20/2012 10:57:39 PST Thu" ID="310" name="Dead_or_alive"/>
    <frame mDate="09/19/2014 04:02:08 PDT Fri" ID="53" name="Death"/>
    <frame mDate="08/10/2011 01:29:27 PDT Wed" ID="2614" name="Deception_end"/>
    <frame mDate="08/10/2011 01:26:58 PDT Wed" ID="2613" name="Deception_scenario"/>
    <frame mDate="07/14/2011 03:09:16 PDT Thu" ID="2573" name="Deception_success"/>
    <frame mDate="12/20/2012 11:25:03 PST Thu" ID="363" name="Deciding"/>
    <frame mDate="05/29/2012 04:05:39 PDT Tue" ID="1330" name="Defending"/>
    <frame mDate="11/19/2010 04:51:09 PST Fri" ID="2001" name="Degree"/>
    <frame mDate="06/30/2004 12:30:33 PDT Wed" ID="1159" name="Degree_of_processing"/>
    <frame mDate="12/20/2012 11:36:29 PST Thu" ID="1680" name="Delimitation_of_diversity"/>
    <frame mDate="11/12/2008 05:38:48 PST Wed" ID="2123" name="Delimited_state_scenario"/>
    <frame mDate="07/15/2005 06:19:52 PDT Fri" ID="1344" name="Delivery"/>
    <frame mDate="08/31/2016 05:27:43 PDT Wed" ID="520" name="Deny_or_grant_permission"/>
    <frame mDate="01/06/2003 05:30:50 PST Mon" ID="57" name="Departing"/>
    <frame mDate="07/27/2010 11:42:43 PDT Tue" ID="541" name="Deserving"/>
    <frame mDate="05/05/2011 02:38:15 PDT Thu" ID="354" name="Desirability"/>
    <frame mDate="04/11/2005 09:46:18 PDT Mon" ID="1383" name="Desirable_event"/>
    <frame mDate="08/20/2015 12:48:43 PDT Thu" ID="366" name="Desiring"/>
    <frame mDate="07/19/2010 08:33:31 PDT Mon" ID="1801" name="Destiny"/>
    <frame mDate="06/30/2015 06:49:53 PDT Tue" ID="417" name="Destroying"/>
    <frame mDate="04/15/2005 05:12:34 PDT Fri" ID="1390" name="Detaching"/>
    <frame mDate="08/25/2015 01:32:50 PDT Tue" ID="313" name="Detaining"/>
    <frame mDate="07/14/2011 04:15:27 PDT Thu" ID="2575" name="Detonate_explosive"/>
    <frame mDate="01/04/2006 03:13:26 PST Wed" ID="24" name="Differentiation"/>
    <frame mDate="06/08/2015 02:48:16 PDT Mon" ID="375" name="Difficulty"/>
    <frame mDate="09/19/2014 04:02:09 PDT Fri" ID="108" name="Dimension"/>
    <frame mDate="12/17/2015 10:55:27 PST Thu" ID="215" name="Direction"/>
    <frame mDate="04/20/2015 01:24:05 PDT Mon" ID="2912" name="Directional_locative_relation"/>
    <frame mDate="04/18/2014 01:28:05 PDT Fri" ID="2830" name="Disaster_scenario"/>
    <frame mDate="01/04/2006 06:05:43 PST Wed" ID="34" name="Discussion"/>
    <frame mDate="10/14/2005 03:42:21 PDT Fri" ID="1634" name="Disembarking"/>
    <frame mDate="08/22/2005 03:44:00 PDT Mon" ID="1612" name="Disgraceful_situation"/>
    <frame mDate="12/20/2012 11:43:16 PST Thu" ID="267" name="Dispersal"/>
    <frame mDate="09/27/2011 04:18:57 PDT Tue" ID="2659" name="Distant_operated_IED"/>
    <frame mDate="06/23/2004 03:01:25 PDT Wed" ID="1133" name="Distinctiveness"/>
    <frame mDate="04/16/2015 05:17:53 PDT Thu" ID="2916" name="Distributed_abundance"/>
    <frame mDate="05/04/2015 04:24:40 PDT Mon" ID="76" name="Distributed_position"/>
    <frame mDate="03/23/2007 09:12:08 PDT Fri" ID="1893" name="Diversity"/>
    <frame mDate="02/25/2016 10:05:03 PST Thu" ID="560" name="Documents"/>
    <frame mDate="01/05/2005 08:36:49 PST Wed" ID="1303" name="Dodging"/>
    <frame mDate="01/06/2003 05:30:51 PST Mon" ID="430" name="Domain"/>
    <frame mDate="05/05/2010 04:19:05 PDT Wed" ID="1796" name="Dominate_competitor"/>
    <frame mDate="05/05/2010 04:21:13 PDT Wed" ID="1795" name="Dominate_situation"/>
    <frame mDate="10/06/2006 12:10:18 PDT Fri" ID="1797" name="Domination"/>
    <frame mDate="12/07/2005 12:13:51 PST Wed" ID="1421" name="Dough_rising"/>
    <frame mDate="09/01/2011 03:35:18 PDT Thu" ID="2641" name="Downing"/>
    <frame mDate="09/17/2004 04:43:29 PDT Fri" ID="1211" name="Dressing"/>
    <frame mDate="12/20/2012 12:03:22 PST Thu" ID="1946" name="Drop_in_on"/>
    <frame mDate="04/21/2010 11:36:27 PDT Wed" ID="2192" name="Dunking"/>
    <frame mDate="11/29/2005 04:54:08 PST Tue" ID="11" name="Duplication"/>
    <frame mDate="12/10/2012 02:13:25 PST Mon" ID="79" name="Duration_description"/>
    <frame mDate="12/20/2012 12:04:40 PST Thu" ID="2121" name="Duration_relation"/>
    <frame mDate="11/12/2008 04:35:19 PST Wed" ID="2122" name="Duration_scenario"/>
    <frame mDate="04/25/2008 03:51:51 PDT Fri" ID="2055" name="Dying"/>
    <frame mDate="07/31/2015 03:53:29 PDT Fri" ID="184" name="Dynamic_situation_scenario"/>
    <frame mDate="07/21/2016 08:19:55 PDT Thu" ID="2440" name="Dynamism"/>
    <frame mDate="02/12/2007 07:52:13 PST Mon" ID="1873" name="Earnings_and_losses"/>
    <frame mDate="01/03/2006 05:55:06 PST Tue" ID="652" name="Eclipse"/>
    <frame mDate="07/26/2005 02:14:28 PDT Tue" ID="1572" name="Economy"/>
    <frame mDate="10/05/2012 04:53:36 PDT Fri" ID="111" name="Education_teaching"/>
    <frame mDate="12/06/2005 11:59:10 PST Tue" ID="1535" name="Electricity"/>
    <frame mDate="02/06/2006 01:02:19 PST Mon" ID="1305" name="Elusive_goal"/>
    <frame mDate="08/10/2004 02:53:48 PDT Tue" ID="361" name="Emanating"/>
    <frame mDate="04/18/2014 08:03:43 PDT Fri" ID="2831" name="Emergency"/>
    <frame mDate="05/05/2014 03:26:12 PDT Mon" ID="2835" name="Emergency_fire"/>
    <frame mDate="09/19/2014 04:02:08 PDT Fri" ID="359" name="Emitting"/>
    <frame mDate="11/30/2005 05:05:01 PST Wed" ID="45" name="Emotion_active"/>
    <frame mDate="04/27/2005 10:54:07 PDT Wed" ID="46" name="Emotion_directed"/>
    <frame mDate="12/03/2012 05:50:31 PST Mon" ID="49" name="Emotion_heat"/>
    <frame mDate="01/17/2006 09:52:09 PST Tue" ID="1712" name="Emotions"/>
    <frame mDate="04/14/2008 02:31:07 PDT Mon" ID="2051" name="Emotions_by_possibility"/>
    <frame mDate="03/31/2008 04:07:15 PDT Mon" ID="2042" name="Emotions_by_stimulus"/>
    <frame mDate="04/07/2008 03:09:36 PDT Mon" ID="2045" name="Emotions_of_mental_activity"/>
    <frame mDate="12/20/2012 12:07:43 PST Thu" ID="2043" name="Emotions_success_or_failure"/>
    <frame mDate="07/17/2014 11:54:31 PDT Thu" ID="1542" name="Emphasizing"/>
    <frame mDate="01/30/2015 10:59:37 PST Fri" ID="1061" name="Employee_scenario"/>
    <frame mDate="01/30/2015 10:59:44 PST Fri" ID="1062" name="Employer_scenario"/>
    <frame mDate="01/06/2003 05:30:51 PST Mon" ID="323" name="Employing"/>
    <frame mDate="06/11/2010 12:10:17 PDT Fri" ID="871" name="Employment_continue"/>
    <frame mDate="06/11/2010 12:10:35 PDT Fri" ID="872" name="Employment_end"/>
    <frame mDate="05/17/2004 08:10:14 PDT Mon" ID="321" name="Employment_scenario"/>
    <frame mDate="06/11/2010 12:10:49 PDT Fri" ID="870" name="Employment_start"/>
    <frame mDate="01/06/2003 05:30:50 PST Mon" ID="58" name="Emptying"/>
    <frame mDate="01/04/2006 07:07:39 PST Wed" ID="35" name="Encoding"/>
    <frame mDate="08/09/2010 02:58:26 PDT Mon" ID="2249" name="Encounter"/>
    <frame mDate="07/31/2006 04:25:35 PDT Mon" ID="631" name="Endangering"/>
    <frame mDate="08/23/2011 04:24:38 PDT Tue" ID="2622" name="Endeavor_failure"/>
    <frame mDate="10/26/2006 03:03:04 PDT Thu" ID="1813" name="Enforcing"/>
    <frame mDate="09/21/2015 02:52:49 PDT Mon" ID="130" name="Entering_of_plea"/>
    <frame mDate="12/20/2012 12:09:56 PST Thu" ID="251" name="Entity"/>
    <frame mDate="08/02/2011 11:17:24 PDT Tue" ID="2591" name="Entourage"/>
    <frame mDate="12/20/2012 12:12:27 PST Thu" ID="2481" name="Erasing"/>
    <frame mDate="10/22/2004 03:24:04 PDT Fri" ID="273" name="Escaping"/>
    <frame mDate="06/30/2005 07:03:44 PDT Thu" ID="1516" name="Estimated_value"/>
    <frame mDate="06/30/2005 06:27:59 PDT Thu" ID="1513" name="Estimating"/>
    <frame mDate="12/20/2012 12:16:49 PST Thu" ID="275" name="Evading"/>
    <frame mDate="06/07/2010 05:02:25 PDT Mon" ID="353" name="Evaluative_comparison"/>
    <frame mDate="06/12/2008 05:21:06 PDT Thu" ID="187" name="Event"/>
    <frame mDate="07/31/2015 03:52:46 PDT Fri" ID="186" name="Event_endstate"/>
    <frame mDate="07/31/2015 03:53:04 PDT Fri" ID="185" name="Event_initial_state"/>
    <frame mDate="12/20/2012 12:46:57 PST Thu" ID="2140" name="Event_instance"/>
    <frame mDate="06/12/2008 05:16:12 PDT Thu" ID="88" name="Eventive_affecting"/>
    <frame mDate="06/12/2008 06:07:08 PDT Thu" ID="98" name="Eventive_cognizer_affecting"/>
    <frame mDate="09/19/2014 04:02:08 PDT Fri" ID="25" name="Evidence"/>
    <frame mDate="03/04/2004 05:09:29 PST Thu" ID="1012" name="Evoking"/>
    <frame mDate="12/10/2012 03:17:41 PST Mon" ID="107" name="Examination"/>
    <frame mDate="02/06/2006 12:45:57 PST Mon" ID="1170" name="Exchange"/>
    <frame mDate="05/24/2010 12:04:31 PDT Mon" ID="1184" name="Exchange_currency"/>
    <frame mDate="12/20/2012 12:57:36 PST Thu" ID="1131" name="Exclude_member"/>
    <frame mDate="01/06/2003 05:30:51 PST Mon" ID="270" name="Excreting"/>
    <frame mDate="08/07/2006 01:11:10 PDT Mon" ID="1726" name="Execute_plan"/>
    <frame mDate="12/20/2012 01:06:06 PST Thu" ID="225" name="Execution"/>
    <frame mDate="03/16/2010 02:01:10 PDT Tue" ID="2252" name="Exemplar"/>
    <frame mDate="12/20/2012 01:08:51 PST Thu" ID="2253" name="Exemplariness"/>
    <frame mDate="08/19/2010 01:16:35 PDT Thu" ID="2400" name="Exercising"/>
    <frame mDate="06/07/2010 05:50:09 PDT Mon" ID="660" name="Existence"/>
    <frame mDate="06/26/2014 02:32:49 PDT Thu" ID="725" name="Expansion"/>
    <frame mDate="01/11/2006 03:08:52 PST Wed" ID="26" name="Expectation"/>
    <frame mDate="08/22/2005 07:13:50 PDT Mon" ID="1619" name="Expected_location_of_person"/>
    <frame mDate="09/21/2012 04:13:32 PDT Fri" ID="2220" name="Expend_resource"/>
    <frame mDate="06/23/2010 01:53:14 PDT Wed" ID="83" name="Expensiveness"/>
    <frame mDate="06/07/2010 05:21:03 PDT Mon" ID="384" name="Experience_bodily_harm"/>
    <frame mDate="06/07/2010 01:18:25 PDT Mon" ID="48" name="Experiencer_focus"/>
    <frame mDate="01/06/2003 05:30:50 PST Mon" ID="47" name="Experiencer_obj"/>
    <frame mDate="05/12/2015 02:38:16 PDT Tue" ID="2683" name="Experimentation"/>
    <frame mDate="01/06/2003 05:30:50 PST Mon" ID="136" name="Expertise"/>
    <frame mDate="05/24/2005 12:42:47 PDT Tue" ID="1462" name="Explaining_the_facts"/>
    <frame mDate="01/12/2012 10:50:01 PST Thu" ID="2577" name="Explosion"/>
    <frame mDate="12/12/2005 04:59:01 PST Mon" ID="1568" name="Exporting"/>
    <frame mDate="08/26/2005 12:13:26 PDT Fri" ID="1622" name="Expressing_publicly"/>
    <frame mDate="12/20/2012 01:13:18 PST Thu" ID="1370" name="Extradition"/>
    <frame mDate="05/05/2010 06:14:47 PDT Wed" ID="1573" name="Extreme_point"/>
    <frame mDate="08/01/2005 12:08:29 PDT Mon" ID="1596" name="Extreme_value"/>
    <frame mDate="12/20/2012 01:26:06 PST Thu" ID="161" name="Facial_expression"/>
    <frame mDate="08/14/2006 05:58:25 PDT Mon" ID="376" name="Fairness_evaluation"/>
    <frame mDate="12/20/2012 01:27:27 PST Thu" ID="292" name="Fall_asleep"/>
    <frame mDate="07/14/2011 02:19:02 PDT Thu" ID="2572" name="Fall_for"/>
    <frame mDate="06/08/2010 10:55:55 PDT Tue" ID="1880" name="Fame"/>
    <frame mDate="03/02/2007 10:51:05 PST Fri" ID="1597" name="Familiarity"/>
    <frame mDate="08/16/2010 12:53:35 PDT Mon" ID="1598" name="Fastener"/>
    <frame mDate="12/20/2012 01:28:59 PST Thu" ID="2052" name="Fear"/>
    <frame mDate="02/13/2003 01:48:43 PST Thu" ID="396" name="Feeling"/>
    <frame mDate="01/03/2006 06:22:28 PST Tue" ID="12" name="Feigning"/>
    <frame mDate="03/02/2005 07:01:46 PST Wed" ID="1345" name="Fields"/>
    <frame mDate="12/20/2012 01:32:09 PST Thu" ID="563" name="Fighting_activity"/>
    <frame mDate="09/02/2003 05:19:55 PDT Tue" ID="59" name="Filling"/>
    <frame mDate="09/21/2015 02:53:15 PDT Mon" ID="223" name="Fining"/>
    <frame mDate="06/07/2010 06:10:05 PDT Mon" ID="798" name="Finish_competition"/>
    <frame mDate="02/01/2010 11:31:09 PST Mon" ID="2193" name="Finish_game"/>
    <frame mDate="06/30/2015 05:58:13 PDT Tue" ID="2837" name="Fire_break"/>
    <frame mDate="08/13/2014 03:52:36 PDT Wed" ID="2824" name="Fire_burning"/>
    <frame mDate="04/28/2014 02:31:14 PDT Mon" ID="2833" name="Fire_emergency_scenario"/>
    <frame mDate="03/03/2014 04:23:28 PST Mon" ID="2822" name="Fire_end_scenario"/>
    <frame mDate="03/06/2014 11:31:41 PST Thu" ID="2823" name="Fire_going_out"/>
    <frame mDate="03/03/2014 03:08:17 PST Mon" ID="2821" name="Fire_stopping_scenario"/>
    <frame mDate="04/23/2014 01:40:47 PDT Wed" ID="2832" name="Firefighting"/>
    <frame mDate="09/19/2014 04:02:10 PDT Fri" ID="326" name="Firing"/>
    <frame mDate="09/30/2011 09:31:51 PDT Fri" ID="2662" name="Firing_point"/>
    <frame mDate="03/09/2004 04:54:11 PST Tue" ID="1027" name="First_experience"/>
    <frame mDate="06/15/2006 05:24:10 PDT Thu" ID="402" name="First_rank"/>
    <frame mDate="12/01/2005 01:36:03 PST Thu" ID="1659" name="Fleeing"/>
    <frame mDate="07/25/2003 01:44:03 PDT Fri" ID="345" name="Fluidic_motion"/>
    <frame mDate="06/07/2010 04:25:47 PDT Mon" ID="277" name="Food"/>
    <frame mDate="02/21/2008 04:35:20 PST Thu" ID="2008" name="Food_gathering"/>
    <frame mDate="06/03/2005 11:22:31 PDT Fri" ID="1483" name="Foreign_or_domestic_country"/>
    <frame mDate="12/02/2005 10:50:34 PST Fri" ID="1661" name="Forging"/>
    <frame mDate="01/06/2003 05:30:50 PST Mon" ID="401" name="Forgiveness"/>
    <frame mDate="01/04/2005 07:27:06 PST Tue" ID="1304" name="Forgoing"/>
    <frame mDate="06/07/2010 05:52:21 PDT Mon" ID="723" name="Forming_relationships"/>
    <frame mDate="11/29/2006 06:20:07 PST Wed" ID="1861" name="Fragmentation_scenario"/>
    <frame mDate="10/12/2011 07:25:06 PDT Wed" ID="2674" name="Freeing_from_confinement"/>
    <frame mDate="08/17/2005 05:52:55 PDT Wed" ID="80" name="Frequency"/>
    <frame mDate="09/19/2003 07:32:09 PDT Fri" ID="820" name="Friction"/>
    <frame mDate="10/13/2011 05:28:58 PDT Thu" ID="2675" name="Friendly_or_hostile"/>
    <frame mDate="12/20/2012 01:35:30 PST Thu" ID="1734" name="Front_for"/>
    <frame mDate="11/30/2005 02:27:32 PST Wed" ID="84" name="Frugality"/>
    <frame mDate="11/28/2011 03:05:55 PST Mon" ID="2684" name="Fugitive"/>
    <frame mDate="01/06/2003 05:30:51 PST Mon" ID="244" name="Fullness"/>
    <frame mDate="10/06/2011 06:40:02 PDT Thu" ID="2523" name="Function"/>
    <frame mDate="09/08/2015 02:47:16 PDT Tue" ID="2982" name="Funding"/>
    <frame mDate="07/11/2005 12:47:18 PDT Mon" ID="260" name="Gathering_up"/>
    <frame mDate="01/04/2006 07:09:38 PST Wed" ID="36" name="Gesture"/>
    <frame mDate="12/20/2012 02:40:26 PST Thu" ID="324" name="Get_a_job"/>
    <frame mDate="01/06/2003 05:30:50 PST Mon" ID="179" name="Getting"/>
    <frame mDate="07/16/2004 03:02:34 PDT Fri" ID="1191" name="Getting_scenario"/>
    <frame mDate="10/08/2015 04:26:55 PDT Thu" ID="2640" name="Getting_triggered"/>
    <frame mDate="11/10/2005 04:52:38 PST Thu" ID="1641" name="Getting_underway"/>
    <frame mDate="12/07/2005 02:45:14 PST Wed" ID="1420" name="Getting_up"/>
    <frame mDate="08/28/2009 02:18:52 PDT Fri" ID="1387" name="Getting_vehicle_underway"/>
    <frame mDate="06/27/2014 02:54:59 PDT Fri" ID="67" name="Give_impression"/>
    <frame mDate="07/30/2015 05:45:24 PDT Thu" ID="139" name="Giving"/>
    <frame mDate="04/30/2013 03:19:33 PDT Tue" ID="281" name="Giving_birth"/>
    <frame mDate="11/12/2015 12:32:52 PST Thu" ID="1497" name="Giving_in"/>
    <frame mDate="07/16/2004 02:57:47 PDT Fri" ID="1190" name="Giving_scenario"/>
    <frame mDate="01/06/2003 05:30:50 PST Mon" ID="106" name="Gizmo"/>
    <frame mDate="12/20/2012 02:45:37 PST Thu" ID="2137" name="Go_into_shape"/>
    <frame mDate="12/20/2012 02:49:24 PST Thu" ID="1177" name="Goal"/>
    <frame mDate="06/08/2010 11:59:31 PDT Tue" ID="1566" name="Going_back_on_a_commitment"/>
    <frame mDate="09/21/2011 01:47:15 PDT Wed" ID="2655" name="Government_institution"/>
    <frame mDate="12/20/2012 02:57:17 PST Thu" ID="2722" name="Gradable_artistic_quality"/>
    <frame mDate="04/27/2005 11:01:05 PDT Wed" ID="1015" name="Gradable_attributes"/>
    <frame mDate="05/25/2015 01:33:26 PDT Mon" ID="2900" name="Gradable_proximity"/>
    <frame mDate="03/23/2011 04:36:54 PDT Wed" ID="2520" name="Graph_shape"/>
    <frame mDate="12/06/2005 05:34:44 PST Tue" ID="979" name="Grasp"/>
    <frame mDate="06/30/2015 06:49:53 PDT Tue" ID="351" name="Grinding"/>
    <frame mDate="12/20/2012 02:59:52 PST Thu" ID="159" name="Grooming"/>
    <frame mDate="06/30/2015 06:49:53 PDT Tue" ID="357" name="Ground_up"/>
    <frame mDate="02/14/2008 03:14:45 PST Thu" ID="2014" name="Growing_food"/>
    <frame mDate="06/08/2010 11:21:47 PDT Tue" ID="1890" name="Guest_and_host"/>
    <frame mDate="05/12/2004 04:37:14 PDT Wed" ID="1110" name="Guilt_or_innocence"/>
    <frame mDate="07/01/2011 05:25:48 PDT Fri" ID="2569" name="Gusto"/>
    <frame mDate="10/05/2012 04:46:27 PDT Fri" ID="126" name="Hair_configuration"/>
    <frame mDate="12/03/2012 05:34:20 PST Mon" ID="1024" name="Halt"/>
    <frame mDate="06/09/2005 11:11:15 PDT Thu" ID="1491" name="Have_as_requirement"/>
    <frame mDate="08/23/2010 12:46:56 PDT Mon" ID="1654" name="Have_as_translation_equivalent"/>
    <frame mDate="04/11/2007 06:49:35 PDT Wed" ID="1933" name="Have_associated"/>
    <frame mDate="12/20/2012 03:15:30 PST Thu" ID="1951" name="Have_visitor_over"/>
    <frame mDate="12/03/2012 03:57:58 PST Mon" ID="1577" name="Having_commercial_agreement"/>
    <frame mDate="11/02/2012 10:52:47 PDT Fri" ID="1870" name="Having_or_lacking_access"/>
    <frame mDate="12/10/2012 01:16:19 PST Mon" ID="52" name="Health_response"/>
    <frame mDate="05/21/2014 12:49:28 PDT Wed" ID="37" name="Hearsay"/>
    <frame mDate="04/23/2010 12:42:12 PDT Fri" ID="2284" name="Heat_potential"/>
    <frame mDate="07/14/2015 07:53:54 PDT Tue" ID="2960" name="Hedging"/>
    <frame mDate="03/19/2004 06:29:57 PST Fri" ID="1054" name="Heralding"/>
    <frame mDate="12/02/2005 04:26:19 PST Fri" ID="1673" name="Hiding_objects"/>
    <frame mDate="01/07/2005 06:37:36 PST Fri" ID="480" name="Hindering"/>
    <frame mDate="11/18/2004 05:22:50 PST Thu" ID="322" name="Hiring"/>
    <frame mDate="07/10/2008 03:35:38 PDT Thu" ID="1908" name="Historic_event"/>
    <frame mDate="01/03/2012 10:41:53 PST Tue" ID="2113" name="History"/>
    <frame mDate="01/07/2013 05:18:25 PST Mon" ID="2110" name="History_scenario"/>
    <frame mDate="03/24/2007 05:20:55 PDT Sat" ID="1902" name="Hit_or_miss"/>
    <frame mDate="12/08/2005 11:09:38 PST Thu" ID="485" name="Hit_target"/>
    <frame mDate="08/03/2005 03:51:37 PDT Wed" ID="1576" name="Holding_off_on"/>
    <frame mDate="12/20/2012 03:18:05 PST Thu" ID="1970" name="Hospitality"/>
    <frame mDate="12/10/2012 02:33:53 PST Mon" ID="93" name="Hostile_encounter"/>
    <frame mDate="02/26/2008 03:07:18 PST Tue" ID="2006" name="Hunting"/>
    <frame mDate="02/26/2008 03:06:09 PST Tue" ID="2009" name="Hunting_scenario"/>
    <frame mDate="02/07/2008 04:51:53 PST Thu" ID="2010" name="Hunting_success_or_failure"/>
    <frame mDate="03/11/2004 04:20:28 PST Thu" ID="1029" name="Identicality"/>
    <frame mDate="03/18/2016 06:27:13 PDT Fri" ID="3000" name="Identity"/>
    <frame mDate="03/18/2016 06:16:17 PDT Fri" ID="3001" name="Identity_scenario"/>
    <frame mDate="02/27/2004 07:25:47 PST Fri" ID="982" name="Idiosyncrasy"/>
    <frame mDate="02/25/2008 10:46:46 PST Mon" ID="2016" name="Image_schema"/>
    <frame mDate="12/02/2005 12:33:05 PST Fri" ID="1672" name="Imitating"/>
    <frame mDate="02/07/2003 02:47:28 PST Fri" ID="250" name="Immobilization"/>
    <frame mDate="01/06/2003 05:30:50 PST Mon" ID="311" name="Impact"/>
    <frame mDate="01/10/2013 02:30:40 PST Thu" ID="422" name="Import_export_scenario"/>
    <frame mDate="04/02/2007 03:16:51 PDT Mon" ID="407" name="Importance"/>
    <frame mDate="07/15/2005 05:13:56 PDT Fri" ID="1567" name="Importing"/>
    <frame mDate="06/07/2010 05:13:34 PDT Mon" ID="1494" name="Imposing_obligation"/>
    <frame mDate="03/29/2010 05:20:23 PDT Mon" ID="2262" name="Impression"/>
    <frame mDate="05/13/2004 03:42:01 PDT Thu" ID="1111" name="Imprisonment"/>
    <frame mDate="06/07/2016 07:10:16 PDT Tue" ID="3012" name="Improvement_or_decline"/>
    <frame mDate="09/08/2011 10:15:13 PDT Thu" ID="2623" name="Improvised_explosive_device"/>
    <frame mDate="07/21/2016 04:34:18 PDT Thu" ID="377" name="Inclination"/>
    <frame mDate="12/20/2012 03:22:48 PST Thu" ID="1153" name="Inclusion"/>
    <frame mDate="11/08/2006 10:36:55 PST Wed" ID="1821" name="Inclusion_scenario"/>
    <frame mDate="06/04/2007 01:06:36 PDT Mon" ID="1001" name="Increment"/>
    <frame mDate="07/03/2008 02:28:51 PDT Thu" ID="2090" name="Indicating"/>
    <frame mDate="02/25/2007 03:00:30 PST Sun" ID="1552" name="Indigenous_origin"/>
    <frame mDate="12/16/2011 12:24:34 PST Fri" ID="1906" name="Individual_history"/>
    <frame mDate="04/06/2007 06:42:36 PDT Fri" ID="1930" name="Ineffability"/>
    <frame mDate="06/30/2015 06:26:44 PDT Tue" ID="2851" name="Infecting"/>
    <frame mDate="06/18/2015 05:42:53 PDT Thu" ID="2450" name="Influencing_potential"/>
    <frame mDate="07/25/2005 06:41:23 PDT Mon" ID="1591" name="Information"/>
    <frame mDate="12/20/2012 03:27:38 PST Thu" ID="2653" name="Information_display"/>
    <frame mDate="12/07/2005 12:06:38 PST Wed" ID="1481" name="Infrastructure"/>
    <frame mDate="05/09/2008 03:59:08 PDT Fri" ID="386" name="Ingest_substance"/>
    <frame mDate="12/20/2012 03:33:13 PST Thu" ID="263" name="Ingestion"/>
    <frame mDate="03/02/2005 08:31:18 PST Wed" ID="1348" name="Ingredients"/>
    <frame mDate="01/09/2013 04:17:34 PST Wed" ID="2716" name="Inherent_purpose"/>
    <frame mDate="09/30/2011 01:03:30 PDT Fri" ID="2664" name="Inhibit_motion_scenario"/>
    <frame mDate="08/18/2015 12:03:07 PDT Tue" ID="245" name="Inhibit_movement"/>
    <frame mDate="08/10/2011 10:39:12 PDT Wed" ID="1262" name="Inspecting"/>
    <frame mDate="06/30/2005 04:54:48 PDT Thu" ID="1541" name="Installing"/>
    <frame mDate="01/03/2006 04:42:50 PST Tue" ID="132" name="Instance"/>
    <frame mDate="06/08/2010 12:08:32 PDT Tue" ID="1620" name="Institutionalization"/>
    <frame mDate="12/20/2012 03:35:26 PST Thu" ID="1604" name="Institutions"/>
    <frame mDate="07/27/2011 11:56:28 PDT Wed" ID="2570" name="Intentional_deception"/>
    <frame mDate="09/19/2014 04:02:12 PDT Fri" ID="1642" name="Intentional_traversing"/>
    <frame mDate="08/12/2016 11:29:29 PDT Fri" ID="198" name="Intentionally_act"/>
    <frame mDate="04/02/2007 07:26:33 PDT Mon" ID="230" name="Intentionally_affect"/>
    <frame mDate="12/20/2012 03:38:56 PST Thu" ID="280" name="Intentionally_create"/>
    <frame mDate="12/06/2005 07:32:13 PST Tue" ID="1522" name="Intercepting"/>
    <frame mDate="07/28/2016 11:27:17 PDT Thu" ID="1178" name="Interior_profile_relation"/>
    <frame mDate="12/20/2012 03:46:34 PST Thu" ID="1894" name="Interrupt_process"/>
    <frame mDate="11/18/2004 05:44:16 PST Thu" ID="390" name="Intoxicants"/>
    <frame mDate="02/13/2003 02:24:10 PST Thu" ID="214" name="Intoxication"/>
    <frame mDate="06/08/2010 01:29:37 PDT Tue" ID="2022" name="Invading"/>
    <frame mDate="04/22/2008 02:32:22 PDT Tue" ID="2025" name="Invasion_scenario"/>
    <frame mDate="12/20/2012 03:53:12 PST Thu" ID="2598" name="Irregular_combatants"/>
    <frame mDate="12/20/2012 03:57:27 PST Thu" ID="420" name="Isolated_places"/>
    <frame mDate="08/17/2005 11:11:33 PDT Wed" ID="28" name="Judgment"/>
    <frame mDate="06/07/2010 04:01:11 PDT Mon" ID="219" name="Judgment_communication"/>
    <frame mDate="07/25/2016 11:56:59 PDT Mon" ID="711" name="Judgment_direct_address"/>
    <frame mDate="12/20/2012 04:04:17 PST Thu" ID="2720" name="Judgment_of_intensity"/>
    <frame mDate="03/23/2010 02:09:18 PDT Tue" ID="1607" name="Judicial_body"/>
    <frame mDate="09/17/2015 01:21:32 PDT Thu" ID="296" name="Jury_deliberation"/>
    <frame mDate="04/10/2008 02:46:45 PDT Thu" ID="2050" name="Just_found_out"/>
    <frame mDate="12/20/2012 04:11:39 PST Thu" ID="512" name="Justifying"/>
    <frame mDate="12/20/2012 04:23:08 PST Thu" ID="2743" name="Key"/>
    <frame mDate="12/10/2012 05:10:54 PST Mon" ID="122" name="Kidnapping"/>
    <frame mDate="07/25/2005 11:24:41 PDT Mon" ID="590" name="Killing"/>
    <frame mDate="09/24/2015 01:37:51 PDT Thu" ID="104" name="Kinship"/>
    <frame mDate="01/06/2003 05:30:51 PST Mon" ID="247" name="Knot_creation"/>
    <frame mDate="12/15/2005 12:24:29 PST Thu" ID="1700" name="Knot_creation_scenario"/>
    <frame mDate="11/19/2004 02:15:06 PST Fri" ID="1250" name="Labeling"/>
    <frame mDate="06/08/2010 01:33:03 PDT Tue" ID="2164" name="Labor_product"/>
    <frame mDate="06/10/2008 03:31:41 PDT Tue" ID="2070" name="Launch_process"/>
    <frame mDate="12/20/2012 04:26:43 PST Thu" ID="950" name="Law"/>
    <frame mDate="12/20/2012 04:35:26 PST Thu" ID="2656" name="Law_enforcement_agency"/>
    <frame mDate="09/24/2015 01:38:14 PDT Thu" ID="73" name="Leadership"/>
    <frame mDate="06/30/2015 09:07:02 PDT Tue" ID="2501" name="Leaving_traces"/>
    <frame mDate="06/07/2010 06:29:11 PDT Mon" ID="1041" name="Left_to_do"/>
    <frame mDate="06/13/2014 10:18:14 PDT Fri" ID="2076" name="Legal_rulings"/>
    <frame mDate="06/22/2004 04:07:17 PDT Tue" ID="501" name="Legality"/>
    <frame mDate="11/20/2012 07:08:20 PST Tue" ID="2781" name="Lending"/>
    <frame mDate="07/26/2016 05:57:04 PDT Tue" ID="1563" name="Level_of_force_exertion"/>
    <frame mDate="07/21/2016 08:07:45 PDT Thu" ID="2061" name="Level_of_force_resistance"/>
    <frame mDate="03/16/2012 02:45:18 PDT Fri" ID="2712" name="Level_of_light"/>
    <frame mDate="12/19/2003 02:18:44 PST Fri" ID="131" name="Light_movement"/>
    <frame mDate="12/09/2005 02:30:05 PST Fri" ID="114" name="Likelihood"/>
    <frame mDate="03/28/2012 03:19:07 PDT Wed" ID="2715" name="Limitation"/>
    <frame mDate="03/28/2012 03:02:18 PDT Wed" ID="2714" name="Limiting"/>
    <frame mDate="09/19/2014 04:02:10 PDT Fri" ID="406" name="Linguistic_meaning"/>
    <frame mDate="12/20/2012 04:46:11 PST Thu" ID="1904" name="Lively_place"/>
    <frame mDate="12/20/2012 04:48:19 PST Thu" ID="2564" name="Living_conditions"/>
    <frame mDate="12/20/2012 04:49:40 PST Thu" ID="192" name="Locale"/>
    <frame mDate="12/14/2011 04:27:08 PST Wed" ID="2687" name="Locale_by_characteristic_entity"/>
    <frame mDate="11/03/2011 11:08:42 PDT Thu" ID="2626" name="Locale_by_collocation"/>
    <frame mDate="06/08/2010 12:38:07 PDT Tue" ID="1921" name="Locale_by_event"/>
    <frame mDate="08/19/2009 03:11:51 PDT Wed" ID="2171" name="Locale_by_ownership"/>
    <frame mDate="12/18/2012 01:27:29 PST Tue" ID="196" name="Locale_by_use"/>
    <frame mDate="06/19/2012 10:08:22 PDT Tue" ID="2620" name="Locale_closure"/>
    <frame mDate="08/18/2003 04:36:03 PDT Mon" ID="792" name="Locating"/>
    <frame mDate="02/27/2012 12:13:12 PST Mon" ID="2141" name="Location_in_time"/>
    <frame mDate="11/19/2012 05:09:41 PST Mon" ID="105" name="Location_of_light"/>
    <frame mDate="05/12/2015 03:28:54 PDT Tue" ID="2940" name="Location_on_path"/>
    <frame mDate="04/07/2016 02:08:49 PDT Thu" ID="199" name="Locative_relation"/>
    <frame mDate="05/04/2015 05:26:13 PDT Mon" ID="2790" name="Locative_scenario"/>
    <frame mDate="03/29/2007 01:08:44 PDT Thu" ID="1917" name="Lodging_scenario"/>
    <frame mDate="06/20/2005 05:47:30 PDT Mon" ID="206" name="Lose_possession"/>
    <frame mDate="06/20/2005 05:47:49 PDT Mon" ID="212" name="Lose_possession_scenario"/>
    <frame mDate="03/29/2010 01:23:16 PDT Mon" ID="2197" name="Losing"/>
    <frame mDate="12/20/2012 04:58:47 PST Thu" ID="978" name="Losing_it"/>
    <frame mDate="02/01/2010 01:36:12 PST Mon" ID="2196" name="Losing_someone"/>
    <frame mDate="02/01/2010 03:08:54 PST Mon" ID="2198" name="Losing_track_of"/>
    <frame mDate="03/29/2010 01:27:18 PDT Mon" ID="2200" name="Losing_track_of_perceiver"/>
    <frame mDate="03/29/2010 01:26:43 PDT Mon" ID="2199" name="Losing_track_of_theme"/>
    <frame mDate="12/20/2012 05:00:13 PST Thu" ID="1811" name="Luck"/>
    <frame mDate="12/07/2005 11:49:37 PST Wed" ID="1085" name="Make_acquaintance"/>
    <frame mDate="07/18/2005 09:52:48 PDT Mon" ID="1342" name="Make_agreement_on_action"/>
    <frame mDate="12/20/2012 05:03:50 PST Thu" ID="252" name="Make_cognitive_connection"/>
    <frame mDate="12/15/2011 02:09:10 PST Thu" ID="2688" name="Make_compromise"/>
    <frame mDate="01/09/2013 03:51:10 PST Wed" ID="69" name="Make_noise"/>
    <frame mDate="05/04/2015 03:39:30 PDT Mon" ID="2839" name="Making_arrangements"/>
    <frame mDate="12/20/2012 05:04:53 PST Thu" ID="794" name="Making_faces"/>
    <frame mDate="12/10/2012 02:29:30 PST Mon" ID="92" name="Manipulate_into_doing"/>
    <frame mDate="12/20/2012 05:13:29 PST Thu" ID="2136" name="Manipulate_into_shape"/>
    <frame mDate="09/15/2016 08:09:04 PDT Thu" ID="17" name="Manipulation"/>
    <frame mDate="01/04/2016 04:30:36 PST Mon" ID="2563" name="Manner"/>
    <frame mDate="06/14/2011 04:23:51 PDT Tue" ID="2562" name="Manner_of_life"/>
    <frame mDate="10/29/2010 12:59:48 PDT Fri" ID="408" name="Manufacturing"/>
    <frame mDate="06/08/2015 02:17:47 PDT Mon" ID="1562" name="Margin_of_resolution"/>
    <frame mDate="12/20/2012 05:17:43 PST Thu" ID="284" name="Mass_motion"/>
    <frame mDate="04/18/2012 04:16:11 PDT Wed" ID="2719" name="Mathematical_relationship"/>
    <frame mDate="06/08/2010 10:46:35 PDT Tue" ID="1790" name="Means"/>
    <frame mDate="04/19/2010 03:07:51 PDT Mon" ID="965" name="Measurable_attributes"/>
    <frame mDate="10/26/2004 10:43:30 PDT Tue" ID="156" name="Measure_area"/>
    <frame mDate="11/19/2004 04:10:58 PST Fri" ID="810" name="Measure_by_action"/>
    <frame mDate="03/10/2006 07:22:18 PST Fri" ID="224" name="Measure_duration"/>
    <frame mDate="10/26/2004 10:43:30 PDT Tue" ID="154" name="Measure_linear_extent"/>
    <frame mDate="10/26/2004 10:43:30 PDT Tue" ID="147" name="Measure_mass"/>
    <frame mDate="12/08/2005 04:22:07 PST Thu" ID="1687" name="Measure_scenario"/>
    <frame mDate="11/23/2004 05:41:25 PST Tue" ID="155" name="Measure_volume"/>
    <frame mDate="08/27/2009 05:05:30 PDT Thu" ID="1686" name="Measures"/>
    <frame mDate="06/07/2010 04:13:58 PDT Mon" ID="239" name="Medical_conditions"/>
    <frame mDate="11/23/2004 05:42:54 PST Tue" ID="257" name="Medical_instruments"/>
    <frame mDate="03/06/2012 10:59:27 PST Tue" ID="2708" name="Medical_interaction_scenario"/>
    <frame mDate="12/10/2012 01:01:02 PST Mon" ID="2741" name="Medical_intervention"/>
    <frame mDate="11/23/2004 05:44:45 PST Tue" ID="255" name="Medical_professionals"/>
    <frame mDate="06/07/2010 04:23:37 PDT Mon" ID="256" name="Medical_specialties"/>
    <frame mDate="05/11/2010 05:07:07 PDT Tue" ID="2005" name="Medium"/>
    <frame mDate="06/08/2010 01:33:51 PDT Tue" ID="2235" name="Meet_specifications"/>
    <frame mDate="03/17/2010 04:09:19 PDT Wed" ID="2238" name="Meet_with"/>
    <frame mDate="03/05/2010 03:01:11 PST Fri" ID="2232" name="Meet_with_response"/>
    <frame mDate="10/12/2011 03:42:17 PDT Wed" ID="2670" name="Member_of_military"/>
    <frame mDate="03/09/2004 02:49:46 PST Tue" ID="1026" name="Membership"/>
    <frame mDate="06/07/2010 04:34:08 PDT Mon" ID="1132" name="Memorization"/>
    <frame mDate="12/20/2012 05:27:15 PST Thu" ID="135" name="Memory"/>
    <frame mDate="01/10/2006 08:48:39 PST Tue" ID="1710" name="Mental_activity"/>
    <frame mDate="01/04/2006 05:45:39 PST Wed" ID="29" name="Mental_property"/>
    <frame mDate="04/03/2008 04:41:00 PDT Thu" ID="2044" name="Mental_stimulus_exp_focus"/>
    <frame mDate="04/07/2008 02:50:46 PDT Mon" ID="2046" name="Mental_stimulus_stimulus_focus"/>
    <frame mDate="03/23/2010 10:59:10 PDT Tue" ID="2080" name="Mention"/>
    <frame mDate="12/06/2005 08:04:37 PST Tue" ID="1514" name="Military"/>
    <frame mDate="03/09/2012 11:48:14 PST Fri" ID="2676" name="Military_operation"/>
    <frame mDate="09/26/2013 01:09:09 PDT Thu" ID="2285" name="Mining"/>
    <frame mDate="05/07/2004 03:53:32 PDT Fri" ID="1100" name="Misdeed"/>
    <frame mDate="09/19/2014 04:02:12 PDT Fri" ID="1761" name="Money"/>
    <frame mDate="12/20/2012 05:31:36 PST Thu" ID="370" name="Morality_evaluation"/>
    <frame mDate="06/07/2006 05:33:44 PDT Wed" ID="7" name="Motion"/>
    <frame mDate="06/06/2006 06:23:27 PDT Tue" ID="362" name="Motion_directional"/>
    <frame mDate="06/07/2010 01:20:58 PDT Mon" ID="60" name="Motion_noise"/>
    <frame mDate="06/07/2010 04:03:53 PDT Mon" ID="238" name="Motion_scenario"/>
    <frame mDate="09/19/2014 04:02:11 PDT Fri" ID="670" name="Moving_in_place"/>
    <frame mDate="07/14/2009 02:32:42 PDT Tue" ID="221" name="Name_conferral"/>
    <frame mDate="11/19/2004 10:35:33 PST Fri" ID="1252" name="Namesake"/>
    <frame mDate="03/11/2003 12:48:35 PST Tue" ID="191" name="Natural_features"/>
    <frame mDate="06/07/2010 05:01:35 PDT Mon" ID="1375" name="Needing"/>
    <frame mDate="10/28/2014 02:13:51 PDT Tue" ID="2860" name="Negation"/>
    <frame mDate="01/14/2016 06:04:51 PST Thu" ID="2904" name="Negative_conditional"/>
    <frame mDate="08/18/2005 02:23:45 PDT Thu" ID="1611" name="Network"/>
    <frame mDate="03/05/2004 04:38:07 PST Fri" ID="1017" name="Noise_makers"/>
    <frame mDate="12/20/2012 05:35:53 PST Thu" ID="2246" name="Non-commutative_process"/>
    <frame mDate="06/08/2010 01:36:34 PDT Tue" ID="2247" name="Non-commutative_statement"/>
    <frame mDate="04/14/2015 07:07:41 PDT Tue" ID="2880" name="Non-gradable_proximity"/>
    <frame mDate="08/10/2011 02:50:59 PDT Wed" ID="2615" name="Noncombatant"/>
    <frame mDate="12/20/2012 05:54:25 PST Thu" ID="2542" name="Notability"/>
    <frame mDate="09/21/2015 02:53:53 PDT Mon" ID="129" name="Notification_of_charges"/>
    <frame mDate="04/02/2007 04:08:58 PDT Mon" ID="1926" name="Nuclear_process"/>
    <frame mDate="06/23/2015 01:38:34 PDT Tue" ID="1084" name="Objective_influence"/>
    <frame mDate="06/09/2005 04:22:48 PDT Thu" ID="1493" name="Obligation_scenario"/>
    <frame mDate="06/08/2010 11:18:31 PDT Tue" ID="1881" name="Obscurity"/>
    <frame mDate="03/27/2005 07:53:00 PST Sun" ID="1360" name="Obviousness"/>
    <frame mDate="04/11/2005 06:28:21 PDT Mon" ID="1379" name="Occupy_rank"/>
    <frame mDate="12/20/2012 06:02:14 PST Thu" ID="432" name="Offenses"/>
    <frame mDate="03/08/2010 11:40:48 PST Mon" ID="2239" name="Offering"/>
    <frame mDate="06/09/2016 06:16:20 PDT Thu" ID="3015" name="Offshoot"/>
    <frame mDate="06/27/2014 04:39:45 PDT Fri" ID="412" name="Omen"/>
    <frame mDate="01/26/2012 09:39:03 PST Thu" ID="2693" name="Ontogeny"/>
    <frame mDate="12/20/2012 06:04:44 PST Thu" ID="1872" name="Openness"/>
    <frame mDate="06/09/2003 11:45:28 PDT Mon" ID="65" name="Operate_vehicle"/>
    <frame mDate="09/01/2011 02:39:06 PDT Thu" ID="2644" name="Operate_vehicle_scenario"/>
    <frame mDate="12/07/2005 09:29:51 PST Wed" ID="1495" name="Operating_a_system"/>
    <frame mDate="04/27/2005 11:07:01 PDT Wed" ID="1301" name="Operational_testing"/>
    <frame mDate="06/07/2007 04:03:18 PDT Thu" ID="1412" name="Opinion"/>
    <frame mDate="07/30/2010 06:43:34 PDT Fri" ID="2350" name="Opportunity"/>
    <frame mDate="07/15/2010 02:20:22 PDT Thu" ID="2261" name="Optical_image"/>
    <frame mDate="06/29/2004 05:37:25 PDT Tue" ID="1147" name="Ordinal_numbers"/>
    <frame mDate="12/20/2012 06:17:12 PST Thu" ID="1371" name="Organization"/>
    <frame mDate="06/07/2016 03:30:26 PDT Tue" ID="1103" name="Origin"/>
    <frame mDate="04/15/2008 02:57:54 PDT Tue" ID="2048" name="Others_situation_as_stimulus"/>
    <frame mDate="09/19/2014 04:02:11 PDT Fri" ID="2105" name="Out_of_existence"/>
    <frame mDate="04/28/2004 03:03:54 PDT Wed" ID="681" name="Pardon"/>
    <frame mDate="12/09/2005 07:56:16 PST Fri" ID="330" name="Part_edge"/>
    <frame mDate="05/12/2015 02:15:09 PDT Tue" ID="327" name="Part_inner_outer"/>
    <frame mDate="07/27/2011 04:29:43 PDT Wed" ID="331" name="Part_ordered_segments"/>
    <frame mDate="02/19/2004 04:18:37 PST Thu" ID="143" name="Part_orientational"/>
    <frame mDate="05/31/2005 03:23:59 PDT Tue" ID="142" name="Part_piece"/>
    <frame mDate="09/19/2014 04:02:08 PDT Fri" ID="140" name="Part_whole"/>
    <frame mDate="12/20/2012 06:25:09 PST Thu" ID="349" name="Partiality"/>
    <frame mDate="08/23/2005 06:19:29 PDT Tue" ID="1144" name="Participation"/>
    <frame mDate="11/19/2004 05:21:34 PST Fri" ID="1010" name="Partitive"/>
    <frame mDate="12/21/2012 11:39:40 PST Fri" ID="2071" name="Passing"/>
    <frame mDate="08/15/2006 10:31:42 PDT Tue" ID="1671" name="Passing_off"/>
    <frame mDate="11/21/2005 01:21:35 PST Mon" ID="61" name="Path_shape"/>
    <frame mDate="06/09/2010 12:32:24 PDT Wed" ID="1592" name="Path_traveled"/>
    <frame mDate="05/12/2015 03:17:23 PDT Tue" ID="2611" name="Patrolling"/>
    <frame mDate="06/08/2010 01:31:35 PDT Tue" ID="2133" name="Pattern"/>
    <frame mDate="02/20/2004 06:09:29 PST Fri" ID="304" name="People"/>
    <frame mDate="12/05/2005 03:29:53 PST Mon" ID="1564" name="People_along_political_spectrum"/>
    <frame mDate="12/21/2012 11:41:01 PST Fri" ID="973" name="People_by_age"/>
    <frame mDate="12/21/2012 11:42:27 PST Fri" ID="1023" name="People_by_jurisdiction"/>
    <frame mDate="10/12/2011 05:04:05 PDT Wed" ID="2671" name="People_by_military_specialty"/>
    <frame mDate="05/09/2004 11:42:32 PDT Sun" ID="1102" name="People_by_morality"/>
    <frame mDate="12/21/2012 11:43:28 PST Fri" ID="974" name="People_by_origin"/>
    <frame mDate="06/25/2004 02:57:10 PDT Fri" ID="1021" name="People_by_religion"/>
    <frame mDate="06/28/2004 06:48:53 PDT Mon" ID="1143" name="People_by_residence"/>
    <frame mDate="12/21/2012 11:45:35 PST Fri" ID="1071" name="People_by_vocation"/>
    <frame mDate="01/06/2003 05:30:50 PST Mon" ID="8" name="Perception"/>
    <frame mDate="11/17/2004 10:56:40 PST Wed" ID="66" name="Perception_active"/>
    <frame mDate="12/10/2012 01:47:32 PST Mon" ID="68" name="Perception_body"/>
    <frame mDate="12/10/2012 01:57:02 PST Mon" ID="70" name="Perception_experience"/>
    <frame mDate="12/21/2012 12:11:04 PST Fri" ID="1080" name="Performers"/>
    <frame mDate="03/06/2007 05:19:31 PST Tue" ID="413" name="Performers_and_roles"/>
    <frame mDate="01/06/2003 05:30:51 PST Mon" ID="405" name="Performing_arts"/>
    <frame mDate="12/10/2012 03:09:47 PST Mon" ID="102" name="Personal_relationship"/>
    <frame mDate="02/03/2012 09:39:29 PST Fri" ID="2411" name="Personal_success"/>
    <frame mDate="11/18/2005 04:56:34 PST Fri" ID="1656" name="Physical_artworks"/>
    <frame mDate="01/06/2003 05:30:51 PST Mon" ID="302" name="Physical_entity"/>
    <frame mDate="12/10/2012 05:19:03 PST Mon" ID="123" name="Piracy"/>
    <frame mDate="06/07/2010 01:28:35 PDT Mon" ID="62" name="Placing"/>
    <frame mDate="05/14/2010 04:22:06 PDT Fri" ID="2302" name="Placing_scenario"/>
    <frame mDate="10/06/2011 06:45:34 PDT Thu" ID="2566" name="Planned_trajectory"/>
    <frame mDate="02/23/2010 02:18:24 PST Tue" ID="2015" name="Planting"/>
    <frame mDate="09/09/2014 12:09:58 PDT Tue" ID="2850" name="Plants"/>
    <frame mDate="08/15/2005 04:38:21 PDT Mon" ID="1608" name="Point_of_dispute"/>
    <frame mDate="03/03/2011 01:25:29 PST Thu" ID="2482" name="Political_actions"/>
    <frame mDate="12/21/2012 12:24:23 PST Fri" ID="195" name="Political_locales"/>
    <frame mDate="08/10/2010 11:27:00 PDT Tue" ID="2380" name="Popularity"/>
    <frame mDate="08/15/2006 10:39:55 PDT Tue" ID="1670" name="Posing_as"/>
    <frame mDate="12/10/2012 02:39:38 PST Mon" ID="95" name="Position_on_a_scale"/>
    <frame mDate="12/10/2012 03:44:45 PST Mon" ID="118" name="Possession"/>
    <frame mDate="11/20/2014 08:06:59 PST Thu" ID="2120" name="Possibility"/>
    <frame mDate="07/16/2004 11:29:52 PDT Fri" ID="1185" name="Post_getting"/>
    <frame mDate="07/16/2004 02:42:23 PDT Fri" ID="1187" name="Post_giving"/>
    <frame mDate="06/20/2005 05:46:55 PDT Mon" ID="208" name="Post_lose_possession"/>
    <frame mDate="07/16/2004 03:42:25 PDT Fri" ID="1182" name="Post_receiving"/>
    <frame mDate="07/16/2004 02:53:35 PDT Fri" ID="1189" name="Post_transfer"/>
    <frame mDate="01/07/2013 05:49:44 PST Mon" ID="18" name="Posture"/>
    <frame mDate="12/21/2012 12:26:27 PST Fri" ID="962" name="Practice"/>
    <frame mDate="12/21/2012 12:28:06 PST Fri" ID="399" name="Praiseworthiness"/>
    <frame mDate="07/28/2011 11:58:27 PDT Thu" ID="2586" name="Prank"/>
    <frame mDate="07/16/2004 11:20:38 PDT Fri" ID="1183" name="Pre_getting"/>
    <frame mDate="07/16/2004 02:26:46 PDT Fri" ID="1186" name="Pre_giving"/>
    <frame mDate="06/20/2005 05:47:13 PDT Mon" ID="207" name="Pre_lose_possession"/>
    <frame mDate="07/16/2004 03:42:13 PDT Fri" ID="1181" name="Pre_receiving"/>
    <frame mDate="07/16/2004 02:47:24 PDT Fri" ID="1188" name="Pre_transfer"/>
    <frame mDate="02/21/2012 07:04:40 PST Tue" ID="2703" name="Precariousness"/>
    <frame mDate="12/21/2012 12:30:12 PST Fri" ID="314" name="Precipitation"/>
    <frame mDate="06/23/2016 10:01:06 PDT Thu" ID="300" name="Predicament"/>
    <frame mDate="01/05/2016 02:12:27 PST Tue" ID="425" name="Predicting"/>
    <frame mDate="05/12/2015 02:17:19 PDT Tue" ID="1626" name="Preference"/>
    <frame mDate="05/22/2015 03:38:55 PDT Fri" ID="2910" name="Preferred_alternative_scenario"/>
    <frame mDate="12/21/2012 12:38:32 PST Fri" ID="1928" name="Preliminaries"/>
    <frame mDate="03/30/2007 04:07:43 PDT Fri" ID="1922" name="Presence"/>
    <frame mDate="02/18/2016 04:53:17 PST Thu" ID="2991" name="Presentation_of_mitigation"/>
    <frame mDate="06/30/2015 06:49:52 PDT Tue" ID="339" name="Preserving"/>
    <frame mDate="12/21/2012 02:00:37 PST Fri" ID="287" name="Prevarication"/>
    <frame mDate="08/31/2016 06:34:38 PDT Wed" ID="2056" name="Prevent_or_allow_possession"/>
    <frame mDate="08/31/2016 06:51:11 PDT Wed" ID="516" name="Preventing_or_letting"/>
    <frame mDate="10/20/2010 01:42:18 PDT Wed" ID="2430" name="Price_per_unit"/>
    <frame mDate="12/21/2012 02:04:07 PST Fri" ID="387" name="Prison"/>
    <frame mDate="04/19/2012 02:03:14 PDT Thu" ID="2360" name="Probability"/>
    <frame mDate="12/21/2012 02:08:21 PST Fri" ID="233" name="Process"/>
    <frame mDate="12/21/2012 02:09:21 PST Fri" ID="234" name="Process_completed_state"/>
    <frame mDate="12/10/2012 05:45:43 PST Mon" ID="145" name="Process_continue"/>
    <frame mDate="12/21/2012 02:10:35 PST Fri" ID="232" name="Process_end"/>
    <frame mDate="01/06/2003 05:30:50 PST Mon" ID="152" name="Process_initial_state"/>
    <frame mDate="07/19/2006 05:22:47 PDT Wed" ID="1765" name="Process_pause"/>
    <frame mDate="12/17/2012 05:31:13 PST Mon" ID="148" name="Process_resume"/>
    <frame mDate="12/21/2012 02:11:31 PST Fri" ID="133" name="Process_start"/>
    <frame mDate="12/10/2012 05:41:19 PST Mon" ID="144" name="Process_stop"/>
    <frame mDate="01/06/2003 05:30:50 PST Mon" ID="153" name="Process_stopped_state"/>
    <frame mDate="07/19/2006 05:17:25 PDT Wed" ID="1764" name="Process_uncompleted_state"/>
    <frame mDate="06/30/2003 09:31:37 PDT Mon" ID="620" name="Processing_materials"/>
    <frame mDate="04/16/2015 01:55:01 PDT Thu" ID="2914" name="Procreative_sex"/>
    <frame mDate="07/15/2005 06:32:27 PDT Fri" ID="1570" name="Product_delivery"/>
    <frame mDate="01/12/2012 10:52:20 PST Thu" ID="2691" name="Product_development"/>
    <frame mDate="01/19/2012 11:01:11 PST Thu" ID="2690" name="Product_development_scenario"/>
    <frame mDate="01/08/2013 04:49:01 PST Tue" ID="2524" name="Product_line"/>
    <frame mDate="06/07/2016 06:38:42 PDT Tue" ID="1340" name="Progression"/>
    <frame mDate="09/01/2016 01:44:11 PDT Thu" ID="521" name="Prohibiting_or_licensing"/>
    <frame mDate="06/07/2010 04:40:58 PDT Mon" ID="1158" name="Project"/>
    <frame mDate="12/12/2005 04:53:43 PST Mon" ID="1599" name="Proliferating_in_number"/>
    <frame mDate="05/20/2005 05:14:49 PDT Fri" ID="1460" name="Prominence"/>
    <frame mDate="06/08/2010 12:01:03 PDT Tue" ID="1582" name="Proper_reference"/>
    <frame mDate="10/20/2010 04:42:18 PDT Wed" ID="2431" name="Proportion"/>
    <frame mDate="12/08/2015 11:54:47 PST Tue" ID="1923" name="Proportional_quantity"/>
    <frame mDate="10/11/2005 06:58:13 PDT Tue" ID="1631" name="Protecting"/>
    <frame mDate="07/28/2011 03:33:04 PDT Thu" ID="2587" name="Protest"/>
    <frame mDate="12/21/2012 02:14:38 PST Fri" ID="1916" name="Provide_lodging"/>
    <frame mDate="02/27/2008 05:04:56 PST Wed" ID="2017" name="Proximity_image_schema"/>
    <frame mDate="12/12/2005 04:49:46 PST Mon" ID="1605" name="Public_services"/>
    <frame mDate="04/06/2015 04:07:24 PDT Mon" ID="2616" name="Publishing"/>
    <frame mDate="06/18/2008 07:02:11 PDT Wed" ID="2075" name="Punctual_perception"/>
    <frame mDate="02/09/2012 10:12:41 PST Thu" ID="513" name="Purpose"/>
    <frame mDate="03/03/2014 02:52:37 PST Mon" ID="2820" name="Putting_out_fire"/>
    <frame mDate="09/29/2015 03:30:30 PDT Tue" ID="189" name="Quantified_mass"/>
    <frame mDate="08/17/2011 03:17:34 PDT Wed" ID="2604" name="Quantity"/>
    <frame mDate="12/21/2012 02:15:58 PST Fri" ID="710" name="Quarreling"/>
    <frame mDate="12/03/2012 05:17:38 PST Mon" ID="40" name="Questioning"/>
    <frame mDate="09/19/2014 04:02:10 PDT Fri" ID="325" name="Quitting"/>
    <frame mDate="12/21/2012 02:17:29 PST Fri" ID="1644" name="Quitting_a_place"/>
    <frame mDate="12/21/2012 02:18:30 PST Fri" ID="2251" name="Race_descriptor"/>
    <frame mDate="03/22/2005 07:40:29 PST Tue" ID="1350" name="Range"/>
    <frame mDate="12/21/2012 02:20:56 PST Fri" ID="1377" name="Rank"/>
    <frame mDate="02/06/2006 01:14:39 PST Mon" ID="1533" name="Ranked_expectation"/>
    <frame mDate="12/10/2012 05:21:33 PST Mon" ID="127" name="Rape"/>
    <frame mDate="08/23/2005 06:41:37 PDT Tue" ID="1581" name="Rashness"/>
    <frame mDate="10/20/2010 01:40:12 PDT Wed" ID="2421" name="Rate_description"/>
    <frame mDate="10/20/2010 02:36:48 PDT Wed" ID="2425" name="Rate_quantification"/>
    <frame mDate="03/23/2005 05:27:23 PST Wed" ID="1351" name="Ratification"/>
    <frame mDate="05/21/2014 03:15:41 PDT Wed" ID="2836" name="Reading_activity"/>
    <frame mDate="01/05/2016 02:17:48 PST Tue" ID="2202" name="Reading_aloud"/>
    <frame mDate="05/15/2014 06:34:51 PDT Thu" ID="279" name="Reading_perception"/>
    <frame mDate="05/12/2015 02:19:30 PDT Tue" ID="514" name="Reason"/>
    <frame mDate="03/17/2003 04:14:27 PST Mon" ID="308" name="Reasoning"/>
    <frame mDate="01/05/2016 05:06:00 PST Tue" ID="1378" name="Reassuring"/>
    <frame mDate="07/28/2011 10:16:00 PDT Thu" ID="2584" name="Rebellion"/>
    <frame mDate="05/22/2007 11:05:38 PDT Tue" ID="1950" name="Receive_visitor_scenario"/>
    <frame mDate="12/21/2012 02:29:01 PST Fri" ID="411" name="Receiving"/>
    <frame mDate="07/15/2004 02:18:40 PDT Thu" ID="1180" name="Receiving_scenario"/>
    <frame mDate="04/14/2015 11:25:24 PDT Tue" ID="9" name="Reciprocality"/>
    <frame mDate="01/05/2016 04:12:13 PST Tue" ID="1615" name="Recording"/>
    <frame mDate="11/16/2011 06:11:11 PST Wed" ID="2680" name="Records"/>
    <frame mDate="12/10/2012 01:13:06 PST Mon" ID="51" name="Recovery"/>
    <frame mDate="12/05/2005 04:14:31 PST Mon" ID="1530" name="Redirecting"/>
    <frame mDate="04/02/2007 12:39:36 PDT Mon" ID="1924" name="Reference_text"/>
    <frame mDate="01/06/2012 05:14:46 PST Fri" ID="1253" name="Referring_by_name"/>
    <frame mDate="12/12/2005 04:54:51 PST Mon" ID="1571" name="Reforming_a_system"/>
    <frame mDate="04/21/2005 03:41:18 PDT Thu" ID="1400" name="Regard"/>
    <frame mDate="02/29/2008 12:09:48 PST Fri" ID="2027" name="Region_with_portal"/>
    <frame mDate="08/22/2005 03:38:27 PDT Mon" ID="1614" name="Rejuvenation"/>
    <frame mDate="05/16/2008 03:54:00 PDT Fri" ID="2060" name="Relating_concepts"/>
    <frame mDate="01/08/2013 02:17:01 PST Tue" ID="248" name="Relation"/>
    <frame mDate="06/08/2010 12:17:39 PDT Tue" ID="1689" name="Relation_between_individuals"/>
    <frame mDate="12/14/2011 03:51:04 PST Wed" ID="2625" name="Relational_location"/>
    <frame mDate="12/21/2012 02:32:44 PST Fri" ID="1490" name="Relational_natural_features"/>
    <frame mDate="03/12/2007 10:58:37 PDT Mon" ID="1883" name="Relational_political_locales"/>
    <frame mDate="01/08/2013 01:45:18 PST Tue" ID="2427" name="Relational_quantity"/>
    <frame mDate="03/28/2007 11:57:07 PDT Wed" ID="81" name="Relative_time"/>
    <frame mDate="01/02/2013 11:44:13 PST Wed" ID="317" name="Releasing"/>
    <frame mDate="06/08/2010 12:20:24 PDT Tue" ID="1724" name="Releasing_from_custody"/>
    <frame mDate="06/07/2010 06:22:13 PDT Mon" ID="901" name="Reliance"/>
    <frame mDate="01/02/2013 11:49:49 PST Wed" ID="902" name="Reliance_on_expectation"/>
    <frame mDate="03/05/2004 06:33:18 PST Fri" ID="1019" name="Religious_belief"/>
    <frame mDate="12/08/2005 01:45:21 PST Thu" ID="1030" name="Remainder"/>
    <frame mDate="09/28/2004 06:04:44 PDT Tue" ID="1222" name="Remembering_experience"/>
    <frame mDate="06/07/2010 04:52:11 PDT Mon" ID="1220" name="Remembering_information"/>
    <frame mDate="06/07/2010 04:52:57 PDT Mon" ID="1221" name="Remembering_to_do"/>
    <frame mDate="12/12/2005 11:04:40 PST Mon" ID="63" name="Removing"/>
    <frame mDate="05/14/2010 03:29:15 PDT Fri" ID="1816" name="Removing_scenario"/>
    <frame mDate="01/02/2013 11:50:46 PST Wed" ID="416" name="Render_nonfunctional"/>
    <frame mDate="01/02/2013 11:52:21 PST Wed" ID="1728" name="Renting"/>
    <frame mDate="01/02/2013 11:55:15 PST Wed" ID="1729" name="Renting_out"/>
    <frame mDate="09/27/2004 11:46:21 PDT Mon" ID="1231" name="Renunciation"/>
    <frame mDate="06/09/2010 12:44:15 PDT Wed" ID="400" name="Reparation"/>
    <frame mDate="08/16/2013 09:37:53 PDT Fri" ID="2370" name="Repayment"/>
    <frame mDate="01/02/2013 12:00:09 PST Wed" ID="2026" name="Repel"/>
    <frame mDate="07/09/2004 02:37:46 PDT Fri" ID="1121" name="Replacing"/>
    <frame mDate="11/12/2015 01:07:53 PST Thu" ID="483" name="Reporting"/>
    <frame mDate="01/02/2013 12:02:33 PST Wed" ID="2678" name="Representative"/>
    <frame mDate="01/26/2010 04:05:12 PST Tue" ID="2162" name="Representing"/>
    <frame mDate="05/29/2003 03:26:13 PDT Thu" ID="41" name="Request"/>
    <frame mDate="02/29/2012 12:14:24 PST Wed" ID="2700" name="Request_entity"/>
    <frame mDate="12/17/2015 02:37:09 PST Thu" ID="1381" name="Required_event"/>
    <frame mDate="12/08/2005 09:25:26 PST Thu" ID="1492" name="Requirement_scenario"/>
    <frame mDate="07/21/2014 12:52:22 PDT Mon" ID="2841" name="Rescuing"/>
    <frame mDate="06/29/2004 11:24:44 PDT Tue" ID="1152" name="Research"/>
    <frame mDate="09/15/2016 07:14:00 PDT Thu" ID="2679" name="Reserving"/>
    <frame mDate="11/12/2015 04:29:58 PST Thu" ID="344" name="Reshaping"/>
    <frame mDate="01/06/2003 05:30:50 PST Mon" ID="110" name="Residence"/>
    <frame mDate="11/02/2005 04:59:13 PST Wed" ID="1523" name="Resolve_problem"/>
    <frame mDate="08/29/2005 05:48:43 PDT Mon" ID="1623" name="Respond_to_proposal"/>
    <frame mDate="01/02/2013 12:09:27 PST Wed" ID="1302" name="Response"/>
    <frame mDate="02/26/2010 02:17:42 PST Fri" ID="2231" name="Response_scenario"/>
    <frame mDate="03/20/2012 09:20:16 PDT Tue" ID="2657" name="Responsibility"/>
    <frame mDate="08/23/2010 03:05:06 PDT Mon" ID="1000" name="Rest"/>
    <frame mDate="08/18/2016 01:30:31 PDT Thu" ID="1682" name="Result_of_attempt_scenario"/>
    <frame mDate="04/29/2005 11:54:48 PDT Fri" ID="1413" name="Resurrection"/>
    <frame mDate="02/19/2013 06:10:06 PST Tue" ID="2800" name="Retaining"/>
    <frame mDate="01/05/2016 04:26:55 PST Tue" ID="1146" name="Reveal_secret"/>
    <frame mDate="07/11/2003 12:50:09 PDT Fri" ID="347" name="Revenge"/>
    <frame mDate="07/28/2011 10:48:36 PDT Thu" ID="2585" name="Revolution"/>
    <frame mDate="08/09/2004 06:04:58 PDT Mon" ID="216" name="Rewards_and_punishments"/>
    <frame mDate="06/07/2010 05:51:17 PDT Mon" ID="690" name="Ride_vehicle"/>
    <frame mDate="05/06/2005 04:09:24 PDT Fri" ID="1441" name="Rising_to_a_challenge"/>
    <frame mDate="07/28/2006 03:16:50 PDT Fri" ID="1763" name="Risk_scenario"/>
    <frame mDate="05/25/2007 03:38:34 PDT Fri" ID="1762" name="Risky_situation"/>
    <frame mDate="05/12/2015 02:32:42 PDT Tue" ID="301" name="Rite"/>
    <frame mDate="01/04/2016 02:16:55 PST Mon" ID="203" name="Roadways"/>
    <frame mDate="02/10/2005 01:12:30 PST Thu" ID="99" name="Robbery"/>
    <frame mDate="01/06/2003 05:30:51 PST Mon" ID="246" name="Rope_manipulation"/>
    <frame mDate="06/30/2015 06:49:52 PDT Tue" ID="340" name="Rotting"/>
    <frame mDate="09/19/2014 05:07:51 PDT Fri" ID="378" name="Run_risk"/>
    <frame mDate="12/15/2011 03:17:27 PST Thu" ID="2689" name="Sacrificing_for"/>
    <frame mDate="05/16/2013 03:27:09 PDT Thu" ID="2233" name="Satisfying"/>
    <frame mDate="08/05/2005 05:00:29 PDT Fri" ID="1603" name="Scarcity"/>
    <frame mDate="05/04/2015 03:41:14 PDT Mon" ID="2838" name="Scheduling"/>
    <frame mDate="07/15/2010 02:25:11 PDT Thu" ID="1927" name="Scope"/>
    <frame mDate="11/20/2004 02:50:24 PST Sat" ID="1263" name="Scouring"/>
    <frame mDate="12/07/2005 10:08:05 PST Wed" ID="1684" name="Scrutinizing_for"/>
    <frame mDate="12/07/2005 10:01:48 PST Wed" ID="31" name="Scrutiny"/>
    <frame mDate="12/07/2005 10:13:50 PST Wed" ID="1685" name="Searching_scenario"/>
    <frame mDate="07/17/2009 02:40:28 PDT Fri" ID="1145" name="Secrecy_status"/>
    <frame mDate="06/30/2015 05:44:41 PDT Tue" ID="2574" name="See_through"/>
    <frame mDate="11/12/2015 05:52:07 PST Thu" ID="269" name="Seeking"/>
    <frame mDate="06/02/2005 02:45:49 PDT Thu" ID="1480" name="Seeking_to_achieve"/>
    <frame mDate="09/16/2014 05:35:42 PDT Tue" ID="2651" name="Self_control"/>
    <frame mDate="01/05/2016 05:35:38 PST Tue" ID="64" name="Self_motion"/>
    <frame mDate="03/01/2005 11:01:59 PST Tue" ID="243" name="Sending"/>
    <frame mDate="12/10/2012 02:04:30 PST Mon" ID="71" name="Sensation"/>
    <frame mDate="08/16/2005 02:00:09 PDT Tue" ID="1609" name="Sent_items"/>
    <frame mDate="01/02/2013 12:16:57 PST Wed" ID="297" name="Sentencing"/>
    <frame mDate="06/07/2010 01:04:59 PDT Mon" ID="15" name="Separating"/>
    <frame mDate="06/19/2009 11:06:05 PDT Fri" ID="2135" name="Sequence"/>
    <frame mDate="10/06/2011 06:28:03 PDT Thu" ID="2521" name="Serving_in_capacity"/>
    <frame mDate="08/18/2005 04:50:14 PDT Thu" ID="1617" name="Set_of_interrelated_entities"/>
    <frame mDate="06/08/2010 10:50:29 PDT Tue" ID="1823" name="Set_relation"/>
    <frame mDate="03/10/2014 06:58:13 PDT Mon" ID="2829" name="Setting_back_burn"/>
    <frame mDate="11/12/2015 07:09:37 PST Thu" ID="283" name="Setting_fire"/>
    <frame mDate="12/01/2005 01:47:14 PST Thu" ID="1650" name="Setting_out"/>
    <frame mDate="01/21/2003 01:55:27 PST Tue" ID="517" name="Severity_of_offense"/>
    <frame mDate="04/14/2015 11:20:28 PDT Tue" ID="2913" name="Sex"/>
    <frame mDate="04/17/2015 05:26:46 PDT Fri" ID="2917" name="Sexual_reproduction_scenario"/>
    <frame mDate="05/12/2015 02:15:36 PDT Tue" ID="970" name="Shaped_part"/>
    <frame mDate="06/23/2009 10:03:42 PDT Tue" ID="328" name="Shapes"/>
    <frame mDate="04/18/2013 03:21:34 PDT Thu" ID="2810" name="Sharing"/>
    <frame mDate="11/24/2004 06:38:00 PST Wed" ID="1271" name="Sharpness"/>
    <frame mDate="06/07/2010 04:27:16 PDT Mon" ID="289" name="Shoot_projectiles"/>
    <frame mDate="03/24/2006 02:33:19 PST Fri" ID="1727" name="Shooting_scenario"/>
    <frame mDate="01/02/2013 12:21:44 PST Wed" ID="1882" name="Shopping"/>
    <frame mDate="06/30/2015 05:18:49 PDT Tue" ID="2180" name="Short_selling"/>
    <frame mDate="05/02/2005 07:20:37 PDT Mon" ID="1430" name="Sidereal_appearance"/>
    <frame mDate="01/02/2013 12:34:36 PST Wed" ID="428" name="Sign"/>
    <frame mDate="07/29/2005 05:12:56 PDT Fri" ID="1151" name="Sign_agreement"/>
    <frame mDate="01/02/2013 12:35:28 PST Wed" ID="285" name="Silencing"/>
    <frame mDate="07/24/2007 06:50:59 PDT Tue" ID="481" name="Similarity"/>
    <frame mDate="07/15/2010 09:21:25 PDT Thu" ID="1260" name="Simple_name"/>
    <frame mDate="11/19/2004 03:01:56 PST Fri" ID="1261" name="Simple_naming"/>
    <frame mDate="01/02/2013 12:38:02 PST Wed" ID="1897" name="Simultaneity"/>
    <frame mDate="07/05/2016 06:15:41 PDT Tue" ID="2282" name="Size"/>
    <frame mDate="01/02/2013 12:48:38 PST Wed" ID="264" name="Sleep"/>
    <frame mDate="06/07/2010 04:56:44 PDT Mon" ID="294" name="Sleep_wake_cycle"/>
    <frame mDate="01/02/2013 12:57:37 PST Wed" ID="175" name="Smuggling"/>
    <frame mDate="01/06/2003 05:30:51 PST Mon" ID="333" name="Soaking"/>
    <frame mDate="04/06/2015 06:45:52 PDT Mon" ID="2032" name="Soaking_up"/>
    <frame mDate="12/10/2012 02:08:12 PST Mon" ID="74" name="Sociability"/>
    <frame mDate="11/30/2005 03:01:21 PST Wed" ID="369" name="Social_behavior_evaluation"/>
    <frame mDate="01/06/2003 05:30:51 PST Mon" ID="253" name="Social_connection"/>
    <frame mDate="07/25/2016 11:56:19 PDT Mon" ID="2660" name="Social_desirability"/>
    <frame mDate="04/13/2010 03:25:51 PDT Tue" ID="125" name="Social_event"/>
    <frame mDate="06/08/2010 01:38:40 PDT Tue" ID="2281" name="Social_event_collective"/>
    <frame mDate="06/08/2010 01:38:10 PDT Tue" ID="2280" name="Social_event_individuals"/>
    <frame mDate="06/08/2007 05:09:56 PDT Fri" ID="372" name="Social_interaction_evaluation"/>
    <frame mDate="07/10/2008 03:57:52 PDT Thu" ID="2102" name="Socially_significant_history_scenario"/>
    <frame mDate="01/06/2003 05:30:51 PST Mon" ID="355" name="Sole_instance"/>
    <frame mDate="01/02/2013 01:06:28 PST Wed" ID="2170" name="Sound_level"/>
    <frame mDate="01/08/2013 01:28:44 PST Tue" ID="860" name="Sound_movement"/>
    <frame mDate="01/02/2013 01:09:41 PST Wed" ID="850" name="Sounds"/>
    <frame mDate="06/07/2010 04:59:35 PDT Mon" ID="1347" name="Source_of_getting"/>
    <frame mDate="08/14/2006 02:08:42 PDT Mon" ID="1161" name="Source_path_goal"/>
    <frame mDate="03/03/2015 02:41:48 PST Tue" ID="2905" name="Spatial_co-location"/>
    <frame mDate="01/27/2015 03:03:27 PST Tue" ID="2890" name="Spatial_contact"/>
    <frame mDate="01/02/2013 01:39:40 PST Wed" ID="523" name="Speak_on_topic"/>
    <frame mDate="04/06/2015 06:42:24 PDT Mon" ID="2668" name="Specific_individual"/>
    <frame mDate="11/23/2015 02:54:54 PST Mon" ID="966" name="Speed_description"/>
    <frame mDate="04/12/2004 05:45:45 PDT Mon" ID="1081" name="Spelling_and_pronouncing"/>
    <frame mDate="01/02/2013 02:06:21 PST Wed" ID="2510" name="Sports_jargon"/>
    <frame mDate="03/01/2005 05:56:00 PST Tue" ID="1341" name="Stage_of_progress"/>
    <frame mDate="08/31/2011 11:52:08 PDT Wed" ID="2630" name="Standing_by"/>
    <frame mDate="01/06/2003 05:30:50 PST Mon" ID="150" name="State"/>
    <frame mDate="07/06/2004 11:35:23 PDT Tue" ID="1155" name="State_continue"/>
    <frame mDate="06/27/2014 06:38:34 PDT Fri" ID="1600" name="State_of_entity"/>
    <frame mDate="01/05/2016 01:00:36 PST Tue" ID="43" name="Statement"/>
    <frame mDate="03/26/2008 04:30:48 PDT Wed" ID="364" name="Stimulus_focus"/>
    <frame mDate="06/11/2007 02:11:12 PDT Mon" ID="724" name="Stinginess"/>
    <frame mDate="01/02/2013 02:04:44 PST Wed" ID="1511" name="Store"/>
    <frame mDate="07/11/2005 03:47:34 PDT Mon" ID="1550" name="Storing"/>
    <frame mDate="12/14/2005 02:41:32 PST Wed" ID="75" name="Strictness"/>
    <frame mDate="06/22/2004 03:18:03 PDT Tue" ID="1130" name="Studying"/>
    <frame mDate="08/02/2016 06:01:50 PDT Tue" ID="89" name="Suasion"/>
    <frame mDate="05/07/2008 03:15:24 PDT Wed" ID="1083" name="Subjective_influence"/>
    <frame mDate="05/24/2010 12:40:37 PDT Mon" ID="2286" name="Subjective_temperature"/>
    <frame mDate="06/21/2005 09:16:51 PDT Tue" ID="1521" name="Submitting_documents"/>
    <frame mDate="03/23/2010 04:05:15 PDT Tue" ID="530" name="Subordinates_and_superiors"/>
    <frame mDate="01/02/2013 02:17:52 PST Wed" ID="2560" name="Subsisting"/>
    <frame mDate="02/27/2005 01:52:16 PST Sun" ID="1321" name="Substance"/>
    <frame mDate="06/30/2015 06:49:53 PDT Tue" ID="385" name="Substance_by_phase"/>
    <frame mDate="06/06/2008 01:18:36 PDT Fri" ID="1090" name="Subversion"/>
    <frame mDate="01/05/2016 01:28:08 PST Tue" ID="1388" name="Success_or_failure"/>
    <frame mDate="01/05/2012 12:47:32 PST Thu" ID="1389" name="Successful_action"/>
    <frame mDate="11/16/2005 06:24:44 PST Wed" ID="1652" name="Successfully_communicate_message"/>
    <frame mDate="01/25/2006 06:06:21 PST Wed" ID="342" name="Sufficiency"/>
    <frame mDate="09/21/2011 04:41:13 PDT Wed" ID="2658" name="Suicide_attack"/>
    <frame mDate="08/11/2003 07:14:10 PDT Mon" ID="368" name="Suitability"/>
    <frame mDate="05/14/2010 12:42:37 PDT Fri" ID="1722" name="Summarizing"/>
    <frame mDate="06/12/2015 11:37:33 PDT Fri" ID="1346" name="Supply"/>
    <frame mDate="06/08/2010 01:17:36 PDT Tue" ID="2000" name="Supporting"/>
    <frame mDate="06/07/2010 05:07:27 PDT Mon" ID="358" name="Surpassing"/>
    <frame mDate="01/22/2003 03:38:50 PST Wed" ID="502" name="Surrendering"/>
    <frame mDate="06/20/2005 07:38:13 PDT Mon" ID="1500" name="Surrendering_possession"/>
    <frame mDate="05/12/2015 03:38:01 PDT Tue" ID="2911" name="Surrounding"/>
    <frame mDate="07/10/2008 05:21:37 PDT Thu" ID="1792" name="Surviving"/>
    <frame mDate="09/24/2015 10:21:47 PDT Thu" ID="503" name="Suspicion"/>
    <frame mDate="04/14/2015 11:16:28 PDT Tue" ID="227" name="Symmetrical_collective_reciprocality"/>
    <frame mDate="12/22/2005 11:46:40 PST Thu" ID="1610" name="System"/>
    <frame mDate="10/20/2010 03:48:54 PDT Wed" ID="2434" name="System_complexity"/>
    <frame mDate="09/19/2014 04:02:11 PDT Fri" ID="1171" name="Take_place_of"/>
    <frame mDate="01/02/2013 02:23:20 PST Wed" ID="410" name="Taking"/>
    <frame mDate="02/21/2012 01:45:57 PST Tue" ID="2663" name="Taking_captive"/>
    <frame mDate="06/18/2010 01:25:56 PDT Fri" ID="1306" name="Taking_sides"/>
    <frame mDate="12/06/2005 06:19:57 PST Tue" ID="967" name="Taking_time"/>
    <frame mDate="05/18/2015 11:53:04 PDT Mon" ID="90" name="Talking_into"/>
    <frame mDate="07/22/2010 02:04:43 PDT Thu" ID="2330" name="Tasting"/>
    <frame mDate="03/10/2014 04:51:53 PDT Mon" ID="2828" name="Team"/>
    <frame mDate="01/05/2016 04:33:28 PST Tue" ID="750" name="Telling"/>
    <frame mDate="05/24/2010 12:39:09 PDT Mon" ID="1050" name="Temperature"/>
    <frame mDate="03/17/2010 03:29:14 PDT Wed" ID="1895" name="Temporal_collocation"/>
    <frame mDate="03/16/2004 06:12:24 PST Tue" ID="1040" name="Temporal_pattern"/>
    <frame mDate="07/25/2011 05:43:58 PDT Mon" ID="1470" name="Temporal_subregion"/>
    <frame mDate="07/29/2011 02:10:54 PDT Fri" ID="2588" name="Temporary_group"/>
    <frame mDate="03/14/2012 10:08:42 PDT Wed" ID="2709" name="Temporary_leave"/>
    <frame mDate="03/14/2007 11:37:59 PDT Wed" ID="1885" name="Temporary_stay"/>
    <frame mDate="11/15/2012 11:20:22 PST Thu" ID="2780" name="Temporary_transfer_scenario"/>
    <frame mDate="07/14/2010 12:33:28 PDT Wed" ID="1531" name="Terms_of_agreement"/>
    <frame mDate="01/02/2013 02:29:21 PST Wed" ID="1750" name="Terrorism"/>
    <frame mDate="01/02/2013 03:46:53 PST Wed" ID="298" name="Text"/>
    <frame mDate="01/06/2003 05:30:51 PST Mon" ID="278" name="Text_creation"/>
    <frame mDate="11/02/2005 03:32:03 PST Wed" ID="94" name="Theft"/>
    <frame mDate="10/06/2011 06:31:47 PDT Thu" ID="2550" name="Thermodynamic_phase"/>
    <frame mDate="06/08/2010 10:22:37 PDT Tue" ID="1771" name="Thriving"/>
    <frame mDate="08/09/2004 06:05:00 PDT Mon" ID="518" name="Thwarting"/>
    <frame mDate="05/11/2010 03:30:22 PDT Tue" ID="2290" name="Time_period_of_action"/>
    <frame mDate="04/11/2005 02:18:26 PDT Mon" ID="379" name="Time_vector"/>
    <frame mDate="05/03/2010 05:30:20 PDT Mon" ID="2142" name="Timespan"/>
    <frame mDate="07/22/2014 01:18:37 PDT Tue" ID="2844" name="Timetable"/>
    <frame mDate="05/10/2010 05:15:47 PDT Mon" ID="2131" name="Tolerating"/>
    <frame mDate="01/09/2013 04:22:31 PST Wed" ID="2717" name="Tool_purpose"/>
    <frame mDate="06/07/2010 05:10:36 PDT Mon" ID="373" name="Topic"/>
    <frame mDate="01/02/2013 02:38:41 PST Wed" ID="1907" name="Touring"/>
    <frame mDate="04/27/2005 11:20:27 PDT Wed" ID="1163" name="Toxic_substance"/>
    <frame mDate="01/02/2013 02:43:04 PST Wed" ID="178" name="Transfer"/>
    <frame mDate="07/16/2004 03:05:51 PDT Fri" ID="1192" name="Transfer_scenario"/>
    <frame mDate="08/29/2015 03:29:01 PDT Sat" ID="2972" name="Transition_to_a_quality"/>
    <frame mDate="09/01/2015 11:34:05 PDT Tue" ID="2980" name="Transition_to_a_situation"/>
    <frame mDate="09/07/2016 02:49:53 PDT Wed" ID="1070" name="Transition_to_state"/>
    <frame mDate="01/03/2006 12:57:45 PST Tue" ID="10" name="Transitive_action"/>
    <frame mDate="08/15/2006 11:00:18 PDT Tue" ID="1645" name="Translating"/>
    <frame mDate="09/01/2011 04:57:14 PDT Thu" ID="2645" name="Transportation_status"/>
    <frame mDate="07/15/2011 03:59:46 PDT Fri" ID="2578" name="Trap"/>
    <frame mDate="09/19/2014 04:02:08 PDT Fri" ID="343" name="Travel"/>
    <frame mDate="01/07/2013 04:29:11 PST Mon" ID="1310" name="Traversing"/>
    <frame mDate="01/02/2013 02:58:38 PST Wed" ID="2770" name="Treating_and_mistreating"/>
    <frame mDate="06/09/2010 12:37:50 PDT Wed" ID="1884" name="Trendiness"/>
    <frame mDate="09/22/2015 01:00:01 PDT Tue" ID="201" name="Trial"/>
    <frame mDate="03/27/2012 12:17:30 PDT Tue" ID="2579" name="Triggering"/>
    <frame mDate="01/07/2013 03:33:47 PST Mon" ID="1731" name="Trust"/>
    <frame mDate="01/02/2013 03:03:33 PST Wed" ID="320" name="Try_defendant"/>
    <frame mDate="07/27/2010 11:53:14 PDT Tue" ID="2340" name="Trying_out"/>
    <frame mDate="04/14/2010 03:48:42 PDT Wed" ID="2191" name="Turning_out"/>
    <frame mDate="12/09/2005 03:42:30 PST Fri" ID="128" name="Type"/>
    <frame mDate="08/24/2011 12:28:30 PDT Wed" ID="1134" name="Typicality"/>
    <frame mDate="01/02/2013 03:04:13 PST Wed" ID="1154" name="Unattributed_information"/>
    <frame mDate="08/29/2015 04:44:31 PDT Sat" ID="1172" name="Undergo_change"/>
    <frame mDate="08/29/2015 03:52:56 PDT Sat" ID="2973" name="Undergo_transformation"/>
    <frame mDate="07/31/2015 04:05:34 PDT Fri" ID="1725" name="Undergoing"/>
    <frame mDate="07/31/2015 04:05:39 PDT Fri" ID="2961" name="Undergoing_scenario"/>
    <frame mDate="09/15/2004 05:41:35 PDT Wed" ID="1210" name="Undressing"/>
    <frame mDate="08/11/2005 06:55:35 PDT Thu" ID="1606" name="Unemployment_rate"/>
    <frame mDate="09/19/2014 04:02:09 PDT Fri" ID="290" name="Use_firearm"/>
    <frame mDate="06/08/2010 12:18:31 PDT Tue" ID="1690" name="Use_vehicle"/>
    <frame mDate="12/06/2005 12:27:19 PST Tue" ID="1532" name="Used_up"/>
    <frame mDate="01/02/2013 03:07:37 PST Wed" ID="726" name="Usefulness"/>
    <frame mDate="01/02/2013 03:08:49 PST Wed" ID="1141" name="Using"/>
    <frame mDate="03/31/2011 11:16:29 PDT Thu" ID="2480" name="Using_resource"/>
    <frame mDate="01/02/2013 03:15:47 PST Wed" ID="429" name="Vehicle"/>
    <frame mDate="09/08/2011 10:08:47 PDT Thu" ID="2627" name="Vehicle_departure_initial_stage"/>
    <frame mDate="09/01/2011 02:18:06 PDT Thu" ID="2642" name="Vehicle_landing"/>
    <frame mDate="10/01/2010 01:23:07 PDT Fri" ID="2426" name="Vehicle_subpart"/>
    <frame mDate="01/02/2013 03:21:09 PST Wed" ID="318" name="Verdict"/>
    <frame mDate="01/02/2013 03:22:27 PST Wed" ID="1230" name="Verification"/>
    <frame mDate="01/02/2013 03:24:11 PST Wed" ID="1960" name="Version_sequence"/>
    <frame mDate="08/24/2011 11:06:37 PDT Wed" ID="2624" name="Victim_operated_IED"/>
    <frame mDate="08/24/2015 07:04:51 PDT Mon" ID="2685" name="Violence"/>
    <frame mDate="06/08/2010 12:58:54 PDT Tue" ID="1940" name="Visit_host"/>
    <frame mDate="05/21/2007 04:30:05 PDT Mon" ID="1947" name="Visit_host_arrival"/>
    <frame mDate="05/21/2007 04:30:13 PDT Mon" ID="1949" name="Visit_host_departure"/>
    <frame mDate="05/21/2007 04:25:59 PDT Mon" ID="1948" name="Visit_host_stay"/>
    <frame mDate="06/08/2010 12:23:43 PDT Tue" ID="1911" name="Visiting"/>
    <frame mDate="06/08/2010 01:00:11 PDT Tue" ID="1941" name="Visiting_scenario"/>
    <frame mDate="05/21/2007 02:03:55 PDT Mon" ID="1943" name="Visiting_scenario_arrival"/>
    <frame mDate="05/21/2007 02:35:18 PDT Mon" ID="1944" name="Visiting_scenario_departing"/>
    <frame mDate="06/08/2010 01:02:20 PDT Tue" ID="1945" name="Visiting_scenario_stay"/>
    <frame mDate="05/21/2007 12:12:09 PDT Mon" ID="1942" name="Visitor_and_host"/>
    <frame mDate="05/21/2007 02:00:56 PDT Mon" ID="1913" name="Visitor_arrival"/>
    <frame mDate="05/21/2007 02:01:08 PDT Mon" ID="1914" name="Visitor_departure"/>
    <frame mDate="05/21/2007 11:51:00 PDT Mon" ID="1912" name="Visitor_scenario"/>
    <frame mDate="01/02/2013 03:26:23 PST Wed" ID="1840" name="Vocalizations"/>
    <frame mDate="12/03/2012 05:43:33 PST Mon" ID="44" name="Volubility"/>
    <frame mDate="01/02/2013 03:29:46 PST Wed" ID="2241" name="Wagering"/>
    <frame mDate="07/27/2005 02:36:38 PDT Wed" ID="1561" name="Waiting"/>
    <frame mDate="01/02/2013 03:34:32 PST Wed" ID="295" name="Waking_up"/>
    <frame mDate="01/22/2003 03:36:56 PST Wed" ID="505" name="Want_suspect"/>
    <frame mDate="04/30/2012 01:07:20 PDT Mon" ID="2730" name="Warning"/>
    <frame mDate="07/19/2005 10:19:30 PDT Tue" ID="1578" name="Waver_between_options"/>
    <frame mDate="07/10/2003 05:02:02 PDT Thu" ID="85" name="Wealthiness"/>
    <frame mDate="11/03/2011 02:43:43 PDT Thu" ID="426" name="Weapon"/>
    <frame mDate="09/01/2004 05:00:42 PDT Wed" ID="160" name="Wearing"/>
    <frame mDate="01/06/2003 05:30:51 PST Mon" ID="303" name="Weather"/>
    <frame mDate="11/09/2006 03:17:42 PST Thu" ID="1830" name="Wholes_and_parts"/>
    <frame mDate="10/12/2005 02:46:03 PDT Wed" ID="1632" name="Willingness"/>
    <frame mDate="09/10/2015 08:20:27 PDT Thu" ID="2072" name="Win_prize"/>
    <frame mDate="06/21/2005 08:50:10 PDT Tue" ID="1518" name="Withdraw_from_participation"/>
    <frame mDate="05/23/2005 07:57:14 PDT Mon" ID="1461" name="Within_distance"/>
    <frame mDate="04/27/2005 11:23:41 PDT Wed" ID="404" name="Word_relations"/>
    <frame mDate="03/26/2013 05:38:25 PDT Tue" ID="1892" name="Work"/>
    <frame mDate="08/08/2011 11:11:57 PDT Mon" ID="2603" name="Working_a_post"/>
</frameIndex>