<?xml version="1.0" encoding="UTF-8" standalone="yes"?>
<?xml-stylesheet type="text/xsl" href="frame.xsl"?>
<frame cBy="MJE" cDate="01/28/2002 04:30:50 PST Mon" name="Abounding_with" ID="262" xsi:schemaLocation="../schema/frame.xsd" xmlns="http://framenet.icsi.berkeley.edu" xmlns:xsi="http://www.w3.org/2001/XMLSchema-instance">
    <definition>&lt;def-root&gt;A &lt;fen&gt;Location&lt;/fen&gt; is filled or covered with the &lt;fen&gt;Theme&lt;/fen&gt;.  The &lt;fen&gt;Location&lt;/fen&gt; is realized as the External Argument, and the &lt;fen&gt;Theme&lt;/fen&gt; either as PP complement headed by &lt;ment&gt;with&lt;/ment&gt;, &lt;ment&gt;in&lt;/ment&gt; or &lt;ment&gt;of&lt;/ment&gt;.

NB:  This frame does not include uses of adjectives like &lt;ment&gt;paved&lt;/ment&gt; when they merely specify the Type of some location, as in "paved and unpaved roads".

&lt;ex&gt;&lt;fex name="Location"&gt;The waters of the bay&lt;/fex&gt; &lt;t&gt;teemed&lt;/t&gt; &lt;fex name="Theme"&gt;with fish&lt;/fex&gt;.&lt;/ex&gt;
&lt;ex&gt;&lt;fex name="Location"&gt;The waters of the bay&lt;/fex&gt; &lt;m&gt;were&lt;/m&gt; &lt;t&gt;teeming&lt;/t&gt; &lt;fex name="Theme"&gt;with fish&lt;/fex&gt;.&lt;/ex&gt;
&lt;ex&gt;&lt;fex name="Location"&gt;The road&lt;/fex&gt; &lt;m&gt;was&lt;/m&gt; &lt;fex name="Degree"&gt;completely&lt;/fex&gt; &lt;t&gt;covered&lt;/t&gt; &lt;fex name="Theme"&gt;in mud&lt;/fex&gt;.&lt;/ex&gt; &lt;/def-root&gt;</definition>
    <FE bgColor="FF0000" fgColor="FFFFFF" coreType="Core" cBy="MJE" cDate="01/28/2002 04:59:48 PST Mon" abbrev="Thm" name="Theme" ID="2260">
        <definition>&lt;def-root&gt;The &lt;fen&gt;Theme&lt;/fen&gt; covers or fills the &lt;fen&gt;Location&lt;/fen&gt;.  This FE most frequently occurs in a PP Complement headed by with or in.

&lt;ex&gt;The waters of the bay &lt;t&gt;teemed&lt;/t&gt; &lt;fex name="Theme"&gt;with fish&lt;/fex&gt;.&lt;/ex&gt; &lt;/def-root&gt;</definition>
        <semType name="Physical_object" ID="68"/>
    </FE>
    <FE bgColor="008000" fgColor="FFFFFF" coreType="Core" cBy="MJE" cDate="01/28/2002 05:00:36 PST Mon" abbrev="Loc" name="Location" ID="2261">
        <definition>&lt;def-root&gt;&lt;fen&gt;Location&lt;/fen&gt; is the object or area that the &lt;fen&gt;Theme&lt;/fen&gt; fills or covers.  This frame element generally occurs as the External Argument.&lt;ex&gt;&lt;fex name="Location"&gt;The walls&lt;/fex&gt; &lt;t&gt;crawled&lt;/t&gt; &lt;fex name="Theme"&gt;with nanite surveillance probes&lt;/fex&gt;.&lt;/ex&gt;
&lt;ex&gt;&lt;fex name="Location"&gt;The picture frame&lt;/fex&gt; &lt;m&gt;was&lt;/m&gt; &lt;fex name="Degree"&gt;thickly&lt;/fex&gt; &lt;t&gt;coated&lt;/t&gt; &lt;fex name="Theme"&gt;with dust&lt;/fex&gt;.&lt;/ex&gt;
 &lt;/def-root&gt;</definition>
        <semType name="Location" ID="54"/>
    </FE>
    <FE bgColor="A52A2A" fgColor="FFFFFF" coreType="Peripheral" cBy="MJE" cDate="01/29/2002 05:13:10 PST Tue" abbrev="Degr" name="Degree" ID="2271">
        <definition>&lt;def-root&gt;This FE identifies the &lt;fen&gt;Degree&lt;/fen&gt; of abundance with which the &lt;fen&gt;Theme&lt;/fen&gt; covers or fills the &lt;fen&gt;Location&lt;/fen&gt;.&lt;/def-root&gt;</definition>
        <semType name="Degree" ID="172"/>
    </FE>
    <FE bgColor="90876C" fgColor="FFFFFF" coreType="Extra-Thematic" cBy="ACW" cDate="08/02/2002 02:38:18 PDT Fri" abbrev="Dep" name="Depictive" ID="3491">
        <definition>&lt;def-root&gt;The &lt;fen&gt;Depictive&lt;/fen&gt; describes the state of the &lt;fen&gt;Location&lt;/fen&gt;.&lt;ex&gt; She had &lt;fex name="Location"&gt;a closet&lt;/fex&gt; &lt;t&gt;crammed&lt;/t&gt; &lt;fex name="Depictive"&gt;full of clothes&lt;/fex&gt;.&lt;/ex&gt;&lt;/def-root&gt;</definition>
    </FE>
    <FE bgColor="FFA500" fgColor="FFFF00" coreType="Peripheral" cBy="KmG" cDate="11/15/2006 03:30:29 PST Wed" abbrev="" name="Time" ID="10821">
        <definition>&lt;def-root&gt;The period of time during which the the Abounding_with event occurs.&lt;/def-root&gt;</definition>
    </FE>
    <frameRelation type="Inherits from">
        <relatedFrame ID="199">Locative_relation</relatedFrame>
    </frameRelation>
    <frameRelation type="Is Inherited by">
        <relatedFrame ID="1904">Lively_place</relatedFrame>
    </frameRelation>
    <frameRelation type="Perspective on">
        <relatedFrame ID="2916">Distributed_abundance</relatedFrame>
    </frameRelation>
    <frameRelation type="Is Perspectivized in"/>
    <frameRelation type="Uses">
        <relatedFrame ID="1602">Abundance</relatedFrame>
    </frameRelation>
    <frameRelation type="Is Used by">
        <relatedFrame ID="284">Mass_motion</relatedFrame>
        <relatedFrame ID="83">Expensiveness</relatedFrame>
    </frameRelation>
    <frameRelation type="Subframe of"/>
    <frameRelation type="Has Subframe(s)"/>
    <frameRelation type="Precedes"/>
    <frameRelation type="Is Preceded by"/>
    <frameRelation type="Is Inchoative of"/>
    <frameRelation type="Is Causative of"/>
    <frameRelation type="See also">
        <relatedFrame ID="76">Distributed_position</relatedFrame>
    </frameRelation>
    <lexUnit status="Finished_Initial" POS="V" name="teem.v" ID="4765" lemmaID="39712" cBy="MJE" cDate="01/28/2002 04:31:33 PST Mon">
        <definition>COD: be full of or swarming with.</definition>
        <sentenceCount annotated="6" total="21"/>
        <lexeme order="1" headword="true" breakBefore="false" POS="V" name="teem"/>
    </lexUnit>
    <lexUnit status="Finished_Initial" POS="A" name="crawling.a" ID="4767" lemmaID="45421" cBy="MJE" cDate="01/28/2002 04:39:25 PST Mon">
        <definition>FN: unpleasantly covered or crowded with.</definition>
        <sentenceCount annotated="5" total="67"/>
        <lexeme order="1" headword="false" breakBefore="false" POS="A" name="crawling"/>
        <semType name="Negative_judgment" ID="14"/>
    </lexUnit>
    <lexUnit status="Finished_Initial" POS="V" name="crawl.v" ID="4768" lemmaID="8824" cBy="MJE" cDate="01/28/2002 04:43:16 PST Mon">
        <definition>COD: be unpleasantly covered or crowded with.</definition>
        <sentenceCount annotated="4" total="110"/>
        <lexeme order="1" headword="true" breakBefore="false" POS="V" name="crawl"/>
    </lexUnit>
    <lexUnit status="Insufficient_Attestations" POS="V" name="throng.v" ID="4769" lemmaID="40290" cBy="MJE" cDate="01/28/2002 04:57:26 PST Mon">
        <definition>FN: be filled (with), teem (with)</definition>
        <sentenceCount annotated="3" total="110"/>
        <lexeme order="1" headword="false" breakBefore="false" POS="V" name="throng"/>
    </lexUnit>
    <lexUnit status="Finished_Initial" POS="A" name="thronged.a" ID="4770" lemmaID="45422" cBy="MJE" cDate="01/28/2002 04:57:47 PST Mon">
        <definition>FN: filled (with)</definition>
        <sentenceCount annotated="7" total="106"/>
        <lexeme order="1" headword="false" breakBefore="false" POS="A" name="thronged"/>
    </lexUnit>
    <lexUnit status="Finished_Initial" POS="A" name="crowded.a" ID="4771" lemmaID="9093" cBy="MJE" cDate="01/28/2002 04:58:28 PST Mon">
        <definition>FN: filled so far as to inhibit movement.</definition>
        <sentenceCount annotated="25" total="116"/>
        <lexeme order="1" headword="false" breakBefore="false" POS="A" name="crowded"/>
    </lexUnit>
    <lexUnit status="Finished_Initial" POS="A" name="swarming.a" ID="4772" lemmaID="45423" cBy="MJE" cDate="01/28/2002 05:03:14 PST Mon">
        <definition>FN: moving in or form a large group of people or things  </definition>
        <sentenceCount annotated="6" total="94"/>
        <lexeme order="1" headword="false" breakBefore="false" POS="A" name="swarming"/>
    </lexUnit>
    <lexUnit status="Finished_Initial" POS="V" name="swarm.v" ID="4773" lemmaID="39083" cBy="MJE" cDate="01/28/2002 06:17:50 PST Mon">
        <definition>COD: move in or form a swarm, or move somewhere in large numbers.</definition>
        <sentenceCount annotated="17" total="67"/>
        <lexeme order="1" headword="false" breakBefore="false" POS="V" name="swarm"/>
    </lexUnit>
    <lexUnit status="Insufficient_Attestations" POS="A" name="jostling.a" ID="4774" lemmaID="45424" cBy="MJE" cDate="01/28/2002 06:18:29 PST Mon">
        <definition>FN: being full of people or objects pushing against each other</definition>
        <sentenceCount annotated="0" total="19"/>
        <lexeme order="1" headword="false" breakBefore="false" POS="A" name="jostling"/>
    </lexUnit>
    <lexUnit status="Finished_Initial" POS="A" name="covered.a" ID="4797" lemmaID="45426" cBy="MJE" cDate="01/29/2002 05:16:07 PST Tue">
        <definition>FN: having a large quantity of something on the surface</definition>
        <sentenceCount annotated="13" total="61"/>
        <lexeme order="1" headword="false" breakBefore="false" POS="A" name="covered"/>
    </lexUnit>
    <lexUnit status="Finished_Initial" POS="A" name="blanketed.a" ID="4798" lemmaID="45427" cBy="MJE" cDate="01/29/2002 05:40:03 PST Tue">
        <definition>FN: covered (in, with)</definition>
        <sentenceCount annotated="5" total="20"/>
        <lexeme order="1" headword="false" breakBefore="false" POS="A" name="blanketed"/>
    </lexUnit>
    <lexUnit status="Insufficient_Attestations" POS="A" name="cloaked.a" ID="4799" lemmaID="45428" cBy="MJE" cDate="01/29/2002 05:41:08 PST Tue">
        <definition>FN: enveloped (in, with), generally to the point of being hidden</definition>
        <sentenceCount annotated="0" total="21"/>
        <lexeme order="1" headword="false" breakBefore="false" POS="A" name="cloaked"/>
    </lexUnit>
    <lexUnit status="Insufficient_Attestations" POS="A" name="thronging.a" ID="5184" lemmaID="45515" cBy="MJE" cDate="03/07/2002 04:42:06 PST Thu">
        <definition>FN: swarming (with)</definition>
        <sentenceCount annotated="3" total="42"/>
        <lexeme order="1" headword="false" breakBefore="false" POS="A" name="thronging"/>
    </lexUnit>
    <lexUnit status="Finished_Initial" POS="A" name="coated.a" ID="6916" lemmaID="45429" cBy="ACW" cDate="07/31/2002 10:08:47 PDT Wed">
        <definition>FN: layered or covered (with,in) something</definition>
        <sentenceCount annotated="14" total="150"/>
        <lexeme order="1" headword="false" breakBefore="false" POS="A" name="coated"/>
    </lexUnit>
    <lexUnit status="Finished_Initial" POS="A" name="dotted.a" ID="6917" lemmaID="45430" cBy="ACW" cDate="07/31/2002 11:03:31 PDT Wed">
        <definition>FN: covered (with, in)</definition>
        <sentenceCount annotated="20" total="127"/>
        <lexeme order="1" headword="false" breakBefore="false" POS="A" name="dotted"/>
    </lexUnit>
    <lexUnit status="Finished_Initial" POS="A" name="teeming.a" ID="6918" lemmaID="39713" cBy="ACW" cDate="07/31/2002 11:08:30 PDT Wed">
        <definition>FN: filled with</definition>
        <sentenceCount annotated="16" total="85"/>
        <lexeme order="1" headword="false" breakBefore="false" POS="A" name="teeming"/>
    </lexUnit>
    <lexUnit status="Rules_Defined" POS="A" name="dabbed.a" ID="6963" lemmaID="45977" cBy="ACW" cDate="08/01/2002 04:13:45 PDT Thu">
        <definition>FN: having been covered with quick light strokes</definition>
        <sentenceCount annotated="0" total="119"/>
        <lexeme order="1" headword="false" breakBefore="false" POS="A" name="dabbed"/>
    </lexUnit>
    <lexUnit status="Insufficient_Attestations" POS="A" name="drizzled.a" ID="6967" lemmaID="45979" cBy="ACW" cDate="08/01/2002 04:17:50 PDT Thu">
        <definition>FN: having been covered by trickling a thin stream of liquid</definition>
        <sentenceCount annotated="3" total="5"/>
        <lexeme order="1" headword="false" breakBefore="false" POS="A" name="drizzled"/>
    </lexUnit>
    <lexUnit status="Finished_Initial" incorporatedFE="Theme" POS="A" name="buttered.a" ID="6969" lemmaID="45981" cBy="ACW" cDate="08/01/2002 04:19:54 PDT Thu">
        <definition>FN: covered with butter</definition>
        <sentenceCount annotated="21" total="105"/>
        <lexeme order="1" headword="false" breakBefore="false" POS="A" name="buttered"/>
    </lexUnit>
    <lexUnit status="Finished_Initial" POS="A" name="plastered.a" ID="6970" lemmaID="29275" cBy="ACW" cDate="08/01/2002 04:21:06 PDT Thu">
        <definition>FN: covered in plaster or otherwise completely covered</definition>
        <sentenceCount annotated="12" total="99"/>
        <lexeme order="1" headword="false" breakBefore="false" POS="A" name="plastered"/>
    </lexUnit>
    <lexUnit status="Finished_Initial" POS="A" name="smeared.a" ID="6972" lemmaID="45983" cBy="ACW" cDate="08/01/2002 04:33:26 PDT Thu">
        <definition>FN: covered with a sticky or greasy substance</definition>
        <sentenceCount annotated="9" total="109"/>
        <lexeme order="1" headword="false" breakBefore="false" POS="A" name="smeared"/>
    </lexUnit>
    <lexUnit status="Finished_Initial" POS="A" name="strewn.a" ID="6973" lemmaID="45984" cBy="ACW" cDate="08/01/2002 04:35:41 PDT Thu">
        <definition>FN: covered with untidly scattered things</definition>
        <sentenceCount annotated="5" total="9"/>
        <lexeme order="1" headword="false" breakBefore="false" POS="A" name="strewn"/>
    </lexUnit>
    <lexUnit status="Finished_Initial" POS="A" name="splattered.a" ID="6987" lemmaID="45985" cBy="ACW" cDate="08/02/2002 12:40:06 PDT Fri">
        <definition>FN: covered with a sticky or viscous liquid.</definition>
        <sentenceCount annotated="10" total="49"/>
        <lexeme order="1" headword="false" breakBefore="false" POS="A" name="splattered"/>
    </lexUnit>
    <lexUnit status="Finished_Initial" POS="A" name="stuffed.a" ID="6988" lemmaID="45991" cBy="ACW" cDate="08/02/2002 12:43:17 PDT Fri">
        <definition>FN: filled to tightly with something</definition>
        <sentenceCount annotated="19" total="167"/>
        <lexeme order="1" headword="false" breakBefore="false" POS="A" name="stuffed"/>
    </lexUnit>
    <lexUnit status="Finished_Initial" POS="A" name="tiled.a" ID="6990" lemmaID="45993" cBy="ACW" cDate="08/02/2002 02:08:53 PDT Fri">
        <definition>FN: covered with tiles</definition>
        <sentenceCount annotated="26" total="117"/>
        <lexeme order="1" headword="false" breakBefore="false" POS="A" name="tiled"/>
    </lexUnit>
    <lexUnit status="Finished_Initial" POS="A" name="heaped.a" ID="6991" lemmaID="45994" cBy="ACW" cDate="08/02/2002 02:14:08 PDT Fri">
        <definition>FN: loaded copiously</definition>
        <sentenceCount annotated="7" total="84"/>
        <lexeme order="1" headword="false" breakBefore="false" POS="A" name="heaped"/>
    </lexUnit>
    <lexUnit status="Finished_Initial" POS="A" name="crammed.a" ID="6992" lemmaID="45995" cBy="ACW" cDate="08/02/2002 02:24:48 PDT Fri">
        <definition>FN: filled to the point of overflowing</definition>
        <sentenceCount annotated="22" total="128"/>
        <lexeme order="1" headword="false" breakBefore="false" POS="A" name="crammed"/>
    </lexUnit>
    <lexUnit status="Finished_Initial" POS="A" name="sprinkled.a" ID="6993" lemmaID="45996" cBy="ACW" cDate="08/02/2002 02:41:44 PDT Fri">
        <definition>FN: covered by small drops or particles</definition>
        <sentenceCount annotated="9" total="96"/>
        <lexeme order="1" headword="false" breakBefore="false" POS="A" name="sprinkled"/>
    </lexUnit>
    <lexUnit status="Insufficient_Attestations" POS="A" name="injected.a" ID="6994" lemmaID="45997" cBy="ACW" cDate="08/02/2002 02:45:28 PDT Fri">
        <definition>FN: filled by means of injection</definition>
        <sentenceCount annotated="1" total="120"/>
        <lexeme order="1" headword="false" breakBefore="false" POS="A" name="injected"/>
    </lexUnit>
    <lexUnit status="Finished_Initial" POS="A" name="draped.a" ID="6995" lemmaID="45998" cBy="ACW" cDate="08/02/2002 02:50:37 PDT Fri">
        <definition>FN: covered with a loose cloth</definition>
        <sentenceCount annotated="13" total="117"/>
        <lexeme order="1" headword="false" breakBefore="false" POS="A" name="draped"/>
    </lexUnit>
    <lexUnit status="Finished_Initial" POS="A" name="brimming.a" ID="6996" lemmaID="45999" cBy="ACW" cDate="08/02/2002 03:10:11 PDT Fri">
        <definition>COD: full to the point of overflowing.</definition>
        <sentenceCount annotated="22" total="116"/>
        <lexeme order="1" headword="false" breakBefore="false" POS="A" name="brimming"/>
    </lexUnit>
    <lexUnit status="Finished_Initial" POS="A" name="replete.a" ID="6997" lemmaID="32700" cBy="ACW" cDate="08/02/2002 03:11:47 PDT Fri">
        <definition>FN: filled</definition>
        <sentenceCount annotated="8" total="55"/>
        <lexeme order="1" headword="false" breakBefore="false" POS="A" name="replete"/>
    </lexUnit>
    <lexUnit status="Insufficient_Attestations" POS="A" name="chock-full.a" ID="6998" lemmaID="6395" cBy="ACW" cDate="08/02/2002 03:13:21 PDT Fri">
        <definition>COD: filled to overflowing. </definition>
        <sentenceCount annotated="2" total="6"/>
        <lexeme order="1" headword="false" breakBefore="false" POS="A" name="chock-full"/>
    </lexUnit>
    <lexUnit status="Needs_SCs" POS="A" name="chock-a-block.a" ID="6999" lemmaID="6393" cBy="ACW" cDate="08/02/2002 03:14:26 PDT Fri">
        <definition>COD: crammed full. </definition>
        <sentenceCount annotated="3" total="16"/>
        <lexeme order="1" headword="false" breakBefore="false" POS="A" name="chock-a-block"/>
    </lexUnit>
    <lexUnit status="Finished_Initial" POS="A" name="dusted.a" ID="7000" lemmaID="46001" cBy="ACW" cDate="08/02/2002 03:18:06 PDT Fri">
        <definition>FN: covered with a powedered substance</definition>
        <sentenceCount annotated="6" total="90"/>
        <lexeme order="1" headword="false" breakBefore="false" POS="A" name="dusted"/>
    </lexUnit>
    <lexUnit status="Finished_Initial" POS="A" name="surfaced.a" ID="7001" lemmaID="46003" cBy="ACW" cDate="08/02/2002 03:21:13 PDT Fri">
        <definition>FN: covered with a particular surface</definition>
        <sentenceCount annotated="11" total="95"/>
        <lexeme order="1" headword="false" breakBefore="false" POS="A" name="surfaced"/>
    </lexUnit>
    <lexUnit status="Finished_Initial" POS="A" name="wallpapered.a" ID="7002" lemmaID="46004" cBy="ACW" cDate="08/02/2002 03:24:20 PDT Fri">
        <definition>FN: covered in wallpaper</definition>
        <sentenceCount annotated="4" total="6"/>
        <lexeme order="1" headword="false" breakBefore="false" POS="A" name="wallpapered"/>
    </lexUnit>
    <lexUnit status="Finished_Initial" POS="A" name="overcrowded.a" ID="7004" lemmaID="46007" cBy="ACW" cDate="08/02/2002 03:37:01 PDT Fri">
        <definition>FN: extremely full</definition>
        <sentenceCount annotated="23" total="84"/>
        <lexeme order="1" headword="false" breakBefore="false" POS="A" name="overcrowded"/>
    </lexUnit>
    <lexUnit status="Finished_Initial" POS="A" name="overfilled.a" ID="7005" lemmaID="46008" cBy="ACW" cDate="08/02/2002 03:41:58 PDT Fri">
        <definition>FN: too full</definition>
        <sentenceCount annotated="5" total="10"/>
        <lexeme order="1" headword="false" breakBefore="false" POS="A" name="overfilled"/>
    </lexUnit>
    <lexUnit status="Finished_Initial" POS="A" name="filled.a" ID="7009" lemmaID="46005" cBy="ACW" cDate="08/05/2002 08:12:15 PDT Mon">
        <definition>FN: full</definition>
        <sentenceCount annotated="47" total="327"/>
        <lexeme order="1" headword="false" breakBefore="false" POS="A" name="filled"/>
    </lexUnit>
    <lexUnit status="Finished_Initial" POS="A" name="full.a" ID="7010" lemmaID="15634" cBy="ACW" cDate="08/05/2002 08:42:58 PDT Mon">
        <definition>FN: containing many objects, but not necessarily without room for more</definition>
        <sentenceCount annotated="65" total="433"/>
        <lexeme order="1" headword="false" breakBefore="false" POS="A" name="full"/>
    </lexUnit>
    <lexUnit status="Finished_Initial" POS="A" name="adorned.a" ID="7012" lemmaID="46013" cBy="ACW" cDate="08/05/2002 10:18:52 PDT Mon">
        <definition>FN: decorated</definition>
        <sentenceCount annotated="17" total="108"/>
        <lexeme order="1" headword="false" breakBefore="false" POS="A" name="adorned"/>
    </lexUnit>
    <lexUnit status="Insufficient_Attestations" incorporatedFE="Theme" POS="A" name="asphalted.a" ID="7013" lemmaID="46014" cBy="ACW" cDate="08/05/2002 10:22:20 PDT Mon">
        <definition>FN: covered in asphalt</definition>
        <sentenceCount annotated="2" total="4"/>
        <lexeme order="1" headword="false" breakBefore="false" POS="A" name="asphalted"/>
    </lexUnit>
    <lexUnit status="Insufficient_Attestations" POS="A" name="brushed.a" ID="7014" lemmaID="46015" cBy="ACW" cDate="08/05/2002 10:25:44 PDT Mon">
        <definition>FN: covered by something which was applied with a brush</definition>
        <sentenceCount annotated="3" total="102"/>
        <lexeme order="1" headword="false" breakBefore="false" POS="A" name="brushed"/>
    </lexUnit>
    <lexUnit status="Finished_Initial" POS="A" name="hung.a" ID="7015" lemmaID="46016" cBy="ACW" cDate="08/05/2002 10:34:12 PDT Mon">
        <definition>FN: covered or adorned with hanging objects</definition>
        <sentenceCount annotated="16" total="142"/>
        <lexeme order="1" headword="false" breakBefore="false" POS="A" name="hung"/>
    </lexUnit>
    <lexUnit status="Finished_Initial" POS="A" name="jammed.a" ID="7016" lemmaID="46017" cBy="ACW" cDate="08/05/2002 10:40:10 PDT Mon">
        <definition>FN: over-crowded</definition>
        <sentenceCount annotated="17" total="112"/>
        <lexeme order="1" headword="false" breakBefore="false" POS="A" name="jammed"/>
    </lexUnit>
    <lexUnit status="Finished_Initial" POS="A" name="paved.a" ID="7018" lemmaID="28109" cBy="ACW" cDate="08/05/2002 10:56:27 PDT Mon">
        <definition>FN: covered with stones or asphalt</definition>
        <sentenceCount annotated="17" total="128"/>
        <lexeme order="1" headword="false" breakBefore="false" POS="A" name="paved"/>
    </lexUnit>
    <lexUnit status="Finished_Initial" POS="A" name="festooned.a" ID="7019" lemmaID="46018" cBy="ACW" cDate="08/05/2002 11:11:49 PDT Mon">
        <definition>FN: adorned with festoons</definition>
        <sentenceCount annotated="7" total="62"/>
        <lexeme order="1" headword="false" breakBefore="false" POS="A" name="festooned"/>
    </lexUnit>
    <lexUnit status="Finished_Initial" POS="A" name="decked.a" ID="7020" lemmaID="46019" cBy="ACW" cDate="08/05/2002 11:13:08 PDT Mon">
        <definition>FN: decorated brightly and extensively</definition>
        <sentenceCount annotated="12" total="71"/>
        <lexeme order="1" headword="false" breakBefore="false" POS="A" name="decked"/>
    </lexUnit>
    <lexUnit status="Finished_Initial" POS="A" name="bedecked.a" ID="7021" lemmaID="3165" cBy="ACW" cDate="08/05/2002 11:25:53 PDT Mon">
        <definition>FN: decorated lavishly</definition>
        <sentenceCount annotated="11" total="27"/>
        <lexeme order="1" headword="false" breakBefore="false" POS="A" name="bedecked"/>
    </lexUnit>
    <lexUnit status="Finished_Initial" incorporatedFE="Theme" POS="A" name="bejewelled.a" ID="7022" lemmaID="46020" cBy="ACW" cDate="08/05/2002 11:29:16 PDT Mon">
        <definition>FN: covered in jewels</definition>
        <sentenceCount annotated="6" total="18"/>
        <lexeme order="1" headword="false" breakBefore="false" POS="A" name="bejewelled"/>
    </lexUnit>
    <lexUnit status="Finished_Initial" POS="A" name="bespattered.a" ID="7023" lemmaID="3434" cBy="ACW" cDate="08/05/2002 11:30:55 PDT Mon">
        <definition>FN: covered in patch of liquid</definition>
        <sentenceCount annotated="6" total="7"/>
        <lexeme order="1" headword="false" breakBefore="false" POS="A" name="bespattered"/>
    </lexUnit>
    <lexUnit status="Finished_Initial" POS="A" name="spattered.a" ID="7024" lemmaID="46021" cBy="ACW" cDate="08/05/2002 11:32:16 PDT Mon">
        <definition>FN: covered  with drops or spots. </definition>
        <sentenceCount annotated="14" total="72"/>
        <lexeme order="1" headword="false" breakBefore="false" POS="A" name="spattered"/>
    </lexUnit>
    <lexUnit status="Finished_Initial" POS="A" name="decorated.a" ID="7028" lemmaID="46024" cBy="ACW" cDate="08/05/2002 02:46:17 PDT Mon">
        <definition>FN: furned with ornamental things</definition>
        <sentenceCount annotated="19" total="110"/>
        <lexeme order="1" headword="false" breakBefore="false" POS="A" name="decorated"/>
    </lexUnit>
    <lexUnit status="Finished_Initial" POS="A" name="studded.a" ID="7029" lemmaID="46025" cBy="ACW" cDate="08/05/2002 02:55:23 PDT Mon">
        <definition>FN: decorated with studs or other similar objects</definition>
        <sentenceCount annotated="12" total="112"/>
        <lexeme order="1" headword="false" breakBefore="false" POS="A" name="studded"/>
    </lexUnit>
    <lexUnit status="Finished_Initial" POS="A" name="lined.a" ID="7030" lemmaID="46026" cBy="ACW" cDate="08/05/2002 03:00:21 PDT Mon">
        <definition>FN: having its interior covered with a layer of different material</definition>
        <sentenceCount annotated="33" total="221"/>
        <lexeme order="1" headword="false" breakBefore="false" POS="A" name="lined"/>
    </lexUnit>
    <lexUnit status="Finished_Initial" POS="A" name="ornamented.a" ID="7031" lemmaID="46027" cBy="ACW" cDate="08/05/2002 03:10:21 PDT Mon">
        <definition>FN: covered in ornamental objects</definition>
        <sentenceCount annotated="5" total="61"/>
        <lexeme order="1" headword="false" breakBefore="false" POS="A" name="ornamented"/>
    </lexUnit>
    <lexUnit status="Finished_Initial" POS="A" name="varnished.a" ID="7053" lemmaID="46032" cBy="ACW" cDate="08/06/2002 08:55:34 PDT Tue">
        <definition>FN: covered in varnish</definition>
        <sentenceCount annotated="10" total="61"/>
        <lexeme order="1" headword="false" breakBefore="false" POS="A" name="varnished"/>
    </lexUnit>
    <lexUnit status="Finished_Initial" incorporatedFE="Theme" POS="A" name="painted.a" ID="7109" lemmaID="46054" cBy="ACW" cDate="08/07/2002 10:51:31 PDT Wed">
        <definition>FN: covered with paint</definition>
        <sentenceCount annotated="35" total="310"/>
        <lexeme order="1" headword="false" breakBefore="false" POS="A" name="painted"/>
    </lexUnit>
    <lexUnit status="Finished_Initial" incorporatedFE="Theme" POS="A" name="lacquered.a" ID="7126" lemmaID="46059" cBy="ACW" cDate="08/07/2002 01:29:00 PDT Wed">
        <definition>FN: covered in lacquer</definition>
        <sentenceCount annotated="16" total="56"/>
        <lexeme order="1" headword="false" breakBefore="false" POS="A" name="lacquered"/>
    </lexUnit>
    <lexUnit status="Finished_Initial" POS="A" name="glazed.a" ID="7129" lemmaID="46060" cBy="ACW" cDate="08/07/2002 01:33:28 PDT Wed">
        <definition>FN: covered with a glaze</definition>
        <sentenceCount annotated="22" total="162"/>
        <lexeme order="1" headword="false" breakBefore="false" POS="A" name="glazed"/>
    </lexUnit>
    <lexUnit status="Finished_Initial" POS="A" name="gilded.a" ID="7130" lemmaID="16228" cBy="ACW" cDate="08/07/2002 01:39:46 PDT Wed">
        <definition>FN: covered in a thin layer of gold</definition>
        <sentenceCount annotated="18" total="77"/>
        <lexeme order="1" headword="false" breakBefore="false" POS="A" name="gilded"/>
    </lexUnit>
    <lexUnit status="Finished_Initial" POS="A" name="embellished.a" ID="7132" lemmaID="46061" cBy="ACW" cDate="08/07/2002 01:58:55 PDT Wed">
        <definition>FN: adorned or decorated</definition>
        <sentenceCount annotated="11" total="70"/>
        <lexeme order="1" headword="false" breakBefore="false" POS="A" name="embellished"/>
    </lexUnit>
    <lexUnit status="Finished_Initial" POS="A" name="panelled.a" ID="7139" lemmaID="46064" cBy="ACW" cDate="08/08/2002 12:50:10 PDT Thu">
        <definition>FN: covered in panels</definition>
        <sentenceCount annotated="29" total="119"/>
        <lexeme order="1" headword="false" breakBefore="false" POS="A" name="panelled"/>
    </lexUnit>
    <lexUnit status="Needs_SCs" POS="A" name="rife.a" ID="13511" lemmaID="33234" cBy="RLG" cDate="08/21/2006 11:59:11 PDT Mon">
        <definition>FN: full (often of something bad).</definition>
        <sentenceCount annotated="3" total="52"/>
        <lexeme order="1" headword="false" breakBefore="false" POS="A" name="rife"/>
    </lexUnit>
    <lexUnit status="Rules_Defined" POS="A" name="piled.a" ID="17295" lemmaID="51618" cBy="CVa" cDate="01/29/2013 05:49:15 PST Tue">
        <definition>FN: to have a large quantity of objects on a surface</definition>
        <sentenceCount annotated="1" total="1"/>
        <lexeme order="1" headword="true" breakBefore="false" POS="A" name="piled"/>
    </lexUnit>
    <lexUnit status="Created" POS="A" name="littered.a" ID="17675" lemmaID="51733" cBy="MJE" cDate="08/15/2014 01:42:33 PDT Fri">
        <definition>FN: having sporadic instances (esp. of something undesirable) irregularly distributed on the surface.</definition>
        <sentenceCount annotated="1" total="1"/>
        <lexeme order="1" headword="true" breakBefore="false" POS="A" name="littered"/>
    </lexUnit>
</frame>