<?xml version="1.0" encoding="UTF-8" standalone="yes"?>
<?xml-stylesheet type="text/xsl" href="frame.xsl"?>
<frame cBy="MJE" cDate="07/10/2001 08:45:29 PDT Tue" name="Activity_finish" ID="165" xsi:schemaLocation="../schema/frame.xsd" xmlns="http://framenet.icsi.berkeley.edu" xmlns:xsi="http://www.w3.org/2001/XMLSchema-instance">
    <definition>&lt;def-root&gt;An &lt;fen&gt;Agent&lt;/fen&gt; finishes an &lt;fen&gt;Activity&lt;/fen&gt;, which can no longer logically continue. This frame is a subframe of &lt;fen&gt;Activity&lt;/fen&gt;.
&lt;ex&gt;&lt;/ex&gt;
&lt;ex&gt;&lt;fex name="Agent"&gt;Jason&lt;/fex&gt; &lt;t&gt;completed&lt;/t&gt; &lt;fex name="Activity"&gt;grading the papers&lt;/fex&gt; &lt;fex name="Time"&gt;late Sunday night&lt;/fex&gt;.&lt;/ex&gt;

&lt;ex&gt;Upon &lt;t&gt;completion&lt;/t&gt; &lt;fex name="Activity"&gt;of the final exam&lt;/fex&gt;, &lt;fex name="Agent"&gt;Ava&lt;/fex&gt; tossed out her notes. &lt;/ex&gt;&lt;/def-root&gt;</definition>
    <FE bgColor="9400D3" fgColor="FFFFFF" coreType="Extra-Thematic" cBy="MJE" cDate="01/20/2002 01:31:24 PST Sun" abbrev="Depict" name="Depictive" ID="2228">
        <definition>&lt;def-root&gt;This FE identifies the &lt;fen&gt;Depictive&lt;/fen&gt; phrase describing an actor or an undergoer of an action.
&lt;/def-root&gt;</definition>
    </FE>
    <FE bgColor="FF00FF" fgColor="FFFFFF" coreType="Peripheral" cBy="MJE" cDate="01/20/2002 01:31:24 PST Sun" abbrev="Manr" name="Manner" ID="2229">
        <definition>&lt;def-root&gt;This FE identifies the &lt;fen&gt;Manner&lt;/fen&gt; an &lt;fen&gt;Agent&lt;/fen&gt; is engaged in finishing an &lt;fen&gt;Activity&lt;/fen&gt;.&lt;/def-root&gt;</definition>
        <semType name="Manner" ID="173"/>
    </FE>
    <FE bgColor="9F79EE" fgColor="FFFFFF" coreType="Extra-Thematic" cBy="MJE" cDate="01/20/2002 01:31:24 PST Sun" abbrev="Result" name="Result" ID="2230">
        <definition>&lt;def-root&gt;This FE identifies the &lt;fen&gt;Result&lt;/fen&gt; of finished &lt;fen&gt;Activity&lt;/fen&gt;.&lt;/def-root&gt;</definition>
    </FE>
    <FE bgColor="00008B" fgColor="FFFFFF" coreType="Extra-Thematic" cBy="MJE" cDate="01/20/2002 01:31:54 PST Sun" abbrev="Co-t" name="Co-timed_event" ID="2233">
        <definition>&lt;def-root&gt;This FE identifies the last &lt;fen&gt;Co-timed_event&lt;/fen&gt; of the finished &lt;fen&gt;Activity&lt;/fen&gt;.&lt;ex&gt;They &lt;t&gt;finished&lt;/t&gt; the peace march   &lt;fex name="Co-timed_event"&gt;with a prayer&lt;/fex&gt;.&lt;/ex&gt;&lt;/def-root&gt;</definition>
    </FE>
    <FE bgColor="008000" fgColor="FFFFFF" coreType="Peripheral" cBy="MJE" cDate="01/20/2002 01:51:33 PST Sun" abbrev="Place" name="Place" ID="2234">
        <definition>&lt;def-root&gt;This FE identifies the &lt;fen&gt;Place&lt;/fen&gt; where the &lt;fen&gt;Agent&lt;/fen&gt; finishes the &lt;fen&gt;Activity&lt;/fen&gt;.&lt;/def-root&gt;</definition>
        <semType name="Locative_relation" ID="182"/>
    </FE>
    <FE bgColor="FFA500" fgColor="FFFFFF" coreType="Peripheral" cBy="MJE" cDate="01/20/2002 01:52:35 PST Sun" abbrev="Time" name="Time" ID="2235">
        <definition>&lt;def-root&gt;This FE identifies the &lt;fen&gt;Time&lt;/fen&gt; when the &lt;fen&gt;Activity&lt;/fen&gt; finishes.&lt;/def-root&gt;</definition>
        <semType name="Time" ID="141"/>
    </FE>
    <FE bgColor="FF0000" fgColor="FFFFFF" coreType="Core" cBy="MRLP" cDate="04/05/2002 03:47:28 PST Fri" abbrev="Agent" name="Agent" ID="2577">
        <definition>&lt;def-root&gt;This FE identifies the &lt;fen&gt;Agent&lt;/fen&gt; who has finished an &lt;fen&gt;Activity&lt;/fen&gt;.&lt;/def-root&gt;</definition>
        <semType name="Sentient" ID="5"/>
    </FE>
    <FE bgColor="0000FF" fgColor="FFFFFF" coreType="Core" cBy="MRLP" cDate="04/05/2002 03:59:49 PST Fri" abbrev="Act" name="Activity" ID="2578">
        <definition>&lt;def-root&gt;This FE identifies the &lt;fen&gt;Activity&lt;/fen&gt; that the &lt;fen&gt;Agent&lt;/fen&gt; has finished.&lt;/def-root&gt;</definition>
    </FE>
    <FE bgColor="A52A2A" fgColor="FFFFFF" coreType="Peripheral" cBy="MRLP" cDate="04/05/2002 04:40:14 PST Fri" abbrev="Mns" name="Means" ID="2580">
        <definition>&lt;def-root&gt;This FE identifies the &lt;fen&gt;Means&lt;/fen&gt; by which an &lt;fen&gt;Agent&lt;/fen&gt; finishes an &lt;fen&gt;Activity&lt;/fen&gt;.&lt;/def-root&gt;</definition>
        <semType name="State_of_affairs" ID="177"/>
    </FE>
    <FE bgColor="800080" fgColor="FFFFFF" coreType="Peripheral" cBy="MRLP" cDate="04/12/2002 12:45:00 PDT Fri" abbrev="Purp" name="Purpose" ID="2603">
        <definition>&lt;def-root&gt;This FE identifies the &lt;fen&gt;Purpose&lt;/fen&gt; for which an &lt;fen&gt;Agent&lt;/fen&gt; finishes for an &lt;fen&gt;Activity&lt;/fen&gt;.&lt;/def-root&gt;</definition>
        <semType name="State_of_affairs" ID="177"/>
    </FE>
    <FE bgColor="FFFF00" fgColor="000000" coreType="Peripheral" cBy="MiL" cDate="04/27/2006 04:33:03 PDT Thu" abbrev="" name="Degree" ID="10062">
        <definition>&lt;def-root&gt;This FE describes the how near the agent is to finishing.  &lt;/def-root&gt;</definition>
        <semType name="Degree" ID="172"/>
    </FE>
    <FE bgColor="90876C" fgColor="FFFFFF" coreType="Extra-Thematic" cBy="KmG" cDate="05/09/2006 11:06:14 PDT Tue" abbrev="" name="Explanation" ID="10083">
        <definition>&lt;def-root&gt;The &lt;fen&gt;Explanation&lt;/fen&gt; denotes a proposition from which the main clause (headed by the target) logically follows. This often means that the &lt;fen&gt;Explanation&lt;/fen&gt; causes the target's proposition, but not in all cases. &lt;/def-root&gt;</definition>
        <semType name="State_of_affairs" ID="177"/>
    </FE>
    <FE bgColor="EEE8AA" fgColor="000000" coreType="Extra-Thematic" cBy="KmG" cDate="05/26/2006 11:44:45 PDT Fri" abbrev="" name="Circumstances" ID="10129">
        <definition>&lt;def-root&gt;Circumstances describe the state of the world (at a particular time and place) which is specifically independent of the event itself and any of its participants. &lt;/def-root&gt;</definition>
    </FE>
    <FE bgColor="7CCD73" fgColor="000000" coreType="Extra-Thematic" cBy="KmG" cDate="05/26/2006 02:58:07 PDT Fri" abbrev="" name="Containing_event" ID="10132">
        <definition>&lt;def-root&gt;This FE identifies an event during which the &lt;fen&gt;Agent&lt;/fen&gt; finishes the &lt;fen&gt;Activity&lt;/fen&gt;. 

&lt;/def-root&gt;</definition>
    </FE>
    <frameRelation type="Inherits from">
        <relatedFrame ID="198">Intentionally_act</relatedFrame>
        <relatedFrame ID="232">Process_end</relatedFrame>
    </frameRelation>
    <frameRelation type="Is Inherited by">
        <relatedFrame ID="2193">Finish_game</relatedFrame>
    </frameRelation>
    <frameRelation type="Perspective on"/>
    <frameRelation type="Is Perspectivized in"/>
    <frameRelation type="Uses"/>
    <frameRelation type="Is Used by"/>
    <frameRelation type="Subframe of">
        <relatedFrame ID="124">Activity</relatedFrame>
    </frameRelation>
    <frameRelation type="Has Subframe(s)"/>
    <frameRelation type="Precedes">
        <relatedFrame ID="182">Activity_done_state</relatedFrame>
    </frameRelation>
    <frameRelation type="Is Preceded by">
        <relatedFrame ID="164">Activity_ongoing</relatedFrame>
    </frameRelation>
    <frameRelation type="Is Inchoative of"/>
    <frameRelation type="Is Causative of"/>
    <frameRelation type="See also"/>
    <lexUnit status="Created" POS="V" name="wrap up.v" ID="4482" lemmaID="45299" cBy="MJE" cDate="12/04/2001 06:06:27 PST Tue">
        <definition>FN: finish</definition>
        <sentenceCount annotated="0" total="0"/>
        <lexeme order="2" headword="false" breakBefore="true" POS="PREP" name="up"/>
        <lexeme order="1" headword="true" breakBefore="false" POS="V" name="wrap"/>
    </lexUnit>
    <lexUnit status="Finished_Initial" POS="V" name="finish.v" ID="4483" lemmaID="14420" cBy="MJE" cDate="12/04/2001 06:06:58 PST Tue">
        <definition>FN: bringing or coming to an end</definition>
        <sentenceCount annotated="38" total="249"/>
        <lexeme order="1" headword="false" breakBefore="false" POS="V" name="finish"/>
    </lexUnit>
    <lexUnit status="Finished_Initial" POS="V" name="conclude.v" ID="11351" lemmaID="7629" cBy="MiL" cDate="11/30/2004 04:08:47 PST Tue">
        <definition>COD: bring or come to an end</definition>
        <sentenceCount annotated="27" total="219"/>
        <lexeme order="1" headword="false" breakBefore="false" POS="V" name="conclude"/>
    </lexUnit>
    <lexUnit status="Finished_Initial" POS="V" name="complete.v" ID="11352" lemmaID="7493" cBy="MiL" cDate="11/30/2004 04:09:36 PST Tue">
        <definition>COD: finish making or doing</definition>
        <sentenceCount annotated="52" total="269"/>
        <lexeme order="1" headword="false" breakBefore="false" POS="V" name="complete"/>
    </lexUnit>
    <lexUnit status="Created" POS="N" name="completion.n" ID="12162" lemmaID="7497" cBy="JKR" cDate="06/02/2005 03:20:56 PDT Thu">
        <definition>FN: the act of finishing making or doing something</definition>
        <sentenceCount annotated="7" total="7"/>
        <lexeme order="1" headword="false" breakBefore="false" POS="N" name="completion"/>
    </lexUnit>
    <lexUnit status="Needs_SCs" POS="V" name="tie up.v" ID="13181" lemmaID="50352" cBy="MiL" cDate="04/28/2006 10:52:17 PDT Fri">
        <definition>FN: bring something to a satisfactory conclusion</definition>
        <sentenceCount annotated="0" total="2"/>
        <lexeme order="1" headword="true" breakBefore="false" POS="V" name="tie"/>
        <lexeme order="2" headword="false" breakBefore="true" POS="PREP" name="up"/>
    </lexUnit>
    <lexUnit status="Created" POS="V" name="graduate.v" ID="17692" lemmaID="16643" cBy="WMcQ" cDate="09/08/2014 01:01:14 PDT Mon">
        <definition>FN: To finish completely, often referring to attendance at an educational institution</definition>
        <sentenceCount annotated="1" total="1"/>
        <lexeme order="1" headword="false" breakBefore="false" POS="V" name="graduate"/>
    </lexUnit>
</frame>