<?xml version="1.0" encoding="UTF-8" standalone="yes"?>
<?xml-stylesheet type="text/xsl" href="frame.xsl"?>
<frame cBy="JKR" cDate="07/19/2005 09:17:31 PDT Tue" name="Actually_occurring_entity" ID="1580" xsi:schemaLocation="../schema/frame.xsd" xmlns="http://framenet.icsi.berkeley.edu" xmlns:xsi="http://www.w3.org/2001/XMLSchema-instance">
    <definition>&lt;def-root&gt;Against the background of a contextually salient non-real world, for instance a hypothetical, imagined, simulated, expected, projected, or dream world, an &lt;fen&gt;Instance&lt;/fen&gt; of a &lt;fen&gt;Type&lt;/fen&gt; encountered in a relation or event in the real world is presented as being different from the instance found in the non-real world. Of course, the real-world &lt;fen&gt;Instance&lt;/fen&gt; of the expected &lt;fen&gt;Type&lt;/fen&gt; may also be presented as not occurring, as in the last example below.


&lt;ex&gt;&lt;t&gt;Actual&lt;/t&gt; &lt;fex name="Type"&gt;results&lt;/fex&gt; may vary.&lt;/ex&gt;
&lt;ex&gt;&lt;fex name="ins"&gt;ACTUAL results&lt;/fex&gt; may vary.&lt;/ex&gt;

&lt;ex&gt;Also present is the &lt;t&gt;actual&lt;/t&gt; &lt;fex name="Type"&gt;policeman&lt;/fex&gt;, now 20 years older and helping to cast and prepare the young actor who'll be portraying him onscreen.&lt;/ex&gt;
&lt;ex&gt;Also present is &lt;fex name="ins"&gt;the ACTUAL policeman&lt;/fex&gt;, now 20 years older and helping to cast and prepare the young actor who'll be portraying him onscreen.&lt;/ex&gt;

&lt;ex&gt;Of course, an &lt;t&gt;actual&lt;/t&gt; &lt;fex name="Type"&gt;car&lt;/fex&gt; with all these capabilities simply did not exist.&lt;/ex&gt;
&lt;ex&gt;Of course, &lt;fex name="ins"&gt;an ACTUAL car&lt;/fex&gt; with all these capabilities simply did not exist.&lt;/ex&gt;
&lt;/def-root&gt;</definition>
    <FE bgColor="FF0000" fgColor="FFFFFF" coreType="Core" cBy="JKR" cDate="07/19/2005 09:28:21 PDT Tue" abbrev="ins" name="Instance" ID="8670">
        <definition>&lt;def-root&gt;The real-world individual--a concrete or abstract thing or an event--which differs from its counterpart in a discourse-salient non-real world.

&lt;ex&gt;In May of 1994, FBI agents working for Mr. Fiske interviewed Mrs. Foster, showed her &lt;fex name="ins"&gt;an ACTUAL  gun&lt;/fex&gt;, not a photo, and asked her if she could identify the gun.&lt;/ex&gt;&lt;/def-root&gt;</definition>
    </FE>
    <FE bgColor="00008B" fgColor="FFFFFF" coreType="Core" cBy="JKR" cDate="07/20/2005 05:32:58 PDT Wed" abbrev="typ" name="Type" ID="8675">
        <definition>&lt;def-root&gt;A kind of entity, instances of which are expected to occur in both the real and the non-real world.


&lt;ex&gt;His &lt;t&gt;actual&lt;/t&gt; &lt;fex name="Type"&gt;name&lt;/fex&gt; was Nabu-Kudurri-Usur.&lt;/ex&gt;&lt;/def-root&gt;</definition>
    </FE>
    <frameRelation type="Inherits from">
        <relatedFrame ID="251">Entity</relatedFrame>
    </frameRelation>
    <frameRelation type="Is Inherited by"/>
    <frameRelation type="Perspective on"/>
    <frameRelation type="Is Perspectivized in"/>
    <frameRelation type="Uses"/>
    <frameRelation type="Is Used by"/>
    <frameRelation type="Subframe of"/>
    <frameRelation type="Has Subframe(s)"/>
    <frameRelation type="Precedes"/>
    <frameRelation type="Is Preceded by"/>
    <frameRelation type="Is Inchoative of"/>
    <frameRelation type="Is Causative of"/>
    <frameRelation type="See also"/>
    <lexUnit status="Needs_SCs" POS="A" name="actual.a" ID="12517" lemmaID="420" cBy="JKR" cDate="07/20/2005 03:57:01 PDT Wed">
        <definition>COD: existing in fact.</definition>
        <sentenceCount annotated="3" total="122"/>
        <lexeme order="1" headword="false" breakBefore="false" POS="A" name="actual"/>
    </lexUnit>
    <lexUnit status="Created" POS="A" name="true.a" ID="17070" lemmaID="41367" cBy="PKe" cDate="05/09/2012 03:04:56 PDT Wed">
        <definition>FN: conforming to the real state of affairs.</definition>
        <sentenceCount annotated="16" total="16"/>
        <lexeme order="1" headword="false" breakBefore="false" POS="A" name="true"/>
    </lexUnit>
</frame>