<?xml version="1.0" encoding="UTF-8" standalone="yes"?>
<?xml-stylesheet type="text/xsl" href="frame.xsl"?>
<frame cBy="MJE" cDate="04/11/2007 03:05:24 PDT Wed" name="Alternatives" ID="1931" xsi:schemaLocation="../schema/frame.xsd" xmlns="http://framenet.icsi.berkeley.edu" xmlns:xsi="http://www.w3.org/2001/XMLSchema-instance">
    <definition>&lt;def-root&gt;There exist a number of different possible &lt;fen&gt;Situation&lt;/fen&gt;s that may happen in the future.  (In some cases, the &lt;fen&gt;Situation&lt;/fen&gt; is concurrent or past, and only the knowledge of which has happened is in the future.)  In most cases, there is an &lt;fen&gt;Agent&lt;/fen&gt; involved who has to consider which of the possible &lt;fen&gt;Situation&lt;/fen&gt;s will or should occur.  A &lt;fen&gt;Salient_entity&lt;/fen&gt; which is deeply involved in the &lt;fen&gt;Situation&lt;/fen&gt; may also be mentioned.

&lt;ex&gt;&lt;fex name="Agent"&gt;You&lt;/fex&gt; &lt;ment&gt;have&lt;/ment&gt; &lt;fex name="Number_of_possibilities"&gt;but two&lt;/fex&gt; &lt;t&gt;&lt;fex name="Situation"&gt;choices&lt;/fex&gt;&lt;/t&gt; &lt;fex name="Salient_entity"&gt;for your daughter&lt;/fex&gt; .&lt;/ex&gt;

While all the members of this frame denote possible situations, in principle, this frame could be split into a number of subtypes on the following basis: 
&lt;ex&gt;&lt;/ex&gt;1. Future.n, and most uses of alternative.n and possibility.n all evoke nothing more than a simple possible situation (not necessarily an &lt;fen&gt;Situation&lt;/fen&gt;) with no &lt;fen&gt;Agent&lt;/fen&gt;; the remaining frames would inherit from this.
&lt;ex&gt;&lt;/ex&gt;2. Use.n evokes different possible things that can be done with a &lt;fen&gt;Salient_entity&lt;/fen&gt; (i.e., &lt;fen&gt;Purpose&lt;/fen&gt;s) and thus uses the Using frame; in this frame, the target denotes the &lt;fen&gt;Purpose&lt;/fen&gt; that can be achieved.
&lt;ex&gt;&lt;/ex&gt;3. way.n evokes different events that can lead to an Outcome (not necessarily a &lt;fen&gt;Purpose&lt;/fen&gt;); this frame should use the Means frame.  In this frame, the target denotes the possible Means actions.
&lt;ex&gt;&lt;/ex&gt;4. option.n, choice.n, and many instances of alternative.n and possibility.n, evoke possible &lt;fen&gt;Situation&lt;/fen&gt;s that an implicit or explicit &lt;fen&gt;Agent&lt;/fen&gt; can bring about at will.  A &lt;fen&gt;Purpose&lt;/fen&gt; that would be served by bringing these &lt;fen&gt;Situation&lt;/fen&gt;s about may be mentioned. A &lt;fen&gt;Salient_entity&lt;/fen&gt; related to the &lt;fen&gt;Purpose&lt;/fen&gt; may occur in place of the &lt;fen&gt;Purpose&lt;/fen&gt;.

&lt;/def-root&gt;</definition>
    <FE bgColor="0000FF" fgColor="FFFFFF" coreType="Core" cBy="MJE" cDate="04/11/2007 03:09:56 PDT Wed" abbrev="" name="Situation" ID="11642">
        <definition>&lt;def-root&gt;Something that may happen in the future, or at least whose factual status is unresolved. This is often tagged in a second FE layer and generally contains the target.

&lt;ex&gt;&lt;fex name="Agent"&gt;You&lt;/fex&gt; have a &lt;t&gt;chance&lt;/t&gt; &lt;fex name="Situation"&gt;at life&lt;/fex&gt;.&lt;/ex&gt;&lt;/def-root&gt;</definition>
    </FE>
    <FE bgColor="FF0000" fgColor="FFFFFF" coreType="Core" cBy="MJE" cDate="04/11/2007 03:10:58 PDT Wed" abbrev="" name="Agent" ID="11643">
        <definition>&lt;def-root&gt;An individual involved in the &lt;fen&gt;Event&lt;/fen&gt;.

"&lt;fex name="Agent"&gt;You&lt;/fex&gt; have a &lt;t&gt;choice&lt;/t&gt;."&lt;/def-root&gt;</definition>
    </FE>
    <FE bgColor="800080" fgColor="FFFFFF" coreType="Peripheral" cBy="MJE" cDate="04/11/2007 03:26:24 PDT Wed" abbrev="" name="Number_of_possibilities" ID="11644">
        <definition>&lt;def-root&gt;The number of different future &lt;fen&gt;Event&lt;/fen&gt;s under consideration.  &lt;ex&gt;There are &lt;fex name="Number_of_possibilities"&gt;two&lt;/fex&gt; &lt;t&gt;possibilities&lt;/t&gt;.&lt;/ex&gt;&lt;/def-root&gt;</definition>
    </FE>
    <FE bgColor="808080" fgColor="FFFFFF" coreType="Core" cBy="MJE" cDate="04/11/2007 03:27:56 PDT Wed" abbrev="" name="Salient_entity" ID="11645">
        <definition>&lt;def-root&gt;An entity intimately involved in the &lt;fen&gt;Event&lt;/fen&gt;.

&lt;ex&gt;&lt;fex name="Agent"&gt;You&lt;/fex&gt; have one &lt;t&gt;choice&lt;/t&gt; to make &lt;fex name="Salient_entity"&gt;for him&lt;/fex&gt;.&lt;/ex&gt;&lt;/def-root&gt;</definition>
    </FE>
    <FE bgColor="2E8B57" fgColor="FFFFFF" coreType="Extra-Thematic" cBy="MJE" cDate="04/11/2007 06:15:50 PDT Wed" abbrev="" name="Purpose" ID="11648">
        <definition>&lt;def-root&gt;The state-of-affairs that the &lt;fen&gt;Agent&lt;/fen&gt; hopes to bring about which is associated with some of the possible &lt;fen&gt;Event&lt;/fen&gt;s but not others.  &lt;ex&gt;There 's only one &lt;t&gt;choice&lt;/t&gt; &lt;fex name="Purpose"&gt;to get what you want&lt;/fex&gt; .&lt;/ex&gt;&lt;/def-root&gt;</definition>
    </FE>
    <frameRelation type="Inherits from"/>
    <frameRelation type="Is Inherited by"/>
    <frameRelation type="Perspective on">
        <relatedFrame ID="2950">Alternativity</relatedFrame>
    </frameRelation>
    <frameRelation type="Is Perspectivized in"/>
    <frameRelation type="Uses"/>
    <frameRelation type="Is Used by">
        <relatedFrame ID="2290">Time_period_of_action</relatedFrame>
        <relatedFrame ID="2350">Opportunity</relatedFrame>
    </frameRelation>
    <frameRelation type="Subframe of"/>
    <frameRelation type="Has Subframe(s)"/>
    <frameRelation type="Precedes"/>
    <frameRelation type="Is Preceded by"/>
    <frameRelation type="Is Inchoative of"/>
    <frameRelation type="Is Causative of"/>
    <frameRelation type="See also"/>
    <lexUnit status="Created" POS="N" name="possibility.n" ID="14385" lemmaID="29863" cBy="MJE" cDate="04/11/2007 03:12:10 PDT Wed">
        <definition>COD: a thing that is possible; the state or fact of being possible. </definition>
        <sentenceCount annotated="1" total="1"/>
        <lexeme order="1" headword="false" breakBefore="false" POS="N" name="possibility"/>
    </lexUnit>
    <lexUnit status="Created" POS="N" name="way.n" ID="14386" lemmaID="43603" cBy="MJE" cDate="04/11/2007 03:12:31 PDT Wed">
        <definition>FN: option</definition>
        <sentenceCount annotated="1" total="1"/>
        <lexeme order="1" headword="false" breakBefore="false" POS="N" name="way"/>
    </lexUnit>
    <lexUnit status="Created" POS="N" name="choice.n" ID="14387" lemmaID="6398" cBy="MJE" cDate="04/11/2007 03:12:41 PDT Wed">
        <definition>FN: a possibility that one can select</definition>
        <sentenceCount annotated="0" total="0"/>
        <lexeme order="1" headword="false" breakBefore="false" POS="N" name="choice"/>
    </lexUnit>
    <lexUnit status="Created" POS="N" name="use.n" ID="14388" lemmaID="42556" cBy="MJE" cDate="04/11/2007 03:12:55 PDT Wed">
        <definition>FN: way of using; application. </definition>
        <sentenceCount annotated="1" total="1"/>
        <lexeme order="1" headword="false" breakBefore="false" POS="N" name="use"/>
    </lexUnit>
    <lexUnit status="Created" POS="N" name="alternative.n" ID="14406" lemmaID="1144" cBy="MJE" cDate="04/11/2007 04:27:02 PDT Wed">
        <definition>COD: one of two or more available possibilities.</definition>
        <sentenceCount annotated="1" total="1"/>
        <lexeme order="1" headword="false" breakBefore="false" POS="N" name="alternative"/>
    </lexUnit>
    <lexUnit status="Created" POS="N" name="option.n" ID="14407" lemmaID="26869" cBy="MJE" cDate="04/11/2007 04:39:26 PDT Wed">
        <definition>FN: something that will or can be chosen</definition>
        <sentenceCount annotated="3" total="3"/>
        <lexeme order="1" headword="false" breakBefore="false" POS="N" name="option"/>
    </lexUnit>
    <lexUnit status="Created" POS="N" name="future.n" ID="14408" lemmaID="15764" cBy="MJE" cDate="04/11/2007 04:39:39 PDT Wed">
        <definition>FN: a possibility that may occur.</definition>
        <sentenceCount annotated="3" total="4"/>
        <lexeme order="1" headword="false" breakBefore="false" POS="N" name="future"/>
    </lexUnit>
    <lexUnit status="Needs_SCs" POS="N" name="chance.n" ID="15320" lemmaID="6028" cBy="JKs" cDate="04/03/2009 12:24:39 PDT Fri">
        <definition>FN: an opportunity</definition>
        <sentenceCount annotated="14" total="202"/>
        <lexeme order="1" headword="false" breakBefore="false" POS="N" name="chance"/>
    </lexUnit>
</frame>