<?xml version="1.0" encoding="UTF-8" standalone="yes"?>
<?xml-stylesheet type="text/xsl" href="frame.xsl"?>
<frame cBy="MJE" cDate="06/30/2015 07:46:11 PDT Tue" name="Alternativity" ID="2950" xsi:schemaLocation="../schema/frame.xsd" xmlns="http://framenet.icsi.berkeley.edu" xmlns:xsi="http://www.w3.org/2001/XMLSchema-instance">
    <definition>&lt;def-root&gt;In this frame, there is a &lt;fen&gt;Profiled_alternative&lt;/fen&gt; that the speaker wishes to primarily focus on and which is mutually exclusive with a &lt;fen&gt;Contrasting_alternative&lt;/fen&gt;.  It is not possible for both to be true in the same context with the same participants, although the described situation may be true of the same entities at different times, or true of different entities at the same time.  Frames inheriting from this one, e.g. Negation, may indicate which of the alternatives is imagined to be the case, but in other frames related to this one, e.g. Conditional_scenario and Alternatives, both alternatives are presented as possible, and which one is true remains an open question.&lt;/def-root&gt;</definition>
    <semType name="Non-Lexical Frame" ID="16"/>
    <FE bgColor="800080" fgColor="FFFFFF" coreType="Core" cBy="MJE" cDate="06/30/2015 07:52:51 PDT Tue" abbrev="" name="Profiled_alternative" ID="16520">
        <definition>&lt;def-root&gt;A situation that cannot be true at the same time as the &lt;fen&gt;Contrasting_alternative&lt;/fen&gt;.&lt;/def-root&gt;</definition>
    </FE>
    <FE bgColor="006400" fgColor="FFFFFF" coreType="Core" cBy="MJE" cDate="06/30/2015 07:54:16 PDT Tue" abbrev="" name="Contrasting_alternative" ID="16521">
        <definition>&lt;def-root&gt;A situation that cannot be true at the same time as the &lt;fen&gt;Profiled_alternative&lt;/fen&gt;.&lt;/def-root&gt;</definition>
    </FE>
    <frameRelation type="Inherits from"/>
    <frameRelation type="Is Inherited by">
        <relatedFrame ID="2860">Negation</relatedFrame>
        <relatedFrame ID="2902">Conditional_scenario</relatedFrame>
    </frameRelation>
    <frameRelation type="Perspective on"/>
    <frameRelation type="Is Perspectivized in">
        <relatedFrame ID="1931">Alternatives</relatedFrame>
        <relatedFrame ID="2991">Presentation_of_mitigation</relatedFrame>
    </frameRelation>
    <frameRelation type="Uses"/>
    <frameRelation type="Is Used by">
        <relatedFrame ID="217">Causation_scenario</relatedFrame>
    </frameRelation>
    <frameRelation type="Subframe of"/>
    <frameRelation type="Has Subframe(s)"/>
    <frameRelation type="Precedes"/>
    <frameRelation type="Is Preceded by"/>
    <frameRelation type="Is Inchoative of"/>
    <frameRelation type="Is Causative of"/>
    <frameRelation type="See also"/>
</frame>