<?xml version="1.0" encoding="UTF-8" standalone="yes"?>
<?xml-stylesheet type="text/xsl" href="frame.xsl"?>
<frame cBy="JKR" cDate="07/15/2005 03:57:49 PDT Fri" name="Ammunition" ID="1565" xsi:schemaLocation="../schema/frame.xsd" xmlns="http://framenet.icsi.berkeley.edu" xmlns:xsi="http://www.w3.org/2001/XMLSchema-instance">
    <definition>&lt;def-root&gt;A piece of &lt;fen&gt;Ammunition&lt;/fen&gt; is a disposable artifact to be fired as a projectile in a weapon with the purpose of causing harm or damage.  

&lt;ex&gt;The octagenarian inventor's vest repels &lt;fex name="Use"&gt;armor-piercing&lt;/fex&gt; &lt;t&gt;&lt;fex name="amm"&gt;bullets&lt;/fex&gt;&lt;/t&gt;. &lt;/ex&gt;

&lt;ex&gt;It is armed with a automatic loaded 105 mm gun firing &lt;fex name="Use"&gt;anti-tank&lt;/fex&gt; &lt;t&gt;&lt;fex name="amm"&gt;rounds&lt;/fex&gt;&lt;/t&gt;&lt;/ex&gt;

&lt;ex&gt;&lt;fex name="Material"&gt;Depleted uranium&lt;/fex&gt; &lt;t&gt;&lt;fex name="amm"&gt;munitions&lt;/fex&gt;&lt;/t&gt; are primarily used by the US and the UK.&lt;/ex&gt;&lt;/def-root&gt;</definition>
    <FE bgColor="FF0000" fgColor="FFFFFF" coreType="Core" cBy="JKR" cDate="07/15/2005 03:57:49 PDT Fri" abbrev="amm" name="Ammunition" ID="8524">
        <definition>&lt;def-root&gt;This FE identifies the &lt;fen&gt;Ammunition&lt;/fen&gt; that is designed to have a particular &lt;fen&gt;Use&lt;/fen&gt;.&lt;/def-root&gt;</definition>
    </FE>
    <FE bgColor="9400D3" fgColor="FFFFFF" coreType="Peripheral" cBy="JKR" cDate="07/15/2005 03:57:49 PDT Fri" abbrev="Use" name="Use" ID="8525">
        <definition>&lt;def-root&gt;The use for which a piece of ammunition is intended.&lt;/def-root&gt;</definition>
    </FE>
    <FE bgColor="00BFFF" fgColor="FFFFFF" coreType="Peripheral" cBy="JKR" cDate="07/15/2005 03:57:49 PDT Fri" abbrev="cre" name="Creator" ID="8526">
        <definition>&lt;def-root&gt;An individual or individuals that bring the &lt;fen&gt;Ammunition&lt;/fen&gt; into existence.&lt;/def-root&gt;</definition>
    </FE>
    <FE bgColor="FFA500" fgColor="FFFFFF" coreType="Peripheral" cBy="JKR" cDate="07/15/2005 03:57:49 PDT Fri" abbrev="" name="Time_of_creation" ID="8527">
        <definition>&lt;def-root&gt;The time at which an &lt;fen&gt;Ammunition&lt;/fen&gt; comes into existence.&lt;/def-root&gt;</definition>
    </FE>
    <FE bgColor="008000" fgColor="FFFFFF" coreType="Peripheral" cBy="JKR" cDate="07/15/2005 03:57:49 PDT Fri" abbrev="" name="Name" ID="8528">
        <definition>&lt;def-root&gt;The term used to refer to an &lt;fen&gt;Ammunition&lt;/fen&gt;.&lt;/def-root&gt;</definition>
    </FE>
    <FE bgColor="00008B" fgColor="FFFFFF" coreType="Peripheral" cBy="JKR" cDate="07/15/2005 03:57:49 PDT Fri" abbrev="" name="Type" ID="8529">
        <definition>&lt;def-root&gt;An indication of the subtype of &lt;fen&gt;Ammunition&lt;/fen&gt;.&lt;/def-root&gt;</definition>
    </FE>
    <FE bgColor="A9A9A9" fgColor="FFFFFF" coreType="Peripheral" cBy="JKR" cDate="07/15/2005 03:57:49 PDT Fri" abbrev="mat" name="Material" ID="8530">
        <definition>&lt;def-root&gt;Any indication of what makes up the &lt;fen&gt;Ammunition&lt;/fen&gt;, including components, ingredients, etc.&lt;/def-root&gt;</definition>
    </FE>
    <FE bgColor="0000FF" fgColor="FFFFFF" coreType="Peripheral" cBy="MJE" cDate="03/31/2016 05:09:00 PDT Thu" abbrev="" name="Weapon" ID="16819">
        <definition>&lt;def-root&gt;The weapon that the &lt;fen&gt;Ammunition&lt;/fen&gt; is used in.

&lt;ex&gt;&lt;t&gt;Ammo&lt;/t&gt; &lt;fex name="Weapon"&gt;for an AK-47&lt;/fex&gt; was found in the bedroom .&lt;/ex&gt;
&lt;ex&gt;&lt;fex name="Weapon"&gt;Shotgun&lt;/fex&gt; &lt;t&gt;shells&lt;/t&gt;, unlike simple balls, cannot be reused .&lt;/ex&gt;&lt;/def-root&gt;</definition>
    </FE>
    <frameRelation type="Inherits from">
        <relatedFrame ID="421">Artifact</relatedFrame>
    </frameRelation>
    <frameRelation type="Is Inherited by"/>
    <frameRelation type="Perspective on"/>
    <frameRelation type="Is Perspectivized in"/>
    <frameRelation type="Uses">
        <relatedFrame ID="426">Weapon</relatedFrame>
    </frameRelation>
    <frameRelation type="Is Used by"/>
    <frameRelation type="Subframe of"/>
    <frameRelation type="Has Subframe(s)"/>
    <frameRelation type="Precedes"/>
    <frameRelation type="Is Preceded by"/>
    <frameRelation type="Is Inchoative of"/>
    <frameRelation type="Is Causative of"/>
    <frameRelation type="See also"/>
    <lexUnit status="Finished_Initial" POS="N" name="ammunition.n" ID="12459" lemmaID="1257" cBy="JKR" cDate="07/15/2005 04:01:54 PDT Fri">
        <definition>COD:  a supply or quantity of bullets and shells</definition>
        <sentenceCount annotated="20" total="100"/>
        <lexeme order="1" headword="false" breakBefore="false" POS="N" name="ammunition"/>
    </lexUnit>
    <lexUnit status="Finished_Initial" POS="N" name="ammo.n" ID="12460" lemmaID="1252" cBy="JKR" cDate="07/15/2005 04:02:19 PDT Fri">
        <definition>COD: ammunition</definition>
        <sentenceCount annotated="20" total="31"/>
        <lexeme order="1" headword="false" breakBefore="false" POS="N" name="ammo"/>
    </lexUnit>
    <lexUnit status="Created" POS="N" name="ordnance.n" ID="12461" lemmaID="26925" cBy="JKR" cDate="07/15/2005 04:02:41 PDT Fri">
        <definition>FN: ammunition for heavy weapons (including missiles and large rounds)</definition>
        <sentenceCount annotated="0" total="0"/>
        <lexeme order="1" headword="false" breakBefore="false" POS="N" name="ordnance"/>
    </lexUnit>
    <lexUnit status="Created" POS="N" name="round.n" ID="12462" lemmaID="33607" cBy="JKR" cDate="07/15/2005 04:09:24 PDT Fri">
        <definition>COD: the amount of ammunition needed to fire one shot</definition>
        <sentenceCount annotated="2" total="2"/>
        <lexeme order="1" headword="false" breakBefore="false" POS="N" name="round"/>
    </lexUnit>
    <lexUnit status="Created" POS="N" name="munitions.n" ID="12463" lemmaID="25234" cBy="JKR" cDate="07/15/2005 04:12:12 PDT Fri">
        <definition>FN: ammunition and single-use weapons</definition>
        <sentenceCount annotated="4" total="4"/>
        <lexeme order="1" headword="false" breakBefore="false" POS="N" name="munitions"/>
    </lexUnit>
    <lexUnit status="Created" POS="N" name="bullet.n" ID="12840" lemmaID="4870" cBy="MJE" cDate="10/19/2005 02:56:05 PDT Wed">
        <definition>COD: a projectile fired from a small firearm, typically metal, cylindrical and pointed.</definition>
        <sentenceCount annotated="1" total="1"/>
        <lexeme order="1" headword="false" breakBefore="false" POS="N" name="bullet"/>
    </lexUnit>
    <lexUnit status="Created" POS="N" name="shell.n" ID="18682" lemmaID="35472" cBy="MJE" cDate="03/31/2016 05:15:11 PDT Thu">
        <definition>FN: ammunition made from several materials, with a solid outer layer and an inner payload of explosives or shot.</definition>
        <sentenceCount annotated="0" total="0"/>
        <lexeme order="1" headword="false" breakBefore="false" POS="N" name="shell"/>
    </lexUnit>
</frame>