<?xml version="1.0" encoding="UTF-8" standalone="yes"?>
<?xml-stylesheet type="text/xsl" href="frame.xsl"?>
<frame cBy="CVa" cDate="07/18/2014 03:13:27 PDT Fri" name="Animals" ID="2840" xsi:schemaLocation="../schema/frame.xsd" xmlns="http://framenet.icsi.berkeley.edu" xmlns:xsi="http://www.w3.org/2001/XMLSchema-instance">
    <definition>&lt;def-root&gt;The LUs in this frame refer to biological entities other than human beings and plants, which are labeled by the FE &lt;fen&gt;Animal&lt;/fen&gt;.

&lt;ex&gt;&lt;/ex&gt;

&lt;ex&gt;My husband and I adopted a &lt;fex name="Char"&gt;really sweet&lt;/fex&gt; &lt;fex name="Animal"&gt;dog&lt;/fex&gt; last year.&lt;/ex&gt;

&lt;ex&gt;The &lt;fex name="Animal"&gt;cows&lt;/fex&gt; &lt;fex name="Descriptor"&gt;that live on the farm down the road&lt;/fex&gt; are always mooing loudly.&lt;/ex&gt;&lt;/def-root&gt;</definition>
    <FE bgColor="FF0000" fgColor="FFFFFF" coreType="Core" cBy="CVa" cDate="07/18/2014 03:20:07 PDT Fri" abbrev="An" name="Animal" ID="16148">
        <definition>&lt;def-root&gt;The living organism belonging to the kingdom Animalia.

&lt;ex&gt;Did you see that &lt;t&gt;&lt;fex name="An"&gt;bird&lt;/fex&gt;&lt;/t&gt; in the tree?&lt;/ex&gt;&lt;/def-root&gt;</definition>
        <semType name="Living_thing" ID="66"/>
    </FE>
    <FE bgColor="FF69B4" fgColor="FFFFFF" coreType="Peripheral" cBy="CVa" cDate="07/18/2014 03:21:40 PDT Fri" abbrev="" name="Descriptor" ID="16149">
        <definition>&lt;def-root&gt;A characterization of the &lt;fen&gt;Animal&lt;/fen&gt; not covered by another frame element.

&lt;ex&gt;The &lt;t&gt;dogs&lt;/t&gt; &lt;fex name="Descriptor"&gt;that live next door&lt;/fex&gt; are so well-behaved.&lt;/ex&gt;&lt;/def-root&gt;</definition>
    </FE>
    <FE bgColor="008000" fgColor="FFFFFF" coreType="Peripheral" cBy="CVa" cDate="07/18/2014 03:22:49 PDT Fri" abbrev="" name="Origin" ID="16150">
        <definition>&lt;def-root&gt;The location from which the &lt;fen&gt;Animal&lt;/fen&gt; originated.&lt;/def-root&gt;</definition>
    </FE>
    <FE bgColor="9400D3" fgColor="FFFFFF" coreType="Peripheral" cBy="CVa" cDate="07/18/2014 04:00:28 PDT Fri" abbrev="Char" name="Characteristic" ID="16151">
        <definition>&lt;def-root&gt;A quality of the &lt;fen&gt;Animal&lt;/fen&gt;.

&lt;ex&gt;&lt;t&gt;Foxes&lt;/t&gt; &lt;m&gt;are&lt;/m&gt; &lt;fex name="Char"&gt;sly&lt;/fex&gt;.&lt;/ex&gt;&lt;/def-root&gt;</definition>
    </FE>
    <frameRelation type="Inherits from">
        <relatedFrame ID="2567">Biological_entity</relatedFrame>
    </frameRelation>
    <frameRelation type="Is Inherited by"/>
    <frameRelation type="Perspective on"/>
    <frameRelation type="Is Perspectivized in"/>
    <frameRelation type="Uses"/>
    <frameRelation type="Is Used by"/>
    <frameRelation type="Subframe of"/>
    <frameRelation type="Has Subframe(s)"/>
    <frameRelation type="Precedes"/>
    <frameRelation type="Is Preceded by"/>
    <frameRelation type="Is Inchoative of"/>
    <frameRelation type="Is Causative of"/>
    <frameRelation type="See also"/>
    <lexUnit status="Created" POS="N" name="dog.n" ID="17627" lemmaID="11392" cBy="CVa" cDate="07/18/2014 03:26:11 PDT Fri">
        <definition>FN: a usually domesticated mammal descended from wolves</definition>
        <sentenceCount annotated="6" total="6"/>
        <lexeme order="1" headword="false" breakBefore="false" POS="N" name="dog"/>
    </lexUnit>
    <lexUnit status="Created" POS="N" name="cat.n" ID="17628" lemmaID="5702" cBy="CVa" cDate="07/18/2014 03:27:03 PDT Fri">
        <definition>FN: a small domesticated animal often kept as a house pet</definition>
        <sentenceCount annotated="6" total="6"/>
        <lexeme order="1" headword="false" breakBefore="false" POS="N" name="cat"/>
    </lexUnit>
    <lexUnit status="Created" POS="N" name="pig.n" ID="17629" lemmaID="28956" cBy="CVa" cDate="07/18/2014 03:28:03 PDT Fri">
        <definition>FN: a domesticated hoofed mammal often kept for its meat</definition>
        <sentenceCount annotated="0" total="0"/>
        <lexeme order="1" headword="false" breakBefore="false" POS="N" name="pig"/>
    </lexUnit>
    <lexUnit status="Created" POS="N" name="cow.n" ID="17630" lemmaID="8692" cBy="CVa" cDate="07/18/2014 03:28:50 PDT Fri">
        <definition>FN: a domesticated animal often kept for milk or meat</definition>
        <sentenceCount annotated="0" total="0"/>
        <lexeme order="1" headword="false" breakBefore="false" POS="N" name="cow"/>
    </lexUnit>
    <lexUnit status="Created" POS="N" name="sheep.n" ID="17631" lemmaID="35448" cBy="CVa" cDate="07/18/2014 03:29:22 PDT Fri">
        <definition>FN: a domesticated animal often kept for its wool, meat or milk</definition>
        <sentenceCount annotated="0" total="0"/>
        <lexeme order="1" headword="false" breakBefore="false" POS="N" name="sheep"/>
    </lexUnit>
    <lexUnit status="Created" POS="N" name="animal.n" ID="17632" lemmaID="1434" cBy="CVa" cDate="07/18/2014 03:30:33 PDT Fri">
        <definition>FN: a living organism belonging to the animal kingdom</definition>
        <sentenceCount annotated="3" total="3"/>
        <lexeme order="1" headword="false" breakBefore="false" POS="N" name="animal"/>
    </lexUnit>
</frame>