<?xml version="1.0" encoding="UTF-8" standalone="yes"?>
<?xml-stylesheet type="text/xsl" href="frame.xsl"?>
<frame cBy="AlK" cDate="03/05/2010 11:54:03 PST Fri" name="Arithmetic_non-commutative" ID="2236" xsi:schemaLocation="../schema/frame.xsd" xmlns="http://framenet.icsi.berkeley.edu" xmlns:xsi="http://www.w3.org/2001/XMLSchema-instance">
    <definition>&lt;def-root&gt;This frame describes types of arithmetic operations and statements which are not commutative, i.e. the operation is uni-directional, e.g. subtraction and division. Because of the non-commutative nature, terms must be separated from each other in the form of &lt;fen&gt;Term_1&lt;/fen&gt; and &lt;fen&gt;Term_2&lt;/fen&gt; instead of a combined Terms FE.&lt;/def-root&gt;</definition>
    <semType name="Non-Lexical Frame" ID="16"/>
    <FE bgColor="0000FF" fgColor="FFFFFF" coreType="Core" cBy="AnW" cDate="03/08/2010 04:40:54 PST Mon" abbrev="t1" name="Term_1" ID="13687">
        <definition>&lt;def-root&gt;&lt;fen&gt;Term_1&lt;/fen&gt; is the first operand in the non-commutative arithmetic that is modified by &lt;fen&gt;Term_2&lt;/fen&gt; (e.g. subtracted or divided by &lt;fen&gt;Term_2&lt;/fen&gt;).&lt;/def-root&gt;</definition>
        <requiresFE name="Term_2" ID="13688"/>
    </FE>
    <FE bgColor="FF0000" fgColor="FFFFFF" coreType="Core" cBy="AnW" cDate="03/08/2010 04:46:15 PST Mon" abbrev="t2" name="Term_2" ID="13688">
        <definition>&lt;def-root&gt;&lt;fen&gt;Term_2&lt;/fen&gt; is the second operand of the non-commutative arithmetic which modifies &lt;fen&gt;Term_1&lt;/fen&gt; (e.g. subtracts from or divides &lt;fen&gt;Term_1&lt;/fen&gt;).&lt;/def-root&gt;</definition>
    </FE>
    <frameRelation type="Inherits from">
        <relatedFrame ID="2234">Arithmetic</relatedFrame>
    </frameRelation>
    <frameRelation type="Is Inherited by"/>
    <frameRelation type="Perspective on"/>
    <frameRelation type="Is Perspectivized in">
        <relatedFrame ID="2246">Non-commutative_process</relatedFrame>
        <relatedFrame ID="2247">Non-commutative_statement</relatedFrame>
    </frameRelation>
    <frameRelation type="Uses"/>
    <frameRelation type="Is Used by"/>
    <frameRelation type="Subframe of"/>
    <frameRelation type="Has Subframe(s)"/>
    <frameRelation type="Precedes"/>
    <frameRelation type="Is Preceded by"/>
    <frameRelation type="Is Inchoative of"/>
    <frameRelation type="Is Causative of"/>
    <frameRelation type="See also"/>
</frame>