<?xml version="1.0" encoding="UTF-8" standalone="yes"?>
<?xml-stylesheet type="text/xsl" href="frame.xsl"?>
<frame cBy="AlK" cDate="02/24/2011 01:57:23 PST Thu" name="Artistic_style" ID="2490" xsi:schemaLocation="../schema/frame.xsd" xmlns="http://framenet.icsi.berkeley.edu" xmlns:xsi="http://www.w3.org/2001/XMLSchema-instance">
    <definition>&lt;def-root&gt;This frame contains LUs that express the &lt;fen&gt;Form&lt;/fen&gt; which a piece of &lt;fen&gt;Artwork&lt;/fen&gt; represents. The &lt;fen&gt;Form&lt;/fen&gt; may also represent the entire body  of an &lt;fen&gt;Artist&lt;/fen&gt;'s work. The &lt;fen&gt;Form&lt;/fen&gt; may be further characterized by the &lt;fen&gt;Time&lt;/fen&gt; of some &lt;fen&gt;Artwork&lt;/fen&gt;'s creation or other &lt;fen&gt;Descriptor&lt;/fen&gt;s.

&lt;ex&gt;&lt;fex name="Artist"&gt;Her&lt;/fex&gt; &lt;fex name="Form"&gt;&lt;t&gt;style&lt;/t&gt;&lt;/fex&gt; &lt;fex name="Artwork"&gt;of painting&lt;/fex&gt; is an excellent blend of traditional and modern.&lt;/ex&gt;
&lt;ex&gt;The &lt;fex name="Descriptor"&gt;whimsical&lt;/fex&gt; &lt;fex name="Form"&gt;&lt;t&gt;style&lt;/t&gt;&lt;/fex&gt; &lt;fex name="Artwork"&gt;of this piece&lt;/fex&gt; is very effective.&lt;/ex&gt;&lt;/def-root&gt;</definition>
    <FE bgColor="FF0000" fgColor="FFFFFF" coreType="Core" cBy="AlK" cDate="02/24/2011 02:13:30 PST Thu" abbrev="" name="Artist" ID="14330">
        <definition>&lt;def-root&gt;A person who creates an &lt;fen&gt;Artwork&lt;/fen&gt; with a particular recognizable &lt;fen&gt;Form&lt;/fen&gt;.&lt;/def-root&gt;</definition>
    </FE>
    <FE bgColor="0000FF" fgColor="FFFFFF" coreType="Core" cBy="AlK" cDate="02/24/2011 02:17:12 PST Thu" abbrev="" name="Artwork" ID="14331">
        <definition>&lt;def-root&gt;A created artifact that is created by an &lt;fen&gt;Artist&lt;/fen&gt; and has a unique &lt;fen&gt;Form&lt;/fen&gt; as perceived by some judge.&lt;/def-root&gt;</definition>
    </FE>
    <FE bgColor="800080" fgColor="FFFFFF" coreType="Core" cBy="AlK" cDate="02/24/2011 02:19:09 PST Thu" abbrev="" name="Form" ID="14332">
        <definition>&lt;def-root&gt;The &lt;fen&gt;Form&lt;/fen&gt; is a style that characterizes an &lt;fen&gt;Artwork&lt;/fen&gt; (or an &lt;fen&gt;Artist&lt;/fen&gt;, metonymically) and can be recognized by a judge. This FE is usually incorporated into the target for nouns in this frame.&lt;/def-root&gt;</definition>
    </FE>
    <FE bgColor="FFA500" fgColor="FFFFFF" coreType="Peripheral" cBy="AlK" cDate="02/24/2011 02:23:54 PST Thu" abbrev="" name="Time" ID="14333">
        <definition>&lt;def-root&gt;A description of when the &lt;fen&gt;Artwork&lt;/fen&gt; was created.&lt;/def-root&gt;</definition>
    </FE>
    <FE bgColor="FF69B4" fgColor="FFFFFF" coreType="Peripheral" cBy="AlK" cDate="02/24/2011 02:25:40 PST Thu" abbrev="" name="Descriptor" ID="14334">
        <definition>&lt;def-root&gt;A characterization of the &lt;fen&gt;Form&lt;/fen&gt; that the &lt;fen&gt;Artwork&lt;/fen&gt; resembles.&lt;/def-root&gt;</definition>
    </FE>
    <FEcoreSet>
        <memberFE name="Artwork" ID="14331"/>
        <memberFE name="Artist" ID="14330"/>
    </FEcoreSet>
    <frameRelation type="Inherits from"/>
    <frameRelation type="Is Inherited by"/>
    <frameRelation type="Perspective on"/>
    <frameRelation type="Is Perspectivized in"/>
    <frameRelation type="Uses">
        <relatedFrame ID="1016">Aesthetics</relatedFrame>
    </frameRelation>
    <frameRelation type="Is Used by"/>
    <frameRelation type="Subframe of"/>
    <frameRelation type="Has Subframe(s)"/>
    <frameRelation type="Precedes"/>
    <frameRelation type="Is Preceded by"/>
    <frameRelation type="Is Inchoative of"/>
    <frameRelation type="Is Causative of"/>
    <frameRelation type="See also"/>
    <lexUnit status="Created" POS="N" name="style.n" ID="16240" lemmaID="38477" cBy="AlK" cDate="02/24/2011 02:26:43 PST Thu">
        <definition>FN: a general form that an artwork resembles</definition>
        <sentenceCount annotated="0" total="0"/>
        <lexeme order="1" headword="false" breakBefore="false" POS="N" name="style"/>
    </lexUnit>
    <lexUnit status="Created" POS="N" name="sound.n" ID="16241" lemmaID="37035" cBy="AlK" cDate="02/24/2011 02:28:09 PST Thu">
        <definition>FN: a style of a piece of music</definition>
        <sentenceCount annotated="4" total="4"/>
        <lexeme order="1" headword="false" breakBefore="false" POS="N" name="sound"/>
    </lexUnit>
    <lexUnit status="Created" POS="N" name="look.n" ID="16242" lemmaID="22737" cBy="AlK" cDate="02/24/2011 02:28:50 PST Thu">
        <definition>FN: a style of a fashon designer</definition>
        <sentenceCount annotated="0" total="0"/>
        <lexeme order="1" headword="false" breakBefore="false" POS="N" name="look"/>
    </lexUnit>
    <lexUnit status="Needs_SCs" POS="N" name="order.n" ID="16874" lemmaID="26907" cBy="CVa" cDate="02/03/2012 11:09:22 PST Fri">
        <definition>FN: a style of classical architechture </definition>
        <sentenceCount annotated="11" total="63"/>
        <lexeme order="1" headword="false" breakBefore="false" POS="N" name="order"/>
    </lexUnit>
</frame>