<?xml version="1.0" encoding="UTF-8" standalone="yes"?>
<?xml-stylesheet type="text/xsl" href="frame.xsl"?>
<frame cBy="RLG" cDate="08/25/2011 01:58:40 PDT Thu" name="Assigned_location" ID="2628" xsi:schemaLocation="../schema/frame.xsd" xmlns="http://framenet.icsi.berkeley.edu" xmlns:xsi="http://www.w3.org/2001/XMLSchema-instance">
    <definition>&lt;def-root&gt;An Individual is assigned a &lt;fen&gt;Station&lt;/fen&gt; to remain at, usually in order to accomplish a task. The &lt;fen&gt;Station&lt;/fen&gt; may have an intended use based on its features (e.g., a vendor's booth), or it may be temporarily assigned a use.

&lt;ex&gt;The guards who remained at their &lt;t&gt;stations&lt;/t&gt; had no idea what was going on two floors below.&lt;/ex&gt;

&lt;ex&gt;Return to your &lt;t&gt;post&lt;/t&gt;!&lt;/ex&gt;&lt;/def-root&gt;</definition>
    <FE bgColor="FF0000" fgColor="FFFFFF" coreType="Core" cBy="RLG" cDate="08/25/2011 01:58:40 PDT Thu" abbrev="sta" name="Station" ID="14865">
        <definition>&lt;def-root&gt;The locale where the Entity is supposed to be.

It is typically the designation of the nouns of Locale-derived frames.

&lt;ex&gt;Get back to your &lt;t&gt;station&lt;/t&gt;, soldier!.&lt;/ex&gt;&lt;/def-root&gt;</definition>
        <semType name="Location" ID="54"/>
    </FE>
    <FE bgColor="1E90FF" fgColor="FFFFFF" coreType="Extra-Thematic" cBy="RLG" cDate="08/25/2011 01:58:40 PDT Thu" abbrev="Cnst" name="Constituent_parts" ID="14866">
        <definition>&lt;def-root&gt;Salient parts that make up a &lt;fen&gt;Station&lt;/fen&gt;. &lt;/def-root&gt;</definition>
    </FE>
    <FE bgColor="800080" fgColor="FFFFFF" coreType="Peripheral" cBy="RLG" cDate="08/25/2011 01:58:40 PDT Thu" abbrev="rel" name="Relative_location" ID="14867">
        <definition>&lt;def-root&gt;A place that the &lt;fen&gt;Station&lt;/fen&gt; is located with respect to.

&lt;ex&gt;The &lt;t&gt;post&lt;/t&gt; &lt;fex name="rel"&gt;by the main entrance&lt;/fex&gt; was the least desirable assignment.&lt;/ex&gt;&lt;/def-root&gt;</definition>
        <semType name="Locative_relation" ID="182"/>
    </FE>
    <FE bgColor="00008B" fgColor="FFFFFF" coreType="Extra-Thematic" cBy="RLG" cDate="08/25/2011 01:58:40 PDT Thu" abbrev="for" name="Formational_cause" ID="14868">
        <definition>&lt;def-root&gt;Indicates the action (or causer) which brings the features of the &lt;fen&gt;Station&lt;/fen&gt; about.  This FE also covers expressions that indicate that there was no salient formation.&lt;/def-root&gt;</definition>
    </FE>
    <FE bgColor="808080" fgColor="FFFFFF" coreType="Extra-Thematic" cBy="RLG" cDate="08/25/2011 01:58:40 PDT Thu" abbrev="ContP" name="Container_possessor" ID="14869">
        <definition>&lt;def-root&gt;The location that the &lt;fen&gt;Station&lt;/fen&gt; is a part of.   &lt;ex&gt;Most of &lt;fex name="ContP"&gt;the fort's&lt;/fex&gt; &lt;t&gt;stations&lt;/t&gt; are manned by two individuals ata  time.&lt;/ex&gt;&lt;/def-root&gt;</definition>
    </FE>
    <FE bgColor="008000" fgColor="FFFFFF" coreType="Extra-Thematic" cBy="RLG" cDate="08/25/2011 01:58:40 PDT Thu" abbrev="des" name="Descriptor" ID="14871">
        <definition>&lt;def-root&gt;The Descriptor is a temporary condition of the &lt;fen&gt;Station&lt;/fen&gt;.

&lt;ex&gt;Why did she always get assigned to the &lt;fex name="des"&gt;dirtiest&lt;/fex&gt; &lt;t&gt;post&lt;/t&gt; in the park?&lt;/ex&gt;&lt;/def-root&gt;</definition>
    </FE>
    <FE bgColor="FFFF00" fgColor="A52A2A" coreType="Extra-Thematic" cBy="RLG" cDate="08/25/2011 01:58:40 PDT Thu" abbrev="RelEvnt" name="Related_event" ID="14872">
        <definition>&lt;def-root&gt;An event related to the &lt;fen&gt;Station&lt;/fen&gt; in some way other than (1) Formational_cause (which is a separate FE) or an intended use (which would place the instance in Locale_by_use), or (3) a defining event (which would place the instance in Locale_by_event).&lt;/def-root&gt;</definition>
        <semType name="Event" ID="75"/>
    </FE>
    <FE bgColor="A52A2A" fgColor="FFFFFF" coreType="Peripheral" cBy="RLG" cDate="08/25/2011 01:58:40 PDT Thu" abbrev="tas" name="Task" ID="14873">
        <definition>&lt;def-root&gt;The activity that is carried out at the &lt;fen&gt;Station&lt;/fen&gt;.

&lt;ex&gt;This will be your &lt;fex name="use"&gt;firing&lt;/fex&gt; &lt;t&gt;station&lt;/t&gt;.&lt;/ex&gt;&lt;/def-root&gt;</definition>
    </FE>
    <FE bgColor="0000FF" fgColor="FFFFFF" coreType="Core" cBy="RLG" cDate="08/25/2011 03:16:55 PDT Thu" abbrev="res" name="Responsible_party" ID="14874">
        <definition>&lt;def-root&gt;The &lt;fen&gt;Responsible_party&lt;/fen&gt; is tasked with remaining at the &lt;fen&gt;Station&lt;/fen&gt; to perform a &lt;fen&gt;Task&lt;/fen&gt;.&lt;/def-root&gt;</definition>
    </FE>
    <frameRelation type="Inherits from">
        <relatedFrame ID="192">Locale</relatedFrame>
    </frameRelation>
    <frameRelation type="Is Inherited by"/>
    <frameRelation type="Perspective on"/>
    <frameRelation type="Is Perspectivized in"/>
    <frameRelation type="Uses">
        <relatedFrame ID="392">Being_obligated</relatedFrame>
    </frameRelation>
    <frameRelation type="Is Used by"/>
    <frameRelation type="Subframe of"/>
    <frameRelation type="Has Subframe(s)"/>
    <frameRelation type="Precedes"/>
    <frameRelation type="Is Preceded by"/>
    <frameRelation type="Is Inchoative of"/>
    <frameRelation type="Is Causative of"/>
    <frameRelation type="See also"/>
    <lexUnit status="Created" POS="N" name="station.n" ID="16538" lemmaID="37872" cBy="RLG" cDate="08/25/2011 02:20:57 PDT Thu">
        <definition>FN: where one is assigned to be, especially to guard or protect.</definition>
        <sentenceCount annotated="0" total="0"/>
        <lexeme order="1" headword="false" breakBefore="false" POS="N" name="station"/>
    </lexUnit>
    <lexUnit status="In_Use" POS="N" name="post.n" ID="16539" lemmaID="29868" cBy="RLG" cDate="08/25/2011 02:21:35 PDT Thu">
        <definition>FN: an assigned location.</definition>
        <sentenceCount annotated="4" total="56"/>
        <lexeme order="1" headword="false" breakBefore="false" POS="N" name="post"/>
    </lexUnit>
    <lexUnit status="Created" POS="N" name="place.n" ID="16540" lemmaID="29198" cBy="RLG" cDate="08/25/2011 03:33:52 PDT Thu">
        <definition>FN: the designated location of an individual or group.</definition>
        <sentenceCount annotated="0" total="0"/>
        <lexeme order="1" headword="false" breakBefore="false" POS="N" name="place"/>
    </lexUnit>
    <lexUnit status="Problem" POS="V" name="station.v" ID="18514" lemmaID="37873" cBy="HPh" cDate="12/07/2015 03:48:31 PST Mon">
        <definition>FN: to assign a station to, or place in a station/position</definition>
        <sentenceCount annotated="12" total="225"/>
        <lexeme order="1" headword="false" breakBefore="false" POS="V" name="station"/>
    </lexUnit>
</frame>