<?xml version="1.0" encoding="UTF-8" standalone="yes"?>
<?xml-stylesheet type="text/xsl" href="frame.xsl"?>
<frame cBy="JKs" cDate="05/04/2009 09:58:29 PDT Mon" name="Attempt_means" ID="2132" xsi:schemaLocation="../schema/frame.xsd" xmlns="http://framenet.icsi.berkeley.edu" xmlns:xsi="http://www.w3.org/2001/XMLSchema-instance">
    <definition>&lt;def-root&gt;An &lt;fen&gt;Agent&lt;/fen&gt; attempts to achieve a &lt;fen&gt;Goal&lt;/fen&gt; using some &lt;fen&gt;Means&lt;/fen&gt;.  

&lt;ex&gt;&lt;fex name="Agent"&gt;John&lt;/fex&gt; &lt;t&gt;tried&lt;/t&gt; &lt;fex name="Means"&gt;using a crowbar&lt;/fex&gt; &lt;fex name="Goal"&gt;to open the door&lt;/fex&gt;.&lt;/ex&gt;
&lt;ex&gt;&lt;fex name="Agent"&gt;They&lt;/fex&gt; &lt;t&gt;tried&lt;/t&gt; &lt;fex name="Means"&gt;opening the window&lt;/fex&gt; &lt;fex name="Goal"&gt;in order to rob the store&lt;/fex&gt;.&lt;/ex&gt;

Very frequently, an entity involved in a &lt;fen&gt;Means&lt;/fen&gt; action stands in for the &lt;fen&gt;Means&lt;/fen&gt;, and similarly a &lt;fen&gt;Goal&lt;/fen&gt; may be metonymically expressed with an entity related to a &lt;fen&gt;Goal&lt;/fen&gt; situation:

&lt;ex&gt;&lt;fex name="Agent"&gt;John&lt;/fex&gt; &lt;t&gt;tried&lt;/t&gt; &lt;fex name="Means"&gt;a crowbar&lt;/fex&gt; &lt;fex name="Goal"&gt;on the door&lt;/fex&gt;.&lt;/ex&gt;
&lt;ex&gt;&lt;fex name="Agent"&gt;They&lt;/fex&gt; &lt;t&gt;tried&lt;/t&gt; &lt;fex name="Means"&gt;the window&lt;/fex&gt; &lt;fex name="Goal"&gt;in order to rob the store&lt;/fex&gt;.&lt;/ex&gt;

Unlike the Attempt frame, the &lt;fen&gt;Means&lt;/fen&gt; is focused upon, and the &lt;fen&gt;Goal&lt;/fen&gt; is often implicit.  This frame answers the question of how something is to be attempted, rather than what is being attempted.  The frames can be most reliably distinguished by paraphrasing a sentence with "give X a try", since "give try" belongs only in this frame.&lt;/def-root&gt;</definition>
    <FE bgColor="FF0000" fgColor="FFFFFF" coreType="Core" cBy="JKs" cDate="05/04/2009 09:58:29 PDT Mon" abbrev="Agt" name="Agent" ID="13154">
        <definition>&lt;def-root&gt;The &lt;fen&gt;Agent&lt;/fen&gt; makes an attempt to achieve a &lt;fen&gt;Goal&lt;/fen&gt;.
&lt;ex&gt;&lt;fex name="Agent"&gt;Dana&lt;/fex&gt; &lt;t&gt;tried&lt;/t&gt; a crowbar.&lt;/ex&gt;
&lt;/def-root&gt;</definition>
        <semType name="Sentient" ID="5"/>
    </FE>
    <FE bgColor="00BFFF" fgColor="FFFFFF" coreType="Core-Unexpressed" cBy="JKs" cDate="05/04/2009 09:58:29 PDT Mon" abbrev="Goal" name="Goal" ID="13155">
        <definition>&lt;def-root&gt;The &lt;fen&gt;Goal&lt;/fen&gt; is what the &lt;fen&gt;Agent&lt;/fen&gt; attempts to achieve.

&lt;ex&gt;John &lt;t&gt;tried&lt;/t&gt; using a crowbar &lt;fex name="Goal"&gt;to enter the locked door&lt;/fex&gt;.&lt;/ex&gt;&lt;/def-root&gt;</definition>
    </FE>
    <FE bgColor="808080" fgColor="FFFFFF" coreType="Extra-Thematic" cBy="JKs" cDate="05/04/2009 09:58:29 PDT Mon" abbrev="Otcm" name="Outcome" ID="13156">
        <definition>&lt;def-root&gt;Note: this FE might not be in frame.  It is temporarily here during the early stage of annotation. (JGK)


The &lt;fen&gt;Outcome&lt;/fen&gt; is the failure or success of an attempt to achieve a &lt;fen&gt;Goal&lt;/fen&gt;.
&lt;ex&gt;He &lt;t&gt;tried&lt;/t&gt; the back door &lt;fex name="Outcome"&gt;but it was firmly bolted&lt;/fex&gt;.&lt;/ex&gt;&lt;/def-root&gt;</definition>
    </FE>
    <FE bgColor="A52A2A" fgColor="FFFFFF" coreType="Core" cBy="JKs" cDate="05/04/2009 09:58:29 PDT Mon" abbrev="Means" name="Means" ID="13157">
        <definition>&lt;def-root&gt;This FE identifies the &lt;fen&gt;Means&lt;/fen&gt; by which an attempt occurs.

&lt;ex&gt;Dana &lt;t&gt;tried&lt;/t&gt; &lt;fex name="Means"&gt;using a crowbar&lt;/fex&gt;.&lt;/ex&gt;&lt;/def-root&gt;</definition>
        <semType name="State_of_affairs" ID="177"/>
    </FE>
    <FE bgColor="FF69B4" fgColor="FFFFFF" coreType="Peripheral" cBy="JKs" cDate="05/04/2009 09:58:29 PDT Mon" abbrev="Degr" name="Degree" ID="13158">
        <definition>&lt;def-root&gt;This FE identifies the &lt;fen&gt;Degree&lt;/fen&gt; to which an attempt occurs.&lt;/def-root&gt;</definition>
        <semType name="Degree" ID="172"/>
    </FE>
    <FE bgColor="FFA500" fgColor="FFFFFF" coreType="Peripheral" cBy="JKs" cDate="05/04/2009 09:58:29 PDT Mon" abbrev="Time" name="Time" ID="13159">
        <definition>&lt;def-root&gt;This FE identifies the &lt;fen&gt;Time&lt;/fen&gt; when the attempt occurs.&lt;/def-root&gt;</definition>
        <semType name="Time" ID="141"/>
    </FE>
    <FE bgColor="00008B" fgColor="FFFFFF" coreType="Extra-Thematic" cBy="JKs" cDate="05/04/2009 09:58:29 PDT Mon" abbrev="Dep" name="Depictive" ID="13160">
        <definition>&lt;def-root&gt;The &lt;fen&gt;Depictive&lt;/fen&gt; is a phrase which describes the &lt;fen&gt;Agent&lt;/fen&gt;.&lt;/def-root&gt;</definition>
    </FE>
    <FE bgColor="008000" fgColor="FFFFFF" coreType="Peripheral" cBy="JKs" cDate="05/04/2009 09:58:29 PDT Mon" abbrev="Place" name="Place" ID="13161">
        <definition>&lt;def-root&gt;The place where an attempt is made.

&lt;ex&gt;&lt;fex name="Place"&gt;On the bridge&lt;/fex&gt; he &lt;t&gt;tried&lt;/t&gt; the crowbar.&lt;/ex&gt;&lt;/def-root&gt;</definition>
        <semType name="Locative_relation" ID="182"/>
    </FE>
    <FE bgColor="FF00FF" fgColor="FFFFFF" coreType="Peripheral" cBy="JKs" cDate="05/04/2009 09:58:29 PDT Mon" abbrev="man" name="Manner" ID="13162">
        <definition>&lt;def-root&gt;The &lt;fen&gt;Manner&lt;/fen&gt; in which the &lt;fen&gt;Agent&lt;/fen&gt; makes the attempt.

&lt;ex&gt;He &lt;fex name="man"&gt;quietly&lt;/fex&gt; &lt;t&gt;tried&lt;/t&gt; the crowbar.&lt;/ex&gt;&lt;/def-root&gt;</definition>
        <semType name="Manner" ID="173"/>
    </FE>
    <FE bgColor="800080" fgColor="FFFFFF" coreType="Extra-Thematic" cBy="JKs" cDate="05/04/2009 09:58:29 PDT Mon" abbrev="dur" name="Duration" ID="13163">
        <definition>&lt;def-root&gt;The time peiod over which the attempts take place.&lt;/def-root&gt;</definition>
        <semType name="Duration" ID="142"/>
    </FE>
    <FE bgColor="90876C" fgColor="FFFFFF" coreType="Peripheral" cBy="JKs" cDate="05/04/2009 09:58:29 PDT Mon" abbrev="" name="Purpose" ID="13164">
        <definition>&lt;def-root&gt;The reason for which the &lt;fen&gt;Agent&lt;/fen&gt; attempts the &lt;fen&gt;Goal&lt;/fen&gt;. &lt;/def-root&gt;</definition>
    </FE>
    <FE bgColor="EEE8AA" fgColor="000000" coreType="Extra-Thematic" cBy="JKs" cDate="05/04/2009 09:58:29 PDT Mon" abbrev="part" name="Particular_iteration" ID="13165">
        <definition>&lt;def-root&gt;Expressions marked with this extra-thematic FE modify a non-iterative use of the target, and indicate that it is conceived as embedded within an iterated series of similar events or states. In addition, most expressions of Particular_iteration indicate which instance of the series is being referred to.&lt;/def-root&gt;</definition>
    </FE>
    <FE bgColor="FFFF00" fgColor="000000" coreType="Extra-Thematic" cBy="JKs" cDate="05/04/2009 09:58:29 PDT Mon" abbrev="" name="Circumstances" ID="13166">
        <definition>&lt;def-root&gt;The state of the world (at a particular time and place) which is independent of the the attempt of the &lt;fen&gt;Agent&lt;/fen&gt; to achieve the &lt;fen&gt;Goal&lt;/fen&gt;. &lt;/def-root&gt;</definition>
    </FE>
    <FE bgColor="2E8B57" fgColor="FFFFFF" coreType="Extra-Thematic" cBy="JKs" cDate="05/04/2009 09:58:29 PDT Mon" abbrev="Dom" name="Domain" ID="13167">
        <definition>&lt;def-root&gt;Note: this FE might not be in frame.  It is temporarily here during the early stage of annotation. (JGK)

The area of work to which the Attempt event belongs. 


&lt;/def-root&gt;</definition>
    </FE>
    <FE bgColor="FFD700" fgColor="000000" coreType="Extra-Thematic" cBy="JKs" cDate="05/04/2009 10:36:31 PDT Mon" abbrev="" name="Frequency" ID="13168">
        <definition>&lt;def-root&gt;This FE denotes the number of times an event is attempted per some unit of time.&lt;/def-root&gt;</definition>
    </FE>
    <frameRelation type="Inherits from">
        <relatedFrame ID="1141">Using</relatedFrame>
    </frameRelation>
    <frameRelation type="Is Inherited by"/>
    <frameRelation type="Perspective on">
        <relatedFrame ID="3020">Attempt_action_scenario</relatedFrame>
    </frameRelation>
    <frameRelation type="Is Perspectivized in"/>
    <frameRelation type="Uses"/>
    <frameRelation type="Is Used by"/>
    <frameRelation type="Subframe of"/>
    <frameRelation type="Has Subframe(s)"/>
    <frameRelation type="Precedes"/>
    <frameRelation type="Is Preceded by"/>
    <frameRelation type="Is Inchoative of"/>
    <frameRelation type="Is Causative of"/>
    <frameRelation type="See also">
        <relatedFrame ID="116">Attempt</relatedFrame>
    </frameRelation>
    <lexUnit status="Needs_SCs" POS="V" name="try.v" ID="15328" lemmaID="41411" cBy="JKs" cDate="05/04/2009 10:20:14 PDT Mon">
        <definition>FN: make an attempt using some means</definition>
        <sentenceCount annotated="15" total="191"/>
        <lexeme order="1" headword="false" breakBefore="false" POS="V" name="try"/>
    </lexUnit>
    <lexUnit status="Created" POS="V" name="give try.idio" ID="18807" lemmaID="52173" cBy="MJE" cDate="09/08/2016 10:22:19 PDT Thu">
        <definition>FN: attempt to use (something) for some (usually unmentioned) purpose. [Usage: try must be indefinite, but may be singular or plural; give is not passivizable.]</definition>
        <sentenceCount annotated="0" total="0"/>
        <lexeme order="1" headword="true" breakBefore="false" POS="V" name="give"/>
        <lexeme order="2" headword="false" breakBefore="true" POS="N" name="try"/>
    </lexUnit>
</frame>