<?xml version="1.0" encoding="UTF-8" standalone="yes"?>
<?xml-stylesheet type="text/xsl" href="frame.xsl"?>
<frame cBy="MJE" cDate="08/15/2003 07:08:56 PDT Fri" name="Attention" ID="791" xsi:schemaLocation="../schema/frame.xsd" xmlns="http://framenet.icsi.berkeley.edu" xmlns:xsi="http://www.w3.org/2001/XMLSchema-instance">
    <definition>&lt;def-root&gt;This frame concerns a &lt;fen&gt;Perceiver&lt;/fen&gt;'s state of readiness to process and consider impressions of a &lt;fen&gt;Figure&lt;/fen&gt; within a &lt;fen&gt;Ground&lt;/fen&gt;.  It is often unknown to the &lt;fen&gt;Perceiver&lt;/fen&gt; whether or not the &lt;fen&gt;Figure&lt;/fen&gt; exists within the &lt;fen&gt;Ground&lt;/fen&gt;. Alternatively, the &lt;fen&gt;Expressor&lt;/fen&gt; may be expressed as showing signs of the &lt;fen&gt;Perceiver&lt;/fen&gt;'s state of attentiveness.

&lt;ex&gt;Legislator tells &lt;fex name="Perceiver"&gt;consumers&lt;/fex&gt; to &lt;ment&gt;be&lt;/ment&gt; &lt;t&gt;alert&lt;/t&gt; &lt;fex name="Figure"&gt;to dioxin levels&lt;/fex&gt;.&lt;/ex&gt;

&lt;ex&gt;They demand an &lt;t&gt;attentive&lt;/t&gt; &lt;fex name="Expressor"&gt;gaze&lt;/fex&gt;, a careful accounting of parts.&lt;/ex&gt;&lt;/def-root&gt;</definition>
    <FE bgColor="FF0000" fgColor="FFFFFF" coreType="Core" cBy="MJE" cDate="10/12/2003 03:49:11 PDT Sun" abbrev="" name="Perceiver" ID="5534">
        <definition>&lt;def-root&gt;The individual that pays attention to the &lt;fen&gt;Ground&lt;/fen&gt;.&lt;/def-root&gt;</definition>
        <semType name="Sentient" ID="5"/>
    </FE>
    <FE bgColor="0000FF" fgColor="FFFFFF" coreType="Peripheral" cBy="MJE" cDate="10/12/2003 03:51:00 PDT Sun" abbrev="" name="Ground" ID="5535">
        <definition>&lt;def-root&gt;The sensory field or subset of a sensory field that the &lt;fen&gt;Perceiver&lt;/fen&gt; is attending to.&lt;/def-root&gt;</definition>
    </FE>
    <FE bgColor="008000" fgColor="FFFFFF" coreType="Core" cBy="MJE" cDate="10/12/2003 03:55:31 PDT Sun" abbrev="" name="Figure" ID="5536">
        <definition>&lt;def-root&gt;The entity that the &lt;fen&gt;Perceiver&lt;/fen&gt; is specifically focussing on within the &lt;fen&gt;Ground&lt;/fen&gt;.&lt;/def-root&gt;</definition>
    </FE>
    <FE bgColor="FF69B4" fgColor="FFFFFF" coreType="Peripheral" cBy="MJE" cDate="10/12/2003 04:02:00 PDT Sun" abbrev="" name="Degree" ID="5537">
        <definition>&lt;def-root&gt;The amount of attention that the &lt;fen&gt;Perceiver&lt;/fen&gt; is paying to the &lt;fen&gt;Figure&lt;/fen&gt; or &lt;fen&gt;Ground&lt;/fen&gt;.&lt;/def-root&gt;</definition>
        <semType name="Degree" ID="172"/>
    </FE>
    <FE bgColor="1E90FF" fgColor="FFFFFF" coreType="Extra-Thematic" cBy="MJE" cDate="10/12/2003 04:04:49 PDT Sun" abbrev="" name="Circumstances" ID="5538">
        <definition>&lt;def-root&gt;The situation within which the &lt;fen&gt;Perceiver&lt;/fen&gt; is alert.&lt;/def-root&gt;</definition>
    </FE>
    <FE bgColor="FF00FF" fgColor="FFFFFF" coreType="Peripheral" cBy="MJE" cDate="10/12/2003 04:07:25 PDT Sun" abbrev="" name="Manner" ID="5539">
        <definition>&lt;def-root&gt;Any description of the event which is not covered by more specific FEs, including epistemic modification (&lt;ment&gt;probably, presumably, mysteriously&lt;/ment&gt;), force (&lt;ment&gt;hard, softly&lt;/ment&gt;), secondary effects (&lt;ment&gt;quietly, loudly&lt;/ment&gt;), and general descriptions comparing events (&lt;ment&gt;the same way&lt;/ment&gt;). It may also indicate salient characteristics of a &lt;fen&gt;Perceiver&lt;/fen&gt; that also affect the action (&lt;ment&gt;presumptuously, coldly, deliberately, eagerly, carefully&lt;/ment&gt;). &lt;/def-root&gt;</definition>
        <semType name="Manner" ID="173"/>
    </FE>
    <FE bgColor="800080" fgColor="FFFFFF" coreType="Core" cBy="MJE" cDate="10/12/2003 04:27:42 PDT Sun" abbrev="" name="Expressor" ID="5540">
        <definition>&lt;def-root&gt;An entity (or event) associated with a &lt;fen&gt;Perceiver&lt;/fen&gt; that gives evidence for a &lt;fen&gt;Perceiver&lt;/fen&gt;'s attentiveness.&lt;/def-root&gt;</definition>
        <excludesFE name="Perceiver" ID="5534"/>
    </FE>
    <frameRelation type="Inherits from">
        <relatedFrame ID="150">State</relatedFrame>
    </frameRelation>
    <frameRelation type="Is Inherited by"/>
    <frameRelation type="Perspective on"/>
    <frameRelation type="Is Perspectivized in"/>
    <frameRelation type="Uses"/>
    <frameRelation type="Is Used by">
        <relatedFrame ID="1685">Searching_scenario</relatedFrame>
        <relatedFrame ID="66">Perception_active</relatedFrame>
        <relatedFrame ID="2045">Emotions_of_mental_activity</relatedFrame>
    </frameRelation>
    <frameRelation type="Subframe of"/>
    <frameRelation type="Has Subframe(s)"/>
    <frameRelation type="Precedes"/>
    <frameRelation type="Is Preceded by"/>
    <frameRelation type="Is Inchoative of"/>
    <frameRelation type="Is Causative of"/>
    <frameRelation type="See also"/>
    <lexUnit status="Created" POS="A" name="alert.a" ID="9726" lemmaID="976" cBy="MJE" cDate="10/12/2003 04:00:46 PDT Sun">
        <definition>FN: quick to notice and respond</definition>
        <sentenceCount annotated="21" total="115"/>
        <lexeme order="1" headword="false" breakBefore="false" POS="A" name="alert"/>
    </lexUnit>
    <lexUnit status="Finished_Initial" POS="V" name="attend.v" ID="9727" lemmaID="2292" cBy="MJE" cDate="10/12/2003 04:37:03 PDT Sun">
        <definition>COD: pay attention to.</definition>
        <sentenceCount annotated="7" total="9"/>
        <lexeme order="1" headword="false" breakBefore="false" POS="V" name="attend"/>
    </lexUnit>
    <lexUnit status="Created" POS="N" name="attention.n" ID="9728" lemmaID="2296" cBy="MJE" cDate="10/12/2003 04:38:20 PDT Sun">
        <definition>COD: the mental faculty of considering or taking notice</definition>
        <sentenceCount annotated="83" total="222"/>
        <lexeme order="1" headword="false" breakBefore="false" POS="N" name="attention"/>
    </lexUnit>
    <lexUnit status="Created" POS="A" name="attentive.a" ID="9729" lemmaID="2298" cBy="MJE" cDate="10/12/2003 04:38:54 PDT Sun">
        <definition>COD: paying close attention.</definition>
        <sentenceCount annotated="18" total="89"/>
        <lexeme order="1" headword="false" breakBefore="false" POS="A" name="attentive"/>
    </lexUnit>
    <lexUnit status="Created" POS="ADV" name="closely.adv" ID="14370" lemmaID="6869" cBy="MJE" cDate="04/06/2007 05:39:22 PDT Fri">
        <definition>FN: with full attention.</definition>
        <sentenceCount annotated="0" total="0"/>
        <lexeme order="1" headword="false" breakBefore="false" POS="ADV" name="closely"/>
        <semType name="Tendency_grading_LU" ID="91"/>
    </lexUnit>
    <lexUnit status="Created" POS="A" name="close.a" ID="14371" lemmaID="6857" cBy="MJE" cDate="04/06/2007 05:41:05 PDT Fri">
        <definition>COD: of observation or examination) done in a careful and thorough way</definition>
        <sentenceCount annotated="0" total="0"/>
        <lexeme order="1" headword="false" breakBefore="false" POS="A" name="close"/>
        <semType name="Tendency_grading_LU" ID="91"/>
    </lexUnit>
    <lexUnit status="Created" POS="V" name="keep an eye.v" ID="16491" lemmaID="51355" cBy="RLG" cDate="08/10/2011 04:27:47 PDT Wed">
        <definition>FN: closely watch</definition>
        <sentenceCount annotated="0" total="0"/>
        <lexeme order="1" headword="true" breakBefore="false" POS="V" name="keep"/>
        <lexeme order="2" headword="false" breakBefore="false" POS="ART" name="a"/>
        <lexeme order="3" headword="false" breakBefore="true" POS="N" name="eye"/>
    </lexUnit>
    <lexUnit status="Created" POS="V" name="ignore.v" ID="17369" lemmaID="18935" cBy="CVa" cDate="04/16/2013 06:08:42 PDT Tue">
        <definition>FN: to deliberately pay no attention to something</definition>
        <sentenceCount annotated="0" total="0"/>
        <lexeme order="1" headword="false" breakBefore="false" POS="V" name="ignore"/>
        <semType name="Negative" ID="99"/>
    </lexUnit>
</frame>