<?xml version="1.0" encoding="UTF-8" standalone="yes"?>
<?xml-stylesheet type="text/xsl" href="frame.xsl"?>
<frame cBy="JKR" cDate="02/18/2004 01:57:42 PST Wed" name="Attributes" ID="964" xsi:schemaLocation="../schema/frame.xsd" xmlns="http://framenet.icsi.berkeley.edu" xmlns:xsi="http://www.w3.org/2001/XMLSchema-instance">
    <definition>&lt;def-root&gt;An &lt;fen&gt;Entity&lt;/fen&gt; has a particular &lt;fen&gt;Attribute&lt;/fen&gt; with some &lt;fen&gt;Value&lt;/fen&gt;. This frame is primarily for inheritance.&lt;/def-root&gt;</definition>
    <semType name="Non-Lexical Frame" ID="16"/>
    <FE bgColor="FF0000" fgColor="FFFFFF" coreType="Core" cBy="JKR" cDate="02/18/2004 01:59:22 PST Wed" abbrev="" name="Entity" ID="5892">
        <definition>&lt;def-root&gt;The &lt;fen&gt;Entity&lt;/fen&gt; for which a particular &lt;fen&gt;Attribute&lt;/fen&gt; is appropriate and under consideration.

&lt;/def-root&gt;</definition>
    </FE>
    <FE bgColor="1E90FF" fgColor="FFFFFF" coreType="Core-Unexpressed" cBy="JKR" cDate="02/18/2004 02:02:35 PST Wed" abbrev="" name="Attribute" ID="5893">
        <definition>&lt;def-root&gt;The feature of an &lt;fen&gt;Entity&lt;/fen&gt; which is under discussion.&lt;/def-root&gt;</definition>
    </FE>
    <FE bgColor="008000" fgColor="FFFFFF" coreType="Core-Unexpressed" cBy="JKR" cDate="02/18/2004 02:03:26 PST Wed" abbrev="" name="Value" ID="5894">
        <definition>&lt;def-root&gt;A quantity or other characterization of the &lt;fen&gt;Entity&lt;/fen&gt;'s state with respect to the &lt;fen&gt;Attribute&lt;/fen&gt;.&lt;/def-root&gt;</definition>
    </FE>
    <frameRelation type="Inherits from"/>
    <frameRelation type="Is Inherited by">
        <relatedFrame ID="1927">Scope</relatedFrame>
        <relatedFrame ID="1015">Gradable_attributes</relatedFrame>
        <relatedFrame ID="2251">Race_descriptor</relatedFrame>
    </frameRelation>
    <frameRelation type="Perspective on"/>
    <frameRelation type="Is Perspectivized in"/>
    <frameRelation type="Uses"/>
    <frameRelation type="Is Used by"/>
    <frameRelation type="Subframe of"/>
    <frameRelation type="Has Subframe(s)"/>
    <frameRelation type="Precedes"/>
    <frameRelation type="Is Preceded by"/>
    <frameRelation type="Is Inchoative of"/>
    <frameRelation type="Is Causative of"/>
    <frameRelation type="See also"/>
</frame>