<?xml version="1.0" encoding="UTF-8" standalone="yes"?>
<?xml-stylesheet type="text/xsl" href="frame.xsl"?>
<frame cBy="JKR" cDate="11/17/2005 12:30:18 PST Thu" name="Be_translation_equivalent" ID="1655" xsi:schemaLocation="../schema/frame.xsd" xmlns="http://framenet.icsi.berkeley.edu" xmlns:xsi="http://www.w3.org/2001/XMLSchema-instance">
    <definition>&lt;def-root&gt;A &lt;fen&gt;Target_symbol&lt;/fen&gt; in a &lt;fen&gt;Target_representation&lt;/fen&gt;  system is presented as equivalent to a &lt;fen&gt;Source_symbol&lt;/fen&gt; in a &lt;fen&gt;Source_representation&lt;/fen&gt; system in the ability to express a particular &lt;fen&gt;Content&lt;/fen&gt;.

&lt;ex&gt;&lt;fex name="Target_symbol"&gt;The term employment area&lt;/fex&gt; &lt;t&gt;translates&lt;/t&gt; &lt;fex name="Source_symbol"&gt;the French zone d'emploi&lt;/fex&gt;.&lt;/ex&gt;
&lt;ex&gt;The term employment area &lt;t&gt;translates&lt;/t&gt; &lt;fex name="Source_representation"&gt;the French&lt;/fex&gt; zone d'emploi.&lt;/ex&gt;

&lt;ex&gt;&lt;fex name="Target_symbol"&gt;The term&lt;/fex&gt; &lt;t&gt;translates&lt;/t&gt; &lt;fex name="Source_symbol"&gt;the Russian raznorechie (literally "different-speech-ness")&lt;/fex&gt;.&lt;/ex&gt;
&lt;ex&gt;The term &lt;t&gt;translates&lt;/t&gt; the &lt;fex name="Source_representation"&gt;Russian&lt;/fex&gt; raznorechie (literally "different-speech-ness".&lt;/ex&gt;&lt;/def-root&gt;</definition>
    <FE bgColor="0000FF" fgColor="FFFFFF" coreType="Core" cBy="JKR" cDate="11/17/2005 12:30:18 PST Thu" abbrev="sous" name="Source_symbol" ID="9391">
        <definition>&lt;def-root&gt;A symbol or set of symbols representing the &lt;fen&gt;Content&lt;/fen&gt; in the &lt;fen&gt;Source_representation&lt;/fen&gt; format.

&lt;ex&gt;This expression &lt;t&gt;translates&lt;/t&gt; &lt;fex name="Source_symbol"&gt;the Greek word Hades&lt;/fex&gt;.&lt;/ex&gt;&lt;/def-root&gt;</definition>
    </FE>
    <FE bgColor="00BFFF" fgColor="FFFFFF" coreType="Core" cBy="JKR" cDate="11/17/2005 12:30:19 PST Thu" abbrev="sour" name="Source_representation" ID="9392">
        <definition>&lt;def-root&gt;The representation system in which the &lt;fen&gt;Content&lt;/fen&gt; pre-exists.


&lt;/def-root&gt;</definition>
    </FE>
    <FE bgColor="90876C" fgColor="FFFFFF" coreType="Peripheral" cBy="JKR" cDate="11/17/2005 12:30:20 PST Thu" abbrev="Tm" name="Time" ID="9393">
        <definition>&lt;def-root&gt;The period of time during which the translation equivalence holds.
&lt;/def-root&gt;</definition>
        <semType name="Time" ID="141"/>
    </FE>
    <FE bgColor="9F79EE" fgColor="FFFFFF" coreType="Extra-Thematic" cBy="JKR" cDate="11/17/2005 12:30:20 PST Thu" abbrev="cir" name="Circumstances" ID="9394">
        <definition>&lt;def-root&gt;The &lt;fen&gt;Circumstances&lt;/fen&gt; are the set of conditions in which the translation is made.

&lt;/def-root&gt;</definition>
    </FE>
    <FE bgColor="2E8B57" fgColor="FFFFFF" coreType="Core" cBy="JKR" cDate="11/17/2005 12:30:20 PST Thu" abbrev="tars" name="Target_symbol" ID="9395">
        <definition>&lt;def-root&gt;A symbol or set of symbols representing the &lt;fen&gt;Content&lt;/fen&gt; in the &lt;fen&gt;Target_representation&lt;/fen&gt; format.


&lt;ex&gt;&lt;fex name="Target_symbol"&gt;The Tibetan sequence of words&lt;/fex&gt; &lt;t&gt;translates&lt;/t&gt; the Chinese Ti- shih.&lt;/ex&gt;&lt;/def-root&gt;</definition>
    </FE>
    <FE bgColor="006400" fgColor="FFFFFF" coreType="Core" cBy="JKR" cDate="11/17/2005 12:30:20 PST Thu" abbrev="tarr" name="Target_representation" ID="9396">
        <definition>&lt;def-root&gt;The representation system within which the &lt;fen&gt;Target_symbol&lt;/fen&gt; is equivalent in its signification to the &lt;fen&gt;Source_symbol&lt;/fen&gt; within the &lt;fen&gt;Source_representation&lt;/fen&gt; system
.

&lt;/def-root&gt;</definition>
    </FE>
    <FE bgColor="FFA500" fgColor="FFFFFF" coreType="Core" cBy="JKR" cDate="11/17/2005 12:30:20 PST Thu" abbrev="con" name="Content" ID="9397">
        <definition>&lt;def-root&gt;The information that is meant to be represented by the &lt;fen&gt;Source_symbol&lt;/fen&gt; and &lt;fen&gt;Target_symbol&lt;/fen&gt;.
&lt;/def-root&gt;</definition>
        <semType name="Content" ID="55"/>
    </FE>
    <FE bgColor="00008B" fgColor="FFFFFF" coreType="Peripheral" cBy="JKR" cDate="11/17/2005 12:30:20 PST Thu" abbrev="equ" name="Equivalence" ID="9398">
        <definition>&lt;def-root&gt;An assessment of how equivalent the &lt;fen&gt;Source_representation&lt;/fen&gt; and the &lt;fen&gt;Target_representation&lt;/fen&gt; are.

&lt;ex&gt;Choose the Russian expression that &lt;fex name="Equivalence"&gt;correctly&lt;/fex&gt; &lt;t&gt;translates&lt;/t&gt; the English word or phrase.&lt;/ex&gt;&lt;/def-root&gt;</definition>
    </FE>
    <FE bgColor="FF0000" fgColor="FFFFFF" coreType="Peripheral" cBy="JKR" cDate="11/17/2005 12:51:43 PST Thu" abbrev="med" name="Medium" ID="9399">
        <definition>&lt;def-root&gt;A text in which the &lt;fen&gt;Target_symbol&lt;/fen&gt; is used to render the &lt;fen&gt;Content&lt;/fen&gt; of a &lt;fen&gt;Source_symbol&lt;/fen&gt;.

&lt;ex&gt;&lt;fex name="med"&gt;In the Greek Scriptures&lt;/fex&gt; the word &lt;t&gt;translates&lt;/t&gt; the Greek word "theos".&lt;/ex&gt;&lt;/def-root&gt;</definition>
    </FE>
    <frameRelation type="Inherits from"/>
    <frameRelation type="Is Inherited by"/>
    <frameRelation type="Perspective on"/>
    <frameRelation type="Is Perspectivized in"/>
    <frameRelation type="Uses">
        <relatedFrame ID="1645">Translating</relatedFrame>
    </frameRelation>
    <frameRelation type="Is Used by"/>
    <frameRelation type="Subframe of"/>
    <frameRelation type="Has Subframe(s)"/>
    <frameRelation type="Precedes"/>
    <frameRelation type="Is Preceded by"/>
    <frameRelation type="Is Inchoative of"/>
    <frameRelation type="Is Causative of"/>
    <frameRelation type="See also">
        <relatedFrame ID="1654">Have_as_translation_equivalent</relatedFrame>
    </frameRelation>
    <lexUnit status="Needs_SCs" POS="V" name="translate.v" ID="12964" lemmaID="41029" cBy="JKR" cDate="11/21/2005 03:29:29 PST Mon">
        <definition>FN: be the translation equivalent of</definition>
        <sentenceCount annotated="0" total="160"/>
        <lexeme order="1" headword="false" breakBefore="false" POS="V" name="translate"/>
    </lexUnit>
</frame>