<?xml version="1.0" encoding="UTF-8" standalone="yes"?>
<?xml-stylesheet type="text/xsl" href="frame.xsl"?>
<frame cBy="MJE" cDate="08/17/2004 05:03:14 PDT Tue" name="Being_operational" ID="1200" xsi:schemaLocation="../schema/frame.xsd" xmlns="http://framenet.icsi.berkeley.edu" xmlns:xsi="http://www.w3.org/2001/XMLSchema-instance">
    <definition>&lt;def-root&gt;An &lt;fen&gt;Object&lt;/fen&gt; with an understood function is or is not in a state ready to perform that function.

&lt;ex&gt;&lt;fex name="Object"&gt;The remote&lt;/fex&gt; is &lt;fex name="Degree"&gt;almost&lt;/fex&gt; &lt;t&gt;broken&lt;/t&gt;.&lt;/ex&gt;

&lt;ex&gt;Hand me that &lt;t&gt;broken&lt;/t&gt; &lt;fex name="Object"&gt;watch&lt;/fex&gt; so I can throw it away.&lt;/ex&gt;&lt;/def-root&gt;</definition>
    <FE bgColor="0000FF" fgColor="FFFFFF" coreType="Core" cBy="MJE" cDate="08/17/2004 05:03:14 PDT Tue" abbrev="Obj" name="Object" ID="7009">
        <definition>&lt;def-root&gt;The entity with an understood purpose.&lt;/def-root&gt;</definition>
    </FE>
    <FE bgColor="FF00FF" fgColor="FFFFFF" coreType="Peripheral" cBy="RLG" cDate="03/26/2007 01:57:08 PDT Mon" abbrev="deg" name="Degree" ID="11379">
        <definition>&lt;def-root&gt;The extent to which the &lt;fen&gt;Artifact&lt;/fen&gt; exceeds or falls short of the minimum requirements for being operational.&lt;/def-root&gt;</definition>
    </FE>
    <frameRelation type="Inherits from">
        <relatedFrame ID="990">Capability</relatedFrame>
    </frameRelation>
    <frameRelation type="Is Inherited by"/>
    <frameRelation type="Perspective on"/>
    <frameRelation type="Is Perspectivized in"/>
    <frameRelation type="Uses">
        <relatedFrame ID="416">Render_nonfunctional</relatedFrame>
        <relatedFrame ID="421">Artifact</relatedFrame>
    </frameRelation>
    <frameRelation type="Is Used by"/>
    <frameRelation type="Subframe of"/>
    <frameRelation type="Has Subframe(s)"/>
    <frameRelation type="Precedes"/>
    <frameRelation type="Is Preceded by"/>
    <frameRelation type="Is Inchoative of"/>
    <frameRelation type="Is Causative of"/>
    <frameRelation type="See also"/>
    <lexUnit status="Needs_SCs" POS="A" name="broken.a" ID="10848" lemmaID="4683" cBy="MJE" cDate="08/17/2004 05:06:25 PDT Tue">
        <definition>FN: non-functional</definition>
        <sentenceCount annotated="6" total="194"/>
        <lexeme order="1" headword="false" breakBefore="false" POS="A" name="broken"/>
    </lexUnit>
    <lexUnit status="Created" POS="A" name="busted.a" ID="10849" lemmaID="49439" cBy="MJE" cDate="08/17/2004 05:07:21 PDT Tue">
        <definition>FN: not working.</definition>
        <sentenceCount annotated="0" total="0"/>
        <lexeme order="1" headword="true" breakBefore="false" POS="A" name="busted"/>
    </lexUnit>
    <lexUnit status="Created" POS="A" name="down.a" ID="10850" lemmaID="11611" cBy="MJE" cDate="08/17/2004 05:08:02 PDT Tue">
        <definition>COD: (of a computer system) out of action</definition>
        <sentenceCount annotated="0" total="0"/>
        <lexeme order="1" headword="false" breakBefore="false" POS="A" name="down"/>
    </lexUnit>
    <lexUnit status="Created" POS="V" name="work.v" ID="14071" lemmaID="44462" cBy="RLG" cDate="03/23/2007 09:09:44 PDT Fri">
        <definition>COD: (of a machine or system) function, especially properly or effectively.</definition>
        <sentenceCount annotated="2" total="2"/>
        <lexeme order="1" headword="false" breakBefore="false" POS="V" name="work"/>
    </lexUnit>
    <lexUnit status="Created" POS="A" name="operational.a" ID="14072" lemmaID="26813" cBy="RLG" cDate="03/23/2007 09:11:27 PDT Fri">
        <definition>FN: be ready to function.</definition>
        <sentenceCount annotated="0" total="0"/>
        <lexeme order="1" headword="false" breakBefore="false" POS="A" name="operational"/>
    </lexUnit>
    <lexUnit status="Needs_SCs" POS="A" name="functional.a" ID="15552" lemmaID="15677" cBy="AnW" cDate="10/29/2009 04:33:25 PDT Thu">
        <definition>FN: operating in a satisfactory manner</definition>
        <sentenceCount annotated="7" total="70"/>
        <lexeme order="1" headword="false" breakBefore="false" POS="A" name="functional"/>
    </lexUnit>
    <lexUnit status="Created" POS="A" name="working.a" ID="15930" lemmaID="44476" cBy="MJE" cDate="07/23/2010 06:57:58 PDT Fri">
        <definition>FN: functional.</definition>
        <sentenceCount annotated="1" total="1"/>
        <lexeme order="1" headword="false" breakBefore="false" POS="A" name="working"/>
    </lexUnit>
    <lexUnit status="Needs_SCs" POS="A" name="downed.a" ID="16579" lemmaID="51397" cBy="RLG" cDate="09/01/2011 04:43:15 PDT Thu">
        <definition>FN: nonfunctional (of a vehicle especially).</definition>
        <sentenceCount annotated="2" total="8"/>
        <lexeme order="1" headword="true" breakBefore="false" POS="A" name="downed"/>
    </lexUnit>
    <lexUnit status="New" POS="A" name="in order.a" ID="16877" lemmaID="51491" cBy="CVa" cDate="02/03/2012 11:17:40 PST Fri">
        <definition>FN:  in a state of being functional</definition>
        <sentenceCount annotated="1" total="121"/>
        <lexeme order="1" headword="true" breakBefore="false" POS="PREP" name="in"/>
        <lexeme order="2" headword="false" breakBefore="false" POS="N" name="order"/>
    </lexUnit>
    <lexUnit status="Created" POS="N" name="function.n" ID="16988" lemmaID="51510" cBy="RLG" cDate="03/22/2012 10:52:43 PDT Thu">
        <definition>FN: the current capacity of an object to perform its intended or expected function.</definition>
        <sentenceCount annotated="22" total="24"/>
        <lexeme order="1" headword="true" breakBefore="false" POS="N" name="function"/>
    </lexUnit>
</frame>