<?xml version="1.0" encoding="UTF-8" standalone="yes"?>
<?xml-stylesheet type="text/xsl" href="frame.xsl"?>
<frame cBy="RLG" cDate="06/21/2005 05:06:00 PDT Tue" name="Being_in_effect" ID="1510" xsi:schemaLocation="../schema/frame.xsd" xmlns="http://framenet.icsi.berkeley.edu" xmlns:xsi="http://www.w3.org/2001/XMLSchema-instance">
    <definition>&lt;def-root&gt;A particular &lt;fen&gt;Binding_principle&lt;/fen&gt; is (or is not) operative, that is, any obligations, restrictions, and any other aspects of the &lt;fen&gt;Binding_principle&lt;/fen&gt; are (or are not) in effect.  The &lt;fen&gt;Binding_principle&lt;/fen&gt; can be expressed as being in effect for a particular &lt;fen&gt;Duration&lt;/fen&gt;, or at a particular &lt;fen&gt;Time&lt;/fen&gt; or &lt;fen&gt;Place&lt;/fen&gt;, or under certain &lt;fen&gt;Circumstances&lt;/fen&gt;.

&lt;ex&gt;&lt;fex name="bin_pri"&gt;This law&lt;/fex&gt; will only &lt;m&gt;become&lt;/m&gt; &lt;m&gt;in&lt;/m&gt; &lt;t&gt;effect&lt;/t&gt; &lt;fex name="dur"&gt;during the last three weeks of the year&lt;/fex&gt;.&lt;/ex&gt;
&lt;ex&gt;&lt;fex name="bin_pri"&gt;The statutory wetlands definition&lt;/fex&gt; &lt;m&gt;is&lt;/m&gt; &lt;t&gt;effective&lt;/t&gt; &lt;fex name="tim"&gt;immediately&lt;/fex&gt;.&lt;/ex&gt;
&lt;ex&gt;&lt;fex name="Binding_principle"&gt;This contract&lt;/fex&gt; is &lt;t&gt;binding&lt;/t&gt; &lt;fex name="obl"&gt;on all parties&lt;/fex&gt;.&lt;/ex&gt;

Although the &lt;em&gt;in effect&lt;/em&gt; is properly in this frame, &lt;em&gt;(put) into effect&lt;/em&gt; is analyzed in the Execute_plan frame. This is in part because to &lt;em&gt;put an (evacuation) plan into effect&lt;/em&gt; is to actually execute the plan (to evacuate), while to &lt;em&gt;put a plan in effect&lt;/em&gt; is to determine that in the future the plan may have to executed, i.e., to make the plan binding. Similar observations can be made for &lt;em&gt;come into effect&lt;/em&gt;.&lt;/def-root&gt;</definition>
    <FE bgColor="FF0000" fgColor="FFFFFF" coreType="Core" cBy="RLG" cDate="06/21/2005 05:16:37 PDT Tue" abbrev="bin_pri" name="Binding_principle" ID="8221">
        <definition>&lt;def-root&gt;The &lt;fen&gt;Binding_principle&lt;/fen&gt; is the law, contract, principle, or other (set of) obligations that is (or is not) operational.

&lt;ex&gt;Once &lt;fex name="bin_pri"&gt;the treaty&lt;/fex&gt; is in &lt;t&gt;effect&lt;/t&gt;, US port authorities and the Coast Guard will monitor compliance by checking any yacht 79 feet or longer.&lt;/ex&gt;&lt;/def-root&gt;</definition>
    </FE>
    <FE bgColor="9400D3" fgColor="FFFFFF" coreType="Peripheral" cBy="RLG" cDate="06/21/2005 05:21:26 PDT Tue" abbrev="dur" name="Duration" ID="8222">
        <definition>&lt;def-root&gt;The length of time for which the &lt;fen&gt;Binding_principle&lt;/fen&gt; is or is not in effect.

&lt;ex&gt;The contract will be &lt;t&gt;effective&lt;/t&gt;&lt;fex name="dur"&gt;for three fiscal years&lt;/fex&gt;.&lt;/ex&gt;&lt;/def-root&gt;</definition>
        <semType name="Duration" ID="142"/>
    </FE>
    <FE bgColor="FFA500" fgColor="FFFFFF" coreType="Peripheral" cBy="RLG" cDate="06/21/2005 05:24:06 PDT Tue" abbrev="tim" name="Time" ID="8223">
        <definition>&lt;def-root&gt;The &lt;fen&gt;Time&lt;/fen&gt; at which the &lt;fen&gt;Binding_principle&lt;/fen&gt; is in effect.

&lt;ex&gt;All patent applicants and owners should be aware of the current uncertainty as to what patent fees will be in &lt;t&gt;effect&lt;/t&gt; &lt;fex name="tim"&gt;on October 1, 1998&lt;/fex&gt;&lt;/ex&gt;&lt;/def-root&gt;</definition>
        <semType name="Time" ID="141"/>
    </FE>
    <FE bgColor="008000" fgColor="FFFFFF" coreType="Peripheral" cBy="RLG" cDate="06/21/2005 05:26:00 PDT Tue" abbrev="pla" name="Place" ID="8224">
        <definition>&lt;def-root&gt;The &lt;fen&gt;Place&lt;/fen&gt; at which the &lt;fen&gt;Binding_principle&lt;/fen&gt; is or is not operational.

&lt;ex&gt;This promotion is &lt;t&gt;void&lt;/t&gt; &lt;fex name="pla"&gt;in the state of Florida&lt;/fex&gt;.&lt;/ex&gt;&lt;/def-root&gt;</definition>
        <semType name="Locative_relation" ID="182"/>
    </FE>
    <FE bgColor="d0d0d0" fgColor="000000" coreType="Extra-Thematic" cBy="RLG" cDate="06/21/2005 05:32:31 PDT Tue" abbrev="cir" name="Circumstances" ID="8225">
        <definition>&lt;def-root&gt;The state-of-affairs under which the &lt;fen&gt;Binding_principle&lt;/fen&gt; is/isn't operational.&lt;/def-root&gt;</definition>
    </FE>
    <FE bgColor="90876C" fgColor="FFFFFF" coreType="Extra-Thematic" cBy="RLG" cDate="06/21/2005 06:39:35 PDT Tue" abbrev="exp" name="Explanation" ID="8234">
        <definition>&lt;def-root&gt;A cause, reason, or other &lt;fen&gt;Explanation&lt;/fen&gt; for the status of the &lt;fen&gt;Binding_principle&lt;/fen&gt;

&lt;ex&gt;Your contract is &lt;t&gt;null&lt;/t&gt; &lt;fex name="exp"&gt;because you left the county&lt;/fex&gt;.&lt;/ex&gt;&lt;/def-root&gt;</definition>
        <semType name="State_of_affairs" ID="177"/>
    </FE>
    <FE bgColor="1E90FF" fgColor="FFFFFF" coreType="Peripheral" cBy="MJE" cDate="12/07/2005 10:56:37 PST Wed" abbrev="obl" name="Obligated_party" ID="9584">
        <definition>&lt;def-root&gt;The individual or group who is obligated to follow the &lt;fen&gt;Binding_principle&lt;/fen&gt;.

&lt;ex&gt;This statute is in &lt;t&gt;effect&lt;/t&gt; &lt;fex name="obl"&gt;for holders of H-1 visas&lt;/fex&gt; until January.&lt;/ex&gt;&lt;/def-root&gt;</definition>
    </FE>
    <FE bgColor="FFFF00" fgColor="000000" coreType="Extra-Thematic" cBy="KmG" cDate="05/22/2006 02:17:51 PDT Mon" abbrev="" name="Degree" ID="10102">
        <definition>&lt;def-root&gt;This frame element selects some gradable attribute and modifies the expected value for it.&lt;/def-root&gt;</definition>
        <semType name="Degree" ID="172"/>
    </FE>
    <frameRelation type="Inherits from"/>
    <frameRelation type="Is Inherited by"/>
    <frameRelation type="Perspective on"/>
    <frameRelation type="Is Perspectivized in"/>
    <frameRelation type="Uses">
        <relatedFrame ID="1493">Obligation_scenario</relatedFrame>
    </frameRelation>
    <frameRelation type="Is Used by">
        <relatedFrame ID="1813">Enforcing</relatedFrame>
    </frameRelation>
    <frameRelation type="Subframe of"/>
    <frameRelation type="Has Subframe(s)"/>
    <frameRelation type="Precedes"/>
    <frameRelation type="Is Preceded by"/>
    <frameRelation type="Is Inchoative of"/>
    <frameRelation type="Is Causative of"/>
    <frameRelation type="See also">
        <relatedFrame ID="1726">Execute_plan</relatedFrame>
    </frameRelation>
    <lexUnit status="Finished_Initial" POS="A" name="effective.a" ID="12258" lemmaID="12261" cBy="RLG" cDate="06/21/2005 05:09:17 PDT Tue">
        <definition>COD: (of a law or policy) operative.</definition>
        <sentenceCount annotated="20" total="188"/>
        <lexeme order="1" headword="false" breakBefore="false" POS="A" name="effective"/>
    </lexUnit>
    <lexUnit status="Created" POS="N" name="effect.n" ID="12260" lemmaID="50092" cBy="RLG" cDate="06/21/2005 05:11:02 PDT Tue">
        <definition>FN: (with in or into) the state or quality of being operational or effective.</definition>
        <sentenceCount annotated="0" total="0"/>
        <lexeme order="1" headword="true" breakBefore="false" POS="N" name="effect"/>
    </lexUnit>
    <lexUnit status="Needs_SCs" POS="N" name="force.n" ID="12261" lemmaID="50093" cBy="RLG" cDate="06/21/2005 05:11:47 PDT Tue">
        <definition>FN: (with in or into) state or quality of being in effect.</definition>
        <sentenceCount annotated="5" total="5"/>
        <lexeme order="1" headword="true" breakBefore="false" POS="N" name="force"/>
        <semType name="Bound_dependent_LU" ID="224"/>
    </lexUnit>
    <lexUnit status="Finished_Initial" POS="A" name="valid.a" ID="12262" lemmaID="42667" cBy="RLG" cDate="06/21/2005 05:12:53 PDT Tue">
        <definition>FN: having legal efficacy.</definition>
        <sentenceCount annotated="10" total="184"/>
        <lexeme order="1" headword="false" breakBefore="false" POS="A" name="valid"/>
    </lexUnit>
    <lexUnit status="Finished_Initial" POS="A" name="void.a" ID="12263" lemmaID="43207" cBy="RLG" cDate="06/21/2005 05:14:53 PDT Tue">
        <definition>COD: not valid or legally binding.</definition>
        <sentenceCount annotated="18" total="107"/>
        <lexeme order="1" headword="false" breakBefore="false" POS="A" name="void"/>
        <semType name="Negative" ID="99"/>
    </lexUnit>
    <lexUnit status="Created" POS="A" name="null.a" ID="12842" lemmaID="26250" cBy="Amy" cDate="10/19/2005 03:40:31 PDT Wed">
        <definition>COD: having no legal force; invalid.</definition>
        <sentenceCount annotated="0" total="0"/>
        <lexeme order="1" headword="false" breakBefore="false" POS="A" name="null"/>
        <semType name="Negative" ID="99"/>
    </lexUnit>
    <lexUnit status="Created" POS="A" name="binding.a" ID="13057" lemmaID="3614" cBy="MJE" cDate="12/07/2005 10:57:23 PST Wed">
        <definition>FN: (especially of contracts) having legal force.</definition>
        <sentenceCount annotated="0" total="0"/>
        <lexeme order="1" headword="false" breakBefore="false" POS="A" name="binding"/>
    </lexUnit>
</frame>