<?xml version="1.0" encoding="UTF-8" standalone="yes"?>
<?xml-stylesheet type="text/xsl" href="frame.xsl"?>
<frame cBy="RLG" cDate="11/28/2006 03:27:17 PST Tue" name="Breaking_off" ID="1860" xsi:schemaLocation="../schema/frame.xsd" xmlns="http://framenet.icsi.berkeley.edu" xmlns:xsi="http://www.w3.org/2001/XMLSchema-instance">
    <definition>&lt;def-root&gt;An single &lt;fen&gt;Subpart&lt;/fen&gt; breaks off from a &lt;fen&gt;Whole&lt;/fen&gt;.

&lt;ex&gt;&lt;fex name="sub"&gt;The original sword&lt;/fex&gt; may have &lt;t&gt;chipped&lt;/t&gt; &lt;fex name="Whole"&gt;off of the statue&lt;/fex&gt; &lt;fex name="Time"&gt;long ago&lt;/fex&gt;.&lt;/ex&gt;&lt;/def-root&gt;</definition>
    <FE bgColor="006400" fgColor="FFFFFF" coreType="Core" cBy="RLG" cDate="11/28/2006 07:51:27 PST Tue" abbrev="sub" name="Subpart" ID="10865">
        <definition>&lt;def-root&gt;The part of the &lt;fen&gt;Whole&lt;/fen&gt; that is conceived as being broken or taken off from the remaining part of the whole.

&lt;ex&gt;&lt;fex name="Sub_part"&gt;The handle&lt;/fex&gt; &lt;t&gt;broke&lt;/t&gt; off of the pot.&lt;/ex&gt;&lt;/def-root&gt;</definition>
    </FE>
    <FE bgColor="1E90FF" fgColor="FFFFFF" coreType="Core" cBy="RLG" cDate="11/28/2006 08:03:51 PST Tue" abbrev="who" name="Whole" ID="10866">
        <definition>&lt;def-root&gt;The piece that is presented in a less prominent position, and which is the landmark or remaining whole from which &lt;fen&gt;Sub_part&lt;/fen&gt; breaks off.
&lt;ex&gt;The handle &lt;t&gt;broke&lt;/t&gt; &lt;fex name="who"&gt;off of the pot&lt;/fex&gt;.&lt;/ex&gt;&lt;/def-root&gt;</definition>
    </FE>
    <FE bgColor="800080" fgColor="FFFFFF" coreType="Peripheral" cBy="RLG" cDate="11/29/2006 06:01:50 PST Wed" abbrev="cri" name="Criterion" ID="10887">
        <definition>&lt;def-root&gt;This frame element expresses a property of the Parts or components of the &lt;fen&gt;Whole&lt;/fen&gt; which correlates with the locations (e.g.) of fragmentation on the &lt;fen&gt;Whole&lt;/fen&gt;.&lt;/def-root&gt;</definition>
    </FE>
    <FE bgColor="FFA500" fgColor="FFFFFF" coreType="Peripheral" cBy="RLG" cDate="11/29/2006 06:02:22 PST Wed" abbrev="tim" name="Time" ID="10888">
        <definition>&lt;def-root&gt;The time at which the breaking off of the &lt;fen&gt;Sub_part&lt;/fen&gt; happens.&lt;/def-root&gt;</definition>
    </FE>
    <FE bgColor="008000" fgColor="FFFFFF" coreType="Peripheral" cBy="RLG" cDate="11/29/2006 06:02:44 PST Wed" abbrev="pla" name="Place" ID="10889">
        <definition>&lt;def-root&gt;The location at which the breaking off occurs.&lt;/def-root&gt;</definition>
    </FE>
    <FE bgColor="FF00FF" fgColor="FFFFFF" coreType="Peripheral" cBy="RLG" cDate="11/29/2006 06:03:05 PST Wed" abbrev="man" name="Manner" ID="10890">
        <definition>&lt;def-root&gt;Any description of the event or participants not covered by more specific Frame Elements.&lt;/def-root&gt;</definition>
    </FE>
    <FE bgColor="FF0000" fgColor="FFFFFF" coreType="Peripheral" cBy="RLG" cDate="12/04/2006 03:45:41 PST Mon" abbrev="mea" name="Means" ID="10927">
        <definition>&lt;def-root&gt;An action, event, or state that enables the event of breaking off.&lt;/def-root&gt;</definition>
    </FE>
    <frameRelation type="Inherits from"/>
    <frameRelation type="Is Inherited by"/>
    <frameRelation type="Perspective on">
        <relatedFrame ID="1861">Fragmentation_scenario</relatedFrame>
    </frameRelation>
    <frameRelation type="Is Perspectivized in"/>
    <frameRelation type="Uses"/>
    <frameRelation type="Is Used by"/>
    <frameRelation type="Subframe of"/>
    <frameRelation type="Has Subframe(s)"/>
    <frameRelation type="Precedes"/>
    <frameRelation type="Is Preceded by"/>
    <frameRelation type="Is Inchoative of"/>
    <frameRelation type="Is Causative of"/>
    <frameRelation type="See also"/>
    <lexUnit status="Created" POS="V" name="chip.v" ID="13692" lemmaID="6349" cBy="RLG" cDate="11/28/2006 08:09:42 PST Tue">
        <definition>FN: break off, especially a small piece.</definition>
        <sentenceCount annotated="0" total="0"/>
        <lexeme order="1" headword="false" breakBefore="false" POS="V" name="chip"/>
    </lexUnit>
    <lexUnit status="Created" POS="V" name="break.v" ID="15797" lemmaID="4496" cBy="AnW" cDate="05/04/2010 04:59:23 PDT Tue">
        <definition>FN: to fall off of or separate from</definition>
        <sentenceCount annotated="0" total="0"/>
        <lexeme order="1" headword="false" breakBefore="false" POS="V" name="break"/>
    </lexUnit>
    <lexUnit status="Needs_SCs" POS="V" name="snap.v" ID="15873" lemmaID="36595" cBy="AlK" cDate="07/15/2010 12:58:52 PDT Thu">
        <definition>FN: break quickly, often with a sharp sound (off of an object).</definition>
        <sentenceCount annotated="2" total="64"/>
        <lexeme order="1" headword="false" breakBefore="false" POS="V" name="snap"/>
    </lexUnit>
</frame>