<?xml version="1.0" encoding="UTF-8" standalone="yes"?>
<?xml-stylesheet type="text/xsl" href="frame.xsl"?>
<frame cBy="MJE" cDate="05/24/2001 10:44:39 PDT Thu" name="Catastrophe" ID="115" xsi:schemaLocation="../schema/frame.xsd" xmlns="http://framenet.icsi.berkeley.edu" xmlns:xsi="http://www.w3.org/2001/XMLSchema-instance">
    <definition>&lt;def-root&gt;The words in this frame involve an &lt;fen&gt;Undesirable_event&lt;/fen&gt; which affects the &lt;fen&gt;Patient&lt;/fen&gt; negatively.  No agent need be involved. &lt;ex&gt;&lt;/ex&gt; &lt;ex&gt;The first &lt;t&gt;calamity&lt;/t&gt; &lt;m&gt;was&lt;/m&gt; &lt;fex name="Undesirable_event"&gt;a disastrous trade war with Holland&lt;/fex&gt;.&lt;/ex&gt;  &lt;ex&gt;It is sad to have to make a living by grubbing around in the dirt of a &lt;fex name="Patient"&gt;national&lt;/fex&gt; &lt;t&gt;&lt;fex name="Undesirable_event"&gt;calamity&lt;/fex&gt;&lt;/t&gt;.&lt;/ex&gt;  &lt;ex&gt;&lt;fex name="Undesirable_event"&gt;The result&lt;/fex&gt; has been &lt;t&gt;catastrophic&lt;/t&gt;.&lt;/ex&gt;&lt;/def-root&gt;</definition>
    <FE bgColor="9400D3" fgColor="FFFFFF" coreType="Core" cBy="MJE" cDate="05/24/2001 11:29:28 PDT Thu" abbrev="Evnt" name="Undesirable_event" ID="564">
        <definition>&lt;def-root&gt;The undesirable event which occurs.&lt;/def-root&gt;</definition>
    </FE>
    <FE bgColor="008000" fgColor="FFFFFF" coreType="Peripheral" cBy="MJE" cDate="05/24/2001 11:29:28 PDT Thu" abbrev="Place" name="Place" ID="565">
        <definition>&lt;def-root&gt;Where the &lt;fen&gt;Undesirable_Event&lt;/fen&gt; takes place.&lt;/def-root&gt;</definition>
        <semType name="Locative_relation" ID="182"/>
    </FE>
    <FE bgColor="FFA500" fgColor="FFFFFF" coreType="Peripheral" cBy="MJE" cDate="05/24/2001 11:29:28 PDT Thu" abbrev="Time" name="Time" ID="566">
        <definition>&lt;def-root&gt;When the &lt;fen&gt;Undesirable_Event&lt;/fen&gt; occurs.&lt;/def-root&gt;</definition>
        <semType name="Time" ID="141"/>
    </FE>
    <FE bgColor="FF0000" fgColor="FFFFFF" coreType="Core" cBy="MJE" cDate="05/24/2001 11:35:15 PDT Thu" abbrev="Pat" name="Patient" ID="567">
        <definition>&lt;def-root&gt;The entity that experiences the &lt;fen&gt;Undesirable_Event&lt;/fen&gt;.  &lt;ex&gt;An &lt;fex name="Patient"&gt;environmental&lt;/fex&gt; &lt;t&gt;disaster&lt;/t&gt; is just what we need.&lt;/ex&gt; &lt;ex&gt;Should hair loss &lt;t&gt;befall&lt;/t&gt; &lt;fex name="Patient"&gt;you&lt;/fex&gt;...&lt;/ex&gt;&lt;/def-root&gt;</definition>
    </FE>
    <FE bgColor="FF69B4" fgColor="FFFFFF" coreType="Peripheral" cBy="MJE" cDate="05/25/2001 12:29:37 PDT Fri" abbrev="Degr" name="Degree" ID="591">
        <definition>&lt;def-root&gt;This FE identifies the &lt;fen&gt;Degree&lt;/fen&gt; to which event occurs.
&lt;/def-root&gt;</definition>
        <semType name="Degree" ID="172"/>
    </FE>
    <FE bgColor="FF00FF" fgColor="FFFFFF" coreType="Peripheral" cBy="MJE" cDate="05/25/2001 12:29:37 PDT Fri" abbrev="Manr" name="Manner" ID="595">
        <definition>&lt;def-root&gt;Manner of performing an action&lt;/def-root&gt;</definition>
        <semType name="Manner" ID="173"/>
    </FE>
    <FE bgColor="0000FF" fgColor="FFFFFF" coreType="Extra-Thematic" cBy="MJE" cDate="05/30/2001 11:58:44 PDT Wed" abbrev="cir" name="Circumstances" ID="626">
        <definition>&lt;def-root&gt;This FE indicates the &lt;fen&gt;Circumstances&lt;/fen&gt; under which a warning applies. (Proper only to &lt;ment&gt;betide&lt;/ment&gt;.)&lt;/def-root&gt;</definition>
    </FE>
    <FE bgColor="A52A2A" fgColor="FFFFFF" coreType="Peripheral" cBy="RLG" cDate="06/05/2006 03:58:38 PDT Mon" abbrev="cau" name="Cause" ID="10241">
        <definition>&lt;def-root&gt;The cause of the &lt;fen&gt;Undesirable_Event&lt;/fen&gt;.

&lt;ex&gt;Most counties are prepared for some level of &lt;fex name="cau"&gt;natural&lt;/fex&gt; &lt;t&gt;disaster&lt;/t&gt;.&lt;/ex&gt;&lt;/def-root&gt;</definition>
    </FE>
    <frameRelation type="Inherits from"/>
    <frameRelation type="Is Inherited by"/>
    <frameRelation type="Perspective on"/>
    <frameRelation type="Is Perspectivized in"/>
    <frameRelation type="Uses">
        <relatedFrame ID="88">Eventive_affecting</relatedFrame>
    </frameRelation>
    <frameRelation type="Is Used by"/>
    <frameRelation type="Subframe of"/>
    <frameRelation type="Has Subframe(s)"/>
    <frameRelation type="Precedes"/>
    <frameRelation type="Is Preceded by"/>
    <frameRelation type="Is Inchoative of"/>
    <frameRelation type="Is Causative of"/>
    <frameRelation type="See also"/>
    <lexUnit status="Finished_Initial" POS="V" name="befall.v" ID="2298" lemmaID="3210" cBy="MJE" cDate="05/24/2001 11:42:01 PDT Thu">
        <definition>COD:  happen to (especially of something bad)</definition>
        <sentenceCount annotated="17" total="53"/>
        <lexeme order="1" headword="false" breakBefore="false" POS="V" name="befall"/>
    </lexUnit>
    <lexUnit status="Finished_Initial" POS="N" name="disaster.n" ID="2302" lemmaID="10815" cBy="MJE" cDate="05/24/2001 01:32:00 PDT Thu">
        <definition>COD: a sudden accident or natural catastrophe that causes great damage or loss of life or an event...leading to ruin or failure.</definition>
        <sentenceCount annotated="35" total="154"/>
        <lexeme order="1" headword="false" breakBefore="false" POS="N" name="disaster"/>
    </lexUnit>
    <lexUnit status="Finished_Initial" POS="V" name="betide.v" ID="2305" lemmaID="3455" cBy="MJE" cDate="05/24/2001 02:36:25 PDT Thu">
        <definition>FN: befall; esp. used with woe</definition>
        <sentenceCount annotated="15" total="44"/>
        <lexeme order="1" headword="false" breakBefore="false" POS="V" name="betide"/>
    </lexUnit>
    <lexUnit status="Finished_Initial" POS="V" name="suffer.v" ID="2306" lemmaID="38683" cBy="MJE" cDate="05/24/2001 02:56:47 PDT Thu">
        <definition>COD: experience or be subjected to (something bad or unpleasant).</definition>
        <sentenceCount annotated="30" total="198"/>
        <lexeme order="1" headword="false" breakBefore="false" POS="V" name="suffer"/>
    </lexUnit>
    <lexUnit status="Finished_Initial" POS="N" name="catastrophe.n" ID="2308" lemmaID="5726" cBy="MJE" cDate="05/24/2001 03:26:31 PDT Thu">
        <definition>COD: an event causing great damage or suffering</definition>
        <sentenceCount annotated="15" total="83"/>
        <lexeme order="1" headword="false" breakBefore="false" POS="N" name="catastrophe"/>
    </lexUnit>
    <lexUnit status="Finished_Initial" POS="N" name="mishap.n" ID="2313" lemmaID="24521" cBy="MJE" cDate="05/24/2001 05:02:16 PDT Thu">
        <definition>FN: an unlucky incident (often in negative contexts)</definition>
        <sentenceCount annotated="15" total="66"/>
        <lexeme order="1" headword="false" breakBefore="false" POS="N" name="mishap"/>
    </lexUnit>
    <lexUnit status="Finished_Initial" POS="N" name="mischance.n" ID="2316" lemmaID="24476" cBy="MJE" cDate="05/24/2001 05:13:51 PDT Thu">
        <definition>COD: an unlucky occurrence</definition>
        <sentenceCount annotated="5" total="10"/>
        <lexeme order="1" headword="false" breakBefore="false" POS="N" name="mischance"/>
    </lexUnit>
    <lexUnit status="Finished_Initial" POS="N" name="misfortune.n" ID="2318" lemmaID="24512" cBy="MJE" cDate="05/24/2001 05:16:32 PDT Thu">
        <definition>COD: an unfortunate event</definition>
        <sentenceCount annotated="30" total="103"/>
        <lexeme order="1" headword="false" breakBefore="false" POS="N" name="misfortune"/>
    </lexUnit>
    <lexUnit status="Finished_Initial" POS="N" name="tragedy.n" ID="2324" lemmaID="40932" cBy="MJE" cDate="05/24/2001 05:53:28 PDT Thu">
        <definition>COD: an event causing great suffering, destruction, and distress</definition>
        <sentenceCount annotated="17" total="241"/>
        <lexeme order="1" headword="false" breakBefore="false" POS="N" name="tragedy"/>
    </lexUnit>
    <lexUnit status="Finished_Initial" POS="N" name="calamity.n" ID="2328" lemmaID="5199" cBy="MJE" cDate="05/24/2001 06:09:46 PDT Thu">
        <definition>COD: an event causing great and often sudden damage or distress</definition>
        <sentenceCount annotated="8" total="28"/>
        <lexeme order="1" headword="false" breakBefore="false" POS="N" name="calamity"/>
    </lexUnit>
    <lexUnit status="Finished_Initial" POS="N" name="cataclysm.n" ID="2335" lemmaID="5703" cBy="MJE" cDate="05/24/2001 07:56:59 PDT Thu">
        <definition>COD: a violent upheaval or disaster</definition>
        <sentenceCount annotated="9" total="20"/>
        <lexeme order="1" headword="false" breakBefore="false" POS="N" name="cataclysm"/>
    </lexUnit>
    <lexUnit status="Finished_Initial" POS="N" name="apocalypse.n" ID="2347" lemmaID="1667" cBy="MJE" cDate="05/24/2001 08:06:41 PDT Thu">
        <definition>COD: an event involving destruction or damage on a catastrophic scale.</definition>
        <sentenceCount annotated="5" total="41"/>
        <lexeme order="1" headword="false" breakBefore="false" POS="N" name="apocalypse"/>
    </lexUnit>
    <lexUnit status="Finished_Initial" POS="A" name="calamitous.a" ID="2348" lemmaID="5198" cBy="MJE" cDate="05/24/2001 08:37:35 PDT Thu">
        <definition>FN: having a profoundly negative effect</definition>
        <sentenceCount annotated="12" total="30"/>
        <lexeme order="1" headword="false" breakBefore="false" POS="A" name="calamitous"/>
    </lexUnit>
    <lexUnit status="Finished_Initial" POS="A" name="catastrophic.a" ID="2349" lemmaID="5727" cBy="MJE" cDate="05/24/2001 08:47:55 PDT Thu">
        <definition>FN: being a catastrophe; having a sudden, violent effect</definition>
        <sentenceCount annotated="25" total="98"/>
        <lexeme order="1" headword="false" breakBefore="false" POS="A" name="catastrophic"/>
    </lexUnit>
    <lexUnit status="Created" POS="N" name="incident.n" ID="13350" lemmaID="19406" cBy="RLG" cDate="07/10/2006 01:40:43 PDT Mon">
        <definition>FN: a disruptive, usually dangerous or unfortunate, event.</definition>
        <sentenceCount annotated="7" total="7"/>
        <lexeme order="1" headword="false" breakBefore="false" POS="N" name="incident"/>
    </lexUnit>
    <lexUnit status="Needs_SCs" POS="N" name="casualty.n" ID="13725" lemmaID="50501" cBy="MJE" cDate="02/12/2007 05:51:55 PST Mon">
        <definition>FN: any person or thing that is harmed, killed, or destroyed as a result of some act or event</definition>
        <sentenceCount annotated="6" total="6"/>
        <lexeme order="1" headword="true" breakBefore="false" POS="N" name="casualty"/>
    </lexUnit>
    <lexUnit status="Created" POS="N" name="crisis.n" ID="14524" lemmaID="8960" cBy="KmG" cDate="08/15/2007 01:18:23 PDT Wed">
        <definition>FN: a difficult or dangerous situation</definition>
        <sentenceCount annotated="6" total="6"/>
        <lexeme order="1" headword="false" breakBefore="false" POS="N" name="crisis"/>
    </lexUnit>
    <lexUnit status="Created" POS="N" name="debacle.n" ID="14621" lemmaID="50763" cBy="KmG" cDate="11/01/2007 11:54:32 PDT Thu">
        <definition>FN: a disaster</definition>
        <sentenceCount annotated="1" total="1"/>
        <lexeme order="1" headword="true" breakBefore="false" POS="N" name="debacle"/>
    </lexUnit>
    <lexUnit status="Created" POS="A" name="disastrous.a" ID="15008" lemmaID="10816" cBy="JKs" cDate="05/28/2008 01:17:21 PDT Wed">
        <definition>FN: of or relating to a disaster</definition>
        <sentenceCount annotated="1" total="1"/>
        <lexeme order="1" headword="false" breakBefore="false" POS="A" name="disastrous"/>
    </lexUnit>
    <lexUnit status="Created" POS="N" name="accident.n" ID="17621" lemmaID="269" cBy="MJE" cDate="07/18/2014 11:49:16 PDT Fri">
        <definition>FN: an unexpected unfortunate event.</definition>
        <sentenceCount annotated="1" total="1"/>
        <lexeme order="1" headword="false" breakBefore="false" POS="N" name="accident"/>
    </lexUnit>
    <lexUnit status="Needs_SCs" POS="N" name="victim.n" ID="18492" lemmaID="42990" cBy="HPh" cDate="11/19/2015 05:25:16 PST Thu">
        <definition>COD: a person harmed, injured, or killed as a result of a crime, accident, etc.</definition>
        <sentenceCount annotated="8" total="8"/>
        <lexeme order="1" headword="false" breakBefore="false" POS="N" name="victim"/>
    </lexUnit>
</frame>