<?xml version="1.0" encoding="UTF-8" standalone="yes"?>
<?xml-stylesheet type="text/xsl" href="frame.xsl"?>
<frame cBy="MJE" cDate="03/10/2014 04:14:12 PDT Mon" name="Catching_fire" ID="2827" xsi:schemaLocation="../schema/frame.xsd" xmlns="http://framenet.icsi.berkeley.edu" xmlns:xsi="http://www.w3.org/2001/XMLSchema-instance">
    <definition>&lt;def-root&gt;A &lt;fen&gt;Fuel&lt;/fen&gt;, some flammable object or substance, ends up on fire.  In this frame, the cause of the fire is not the primary concern, but rather the fact that a fire started.  In rare cases, only the &lt;fen&gt;Fire&lt;/fen&gt; is mentioned and the associated &lt;fen&gt;Fuel&lt;/fen&gt; is not.

&lt;ex&gt;&lt;/ex&gt;
This frame does not include phrases like "a fire broke out" or "the conflagration started in the bedroom" as these are deemed to be compositional (see Process_start and Fire_burning).&lt;/def-root&gt;</definition>
    <FE bgColor="008000" fgColor="FFFFFF" coreType="Peripheral" cBy="MJE" cDate="03/10/2014 04:14:12 PDT Mon" abbrev="Place" name="Place" ID="16039">
        <definition>&lt;def-root&gt;This FE identifies the &lt;fen&gt;Place&lt;/fen&gt; where the &lt;fen&gt;Fire&lt;/fen&gt; begins to burn.&lt;/def-root&gt;</definition>
        <semType name="Locative_relation" ID="182"/>
    </FE>
    <FE bgColor="FFA500" fgColor="FFFFFF" coreType="Peripheral" cBy="MJE" cDate="03/10/2014 04:14:12 PDT Mon" abbrev="Time" name="Time" ID="16040">
        <definition>&lt;def-root&gt;This FE identifies the &lt;fen&gt;Time&lt;/fen&gt; when the &lt;fen&gt;Fire&lt;/fen&gt; begins to burn.&lt;/def-root&gt;</definition>
        <semType name="Time" ID="141"/>
    </FE>
    <FE bgColor="0000FF" fgColor="FFFFFF" coreType="Core" cBy="MJE" cDate="03/10/2014 04:14:12 PDT Mon" abbrev="Act" name="Fire" ID="16041">
        <definition>&lt;def-root&gt;The total material currently involved in combustion, including both the parts of the &lt;fen&gt;Fuel&lt;/fen&gt; currently undergoing chemical alteration and the partially ionized gas that results from this process.&lt;/def-root&gt;</definition>
    </FE>
    <FE bgColor="800080" fgColor="FFFFFF" coreType="Core" cBy="MJE" cDate="03/10/2014 04:14:12 PDT Mon" abbrev="" name="Fuel" ID="16042">
        <definition>&lt;def-root&gt;The entity that is begins to undergo rapid chemical alteration leading to damage or destruction.&lt;/def-root&gt;</definition>
    </FE>
    <FE bgColor="FF00FF" fgColor="FFFFFF" coreType="Peripheral" cBy="MJE" cDate="03/10/2014 04:14:13 PDT Mon" abbrev="MANR" name="Manner" ID="16043">
        <definition>&lt;def-root&gt;Any description of the Fire event which is not covered by more specific FEs, including secondary effects (&lt;ment&gt;quietly, loudly&lt;/ment&gt;), and general descriptions comparing events (&lt;ment&gt;the same way&lt;/ment&gt;).&lt;/def-root&gt;</definition>
    </FE>
    <FE bgColor="00BFFF" fgColor="000000" coreType="Extra-Thematic" cBy="MJE" cDate="08/04/2014 01:44:33 PDT Mon" abbrev="exp" name="Explanation" ID="16190">
        <definition>&lt;def-root&gt;A description of why the event happened.&lt;/def-root&gt;</definition>
    </FE>
    <frameRelation type="Inherits from"/>
    <frameRelation type="Is Inherited by"/>
    <frameRelation type="Perspective on"/>
    <frameRelation type="Is Perspectivized in"/>
    <frameRelation type="Uses"/>
    <frameRelation type="Is Used by"/>
    <frameRelation type="Subframe of"/>
    <frameRelation type="Has Subframe(s)"/>
    <frameRelation type="Precedes">
        <relatedFrame ID="2824">Fire_burning</relatedFrame>
    </frameRelation>
    <frameRelation type="Is Preceded by"/>
    <frameRelation type="Is Inchoative of"/>
    <frameRelation type="Is Causative of"/>
    <frameRelation type="See also"/>
    <lexUnit status="Created" POS="V" name="break out.v" ID="17461" lemmaID="51423" cBy="WMcQ" cDate="03/13/2014 10:55:33 PDT Thu">
        <definition>FN: (A fire) suddenly catches and spreads</definition>
        <sentenceCount annotated="4" total="4"/>
        <lexeme order="1" headword="true" breakBefore="false" POS="V" name="break"/>
        <lexeme order="2" headword="false" breakBefore="true" POS="PREP" name="out"/>
    </lexUnit>
    <lexUnit status="Created" POS="V" name="catch.v" ID="17462" lemmaID="5735" cBy="WMcQ" cDate="03/13/2014 11:39:09 PDT Thu">
        <definition>FN: Begin to consume, with fire</definition>
        <sentenceCount annotated="0" total="0"/>
        <lexeme order="1" headword="false" breakBefore="false" POS="V" name="catch"/>
    </lexUnit>
    <lexUnit status="Created" POS="V" name="catch fire.v" ID="17464" lemmaID="51682" cBy="WMcQ" cDate="03/13/2014 11:48:41 PDT Thu">
        <definition>FN: Be introduced to, and subsequently consumed by, fire.</definition>
        <sentenceCount annotated="1" total="1"/>
        <lexeme order="1" headword="true" breakBefore="false" POS="V" name="catch"/>
        <lexeme order="2" headword="false" breakBefore="false" POS="N" name="fire"/>
    </lexUnit>
    <lexUnit status="New" POS="V" name="start.v" ID="17491" lemmaID="37840" cBy="WMcQ" cDate="06/25/2014 11:51:51 PDT Wed">
        <definition>FN: A fire catches unintentionally, usually viewed in past-tense.</definition>
        <sentenceCount annotated="6" total="124"/>
        <lexeme order="1" headword="false" breakBefore="false" POS="V" name="start"/>
    </lexUnit>
    <lexUnit status="In_Use" POS="V" name="combust.v" ID="18505" lemmaID="7274" cBy="HPh" cDate="11/24/2015 05:50:52 PST Tue">
        <definition>COD: with obj. consume or be consumed by fire. </definition>
        <sentenceCount annotated="5" total="15"/>
        <lexeme order="1" headword="false" breakBefore="false" POS="V" name="combust"/>
    </lexUnit>
</frame>