<?xml version="1.0" encoding="UTF-8" standalone="yes"?>
<?xml-stylesheet type="text/xsl" href="frame.xsl"?>
<frame cBy="ChW" cDate="02/07/2001 04:11:53 PST Wed" name="Categorization" ID="21" xsi:schemaLocation="../schema/frame.xsd" xmlns="http://framenet.icsi.berkeley.edu" xmlns:xsi="http://www.w3.org/2001/XMLSchema-instance">
    <definition>&lt;def-root&gt;A &lt;fen&gt;Cognizer&lt;/fen&gt; construes an &lt;fen&gt;Item&lt;/fen&gt; as belonging to a certain &lt;fen&gt;Category&lt;/fen&gt;.  In this process, the &lt;fen&gt;Cognizer&lt;/fen&gt; may either passively perceive the &lt;fen&gt;Item&lt;/fen&gt; and note that it fits the &lt;fen&gt;Criteria&lt;/fen&gt; for a &lt;fen&gt;Category&lt;/fen&gt;, or, alternatively, actively examine the &lt;fen&gt;Item&lt;/fen&gt; for certain &lt;fen&gt;Criteria&lt;/fen&gt; that define a &lt;fen&gt;Category&lt;/fen&gt; (or set of &lt;fen&gt;Category&lt;/fen&gt;s).  

Most members of the frame can also describe a resulting cognitive state of the &lt;fen&gt;Cognizer&lt;/fen&gt; with respect to the &lt;fen&gt;Item&lt;/fen&gt; and &lt;fen&gt;Category&lt;/fen&gt; which no longer requires the current perception or consideration of the &lt;fen&gt;Item&lt;/fen&gt;.  A few LUs (e.g. &lt;ment&gt;peg.v, pigeonhole.v&lt;/ment&gt;) do not readily allow stative interpretation, and a few LUs (e.g. &lt;ment&gt;deem.v, regard.v&lt;/ment&gt;) only allow stative interpretation.

&lt;ex&gt;&lt;fex name="Cognizer"&gt;You&lt;/fex&gt; 've already &lt;t&gt;stereotyped&lt;/t&gt; &lt;fex name="Item"&gt;me&lt;/fex&gt; &lt;fex name="Category"&gt;as a bimbo&lt;/fex&gt;, have n't you?&lt;/ex&gt;&lt;/def-root&gt;</definition>
    <FE bgColor="800080" fgColor="FFFFFF" coreType="Core" cBy="ChW" cDate="02/07/2001 04:11:53 PST Wed" abbrev="Cog" name="Cognizer" ID="92">
        <definition>&lt;def-root&gt;This is the person who performs an act of categorization. Typically, this frame element is expressed as an External Argument.

&lt;ex&gt;&lt;fex name="Cognizer"&gt;Kim&lt;/fex&gt; &lt;t&gt;categorized&lt;/t&gt; the books under fiction. &lt;fex name="Cognizer"&gt;Kim&lt;/fex&gt; &lt;t&gt;categorized&lt;/t&gt; them on the basis of genre.&lt;/ex&gt;&lt;/def-root&gt;</definition>
        <semType name="Sentient" ID="5"/>
    </FE>
    <FE bgColor="0000FF" fgColor="FFFFFF" coreType="Core" cBy="ChW" cDate="02/07/2001 04:11:53 PST Wed" abbrev="Item" name="Item" ID="93">
        <definition>&lt;def-root&gt;This is the entity which is construed or treated by the &lt;fen&gt;Cognizer&lt;/fen&gt; as being an instance of a particular &lt;fen&gt;Category&lt;/fen&gt;. Typically, the &lt;fen&gt;Item&lt;/fen&gt; is expressed as an Object. 

&lt;ex&gt;Kim &lt;t&gt;categorized&lt;/t&gt; &lt;fex name="Item"&gt;the books&lt;/fex&gt; under fiction.&lt;/ex&gt;&lt;/def-root&gt;</definition>
    </FE>
    <FE bgColor="00BFFF" fgColor="FFFFFF" coreType="Core" cBy="ChW" cDate="02/07/2001 04:11:53 PST Wed" abbrev="Cat" name="Category" ID="94">
        <definition>&lt;def-root&gt;This frame element expresses a general type or class of which the &lt;fen&gt;Item&lt;/fen&gt; is considered an instance. Typically, it is expressed in a prepositional phrase headed by &lt;ment&gt;as&lt;/ment&gt; or &lt;ment&gt;under&lt;/ment&gt;.

&lt;ex&gt;Kim &lt;t&gt;categorized&lt;/t&gt; the book &lt;fex name="Category"&gt;as/under fiction&lt;/fex&gt;.&lt;/ex&gt;&lt;/def-root&gt;</definition>
    </FE>
    <FE bgColor="808080" fgColor="FFFFFF" coreType="Core" cBy="ChW" cDate="02/07/2001 04:11:53 PST Wed" abbrev="Crit" name="Criteria" ID="95">
        <definition>&lt;def-root&gt;This frame element expresses properties of the &lt;fen&gt;Item&lt;/fen&gt; which is used as a basis for categorization. &lt;fen&gt;Criteria&lt;/fen&gt; are the general dimensions along which &lt;fen&gt;Item&lt;/fen&gt;s can potentially differ from one another and hence, fall into different &lt;fen&gt;Category&lt;/fen&gt;s. For example, a paint sample can be classified &lt;ment&gt;by color&lt;/ment&gt; or &lt;ment&gt;by finish (matte or gloss)&lt;/ment&gt;; if they are classified by color, one can be classified &lt;ment&gt;as orange&lt;/ment&gt; and another &lt;ment&gt;as red&lt;/ment&gt;. The &lt;fen&gt;Criteria&lt;/fen&gt; FE is typically expressed as a PP headed by &lt;ment&gt;by&lt;/ment&gt;, or as a complex PP of the form &lt;ment&gt;on the basis of...&lt;/ment&gt;:  &lt;ex&gt;The students were &lt;t&gt;categorized&lt;/t&gt; &lt;fex name="Crit"&gt;on the basis of their test scores&lt;/fex&gt;.&lt;/ex&gt; &lt;ex&gt;The librarian &lt;t&gt;classified&lt;/t&gt; the books &lt;fex name="Crit"&gt;by subject&lt;/fex&gt;.&lt;/ex&gt;&lt;/def-root&gt;</definition>
    </FE>
    <FE bgColor="FF00FF" fgColor="FFFFFF" coreType="Peripheral" cBy="MJE" cDate="06/22/2001 08:46:08 PDT Fri" abbrev="Manr" name="Manner" ID="968">
        <definition>&lt;def-root&gt;Manner of performing an action&lt;/def-root&gt;</definition>
        <semType name="Manner" ID="173"/>
    </FE>
    <FE bgColor="A52A2A" fgColor="FFFFFF" coreType="Peripheral" cBy="MJE" cDate="06/22/2001 08:46:08 PDT Fri" abbrev="Mns" name="Means" ID="969">
        <definition>&lt;def-root&gt;An act whereby the &lt;fen&gt;Cognizer&lt;/fen&gt; categorizes.&lt;/def-root&gt;</definition>
        <semType name="State_of_affairs" ID="177"/>
    </FE>
    <FE bgColor="FFA500" fgColor="FFFFFF" coreType="Peripheral" cBy="JKR" cDate="05/08/2003 06:43:49 PDT Thu" abbrev="Tm" name="Time" ID="4481">
        <definition>&lt;def-root&gt;This Frame Element marks expressions that indicate when a certain Categorization was made.

&lt;ex&gt; &lt;fex name="Time"&gt;20 years ago&lt;/fex&gt; people would &lt;t&gt;consider&lt;/t&gt; this as nothing unusual&lt;/ex&gt;&lt;/def-root&gt;</definition>
        <semType name="Time" ID="141"/>
    </FE>
    <FE bgColor="9F79EE" fgColor="FFFFFF" coreType="Extra-Thematic" cBy="ACW" cDate="06/06/2003 03:12:22 PDT Fri" abbrev="" name="Circumstances" ID="4548">
        <definition>&lt;def-root&gt;The &lt;fen&gt;Circumstances&lt;/fen&gt; are the set of conditions in which the categorization holds.
&lt;ex&gt;&lt;fex name="Item"&gt;Material posessions&lt;/fex&gt; are &lt;t&gt;defined&lt;/t&gt; &lt;fex name="Category"&gt;as valuable&lt;/fex&gt; &lt;fex name="Circumstances"&gt;in a particular society&lt;/fex&gt;.&lt;/ex&gt;&lt;/def-root&gt;</definition>
    </FE>
    <FE bgColor="2E8B57" fgColor="FFFFFF" coreType="Extra-Thematic" cBy="KmG" cDate="11/14/2006 04:09:35 PST Tue" abbrev="" name="Concessive" ID="10810">
        <definition>&lt;def-root&gt;This FE signifies that the state of affairs expressed by the main clause (containing the target) occurs or holds, and something other than that state of affairs would be expected given the state of affairs in the concessive clause. &lt;/def-root&gt;</definition>
    </FE>
    <FE bgColor="008000" fgColor="000000" coreType="Extra-Thematic" cBy="JKs" cDate="05/02/2008 12:14:51 PDT Fri" abbrev="" name="Explanation" ID="12621">
        <definition>&lt;def-root&gt;The reason for which the &lt;fen&gt;Cognizer&lt;/fen&gt; categorizes the &lt;fen&gt;Item&lt;/fen&gt; in the given way.&lt;/def-root&gt;</definition>
    </FE>
    <FEcoreSet>
        <memberFE name="Criteria" ID="95"/>
        <memberFE name="Category" ID="94"/>
    </FEcoreSet>
    <frameRelation type="Inherits from"/>
    <frameRelation type="Is Inherited by"/>
    <frameRelation type="Perspective on"/>
    <frameRelation type="Is Perspectivized in"/>
    <frameRelation type="Uses">
        <relatedFrame ID="132">Instance</relatedFrame>
        <relatedFrame ID="1710">Mental_activity</relatedFrame>
    </frameRelation>
    <frameRelation type="Is Used by">
        <relatedFrame ID="796">Communicate_categorization</relatedFrame>
        <relatedFrame ID="1820">Being_in_category</relatedFrame>
    </frameRelation>
    <frameRelation type="Subframe of"/>
    <frameRelation type="Has Subframe(s)"/>
    <frameRelation type="Precedes"/>
    <frameRelation type="Is Preceded by"/>
    <frameRelation type="Is Inchoative of"/>
    <frameRelation type="Is Causative of"/>
    <frameRelation type="See also"/>
    <lexUnit status="FN1_Sent" POS="N" name="categorization.n" ID="180" lemmaID="13" cBy="ChW" cDate="02/08/2001 01:27:43 PST Thu">
        <definition>FN: the act of categorizing</definition>
        <sentenceCount annotated="22" total="67"/>
        <lexeme order="1" headword="false" breakBefore="false" POS="N" name="categorization"/>
    </lexUnit>
    <lexUnit status="FN1_Sent" POS="V" name="categorize.v" ID="181" lemmaID="14" cBy="ChW" cDate="02/08/2001 01:27:43 PST Thu">
        <definition>COD: place in a particular category; classify.</definition>
        <sentenceCount annotated="43" total="155"/>
        <lexeme order="1" headword="false" breakBefore="false" POS="V" name="categorize"/>
    </lexUnit>
    <lexUnit status="FN1_Sent" POS="V" name="class.v" ID="184" lemmaID="6673" cBy="ChW" cDate="02/08/2001 01:27:44 PST Thu">
        <definition>COD: assign or regard as belonging to a particular category.</definition>
        <sentenceCount annotated="44" total="114"/>
        <lexeme order="1" headword="false" breakBefore="false" POS="V" name="class"/>
    </lexUnit>
    <lexUnit status="FN1_Sent" POS="N" name="classification.n" ID="185" lemmaID="6687" cBy="ChW" cDate="02/08/2001 01:27:44 PST Thu">
        <definition>COD: a category into which something is put</definition>
        <sentenceCount annotated="40" total="170"/>
        <lexeme order="1" headword="false" breakBefore="false" POS="N" name="classification"/>
    </lexUnit>
    <lexUnit status="FN1_Sent" POS="V" name="classify.v" ID="186" lemmaID="6689" cBy="ChW" cDate="02/08/2001 01:27:44 PST Thu">
        <definition>COD: assign (someone or something) to a particular class or category</definition>
        <sentenceCount annotated="50" total="274"/>
        <lexeme order="1" headword="false" breakBefore="false" POS="V" name="classify"/>
    </lexUnit>
    <lexUnit status="FN1_Sent" POS="V" name="construe.v" ID="187" lemmaID="7991" cBy="ChW" cDate="02/08/2001 01:27:44 PST Thu">
        <definition>COD: interpret in a particular way.</definition>
        <sentenceCount annotated="24" total="130"/>
        <lexeme order="1" headword="false" breakBefore="false" POS="V" name="construe"/>
    </lexUnit>
    <lexUnit status="FN1_Sent" POS="V" name="interpret.v" ID="194" lemmaID="20390" cBy="ChW" cDate="02/08/2001 01:27:45 PST Thu">
        <definition>COD: understand as having a particular meaning or significance</definition>
        <sentenceCount annotated="28" total="359"/>
        <lexeme order="1" headword="false" breakBefore="false" POS="V" name="interpret"/>
    </lexUnit>
    <lexUnit status="FN1_Sent" POS="N" name="interpretation.n" ID="195" lemmaID="20391" cBy="ChW" cDate="02/08/2001 01:27:45 PST Thu">
        <definition>FN: explanation; the act or result of interpreting</definition>
        <sentenceCount annotated="78" total="199"/>
        <lexeme order="1" headword="false" breakBefore="false" POS="N" name="interpretation"/>
    </lexUnit>
    <lexUnit status="FN1_Sent" POS="V" name="perceive.v" ID="196" lemmaID="28394" cBy="ChW" cDate="02/08/2001 01:27:45 PST Thu">
        <definition>COD: regard as</definition>
        <sentenceCount annotated="24" total="330"/>
        <lexeme order="1" headword="false" breakBefore="false" POS="V" name="perceive"/>
    </lexUnit>
    <lexUnit status="FN1_Sent" POS="V" name="regard.v" ID="200" lemmaID="32378" cBy="ChW" cDate="02/08/2001 01:27:45 PST Thu">
        <definition>COD: consider in a particular way.</definition>
        <sentenceCount annotated="59" total="351"/>
        <lexeme order="1" headword="false" breakBefore="false" POS="V" name="regard"/>
    </lexUnit>
    <lexUnit status="Needs_SCs" POS="V" name="translate.v" ID="204" lemmaID="41029" cBy="ChW" cDate="02/08/2001 01:27:45 PST Thu">
        <definition>FN: to understand as having a certain meaning</definition>
        <sentenceCount annotated="1" total="1"/>
        <lexeme order="1" headword="false" breakBefore="false" POS="V" name="translate"/>
    </lexUnit>
    <lexUnit status="Finished_Initial" POS="V" name="count.v" ID="8201" lemmaID="8564" cBy="JKR" cDate="01/23/2003 08:17:47 PST Thu">
        <definition>COD: regard or be regarded as possessing a quality or fulfilling a role</definition>
        <sentenceCount annotated="19" total="355"/>
        <lexeme order="1" headword="false" breakBefore="false" POS="V" name="count"/>
    </lexUnit>
    <lexUnit status="Finished_Initial" POS="V" name="peg.v" ID="8202" lemmaID="28263" cBy="JKR" cDate="01/23/2003 08:19:40 PST Thu">
        <definition>FN: to place in a particular category</definition>
        <sentenceCount annotated="6" total="158"/>
        <lexeme order="1" headword="false" breakBefore="false" POS="V" name="peg"/>
    </lexUnit>
    <lexUnit status="Finished_Initial" POS="V" name="pigeonhole.v" ID="8203" lemmaID="28962" cBy="JKR" cDate="01/23/2003 08:21:27 PST Thu">
        <definition>COD: assign to a particular category, especially an overly restrictive one</definition>
        <sentenceCount annotated="6" total="20"/>
        <lexeme order="1" headword="false" breakBefore="false" POS="V" name="pigeonhole"/>
    </lexUnit>
    <lexUnit status="Finished_Initial" POS="V" name="stereotype.v" ID="8601" lemmaID="37993" cBy="JKR" cDate="04/22/2003 06:14:43 PDT Tue">
        <definition>COD: view or represent as a stereotype</definition>
        <sentenceCount annotated="6" total="29"/>
        <lexeme order="1" headword="false" breakBefore="false" POS="V" name="stereotype"/>
    </lexUnit>
    <lexUnit status="Finished_Initial" POS="V" name="typecast.v" ID="8602" lemmaID="41682" cBy="JKR" cDate="04/22/2003 06:16:17 PDT Tue">
        <definition>COD:  regard as fitting a stereotype</definition>
        <sentenceCount annotated="5" total="48"/>
        <lexeme order="1" headword="false" breakBefore="false" POS="V" name="typecast"/>
    </lexUnit>
    <lexUnit status="Finished_Initial" POS="V" name="understand.v" ID="8980" lemmaID="42005" cBy="ACW" cDate="07/01/2003 09:25:40 PDT Tue">
        <definition>COD: interpret or view in a particular way. </definition>
        <sentenceCount annotated="15" total="184"/>
        <lexeme order="1" headword="false" breakBefore="false" POS="V" name="understand"/>
    </lexUnit>
    <lexUnit status="Finished_Initial" POS="V" name="conceive.v" ID="8992" lemmaID="7589" cBy="ACW" cDate="07/02/2003 09:03:13 PDT Wed">
        <definition>FN: to categorize by mentally classifying</definition>
        <sentenceCount annotated="6" total="7"/>
        <lexeme order="1" headword="false" breakBefore="false" POS="V" name="conceive"/>
    </lexUnit>
    <lexUnit status="Finished_Initial" POS="V" name="consider.v" ID="10819" lemmaID="7906" cBy="JKR" cDate="07/19/2004 06:45:33 PDT Mon">
        <definition>COD: believe to be.</definition>
        <sentenceCount annotated="22" total="143"/>
        <lexeme order="1" headword="false" breakBefore="false" POS="V" name="consider"/>
    </lexUnit>
    <lexUnit status="Created" POS="V" name="define.v" ID="11114" lemmaID="9944" cBy="MiL" cDate="11/09/2004 02:02:50 PST Tue">
        <definition>FN: distinguish or characterize</definition>
        <sentenceCount annotated="2" total="2"/>
        <lexeme order="1" headword="false" breakBefore="false" POS="V" name="define"/>
    </lexUnit>
    <lexUnit status="Created" POS="V" name="view.v" ID="11759" lemmaID="43016" cBy="JKR" cDate="03/24/2005 09:31:20 PST Thu">
        <definition>COD: regard in a particular light or with a particular attitude.</definition>
        <sentenceCount annotated="7" total="7"/>
        <lexeme order="1" headword="false" breakBefore="false" POS="V" name="view"/>
    </lexUnit>
    <lexUnit status="Created" POS="V" name="render.v" ID="12010" lemmaID="32617" cBy="MiL" cDate="05/02/2005 05:19:54 PDT Mon">
        <definition>FN: declare an item (as being part of some category)</definition>
        <sentenceCount annotated="0" total="0"/>
        <lexeme order="1" headword="false" breakBefore="false" POS="V" name="render"/>
    </lexUnit>
    <lexUnit status="Created" POS="V" name="see.v" ID="12011" lemmaID="34838" cBy="MiL" cDate="05/02/2005 05:27:46 PDT Mon">
        <definition>COD: regard in a specified way.</definition>
        <sentenceCount annotated="2" total="2"/>
        <lexeme order="1" headword="false" breakBefore="false" POS="V" name="see"/>
    </lexUnit>
    <lexUnit status="Created" POS="V" name="identify.v" ID="13516" lemmaID="18880" cBy="RLG" cDate="08/21/2006 02:32:54 PDT Mon">
        <definition>FN: recognize or categorize (often a particular instance of something) as being in a category.</definition>
        <sentenceCount annotated="2" total="2"/>
        <lexeme order="1" headword="false" breakBefore="false" POS="V" name="identify"/>
    </lexUnit>
    <lexUnit status="Created" POS="V" name="deem.v" ID="13643" lemmaID="9869" cBy="RLG" cDate="10/31/2006 01:35:37 PST Tue">
        <definition>COD regard or consider in a specified way.</definition>
        <sentenceCount annotated="1" total="1"/>
        <lexeme order="1" headword="false" breakBefore="false" POS="V" name="deem"/>
    </lexUnit>
    <lexUnit status="Created" POS="V" name="bracket.v" ID="15671" lemmaID="4394" cBy="RLG" cDate="03/08/2010 03:42:16 PST Mon">
        <definition>FN: consider to be a member of a group or type.</definition>
        <sentenceCount annotated="0" total="0"/>
        <lexeme order="1" headword="false" breakBefore="false" POS="V" name="bracket"/>
    </lexUnit>
    <lexUnit status="Created" POS="V" name="read.v" ID="15711" lemmaID="31968" cBy="AlK" cDate="03/17/2010 12:00:46 PDT Wed">
        <definition>FN: to interpret in a certain way</definition>
        <sentenceCount annotated="1" total="1"/>
        <lexeme order="1" headword="false" breakBefore="false" POS="V" name="read"/>
    </lexUnit>
    <lexUnit status="Created" POS="N" name="category.n" ID="16925" lemmaID="5752" cBy="WmS" cDate="03/01/2012 01:27:20 PST Thu">
        <definition>FN: Classifications created by shared similarity </definition>
        <sentenceCount annotated="0" total="0"/>
        <lexeme order="1" headword="false" breakBefore="false" POS="N" name="category"/>
    </lexUnit>
</frame>