<?xml version="1.0" encoding="UTF-8" standalone="yes"?>
<?xml-stylesheet type="text/xsl" href="frame.xsl"?>
<frame cBy="ACW" cDate="07/29/2002 11:48:34 PDT Mon" name="Cause_change_of_consistency" ID="383" xsi:schemaLocation="../schema/frame.xsd" xmlns="http://framenet.icsi.berkeley.edu" xmlns:xsi="http://www.w3.org/2001/XMLSchema-instance">
    <definition>&lt;def-root&gt;In this frame an &lt;fen&gt;Agent&lt;/fen&gt; or &lt;fen&gt;Cause&lt;/fen&gt; changes the consistency of a &lt;fen&gt;Patient&lt;/fen&gt; from its &lt;fen&gt;Initial_state&lt;/fen&gt; to a &lt;fen&gt;Result&lt;/fen&gt;.  This may take place under certain &lt;fen&gt;Circumstances&lt;/fen&gt; for a &lt;fen&gt;Purpose&lt;/fen&gt; or &lt;fen&gt;Reason&lt;/fen&gt; in a certain &lt;fen&gt;Manner&lt;/fen&gt;.  A &lt;fen&gt;Change_agent&lt;/fen&gt; can also be used.  Note that this frame contrasts with Cause_change_of_phase in that this frame describes causation of a change in a &lt;fen&gt;Patient&lt;/fen&gt; &lt;ment&gt;within&lt;/ment&gt; a particular phase.  &lt;ex&gt;&lt;fex name="Agent"&gt;Donna&lt;/fex&gt; &lt;t&gt;thinned&lt;/t&gt; &lt;fex name="Patient"&gt;the soup&lt;/fex&gt; &lt;fex name="Change_agent"&gt;with chicken broth&lt;/fex&gt;. &lt;/ex&gt; &lt;ex&gt;&lt;fex name="Cause"&gt;The high temperatures&lt;/fex&gt; &lt;t&gt;curdled&lt;/t&gt; &lt;fex name="Patient"&gt;the milk&lt;/fex&gt;.&lt;/ex&gt;&lt;/def-root&gt;</definition>
    <FE bgColor="00BFFF" fgColor="FFFFFF" coreType="Extra-Thematic" cBy="ACW" cDate="07/29/2002 11:49:26 PDT Mon" abbrev="cir" name="Circumstances" ID="3421">
        <definition>&lt;def-root&gt;This FE identifies the &lt;fen&gt;Circumstances&lt;/fen&gt; at which the consistency change occurs.
&lt;ex&gt; Tom &lt;t&gt;thickened&lt;/t&gt; the soup &lt;fex name="Circumstances"&gt;at 300 degrees&lt;/fex&gt;.&lt;/ex&gt;&lt;/def-root&gt;</definition>
    </FE>
    <FE bgColor="FF69B4" fgColor="FFFFFF" coreType="Peripheral" cBy="ACW" cDate="07/29/2002 11:49:26 PDT Mon" abbrev="Degr" name="Degree" ID="3422">
        <definition>&lt;def-root&gt;Degree to which the &lt;fen&gt;Patient&lt;/fen&gt; changes consistency.&lt;/def-root&gt;</definition>
        <semType name="Degree" ID="172"/>
    </FE>
    <FE bgColor="A52A2A" fgColor="FFFFFF" coreType="Peripheral" cBy="ACW" cDate="07/29/2002 11:49:26 PDT Mon" abbrev="I_state" name="Initial_state" ID="3423">
        <definition>&lt;def-root&gt;This is the original state of the &lt;fen&gt;Patient&lt;/fen&gt;. &lt;ex&gt;&lt;fex name="Agent"&gt;Marcus&lt;/fex&gt; &lt;t&gt;thickened&lt;/t&gt; &lt;fex name="Patient"&gt;the soup&lt;/fex&gt; &lt;fex name="Initial_state"&gt;from its runny state&lt;/fex&gt;.&lt;/ex&gt;&lt;/def-root&gt;</definition>
    </FE>
    <FE bgColor="FF00FF" fgColor="FFFFFF" coreType="Peripheral" cBy="ACW" cDate="07/29/2002 11:49:26 PDT Mon" abbrev="Manr" name="Manner" ID="3424">
        <definition>&lt;def-root&gt;The &lt;fen&gt;Manner&lt;/fen&gt; in which the &lt;fen&gt;Patient&lt;/fen&gt;'s consistency is changed.&lt;/def-root&gt;</definition>
        <semType name="Manner" ID="173"/>
    </FE>
    <FE bgColor="008000" fgColor="FFFFFF" coreType="Peripheral" cBy="ACW" cDate="07/29/2002 11:49:26 PDT Mon" abbrev="Place" name="Place" ID="3425">
        <definition>&lt;def-root&gt;Where the the &lt;fen&gt;Patient&lt;/fen&gt; changes consistency.&lt;/def-root&gt;</definition>
        <semType name="Locative_relation" ID="182"/>
    </FE>
    <FE bgColor="7CCD73" fgColor="FFFFFF" coreType="Extra-Thematic" cBy="ACW" cDate="07/29/2002 11:49:26 PDT Mon" abbrev="Exp" name="Explanation" ID="3426">
        <definition>&lt;def-root&gt;This FE identifies the &lt;fen&gt;Explanation&lt;/fen&gt; for which the &lt;fen&gt;Patient&lt;/fen&gt;'s consistency is changed.&lt;/def-root &gt;</definition>
        <semType name="State_of_affairs" ID="177"/>
    </FE>
    <FE bgColor="808080" fgColor="FFFFFF" coreType="Extra-Thematic" cBy="ACW" cDate="07/29/2002 11:49:26 PDT Mon" abbrev="Result" name="Result" ID="3427">
        <definition>&lt;def-root&gt;&lt;fen&gt;Result&lt;/fen&gt; is the result of the change of consistency.  &lt;ex&gt;&lt;fex name="Agent"&gt;Samson&lt;/fex&gt; &lt;t&gt;thinned&lt;/t&gt; &lt;fex name="Patient"&gt;the soup&lt;/fex&gt; &lt;fex name="Result"&gt;into a thin broth&lt;/fex&gt;.&lt;/ex&gt;&lt;/def-root&gt;</definition>
    </FE>
    <FE bgColor="9400D3" fgColor="FFFFFF" coreType="Peripheral" cBy="ACW" cDate="07/29/2002 11:49:26 PDT Mon" abbrev="Spd" name="Speed" ID="3428">
        <definition>&lt;def-root&gt;The &lt;fen&gt;Speed&lt;/fen&gt; at which the change of consistency occurs.&lt;/def-root&gt;</definition>
        <semType name="Speed" ID="234"/>
    </FE>
    <FE bgColor="00008B" fgColor="FFFFFF" coreType="Extra-Thematic" cBy="ACW" cDate="07/29/2002 11:49:26 PDT Mon" abbrev="sub" name="Subregion" ID="3429">
        <definition>&lt;def-root&gt;The &lt;fen&gt;Subregion&lt;/fen&gt; describes which part of a larger whole is being affected. &lt;ex&gt;&lt;fex name="Patient"&gt;The bread&lt;/fex&gt; was &lt;t&gt;hardened&lt;/t&gt; &lt;fex name="sub"&gt;around the edges&lt;/fex&gt;.&lt;/ex&gt;&lt;/def-root&gt;</definition>
        <semType name="Locative_relation" ID="182"/>
    </FE>
    <FE bgColor="FFA500" fgColor="FFFFFF" coreType="Peripheral" cBy="ACW" cDate="07/29/2002 11:49:26 PDT Mon" abbrev="Time" name="Time" ID="3430">
        <definition>&lt;def-root&gt;When the &lt;fen&gt;Patient&lt;/fen&gt; changes consistency.&lt;/def-root&gt;</definition>
        <semType name="Time" ID="141"/>
    </FE>
    <FE bgColor="0000FF" fgColor="FFFFFF" coreType="Core" cBy="ACW" cDate="07/29/2002 11:49:26 PDT Mon" abbrev="Pat" name="Patient" ID="3431">
        <definition>&lt;def-root&gt;&lt;fen&gt;Patient&lt;/fen&gt; is the entity that undergoes a change.  &lt;/def-root&gt;</definition>
    </FE>
    <FE bgColor="FF0000" fgColor="FFFFFF" coreType="Core" cBy="ACW" cDate="07/29/2002 11:51:26 PDT Mon" abbrev="Agt" name="Agent" ID="3433">
        <definition>&lt;def-root&gt;The &lt;fen&gt;Agent&lt;/fen&gt; causes the change of consistency in the &lt;fen&gt;Patient&lt;/fen&gt;.&lt;/def-root&gt;</definition>
        <semType name="Sentient" ID="5"/>
    </FE>
    <FE bgColor="808080" fgColor="FFFFFF" coreType="Peripheral" cBy="ACW" cDate="07/29/2002 11:51:26 PDT Mon" abbrev="Ins" name="Instrument" ID="3434">
        <definition>&lt;def-root&gt;This FE identifies the &lt;fen&gt;Instrument&lt;/fen&gt; with which the &lt;fen&gt;Agent&lt;/fen&gt; changes the consistency of the &lt;fen&gt;Patient&lt;/fen&gt;.&lt;/def-root&gt;</definition>
        <semType name="Physical_entity" ID="70"/>
    </FE>
    <FE bgColor="FF69B4" fgColor="FFFFFF" coreType="Peripheral" cBy="ACW" cDate="07/29/2002 11:51:26 PDT Mon" abbrev="Mns" name="Means" ID="3435">
        <definition>&lt;def-root&gt;This FE identifies the &lt;fen&gt;Means&lt;/fen&gt; by which the &lt;fen&gt;Agent&lt;/fen&gt; changes the consistency of the &lt;fen&gt;Patient&lt;/fen&gt;.&lt;/def-root&gt;</definition>
        <semType name="State_of_affairs" ID="177"/>
    </FE>
    <FE bgColor="800080" fgColor="FFFFFF" coreType="Extra-Thematic" cBy="ACW" cDate="07/29/2002 11:51:26 PDT Mon" abbrev="Purp" name="Purpose" ID="3437">
        <definition>&lt;def-root&gt;This FE identifies the &lt;fen&gt;Purpose&lt;/fen&gt; for which the &lt;fen&gt;Agent&lt;/fen&gt; changes the consistency of the &lt;fen&gt;Patient&lt;/fen&gt;.&lt;/def-root&gt;</definition>
        <semType name="State_of_affairs" ID="177"/>
    </FE>
    <FE bgColor="006400" fgColor="FFFFFF" coreType="Core" cBy="ACW" cDate="07/29/2002 11:53:01 PDT Mon" abbrev="Cause" name="Cause" ID="3438">
        <definition>&lt;def-root&gt;The &lt;fen&gt;Cause&lt;/fen&gt; is the non-&lt;fen&gt;Agent&lt;/fen&gt; which brings about the change in the &lt;fen&gt;Patient&lt;/fen&gt;. &lt;ex&gt;&lt;fex name="Cause"&gt;The hot water&lt;/fex&gt; &lt;t&gt;jelled&lt;/t&gt; &lt;fex name="Patient"&gt;the jello&lt;/fex&gt;. &lt;/ex&gt;&lt;/def-root&gt;</definition>
        <excludesFE name="Agent" ID="3433"/>
    </FE>
    <FE bgColor="2E8B57" fgColor="FFFFFF" coreType="Peripheral" cBy="ACW" cDate="07/29/2002 12:04:31 PDT Mon" abbrev="C_agent" name="Change_agent" ID="3444">
        <definition>&lt;def-root&gt;The &lt;fen&gt;Change_agent&lt;/fen&gt; is the substance used to change the consistency of the &lt;fen&gt;Patient&lt;/fen&gt;.&lt;/def-root&gt;</definition>
    </FE>
    <FE bgColor="9F79EE" fgColor="FFFFFF" coreType="Peripheral" cBy="JKR" cDate="07/30/2002 05:46:34 PDT Tue" abbrev="Container" name="Container" ID="3464">
        <definition>&lt;def-root&gt;This FE marks expressions that indicate a &lt;fen&gt;Container&lt;/fen&gt; in which the &lt;fen&gt;Patient&lt;/fen&gt; is changing consistency.  &lt;ex&gt; Smithers &lt;t&gt;softened&lt;/t&gt; the butter &lt;fex name="Container"&gt;in a cup&lt;/fex&gt;. &lt;/ex&gt;&lt;/def-root&gt;</definition>
    </FE>
    <FE bgColor="9400D3" fgColor="FFFFFF" coreType="Peripheral" cBy="ACW" cDate="08/01/2002 04:03:05 PDT Thu" abbrev="HC" name="Hot_cold_source" ID="3479">
        <definition>&lt;def-root&gt;The &lt;fen&gt;Hot_cold_source&lt;/fen&gt; is the source of the heat or coolness.  &lt;ex&gt;&lt;fex name="Agent"&gt;We&lt;/fex&gt; &lt;t&gt;thickened&lt;/t&gt; &lt;fex name="Patient"&gt;the soup&lt;/fex&gt; &lt;fex name="Hot_cold_source"&gt;over an open flame&lt;/fex&gt;.&lt;/ex&gt;&lt;/def-root&gt;</definition>
    </FE>
    <frameRelation type="Inherits from">
        <relatedFrame ID="10">Transitive_action</relatedFrame>
    </frameRelation>
    <frameRelation type="Is Inherited by"/>
    <frameRelation type="Perspective on"/>
    <frameRelation type="Is Perspectivized in"/>
    <frameRelation type="Uses"/>
    <frameRelation type="Is Used by"/>
    <frameRelation type="Subframe of"/>
    <frameRelation type="Has Subframe(s)"/>
    <frameRelation type="Precedes"/>
    <frameRelation type="Is Preceded by"/>
    <frameRelation type="Is Inchoative of"/>
    <frameRelation type="Is Causative of">
        <relatedFrame ID="341">Change_of_consistency</relatedFrame>
    </frameRelation>
    <frameRelation type="See also"/>
    <lexUnit status="Finished_Initial" POS="V" name="thicken.v" ID="6881" lemmaID="40125" cBy="ACW" cDate="07/29/2002 12:22:48 PDT Mon">
        <definition>FN: cause to become thicker</definition>
        <sentenceCount annotated="10" total="164"/>
        <lexeme order="1" headword="false" breakBefore="false" POS="V" name="thicken"/>
    </lexUnit>
    <lexUnit status="Finished_Initial" POS="V" name="thin.v" ID="6882" lemmaID="40147" cBy="ACW" cDate="07/29/2002 12:55:28 PDT Mon">
        <definition>FN: cause to have a thinner consistency</definition>
        <sentenceCount annotated="8" total="157"/>
        <lexeme order="1" headword="false" breakBefore="false" POS="V" name="thin"/>
    </lexUnit>
    <lexUnit status="Finished_Initial" POS="V" name="curdle.v" ID="6883" lemmaID="9273" cBy="ACW" cDate="07/29/2002 01:01:35 PDT Mon">
        <definition>COD: cause to separate into curds or lumps</definition>
        <sentenceCount annotated="5" total="114"/>
        <lexeme order="1" headword="false" breakBefore="false" POS="V" name="curdle"/>
    </lexUnit>
    <lexUnit status="Finished_Initial" POS="V" name="soften.v" ID="6885" lemmaID="36805" cBy="ACW" cDate="07/29/2002 03:12:20 PDT Mon">
        <definition>FN: cause to become easier to mould, cut, compress, or fold. </definition>
        <sentenceCount annotated="7" total="248"/>
        <lexeme order="1" headword="false" breakBefore="false" POS="V" name="soften"/>
    </lexUnit>
    <lexUnit status="Finished_Initial" POS="V" name="harden.v" ID="6886" lemmaID="17446" cBy="ACW" cDate="07/29/2002 03:15:32 PDT Mon">
        <definition>FN: cause to become solid, firm, and rigid; not easily broken, bent, or pierced. </definition>
        <sentenceCount annotated="7" total="235"/>
        <lexeme order="1" headword="false" breakBefore="false" POS="V" name="harden"/>
    </lexUnit>
    <lexUnit status="Created" POS="V" name="jell.v" ID="11317" lemmaID="45713" cBy="MiL" cDate="11/23/2004 04:14:46 PST Tue">
        <definition>COD: (of jelly or a similar substance) set or become firmer.</definition>
        <sentenceCount annotated="0" total="0"/>
        <lexeme order="1" headword="false" breakBefore="false" POS="V" name="jell"/>
    </lexUnit>
    <lexUnit status="Created" POS="V" name="coagulate.v" ID="12016" lemmaID="6947" cBy="MiL" cDate="05/02/2005 05:46:32 PDT Mon">
        <definition>COD:  (of a fluid, especially blood) change to a solid or semi-solid state.</definition>
        <sentenceCount annotated="0" total="0"/>
        <lexeme order="1" headword="false" breakBefore="false" POS="V" name="coagulate"/>
    </lexUnit>
    <lexUnit status="Created" POS="V" name="congeal.v" ID="12017" lemmaID="7776" cBy="MiL" cDate="05/02/2005 05:47:15 PDT Mon">
        <definition>COD: become semi-solid, especially on cooling.</definition>
        <sentenceCount annotated="0" total="0"/>
        <lexeme order="1" headword="false" breakBefore="false" POS="V" name="congeal"/>
    </lexUnit>
    <lexUnit status="Created" POS="V" name="clot.v" ID="12018" lemmaID="6879" cBy="MiL" cDate="05/02/2005 05:49:20 PDT Mon">
        <definition>COD: form or cause to form into clots.</definition>
        <sentenceCount annotated="0" total="0"/>
        <lexeme order="1" headword="false" breakBefore="false" POS="V" name="clot"/>
    </lexUnit>
    <lexUnit status="Created" POS="V" name="indurate.v" ID="12019" lemmaID="50001" cBy="MiL" cDate="05/02/2005 05:50:33 PDT Mon">
        <definition>COD: harden.</definition>
        <sentenceCount annotated="0" total="0"/>
        <lexeme order="1" headword="true" breakBefore="false" POS="V" name="indurate"/>
    </lexUnit>
    <lexUnit status="Created" POS="V" name="inspissate.v" ID="12020" lemmaID="50002" cBy="MiL" cDate="05/02/2005 05:51:28 PDT Mon">
        <definition>COD:  thicken or congeal.</definition>
        <sentenceCount annotated="0" total="0"/>
        <lexeme order="1" headword="true" breakBefore="false" POS="V" name="inspissate"/>
    </lexUnit>
    <lexUnit status="Created" POS="V" name="set.v" ID="12021" lemmaID="35224" cBy="MiL" cDate="05/02/2005 05:52:53 PDT Mon">
        <definition>COD: harden into a solid, semi-solid, or fixed state.</definition>
        <sentenceCount annotated="0" total="0"/>
        <lexeme order="1" headword="false" breakBefore="false" POS="V" name="set"/>
    </lexUnit>
</frame>