<?xml version="1.0" encoding="UTF-8" standalone="yes"?>
<?xml-stylesheet type="text/xsl" href="frame.xsl"?>
<frame cBy="MJE" cDate="06/13/2002 02:16:37 PDT Thu" name="Choosing" ID="352" xsi:schemaLocation="../schema/frame.xsd" xmlns="http://framenet.icsi.berkeley.edu" xmlns:xsi="http://www.w3.org/2001/XMLSchema-instance">
    <definition>&lt;def-root&gt;A &lt;fen&gt;Cognizer&lt;/fen&gt; decides upon the &lt;fen&gt;Chosen&lt;/fen&gt; (either an item or a course of action) out of a set of  &lt;fen&gt;Possibilities&lt;/fen&gt; .  The &lt;fen&gt;Cognizer&lt;/fen&gt; may have an &lt;fen&gt;Inherent_purpose&lt;/fen&gt; or a &lt;fen&gt;Larger_purpose&lt;/fen&gt; for the &lt;fen&gt;Chosen&lt;/fen&gt;. 
Often an &lt;fen&gt;Explanation&lt;/fen&gt;, which serves as the basis of the choice, is given.

&lt;ex&gt;&lt;fex name="Cognizer"&gt;The council&lt;/fex&gt; &lt;t&gt;picked&lt;/t&gt; &lt;fex name="Chosen"&gt;you&lt;/fex&gt; &lt;fex name="Possibilities"&gt;out of all the pilots available&lt;/fex&gt; &lt;fex name="Inherent_purpose"&gt;to head this mission&lt;/fex&gt;.&lt;/ex&gt;
&lt;ex&gt;&lt;fex name="Cognizer"&gt;No one&lt;/fex&gt; would &lt;t&gt;choose&lt;/t&gt; &lt;fex name="Chosen"&gt;to live in such squalor&lt;/fex&gt;.&lt;/ex&gt;
&lt;ex&gt;If &lt;fex name="Chosen"&gt;no judge&lt;/fex&gt; was &lt;fex name="Manner"&gt;unanimously&lt;/fex&gt; &lt;t&gt;selected&lt;/t&gt; &lt;fex name="Time"&gt;in the previous round&lt;/fex&gt;, play rock-paper-scissors pairwise. &lt;fex name="Cognizer"&gt;CNI&lt;/fex&gt;&lt;/ex&gt;
&lt;/def-root&gt;</definition>
    <FE bgColor="9400D3" fgColor="FFFFFF" coreType="Extra-Thematic" cBy="MJE" cDate="06/18/2002 03:26:46 PDT Tue" abbrev="Dep" name="Depictive" ID="3105">
        <definition>&lt;def-root&gt;&lt;fen&gt;Depictive&lt;/fen&gt; labels an independent descriptor of a &lt;fen&gt;Cognizer&lt;/fen&gt; in a  choosing event.

&lt;ex&gt;I could &lt;t&gt;pick&lt;/t&gt; you out of a crowd &lt;fex name="Depictive"&gt;blindfolded&lt;/fex&gt;.&lt;/ex&gt;&lt;/def-root&gt;</definition>
    </FE>
    <FE bgColor="FF0000" fgColor="FFFFFF" coreType="Core" cBy="MJE" cDate="06/18/2002 03:50:17 PDT Tue" abbrev="Cog" name="Cognizer" ID="3106">
        <definition>&lt;def-root&gt;The &lt;fen&gt;Cognizer&lt;/fen&gt; chooses the &lt;fen&gt;Chosen&lt;/fen&gt; out of the &lt;fen&gt;Possibilities&lt;/fen&gt;.
&lt;ex&gt;&lt;fex name="Cog"&gt;We&lt;/fex&gt;have to &lt;t&gt;pick&lt;/t&gt; a colour for the living room.&lt;/ex&gt;&lt;/def-root&gt;</definition>
        <semType name="Sentient" ID="5"/>
    </FE>
    <FE bgColor="0000FF" fgColor="FFFFFF" coreType="Core" cBy="MJE" cDate="06/18/2002 03:53:49 PDT Tue" abbrev="Chosen" name="Chosen" ID="3107">
        <definition>&lt;def-root&gt;&lt;fen&gt;Chosen&lt;/fen&gt; identifies the entity or course of action which is selected from among the &lt;fen&gt;Possibilities&lt;/fen&gt;.
&lt;ex&gt;I &lt;t&gt;decided&lt;/t&gt; &lt;fex name="Chosen"&gt;to give it another try&lt;/fex&gt;.&lt;/ex&gt;
&lt;ex&gt;We have to &lt;t&gt;pick&lt;/t&gt; &lt;fex name="Chosen"&gt;a colour for the living room&lt;/fex&gt;.&lt;/ex&gt;&lt;/def-root&gt;</definition>
    </FE>
    <FE bgColor="006400" fgColor="FFFFFF" coreType="Extra-Thematic" cBy="MJE" cDate="06/21/2002 03:27:16 PDT Fri" abbrev="Exp" name="Explanation" ID="3162">
        <definition>&lt;def-root&gt;This FE  identifies the &lt;fen&gt;Explanation&lt;/fen&gt; for which the &lt;fen&gt;Cognizer&lt;/fen&gt; chooses the &lt;fen&gt;Chosen&lt;/fen&gt;.
&lt;ex&gt;He &lt;t&gt;chose&lt;/t&gt; her &lt;fex name="Explanation"&gt;for her beauty&lt;/fex&gt;.&lt;/ex&gt;&lt;/def-root&gt;</definition>
        <semType name="State_of_affairs" ID="177"/>
    </FE>
    <FE bgColor="00BFFF" fgColor="FFFFFF" coreType="Core" cBy="MJE" cDate="06/21/2002 03:51:22 PDT Fri" abbrev="Possib" name="Possibilities" ID="3163">
        <definition>&lt;def-root&gt;A &lt;fen&gt;Cognizer&lt;/fen&gt; makes a choice from among a set of &lt;fen&gt;Possibilities&lt;/fen&gt;. &lt;fen&gt;Possibilities&lt;/fen&gt; are commonly expressed via an oblique phrase which indicates the alternative or alternatives, or by a subordinate clause (choosing to do it or choosing not to do it), typically headed by "whether or "if".
&lt;ex&gt;They &lt;t&gt;chose&lt;/t&gt; their new guitarist &lt;fex name="Possib"&gt;out of more than 300 auditioners&lt;/fex&gt;.&lt;/ex&gt;&lt;/def-root&gt;</definition>
    </FE>
    <FE bgColor="A52A2A" fgColor="FFFFFF" coreType="Peripheral" cBy="MJE" cDate="06/27/2002 04:44:29 PDT Thu" abbrev="Means" name="Means" ID="3285">
        <definition>&lt;def-root&gt;This FE identifies the &lt;fen&gt;Means&lt;/fen&gt; by which bthe &lt;fen&gt;Cognizer&lt;/fen&gt; accomplishes the choosing.
&lt;ex&gt;He &lt;t&gt;picked&lt;/t&gt; a name &lt;fex name="Means"&gt;by pointing to one in the phone book&lt;/fex&gt;.&lt;/ex&gt;&lt;/def-root&gt;</definition>
        <semType name="State_of_affairs" ID="177"/>
    </FE>
    <FE bgColor="008000" fgColor="FFFFFF" coreType="Peripheral" cBy="MJE" cDate="06/27/2002 04:44:31 PDT Thu" abbrev="Place" name="Place" ID="3286">
        <definition>&lt;def-root&gt;This FE identifies the &lt;fen&gt;Place&lt;/fen&gt; where the choosing occurs.  &lt;ex&gt;The winner was &lt;t&gt;selected&lt;/t&gt; &lt;fex name="Place"&gt;in the secret meeting room&lt;/fex&gt;.&lt;/ex&gt;&lt;/def-root &gt;</definition>
        <semType name="Locative_relation" ID="182"/>
    </FE>
    <FE bgColor="800080" fgColor="FFFFFF" coreType="Peripheral" cBy="MJE" cDate="06/27/2002 04:44:36 PDT Thu" abbrev="L_purp" name="Larger_purpose" ID="3287">
        <definition>&lt;def-root&gt;This FE identifies the Larger_purpose for which the &lt;fen&gt;Cognizer&lt;/fen&gt; chooses. It exemplifies what the &lt;fen&gt;Cognizer&lt;/fen&gt; hopes to accomplish by choosing the particular &lt;fen&gt;Chosen&lt;/fen&gt;.
&lt;ex&gt;Mr. Smith &lt;t&gt;chose&lt;/t&gt; Lord Rollins to be his running mate &lt;fex name="Larger_purpose"&gt;in order to further irritate all his critics&lt;/fex&gt;.&lt;/ex&gt;
&lt;/def-root&gt;</definition>
    </FE>
    <FE bgColor="FFA500" fgColor="FFFFFF" coreType="Peripheral" cBy="MJE" cDate="06/27/2002 04:44:39 PDT Thu" abbrev="Time" name="Time" ID="3288">
        <definition>&lt;def-root&gt;This FE identifies the &lt;fen&gt;Time&lt;/fen&gt; when the &lt;fen&gt;Cognizer&lt;/fen&gt; chooses the &lt;fen&gt;Chosen&lt;/fen&gt;.
&lt;ex&gt;I was n't &lt;t&gt;chosen&lt;/t&gt; &lt;fex name="Time"&gt;in the last round&lt;/fex&gt;.&lt;/ex&gt;
&lt;ex&gt;&lt;t&gt;Select&lt;/t&gt; the jury &lt;fex name="Time"&gt;by 3 PM&lt;/fex&gt;.&lt;/ex&gt;&lt;/def-root&gt;</definition>
        <semType name="Time" ID="141"/>
    </FE>
    <FE bgColor="FF00FF" fgColor="FFFFFF" coreType="Peripheral" cBy="MJE" cDate="06/27/2002 04:44:48 PDT Thu" abbrev="Mnr" name="Manner" ID="3289">
        <definition>&lt;def-root&gt;Any description of the selecting event which is not covered by more specific FEs, including epistemic modification (probably, presumably, mysteriously), secondary effects (quietly, loudly), and general descriptions comparing events (the same way). It may indicate salient characteristics of a &lt;fen&gt;Cognizer&lt;/fen&gt; that also affect the action (presumptuously, coldly, deliberately, eagerly, carefully). 
&lt;ex&gt;She &lt;fex name="Manner"&gt;wisely&lt;/fex&gt; &lt;t&gt;chose&lt;/t&gt; the plain-looking cup.&lt;/ex&gt;&lt;/def-root&gt;</definition>
        <semType name="Manner" ID="173"/>
    </FE>
    <FE bgColor="808080" fgColor="FFFFFF" coreType="Peripheral" cBy="MJE" cDate="07/03/2002 11:50:11 PDT Wed" abbrev="Top" name="Topic" ID="3326">
        <definition>&lt;def-root&gt;&lt;fen&gt;Topic&lt;/fen&gt; occurs quite rarely in this frame and usually only as a PP Complement of a noun target:
&lt;ex&gt;There is no &lt;t&gt;choice&lt;/t&gt; &lt;fex name="Top"&gt;about the way through&lt;/fex&gt;.&lt;/ex&gt;
&lt;ex&gt;If there is any &lt;t&gt;choice&lt;/t&gt; &lt;fex name="Topic"&gt;in hue&lt;/fex&gt; at all, choose the darkest.&lt;/ex&gt;&lt;/def-root&gt;</definition>
    </FE>
    <FE bgColor="9F79EE" fgColor="FFFFFF" coreType="Extra-Thematic" cBy="MJE" cDate="07/03/2002 12:45:14 PDT Wed" abbrev="Inh" name="Inherent_purpose" ID="3327">
        <definition>&lt;def-root&gt;The &lt;fen&gt;Cognizer&lt;/fen&gt; intends the &lt;fen&gt;Chosen&lt;/fen&gt; to fulfill an &lt;fen&gt;Inherent_purpose&lt;/fen&gt; . &lt;ex&gt;Samson&lt;t&gt;chose&lt;/t&gt;  Delilah&lt;fex name="Inherent_purpose"&gt;as a wife&lt;/fex&gt;.&lt;/ex&gt; &lt;/def-root&gt;</definition>
    </FE>
    <FE bgColor="EEE8AA" fgColor="000000" coreType="Extra-Thematic" cBy="KmG" cDate="03/23/2007 11:43:32 PDT Fri" abbrev="con" name="Contrast" ID="11266">
        <definition>&lt;def-root&gt;The hypothetical &lt;fen&gt;Chosen&lt;/fen&gt; that is less desirable for the &lt;fen&gt;Cognizer&lt;/fen&gt;.&lt;/def-root&gt;</definition>
    </FE>
    <FEcoreSet>
        <memberFE name="Possibilities" ID="3163"/>
        <memberFE name="Chosen" ID="3107"/>
    </FEcoreSet>
    <frameRelation type="Inherits from">
        <relatedFrame ID="198">Intentionally_act</relatedFrame>
        <relatedFrame ID="363">Deciding</relatedFrame>
    </frameRelation>
    <frameRelation type="Is Inherited by"/>
    <frameRelation type="Perspective on"/>
    <frameRelation type="Is Perspectivized in"/>
    <frameRelation type="Uses"/>
    <frameRelation type="Is Used by">
        <relatedFrame ID="1578">Waver_between_options</relatedFrame>
        <relatedFrame ID="1590">Adopt_selection</relatedFrame>
        <relatedFrame ID="1632">Willingness</relatedFrame>
    </frameRelation>
    <frameRelation type="Subframe of"/>
    <frameRelation type="Has Subframe(s)"/>
    <frameRelation type="Precedes"/>
    <frameRelation type="Is Preceded by"/>
    <frameRelation type="Is Inchoative of"/>
    <frameRelation type="Is Causative of"/>
    <frameRelation type="See also">
        <relatedFrame ID="363">Deciding</relatedFrame>
    </frameRelation>
    <lexUnit status="Created" POS="V" name="select.v" ID="6269" lemmaID="34886" cBy="MJE" cDate="06/27/2002 04:21:32 PDT Thu">
        <definition>COD: carefully choose as being the best or most suitable. </definition>
        <sentenceCount annotated="2" total="2"/>
        <lexeme order="1" headword="false" breakBefore="false" POS="V" name="select"/>
    </lexUnit>
    <lexUnit status="Created" POS="V" name="choose.v" ID="6270" lemmaID="6416" cBy="MJE" cDate="06/27/2002 04:21:44 PDT Thu">
        <definition>COD: pick out as being the best of two or more alternatives. </definition>
        <sentenceCount annotated="10" total="564"/>
        <lexeme order="1" headword="false" breakBefore="false" POS="V" name="choose"/>
    </lexUnit>
    <lexUnit status="Finished_Initial" POS="V" name="pick.v" ID="6271" lemmaID="28892" cBy="MJE" cDate="06/27/2002 04:22:02 PDT Thu">
        <definition>COD: choose from a number of alternatives. </definition>
        <sentenceCount annotated="23" total="295"/>
        <lexeme order="1" headword="false" breakBefore="false" POS="V" name="pick"/>
    </lexUnit>
    <lexUnit status="Created" POS="V" name="settle on.v" ID="6274" lemmaID="45774" cBy="MJE" cDate="06/27/2002 04:32:27 PDT Thu">
        <definition>COD: reach an agreement or decision about (an argument or problem)</definition>
        <sentenceCount annotated="0" total="0"/>
        <lexeme order="1" headword="true" breakBefore="false" POS="V" name="settle"/>
        <lexeme order="2" headword="false" breakBefore="false" POS="ADV" name="on"/>
    </lexUnit>
    <lexUnit status="Created" POS="V" name="elect.v" ID="6276" lemmaID="12397" cBy="MJE" cDate="06/27/2002 04:33:22 PDT Thu">
        <definition>COD: opt for or choose to do something. </definition>
        <sentenceCount annotated="0" total="0"/>
        <lexeme order="1" headword="false" breakBefore="false" POS="V" name="elect"/>
    </lexUnit>
    <lexUnit status="Created" POS="N" name="choice.n" ID="6277" lemmaID="6398" cBy="MJE" cDate="06/27/2002 04:33:45 PDT Thu">
        <definition>COD: something chosen. </definition>
        <sentenceCount annotated="23" total="652"/>
        <lexeme order="1" headword="false" breakBefore="false" POS="N" name="choice"/>
    </lexUnit>
    <lexUnit status="Created" POS="N" name="selection.n" ID="6279" lemmaID="34888" cBy="MJE" cDate="06/27/2002 04:34:12 PDT Thu">
        <definition>COD: the action or fact of selecting, or a number of selected things, or a range of things from which a choice may be made. </definition>
        <sentenceCount annotated="1" total="1"/>
        <lexeme order="1" headword="false" breakBefore="false" POS="N" name="selection"/>
    </lexUnit>
    <lexUnit status="Finished_Initial" POS="V" name="opt.v" ID="12780" lemmaID="50264" cBy="MJE" cDate="10/11/2005 04:18:20 PDT Tue">
        <definition>COD:  make a choice.</definition>
        <sentenceCount annotated="21" total="213"/>
        <lexeme order="1" headword="true" breakBefore="false" POS="V" name="opt"/>
    </lexUnit>
    <lexUnit status="Created" POS="N" name="pick.n" ID="14593" lemmaID="28891" cBy="KmG" cDate="10/26/2007 12:20:39 PDT Fri">
        <definition>FN: a selected option</definition>
        <sentenceCount annotated="1" total="1"/>
        <lexeme order="1" headword="false" breakBefore="false" POS="N" name="pick"/>
    </lexUnit>
</frame>