<?xml version="1.0" encoding="UTF-8" standalone="yes"?>
<?xml-stylesheet type="text/xsl" href="frame.xsl"?>
<frame cBy="AlK" cDate="03/08/2010 04:02:01 PST Mon" name="Commutative_statement" ID="2244" xsi:schemaLocation="../schema/frame.xsd" xmlns="http://framenet.icsi.berkeley.edu" xmlns:xsi="http://www.w3.org/2001/XMLSchema-instance">
    <definition>&lt;def-root&gt;LUs in this frame describe a stative relationship between two numbers,&lt;fen&gt;Term1&lt;/fen&gt; and &lt;fen&gt;Term2&lt;/fen&gt; or, collectively, &lt;fen&gt;Terms&lt;/fen&gt;, via a commutative arithmetic operation. The numbers are specifically expressed, along with the Result of the operation.

&lt;ex&gt;The &lt;t&gt;sum&lt;/t&gt; of &lt;fex name="Terms"&gt;two and three&lt;/fex&gt; is &lt;fex name="Result"&gt;five&lt;/fex&gt;.&lt;/ex&gt;
&lt;ex&gt;That's &lt;fex name="Term1"&gt;three&lt;/fex&gt; &lt;t&gt;times&lt;/t&gt; &lt;fex name="Term2"&gt;the amount I asked for&lt;/fex&gt;!&lt;/ex&gt;&lt;/def-root&gt;</definition>
    <FE bgColor="A52A2A" fgColor="FFFFFF" coreType="Peripheral" cBy="AlK" cDate="03/08/2010 06:02:34 PST Mon" abbrev="" name="Result" ID="13716">
        <definition>&lt;def-root&gt;The number or role of a number that comes from the interaction of &lt;fen&gt;Term1&lt;/fen&gt; and &lt;fen&gt;Term2&lt;/fen&gt; via a commutative operation.&lt;/def-root&gt;</definition>
    </FE>
    <FE bgColor="0000FF" fgColor="FFFFFF" coreType="Core" cBy="AlK" cDate="03/08/2010 06:07:35 PST Mon" abbrev="" name="Term1" ID="13717">
        <definition>&lt;def-root&gt;The grammatically more prominent number involved in a commutative operation.&lt;/def-root&gt;</definition>
    </FE>
    <FE bgColor="FF0000" fgColor="FFFFFF" coreType="Core" cBy="AlK" cDate="03/08/2010 06:07:42 PST Mon" abbrev="" name="Term2" ID="13718">
        <definition>&lt;def-root&gt;The grammatically less prominent number involved in commutative operation.&lt;/def-root&gt;</definition>
    </FE>
    <FE bgColor="800080" fgColor="FFFFFF" coreType="Core" cBy="AlK" cDate="03/08/2010 06:07:47 PST Mon" abbrev="" name="Terms" ID="13719">
        <definition>&lt;def-root&gt;Two more or elements of a commutative arithmetic operation. This frame element may be represented as &lt;fen&gt;Term1&lt;/fen&gt; and &lt;fen&gt;Term2&lt;/fen&gt;.&lt;/def-root&gt;</definition>
    </FE>
    <frameRelation type="Inherits from"/>
    <frameRelation type="Is Inherited by"/>
    <frameRelation type="Perspective on">
        <relatedFrame ID="2245">Arithmetic_commutative</relatedFrame>
    </frameRelation>
    <frameRelation type="Is Perspectivized in"/>
    <frameRelation type="Uses"/>
    <frameRelation type="Is Used by"/>
    <frameRelation type="Subframe of"/>
    <frameRelation type="Has Subframe(s)"/>
    <frameRelation type="Precedes"/>
    <frameRelation type="Is Preceded by"/>
    <frameRelation type="Is Inchoative of"/>
    <frameRelation type="Is Causative of"/>
    <frameRelation type="See also"/>
    <lexUnit status="Created" POS="N" name="sum.n" ID="15682" lemmaID="38757" cBy="AlK" cDate="03/08/2010 06:20:23 PST Mon">
        <definition>FN: a number which results from addition</definition>
        <sentenceCount annotated="0" total="0"/>
        <lexeme order="1" headword="false" breakBefore="false" POS="N" name="sum"/>
    </lexUnit>
    <lexUnit status="Created" POS="N" name="product.n" ID="15683" lemmaID="30581" cBy="AlK" cDate="03/08/2010 06:20:53 PST Mon">
        <definition>FN: a number that results from multiplication</definition>
        <sentenceCount annotated="0" total="0"/>
        <lexeme order="1" headword="false" breakBefore="false" POS="N" name="product"/>
    </lexUnit>
    <lexUnit status="Created" POS="N" name="times.n" ID="15810" lemmaID="40456" cBy="AnW" cDate="05/14/2010 12:10:36 PDT Fri">
        <definition>FN: multiples of an original quantity</definition>
        <sentenceCount annotated="0" total="0"/>
        <lexeme order="1" headword="false" breakBefore="false" POS="N" name="times"/>
    </lexUnit>
</frame>