<?xml version="1.0" encoding="UTF-8" standalone="yes"?>
<?xml-stylesheet type="text/xsl" href="frame.xsl"?>
<frame cBy="JKR" cDate="03/08/2004 04:50:09 PST Mon" name="Connecting_architecture" ID="1025" xsi:schemaLocation="../schema/frame.xsd" xmlns="http://framenet.icsi.berkeley.edu" xmlns:xsi="http://www.w3.org/2001/XMLSchema-instance">
    <definition>&lt;def-root&gt;An entity is integrated into a building as a &lt;fen&gt;Part&lt;/fen&gt; of a (possibly unexpressed) &lt;fen&gt;Whole&lt;/fen&gt; which may refer to the whole building or merely to a sub-part of the building.  The &lt;fen&gt;Part&lt;/fen&gt; itself connects locations within the building to each other, &lt;fen&gt;Connected_locations&lt;/fen&gt;. If a particular point of view is adopted in the context of real or imagined motion, then one of the locations can be construed as &lt;fen&gt;Goal&lt;/fen&gt; and the other as &lt;fen&gt;Source&lt;/fen&gt;. 

&lt;ex&gt;It was of great interest to me to see the star signs of Taurus the Bull and Leo the Lion on the &lt;t&gt;&lt;fex name="Part"&gt;staircase&lt;/fex&gt;&lt;/t&gt; &lt;fex name="Goal"&gt;to the upper Palace&lt;/fex&gt;.&lt;/ex&gt;

&lt;ex&gt;All visitors may use the &lt;t&gt;&lt;fex name="Part"&gt;elevator&lt;/fex&gt;&lt;/t&gt; &lt;fex name="cl"&gt;between the Main Level and the Upper Level&lt;/fex&gt; instead of the main staircase&lt;/ex&gt;

&lt;ex&gt;The &lt;t&gt;&lt;fex name="Part"&gt;window&lt;/fex&gt;&lt;/t&gt; &lt;fex name="Goal"&gt;into the garden&lt;/fex&gt; was open.&lt;/ex&gt;&lt;/def-root&gt;</definition>
    <semType name="Transparent Noun" ID="9"/>
    <FE bgColor="0000FF" fgColor="FFFFFF" coreType="Core" cBy="JKR" cDate="03/08/2004 04:50:09 PST Mon" abbrev="Prt" name="Part" ID="6107">
        <definition>&lt;def-root&gt;A  &lt;fen&gt;Part&lt;/fen&gt; of a larger architectural unit, the  &lt;fen&gt;Whole&lt;/fen&gt;.


&lt;ex&gt;Could you open the &lt;t&gt;&lt;fex name="Part"&gt;door&lt;/fex&gt;&lt;/t&gt; for me, please?&lt;/ex&gt;
&lt;/def-root&gt;</definition>
    </FE>
    <FE bgColor="FF0000" fgColor="FFFFFF" coreType="Peripheral" cBy="JKR" cDate="03/08/2004 04:50:09 PST Mon" abbrev="" name="Whole" ID="6108">
        <definition>&lt;def-root&gt;An architectural unit which includes the &lt;fen&gt;Part&lt;/fen&gt;.


&lt;ex&gt;The &lt;fex name="Whole"&gt;kitchen&lt;/fex&gt; &lt;t&gt;door&lt;/t&gt; came off its hinges&lt;/ex&gt;&lt;/def-root&gt;</definition>
    </FE>
    <FE bgColor="008000" fgColor="FFFFFF" coreType="Peripheral" cBy="JKR" cDate="03/08/2004 04:50:09 PST Mon" abbrev="Dsc" name="Descriptor" ID="6109">
        <definition>&lt;def-root&gt;A property relating to the  &lt;fen&gt;Part&lt;/fen&gt;.


&lt;ex&gt;People may give you weird looks as you struggle up the steps with your suitcase instead of using the &lt;fex name="Dsc"&gt;slow&lt;/fex&gt; &lt;t&gt;escalator&lt;/t&gt;.&lt;/ex&gt;&lt;/def-root&gt;</definition>
    </FE>
    <FE bgColor="A52A2A" fgColor="FFFFFF" coreType="Peripheral" cBy="JKR" cDate="03/08/2004 04:50:09 PST Mon" abbrev="Orientation" name="Orientation" ID="6110">
        <definition>&lt;def-root&gt;This is a property of the  &lt;fen&gt;Part&lt;/fen&gt; that situates  the  &lt;fen&gt;Part&lt;/fen&gt; within the &lt;fen&gt;Whole&lt;/fen&gt;.

&lt;ex&gt;We can let you in through the  &lt;fex name="Orientation"&gt;back&lt;/fex&gt; &lt;t&gt;door&lt;/t&gt;.&lt;/ex&gt;&lt;/def-root&gt;</definition>
    </FE>
    <FE bgColor="9400D3" fgColor="FFFFFF" coreType="Peripheral" cBy="JKR" cDate="03/08/2004 04:50:09 PST Mon" abbrev="" name="Material" ID="6111">
        <definition>&lt;def-root&gt;Any indication of what makes up the &lt;fen&gt;Part&lt;/fen&gt;, including components, ingredients, etc.

&lt;ex&gt;The house has an &lt;fex name="Material"&gt;oak&lt;/fex&gt; &lt;t&gt;door&lt;/t&gt;&lt;/ex&gt;&lt;/def-root&gt;</definition>
    </FE>
    <FE bgColor="800080" fgColor="FFFFFF" coreType="Peripheral" cBy="JKR" cDate="03/08/2004 04:50:09 PST Mon" abbrev="" name="Creator" ID="6112">
        <definition>&lt;def-root&gt;The Individual  who creates the &lt;fen&gt;Part&lt;/fen&gt;.


&lt;ex&gt;If &lt;fex name="Creator"&gt;a caprenter's&lt;/fex&gt; &lt;t&gt;door&lt;/t&gt; is shoddy, is it always his fault?&lt;/ex&gt;
&lt;/def-root&gt;</definition>
    </FE>
    <FE bgColor="2E8B57" fgColor="FFFFFF" coreType="Peripheral" cBy="JKR" cDate="03/08/2004 04:55:06 PST Mon" abbrev="src" name="Source" ID="6113">
        <definition>&lt;def-root&gt;The &lt;fen&gt;Source&lt;/fen&gt; is one of the &lt;fen&gt;Connected_locations&lt;/fen&gt; treated as source.

&lt;ex&gt;Does &lt;t&gt;door&lt;/t&gt; &lt;fex name="src"&gt;from basement&lt;/fex&gt; to living quarters have an adequate lock operated from living quarters side?&lt;/ex&gt;&lt;/def-root&gt;</definition>
        <semType name="Source" ID="151"/>
    </FE>
    <FE bgColor="FF69B4" fgColor="FFFFFF" coreType="Peripheral" cBy="JKR" cDate="03/08/2004 04:57:59 PST Mon" abbrev="cl" name="Connected_locations" ID="6114">
        <definition>&lt;def-root&gt;Two or more named locations that are connected by the architectural  &lt;fen&gt;Part&lt;/fen&gt;.

&lt;ex&gt; Security in the &lt;t&gt;hallway&lt;/t&gt; &lt;fex name="cl"&gt;between the jail and the Court Building&lt;/fex&gt; needs to
be improved.&lt;/ex&gt;

&lt;/def-root&gt;</definition>
    </FE>
    <FE bgColor="1E90FF" fgColor="FFFFFF" coreType="Peripheral" cBy="JKR" cDate="03/08/2004 05:08:01 PST Mon" abbrev="drc" name="Direction" ID="6116">
        <definition>&lt;def-root&gt;The &lt;fen&gt;Direction&lt;/fen&gt; is the direction or directions the &lt;fen&gt;Part&lt;/fen&gt; of connecting architecture runs.

&lt;ex&gt;Please take the &lt;fex name=""&gt;east west&lt;/fex&gt; &lt;t&gt;stairs&lt;/t&gt; down to the lower floor&lt;/ex&gt;&lt;/def-root&gt;</definition>
    </FE>
    <FE bgColor="FFA500" fgColor="FFFFFF" coreType="Peripheral" cBy="JKR" cDate="03/08/2004 06:04:25 PST Mon" abbrev="gl" name="Goal" ID="6117">
        <definition>&lt;def-root&gt;The &lt;fen&gt;Goal&lt;/fen&gt; is one of the &lt;fen&gt;Connected_locations&lt;/fen&gt; treated as a goal

&lt;ex&gt;Finally they corner us as we reach the &lt;t&gt;escalator&lt;/t&gt; &lt;fex name="Goal"&gt;to the first floor&lt;/fex&gt;.&lt;/ex&gt;&lt;/def-root&gt;</definition>
        <semType name="Goal" ID="153"/>
    </FE>
    <frameRelation type="Inherits from">
        <relatedFrame ID="971">Architectural_part</relatedFrame>
    </frameRelation>
    <frameRelation type="Is Inherited by"/>
    <frameRelation type="Perspective on"/>
    <frameRelation type="Is Perspectivized in"/>
    <frameRelation type="Uses"/>
    <frameRelation type="Is Used by"/>
    <frameRelation type="Subframe of"/>
    <frameRelation type="Has Subframe(s)"/>
    <frameRelation type="Precedes"/>
    <frameRelation type="Is Preceded by"/>
    <frameRelation type="Is Inchoative of"/>
    <frameRelation type="Is Causative of"/>
    <frameRelation type="See also"/>
    <lexUnit status="Created" POS="N" name="door.n" ID="10268" lemmaID="11499" cBy="JKR" cDate="03/08/2004 05:08:52 PST Mon">
        <definition>FN: a usually swinging or sliding barrier by which an entry is closed and opened </definition>
        <sentenceCount annotated="13" total="18"/>
        <lexeme order="1" headword="false" breakBefore="false" POS="N" name="door"/>
    </lexUnit>
    <lexUnit status="Created" POS="N" name="elevator.n" ID="10269" lemmaID="12455" cBy="JKR" cDate="03/08/2004 05:10:14 PST Mon">
        <definition>COD: lift</definition>
        <sentenceCount annotated="0" total="0"/>
        <lexeme order="1" headword="false" breakBefore="false" POS="N" name="elevator"/>
    </lexUnit>
    <lexUnit status="Created" POS="N" name="lift.n" ID="10270" lemmaID="22288" cBy="JKR" cDate="03/08/2004 05:11:20 PST Mon">
        <definition>COD: a platform or compartment housed in a shaft for raising and lowering people or things</definition>
        <sentenceCount annotated="1" total="1"/>
        <lexeme order="1" headword="false" breakBefore="false" POS="N" name="lift"/>
    </lexUnit>
    <lexUnit status="Created" POS="N" name="escalator.n" ID="10271" lemmaID="13083" cBy="JKR" cDate="03/08/2004 05:13:25 PST Mon">
        <definition>COD: a moving staircase consisting of a circulating belt of steps driven by a motor</definition>
        <sentenceCount annotated="4" total="4"/>
        <lexeme order="1" headword="false" breakBefore="false" POS="N" name="escalator"/>
    </lexUnit>
    <lexUnit status="Created" POS="N" name="corridor.n" ID="10272" lemmaID="8444" cBy="JKR" cDate="03/08/2004 06:15:35 PST Mon">
        <definition>COD: a long passage from which doors lead into room</definition>
        <sentenceCount annotated="0" total="0"/>
        <lexeme order="1" headword="false" breakBefore="false" POS="N" name="corridor"/>
    </lexUnit>
    <lexUnit status="Created" POS="N" name="hallway.n" ID="10273" lemmaID="17305" cBy="JKR" cDate="03/08/2004 06:16:50 PST Mon">
        <definition>COD: a corridor or passage in a building</definition>
        <sentenceCount annotated="1" total="1"/>
        <lexeme order="1" headword="false" breakBefore="false" POS="N" name="hallway"/>
    </lexUnit>
    <lexUnit status="Created" POS="N" name="window.n" ID="10274" lemmaID="44223" cBy="JKR" cDate="03/08/2004 06:17:42 PST Mon">
        <definition>COD: an opening in a wall, fitted with glass in a frame to admit light or air and allow people to see out</definition>
        <sentenceCount annotated="27" total="28"/>
        <lexeme order="1" headword="false" breakBefore="false" POS="N" name="window"/>
    </lexUnit>
    <lexUnit status="Created" POS="N" name="staircase.n" ID="10275" lemmaID="37732" cBy="JKR" cDate="03/08/2004 06:20:34 PST Mon">
        <definition>COD: a set of stairs and its surrounding structure.</definition>
        <sentenceCount annotated="1" total="1"/>
        <lexeme order="1" headword="false" breakBefore="false" POS="N" name="staircase"/>
    </lexUnit>
    <lexUnit status="Created" POS="N" name="stairs.n" ID="10277" lemmaID="37734" cBy="JKR" cDate="03/09/2004 09:15:21 PST Tue">
        <definition>COD: a set of such steps leading from one floor of a building to another</definition>
        <sentenceCount annotated="2" total="2"/>
        <lexeme order="1" headword="false" breakBefore="false" POS="N" name="stairs"/>
    </lexUnit>
    <lexUnit status="Created" POS="N" name="step.n" ID="13319" lemmaID="37971" cBy="MiL" cDate="06/23/2006 02:54:27 PDT Fri">
        <definition>COD: a flat surface, especially one in a series, on which to place one's foot when moving from one level to another.</definition>
        <sentenceCount annotated="5" total="5"/>
        <lexeme order="1" headword="false" breakBefore="false" POS="N" name="step"/>
    </lexUnit>
    <lexUnit status="Created" POS="N" name="gate.n" ID="16660" lemmaID="15978" cBy="RLG" cDate="09/30/2011 01:12:30 PDT Fri">
        <definition>FN: a usually swinging or sliding barrier, often composed of slats or bars rather than a solid surface, which provides entrance to a building or location.</definition>
        <sentenceCount annotated="0" total="0"/>
        <lexeme order="1" headword="false" breakBefore="false" POS="N" name="gate"/>
    </lexUnit>
</frame>