<?xml version="1.0" encoding="UTF-8" standalone="yes"?>
<?xml-stylesheet type="text/xsl" href="frame.xsl"?>
<frame cBy="JKR" cDate="07/25/2002 01:51:02 PDT Thu" name="Contrition" ID="382" xsi:schemaLocation="../schema/frame.xsd" xmlns="http://framenet.icsi.berkeley.edu" xmlns:xsi="http://www.w3.org/2001/XMLSchema-instance">
    <definition>&lt;def-root&gt;An &lt;fen&gt;Experiencer&lt;/fen&gt; feels bad about a choice, an &lt;fen&gt;Action&lt;/fen&gt;, or a failure to do something, which they now consider to have been a mistake or wrong. The emotional state of the &lt;fen&gt;Experiencer&lt;/fen&gt; may be showing in gestures or facial expressions, viz. an &lt;fen&gt;Expressor&lt;/fen&gt;.

&lt;ex&gt;&lt;fex name="Experiencer"&gt;Smithers&lt;/fex&gt; did not &lt;t&gt;repent&lt;/t&gt; &lt;fex name="Action"&gt;of his crime&lt;/fex&gt;.&lt;/ex&gt;
&lt;ex&gt;It is God who rejoices at the &lt;t&gt;repentance&lt;/t&gt; &lt;fex name="Experiencer"&gt;of his sinner&lt;/fex&gt;.&lt;/ex&gt;&lt;/def-root&gt;</definition>
    <FE bgColor="800080" fgColor="FFFFFF" coreType="Core" cBy="JKR" cDate="07/25/2002 04:17:03 PDT Thu" abbrev="Experiencer" name="Experiencer" ID="3407">
        <definition>&lt;def-root&gt;The FE &lt;fen&gt;Experiencer&lt;/fen&gt; indicates the person who experiences the emotion about their prior action.

&lt;ex&gt;&lt;fex name="Experiencer"&gt;Smithers&lt;/fex&gt; was contrite about his wrongdoings.&lt;/ex&gt;&lt;/def-root&gt;</definition>
        <semType name="Sentient" ID="5"/>
    </FE>
    <FE bgColor="FF0000" fgColor="FFFFFF" coreType="Core" cBy="JKR" cDate="07/25/2002 04:17:22 PDT Thu" abbrev="Action" name="Action" ID="3408">
        <definition>&lt;def-root&gt;The FE &lt;fen&gt;Action&lt;/fen&gt; marks expressions that indicate a prior action that the &lt;fen&gt;Experiencer&lt;/fen&gt; has come to feel bad about.

&lt;ex&gt;They confessed and &lt;t&gt;repented&lt;/t&gt; &lt;fex name="Action"&gt;their actions against the Soviet Union&lt;/fex&gt;.&lt;/ex&gt;&lt;/def-root&gt;</definition>
    </FE>
    <FE bgColor="FF69B4" fgColor="FFFFFF" coreType="Peripheral" cBy="JKR" cDate="07/25/2002 04:26:16 PDT Thu" abbrev="Degr" name="Degree" ID="3409">
        <definition>&lt;def-root&gt;The FE &lt;fen&gt;Degree&lt;/fen&gt; marks expressions that indicate how badly the &lt;fen&gt;Experiencer&lt;/fen&gt; feels about their prior action.

&lt;ex&gt;Smithers was &lt;fex name="Degree"&gt;very&lt;/fex&gt; &lt;t&gt;contrite&lt;/t&gt;.&lt;/ex&gt;&lt;/def-root&gt;</definition>
        <semType name="Degree" ID="172"/>
    </FE>
    <FE bgColor="008000" fgColor="FFFFFF" coreType="Core" cBy="JKR" cDate="07/25/2002 04:43:58 PDT Thu" abbrev="Expressor" name="Expressor" ID="3410">
        <definition>&lt;def-root&gt;The FE &lt;fen&gt;Expressor&lt;/fen&gt; marks expressions that indicate a gesture or body part which is displaying the &lt;fen&gt;Emotional_state&lt;/fen&gt; of the &lt;fen&gt;Experiencer&lt;/fen&gt;.

&lt;ex&gt;&lt;t&gt;Repentant&lt;/t&gt; &lt;fex name="Expressor"&gt;tears&lt;/fex&gt; welled to his eyes.&lt;/ex&gt;&lt;/def-root&gt;</definition>
    </FE>
    <FE bgColor="00008B" fgColor="FFFFFF" coreType="Peripheral" cBy="JKR" cDate="08/02/2002 11:18:59 PDT Fri" abbrev="Authenticity" name="Authenticity" ID="3489">
        <definition>&lt;def-root&gt;The FE &lt;fen&gt;Authenticity&lt;/fen&gt; marks expressions that indicate whether the &lt;fen&gt;Experiencer&lt;/fen&gt; genuinely feels contrite or just acts as if they did.  &lt;ex&gt;The defendant showed no &lt;fex name="Authenticity"&gt;real&lt;/fex&gt; &lt;t&gt;remorse&lt;/t&gt;.&lt;/ex&gt;&lt;/def-root&gt;</definition>
    </FE>
    <FE bgColor="0000FF" fgColor="FFFFFF" coreType="Core" cBy="ACW" cDate="08/05/2002 08:50:53 PDT Mon" abbrev="E_state" name="Emotional_state" ID="3492">
        <definition>&lt;def-root&gt;The FE &lt;fen&gt;Emotional_state&lt;/fen&gt; is modified by an adjective  that indicates the &lt;fen&gt;Experiencer&lt;/fen&gt; is contrite.

&lt;ex&gt;Martha had a &lt;t&gt;guilty&lt;/t&gt; &lt;fex name="Emotional_state"&gt;conscience&lt;/fex&gt; after selling inferior merchandise.&lt;/ex&gt;&lt;/def-root&gt;</definition>
    </FE>
    <FE bgColor="FFFF00" fgColor="000000" coreType="Extra-Thematic" cBy="KmG" cDate="05/22/2006 03:04:37 PDT Mon" abbrev="Dep" name="Depictive" ID="10103">
        <definition>&lt;def-root&gt;This FE describes a participant of the state of affairs introduced by the target as being in some state during the action. The depicted state does not necessarily or usually facilitate or cause the state of affairs reported by the target.&lt;/def-root&gt;</definition>
    </FE>
    <FE bgColor="7CCD73" fgColor="000000" coreType="Extra-Thematic" cBy="KmG" cDate="05/22/2006 03:06:21 PDT Mon" abbrev="Tim" name="Time" ID="10104">
        <definition>&lt;def-root&gt;The &lt;fen&gt;Time&lt;/fen&gt; at which the &lt;fen&gt;Experiencer&lt;/fen&gt; or the &lt;fen&gt;Expressor&lt;/fen&gt; is contrite.&lt;/def-root&gt;</definition>
        <semType name="Time" ID="141"/>
    </FE>
    <FE bgColor="9F79EE" fgColor="FFFFFF" coreType="Extra-Thematic" cBy="KmG" cDate="10/30/2007 08:03:01 PDT Tue" abbrev="Man" name="Manner" ID="12042">
        <definition>&lt;def-root&gt;The way in which the &lt;fen&gt;Experiencer&lt;/fen&gt; or &lt;fen&gt;Expressor&lt;/fen&gt; has contrition. &lt;/def-root&gt;</definition>
    </FE>
    <FEcoreSet>
        <memberFE name="Experiencer" ID="3407"/>
        <memberFE name="Emotional_state" ID="3492"/>
        <memberFE name="Expressor" ID="3410"/>
    </FEcoreSet>
    <frameRelation type="Inherits from"/>
    <frameRelation type="Is Inherited by"/>
    <frameRelation type="Perspective on"/>
    <frameRelation type="Is Perspectivized in"/>
    <frameRelation type="Uses">
        <relatedFrame ID="1712">Emotions</relatedFrame>
    </frameRelation>
    <frameRelation type="Is Used by"/>
    <frameRelation type="Subframe of"/>
    <frameRelation type="Has Subframe(s)"/>
    <frameRelation type="Precedes"/>
    <frameRelation type="Is Preceded by"/>
    <frameRelation type="Is Inchoative of"/>
    <frameRelation type="Is Causative of"/>
    <frameRelation type="See also">
        <relatedFrame ID="1110">Guilt_or_innocence</relatedFrame>
    </frameRelation>
    <lexUnit status="Finished_Initial" POS="A" name="contrite.a" ID="6797" lemmaID="8141" cBy="JKR" cDate="07/25/2002 01:52:36 PDT Thu">
        <definition>COD: feeling or expressing remorse. </definition>
        <sentenceCount annotated="13" total="52"/>
        <lexeme order="1" headword="false" breakBefore="false" POS="A" name="contrite"/>
    </lexUnit>
    <lexUnit status="Finished_Initial" POS="N" name="contrition.n" ID="6799" lemmaID="8143" cBy="JKR" cDate="07/25/2002 01:54:51 PDT Thu">
        <definition>COD: the state of feeling contrite</definition>
        <sentenceCount annotated="9" total="39"/>
        <lexeme order="1" headword="false" breakBefore="false" POS="N" name="contrition"/>
    </lexUnit>
    <lexUnit status="Finished_Initial" POS="V" name="rue.v" ID="6801" lemmaID="33721" cBy="JKR" cDate="07/25/2002 01:59:12 PDT Thu">
        <definition>COD: bitterly regret (a past event or action) and wish it undone.</definition>
        <sentenceCount annotated="9" total="35"/>
        <lexeme order="1" headword="false" breakBefore="false" POS="V" name="rue"/>
    </lexUnit>
    <lexUnit status="Finished_Initial" POS="A" name="rueful.a" ID="6802" lemmaID="33722" cBy="JKR" cDate="07/25/2002 01:59:22 PDT Thu">
        <definition>COD: expressing regret, especially in a wry or humorous way. </definition>
        <sentenceCount annotated="17" total="87"/>
        <lexeme order="1" headword="false" breakBefore="false" POS="A" name="rueful"/>
    </lexUnit>
    <lexUnit status="Finished_Initial" POS="V" name="repent.v" ID="6803" lemmaID="32680" cBy="JKR" cDate="07/25/2002 04:12:07 PDT Thu">
        <definition>COD: feel or express sincere regret or remorse</definition>
        <sentenceCount annotated="14" total="74"/>
        <lexeme order="1" headword="false" breakBefore="false" POS="V" name="repent"/>
    </lexUnit>
    <lexUnit status="Finished_Initial" POS="A" name="repentant.a" ID="6804" lemmaID="32682" cBy="JKR" cDate="07/25/2002 04:12:16 PDT Thu">
        <definition>FN: feeling or expressing contrition</definition>
        <sentenceCount annotated="8" total="25"/>
        <lexeme order="1" headword="false" breakBefore="false" POS="A" name="repentant"/>
    </lexUnit>
    <lexUnit status="Finished_Initial" POS="N" name="repentance.n" ID="6805" lemmaID="32681" cBy="JKR" cDate="07/25/2002 04:12:27 PDT Thu">
        <definition>FN: a feeling or expression of sincere regret</definition>
        <sentenceCount annotated="16" total="88"/>
        <lexeme order="1" headword="false" breakBefore="false" POS="N" name="repentance"/>
    </lexUnit>
    <lexUnit status="Finished_Initial" POS="A" name="penitent.a" ID="6806" lemmaID="28324" cBy="JKR" cDate="07/25/2002 04:12:44 PDT Thu">
        <definition>COD: feeling or showing sorrow and regret for having done wrong.</definition>
        <sentenceCount annotated="7" total="25"/>
        <lexeme order="1" headword="false" breakBefore="false" POS="A" name="penitent"/>
    </lexUnit>
    <lexUnit status="Finished_Initial" POS="N" name="penitence.n" ID="6807" lemmaID="28323" cBy="JKR" cDate="07/25/2002 04:12:54 PDT Thu">
        <definition>FN: the state of feeling regret or remorse over a past action or omission</definition>
        <sentenceCount annotated="6" total="23"/>
        <lexeme order="1" headword="false" breakBefore="false" POS="N" name="penitence"/>
    </lexUnit>
    <lexUnit status="Finished_Initial" POS="N" name="remorse.n" ID="6809" lemmaID="32585" cBy="JKR" cDate="07/25/2002 04:13:10 PDT Thu">
        <definition>COD: deep regret or guilt for a wrong committed</definition>
        <sentenceCount annotated="30" total="136"/>
        <lexeme order="1" headword="false" breakBefore="false" POS="N" name="remorse"/>
    </lexUnit>
    <lexUnit status="Finished_Initial" POS="A" name="remorseful.a" ID="6810" lemmaID="32586" cBy="JKR" cDate="07/25/2002 04:13:28 PDT Thu">
        <definition>FN: full of deep regret or guilt for a wrong committed.</definition>
        <sentenceCount annotated="10" total="28"/>
        <lexeme order="1" headword="false" breakBefore="false" POS="A" name="remorseful"/>
    </lexUnit>
    <lexUnit status="Finished_Initial" POS="A" name="sorry.a" ID="6816" lemmaID="37000" cBy="JKR" cDate="07/25/2002 04:48:36 PDT Thu">
        <definition>COD: feeling regret or penitence.</definition>
        <sentenceCount annotated="24" total="380"/>
        <lexeme order="1" headword="false" breakBefore="false" POS="A" name="sorry"/>
    </lexUnit>
    <lexUnit status="Finished_Initial" POS="A" name="guilty.a" ID="6818" lemmaID="17039" cBy="JKR" cDate="07/25/2002 04:49:23 PDT Thu">
        <definition>COD: having or showing a feeling of guilt</definition>
        <sentenceCount annotated="26" total="220"/>
        <lexeme order="1" headword="false" breakBefore="false" POS="A" name="guilty"/>
    </lexUnit>
    <lexUnit status="Finished_Initial" POS="A" name="remorseless.a" ID="6930" lemmaID="32589" cBy="JKR" cDate="07/31/2002 05:40:05 PDT Wed">
        <definition>COD: without remorse.</definition>
        <sentenceCount annotated="4" total="46"/>
        <lexeme order="1" headword="false" breakBefore="false" POS="A" name="remorseless"/>
    </lexUnit>
    <lexUnit status="Finished_Initial" POS="A" name="unrepentant.a" ID="6983" lemmaID="45990" cBy="JKR" cDate="08/01/2002 05:54:38 PDT Thu">
        <definition>COD: showing no regret for one's wrongdoings. </definition>
        <sentenceCount annotated="13" total="67"/>
        <lexeme order="1" headword="false" breakBefore="false" POS="A" name="unrepentant"/>
    </lexUnit>
    <lexUnit status="New" POS="N" name="guilt.n" ID="6984" lemmaID="17033" cBy="JKR" cDate="08/01/2002 05:57:26 PDT Thu">
        <definition>COD: a feeling of having committed wrong or failed in an obligation</definition>
        <sentenceCount annotated="0" total="206"/>
        <lexeme order="1" headword="false" breakBefore="false" POS="N" name="guilt"/>
    </lexUnit>
</frame>