<?xml version="1.0" encoding="UTF-8" standalone="yes"?>
<?xml-stylesheet type="text/xsl" href="frame.xsl"?>
<frame cBy="JKR" cDate="07/24/2002 10:32:32 PDT Wed" name="Custom" ID="380" xsi:schemaLocation="../schema/frame.xsd" xmlns="http://framenet.icsi.berkeley.edu" xmlns:xsi="http://www.w3.org/2001/XMLSchema-instance">
    <definition>&lt;def-root&gt;A &lt;fen&gt;Behavior&lt;/fen&gt; is classified as entrenched for a &lt;fen&gt;Protagonist&lt;/fen&gt; or a &lt;fen&gt;Society&lt;/fen&gt;. The &lt;fen&gt;Behavior&lt;/fen&gt; may be associated with a particular &lt;fen&gt;Domain&lt;/fen&gt; of experience and described with a &lt;fen&gt;Descriptor&lt;/fen&gt;. This indicates that the &lt;fen&gt;Behavior&lt;/fen&gt; is commonly performed by the &lt;fen&gt;Protagonist&lt;/fen&gt; or members of the &lt;fen&gt;Society&lt;/fen&gt;.

&lt;ex&gt;It is an &lt;fex name="Descriptor"&gt;old&lt;/fex&gt;  &lt;fex name="Society"&gt;Jewish&lt;/fex&gt; &lt;t&gt;custom&lt;/t&gt;. &lt;/ex&gt;
&lt;ex&gt;He was unaware of the &lt;fex name="Society"&gt;Japanese&lt;/fex&gt; &lt;t&gt;custom&lt;/t&gt; &lt;fex name="Behavior"&gt;of waiting until the giver had departed&lt;/fex&gt;. &lt;/ex&gt;
&lt;ex&gt; The &lt;fex name="Descriptor"&gt;ancient&lt;/fex&gt; &lt;t&gt;tradition&lt;/t&gt; &lt;fex name="Behavior"&gt;of swan-upping&lt;/fex&gt; has been taking place on the river Thames.&lt;/ex&gt;
&lt;ex&gt;Smithers thought that &lt;fex name="Behavior"&gt;hunting lions&lt;/fex&gt; was just another &lt;fex name="Society"&gt;native&lt;/fex&gt; &lt;t&gt;custom&lt;/t&gt; &lt;/ex&gt;
&lt;ex&gt;Marko showed great respect for the &lt;fex name="Domain"&gt;social&lt;/fex&gt; &lt;t&gt;customs&lt;/t&gt; &lt;fex name="Society"&gt;of his people&lt;/fex&gt;.&lt;/ex&gt;
&lt;ex&gt; When I reply to debates , it is &lt;fex name="Protagonist"&gt;my&lt;/fex&gt; &lt;t&gt;custom&lt;/t&gt; &lt;fex name="Behavior"&gt;to have heard all the speeches that have been made&lt;/fex&gt;. &lt;/ex&gt;&lt;/def-root&gt;</definition>
    <FE bgColor="FFA500" fgColor="FFFFFF" coreType="Core" cBy="JKR" cDate="07/24/2002 12:32:12 PDT Wed" abbrev="Behavior" name="Behavior" ID="3399">
        <definition>&lt;def-root&gt;This Frame Element marks expressions that indicate the entrenched &lt;fen&gt;Behavior&lt;/fen&gt;.&lt;/def-root&gt;</definition>
    </FE>
    <FE bgColor="FF0000" fgColor="FFFFFF" coreType="Core" cBy="JKR" cDate="07/25/2002 06:28:05 PDT Thu" abbrev="Protagonist" name="Protagonist" ID="3411">
        <definition>&lt;def-root&gt;This Frame Element marks expressions that indicate whose entrenched &lt;fen&gt;Behavior&lt;/fen&gt; is at issue.

&lt;ex&gt; &lt;fex name="Protagonist"&gt;His&lt;/fex&gt; &lt;t&gt;custom&lt;/t&gt; was to come here for the 10 o'clock service. &lt;/ex&gt;&lt;/def-root&gt;</definition>
        <semType name="Sentient" ID="5"/>
        <excludesFE name="Society" ID="3415"/>
    </FE>
    <FE bgColor="0000FF" fgColor="FFFFFF" coreType="Peripheral" cBy="JKR" cDate="07/25/2002 06:29:28 PDT Thu" abbrev="Domain" name="Domain" ID="3412">
        <definition>&lt;def-root&gt;This Frame Element marks expressions that indicate the area of human experience to which the &lt;fen&gt;Behavior&lt;/fen&gt; belongs.

&lt;ex&gt; Witali tried to understand their &lt;fex name="Domain"&gt;religious&lt;/fex&gt; &lt;t&gt;customs&lt;/t&gt;. &lt;/ex&gt;&lt;/def-root&gt;</definition>
    </FE>
    <FE bgColor="1E90FF" fgColor="FFFFFF" coreType="Peripheral" cBy="JKR" cDate="07/25/2002 06:35:37 PDT Thu" abbrev="Descriptor" name="Descriptor" ID="3413">
        <definition>&lt;def-root&gt;This FE marks expressions that indicate attributes, traits, or evaluations of the entrenched &lt;fen&gt;Behavior&lt;/fen&gt;.

&lt;ex&gt;In the year 2100, a historian will undertake a study of that 
&lt;fex name="Descriptor"&gt;quaint&lt;/fex&gt; &lt;t&gt;custom&lt;/t&gt; of preserving public footpaths across private land .&lt;/ex&gt;
&lt;/def-root&gt;</definition>
    </FE>
    <FE bgColor="008000" fgColor="FFFFFF" coreType="Peripheral" cBy="JKR" cDate="07/25/2002 06:42:19 PDT Thu" abbrev="Place" name="Place" ID="3414">
        <definition>&lt;def-root&gt;This FE marks expressions that indicate a region where the &lt;fen&gt;Behavior&lt;/fen&gt; is  entrenched.

&lt;ex&gt;They found that a loca &lt;t&gt;custom&lt;/t&gt; &lt;fex name="Place"&gt;in the country&lt;/fex&gt; was to walk around barefoot at all times of the year and in all weathers .&lt;/ex&gt;&lt;/def-root&gt;</definition>
        <semType name="Locative_relation" ID="182"/>
    </FE>
    <FE bgColor="9400D3" fgColor="FFFFFF" coreType="Core" cBy="JKR" cDate="07/25/2002 06:55:59 PDT Thu" abbrev="Society" name="Society" ID="3415">
        <definition>&lt;def-root&gt;
&lt;ex&gt;We can help , you to meet Egyptian people and learn about 
&lt;fex name="Society"&gt;Egyptian&lt;/fex&gt; &lt;t&gt;customs&lt;/t&gt;.  &lt;/ex&gt;&lt;/def-root&gt;</definition>
    </FE>
    <frameRelation type="Inherits from"/>
    <frameRelation type="Is Inherited by"/>
    <frameRelation type="Perspective on"/>
    <frameRelation type="Is Perspectivized in"/>
    <frameRelation type="Uses">
        <relatedFrame ID="80">Frequency</relatedFrame>
    </frameRelation>
    <frameRelation type="Is Used by">
        <relatedFrame ID="981">Craft</relatedFrame>
        <relatedFrame ID="1619">Expected_location_of_person</relatedFrame>
        <relatedFrame ID="2562">Manner_of_life</relatedFrame>
    </frameRelation>
    <frameRelation type="Subframe of"/>
    <frameRelation type="Has Subframe(s)"/>
    <frameRelation type="Precedes"/>
    <frameRelation type="Is Preceded by"/>
    <frameRelation type="Is Inchoative of"/>
    <frameRelation type="Is Causative of"/>
    <frameRelation type="See also"/>
    <lexUnit status="Finished_Initial" POS="N" name="custom.n" ID="6718" lemmaID="9350" cBy="JKR" cDate="07/24/2002 10:33:07 PDT Wed">
        <definition>COD: a traditional and widely accepted way of behaving or doing something that is specific to a particular society, place, or time. </definition>
        <sentenceCount annotated="62" total="391"/>
        <lexeme order="1" headword="false" breakBefore="false" POS="N" name="custom"/>
    </lexUnit>
    <lexUnit status="Created" POS="N" name="practice.n" ID="6719" lemmaID="30013" cBy="JKR" cDate="07/24/2002 10:33:24 PDT Wed">
        <definition>COD: the customary or expected procedure or way of doing something. </definition>
        <sentenceCount annotated="0" total="0"/>
        <lexeme order="1" headword="false" breakBefore="false" POS="N" name="practice"/>
    </lexUnit>
    <lexUnit status="Created" POS="N" name="ritual.n" ID="6720" lemmaID="33350" cBy="JKR" cDate="07/24/2002 10:33:41 PDT Wed">
        <definition>COD: a series of actions habitually and invariably followed by someone. </definition>
        <sentenceCount annotated="3" total="3"/>
        <lexeme order="1" headword="false" breakBefore="false" POS="N" name="ritual"/>
    </lexUnit>
    <lexUnit status="Finished_Initial" POS="N" name="tradition.n" ID="6721" lemmaID="40919" cBy="JKR" cDate="07/24/2002 10:33:56 PDT Wed">
        <definition>COD: a long-established custom or belief passed on in this way. </definition>
        <sentenceCount annotated="77" total="525"/>
        <lexeme order="1" headword="false" breakBefore="false" POS="N" name="tradition"/>
    </lexUnit>
    <lexUnit status="Finished_Initial" POS="N" name="habit.n" ID="6722" lemmaID="17163" cBy="JKR" cDate="07/24/2002 10:34:11 PDT Wed">
        <definition>COD: a settled or regular tendency or practice</definition>
        <sentenceCount annotated="54" total="441"/>
        <lexeme order="1" headword="false" breakBefore="false" POS="N" name="habit"/>
    </lexUnit>
    <lexUnit status="Finished_Initial" POS="N" name="convention.n" ID="6726" lemmaID="8182" cBy="JKR" cDate="07/24/2002 11:35:35 PDT Wed">
        <definition>COD: a settled or regular tendency or practice</definition>
        <sentenceCount annotated="39" total="350"/>
        <lexeme order="1" headword="false" breakBefore="false" POS="N" name="convention"/>
    </lexUnit>
    <lexUnit status="Created" POS="A" name="traditional.a" ID="6729" lemmaID="40920" cBy="JKR" cDate="07/24/2002 11:37:10 PDT Wed">
        <definition>COD: of, relating to, or following tradition.</definition>
        <sentenceCount annotated="16" total="16"/>
        <lexeme order="1" headword="false" breakBefore="false" POS="A" name="traditional"/>
    </lexUnit>
    <lexUnit status="Created" POS="A" name="ritualistic.a" ID="6730" lemmaID="33354" cBy="JKR" cDate="07/24/2002 11:37:32 PDT Wed">
        <definition>FN: being related with  regular observance or practice of ritual, especially when excessive or without regard to its function. </definition>
        <sentenceCount annotated="0" total="0"/>
        <lexeme order="1" headword="false" breakBefore="false" POS="A" name="ritualistic"/>
    </lexUnit>
    <lexUnit status="Created" POS="A" name="habitual.a" ID="6731" lemmaID="17168" cBy="JKR" cDate="07/24/2002 11:37:47 PDT Wed">
        <definition>COD: done constantly or as a habit. </definition>
        <sentenceCount annotated="0" total="0"/>
        <lexeme order="1" headword="false" breakBefore="false" POS="A" name="habitual"/>
    </lexUnit>
    <lexUnit status="Finished_Initial" POS="A" name="customary.a" ID="6732" lemmaID="9353" cBy="JKR" cDate="07/24/2002 11:38:19 PDT Wed">
        <definition>COD: in accordance with custom; usual. </definition>
        <sentenceCount annotated="28" total="163"/>
        <lexeme order="1" headword="false" breakBefore="false" POS="A" name="customary"/>
    </lexUnit>
    <lexUnit status="Created" POS="ADV" name="traditionally.adv" ID="13489" lemmaID="40923" cBy="MJE" cDate="08/17/2006 01:50:45 PDT Thu">
        <definition>FN: (of an action) according to tradition.</definition>
        <sentenceCount annotated="3" total="3"/>
        <lexeme order="1" headword="false" breakBefore="false" POS="ADV" name="traditionally"/>
    </lexUnit>
    <lexUnit status="Created" POS="N" name="ways.n" ID="17313" lemmaID="43610" cBy="CVa" cDate="01/29/2013 07:16:59 PST Tue">
        <definition>FN: practices of a person or group of people</definition>
        <sentenceCount annotated="1" total="1"/>
        <lexeme order="1" headword="false" breakBefore="false" POS="N" name="ways"/>
    </lexUnit>
</frame>