<?xml version="1.0" encoding="UTF-8" standalone="yes"?>
<?xml-stylesheet type="text/xsl" href="frame.xsl"?>
<frame cBy="MJE" cDate="07/10/2002 06:18:42 PDT Wed" name="Daring" ID="374" xsi:schemaLocation="../schema/frame.xsd" xmlns="http://framenet.icsi.berkeley.edu" xmlns:xsi="http://www.w3.org/2001/XMLSchema-instance">
    <definition>&lt;def-root&gt;An &lt;fen&gt;Agent&lt;/fen&gt; performs some &lt;fen&gt;Action&lt;/fen&gt; which is considered imprudent.  This frame is distinct from Attempt in that the danger that the &lt;fen&gt;Agent&lt;/fen&gt; puts themselves in by performing the &lt;fen&gt;Action&lt;/fen&gt; is profiled.  The danger is not spelled out, but generally the &lt;fen&gt;Action&lt;/fen&gt; has a possibility or likelihood of causing social or physical harm to the &lt;fen&gt;Agent&lt;/fen&gt;.

&lt;ex&gt;&lt;fex name="Agent"&gt;I&lt;/fex&gt; &lt;t&gt;risked&lt;/t&gt; &lt;fex name="Action"&gt;taking another look&lt;/fex&gt;.&lt;/ex&gt;
&lt;/def-root&gt;</definition>
    <FE bgColor="FF0000" fgColor="FFFFFF" coreType="Core" cBy="MJE" cDate="07/11/2002 05:25:07 PDT Thu" abbrev="age" name="Agent" ID="3356">
        <definition>&lt;def-root&gt;The individual that performs the &lt;fen&gt;Action&lt;/fen&gt;, resulting in danger to themself.

&lt;ex&gt;I do n't think &lt;fex name="age"&gt;you&lt;/fex&gt; should &lt;t&gt;hazard&lt;/t&gt; the ascent in the dark , that 's all .&lt;/ex&gt;&lt;/def-root&gt;</definition>
        <semType name="Sentient" ID="5"/>
    </FE>
    <FE bgColor="A52A2A" fgColor="FFFFFF" coreType="Core" cBy="MJE" cDate="07/11/2002 05:26:17 PDT Thu" abbrev="Act" name="Action" ID="3357">
        <definition>&lt;def-root&gt;This FE denotes the &lt;fen&gt;Action&lt;/fen&gt; taken by the &lt;fen&gt;Agent&lt;/fen&gt;.

&lt;ex&gt;&lt;fex name="Agent"&gt;I&lt;/fex&gt; &lt;t&gt;chanced&lt;/t&gt; &lt;fex name="Action"&gt;a peek at myself&lt;/fex&gt;.&lt;/ex&gt;&lt;/def-root&gt;</definition>
    </FE>
    <FE bgColor="800080" fgColor="FFFFFF" coreType="Peripheral" cBy="MJE" cDate="07/11/2002 07:01:18 PDT Thu" abbrev="Purp" name="Purpose" ID="3358">
        <definition>&lt;def-root&gt;The purpose for which the &lt;fen&gt;Action&lt;/fen&gt; is performed.
&lt;ex&gt;He &lt;t&gt;risked&lt;/t&gt; a look back &lt;fex name="Purpose"&gt;to check for pursuit&lt;/fex&gt;.&lt;/ex&gt;
&lt;/def-root&gt;</definition>
        <semType name="State_of_affairs" ID="177"/>
    </FE>
    <FE bgColor="7CCD7C" fgColor="FFFFFF" coreType="Extra-Thematic" cBy="MJE" cDate="07/11/2002 07:04:36 PDT Thu" abbrev="Exp" name="Explanation" ID="3359">
        <definition>&lt;def-root&gt;The &lt;fen&gt;Explanation&lt;/fen&gt; the &lt;fen&gt;Agent&lt;/fen&gt; takes the risk.
&lt;ex&gt;She &lt;t&gt;risked&lt;/t&gt; a disguise &lt;fex name="Explanation"&gt;since they already had a photo of her&lt;/fex&gt;.&lt;/ex&gt;
&lt;/def-root&gt;</definition>
        <semType name="State_of_affairs" ID="177"/>
    </FE>
    <FE bgColor="FFA500" fgColor="FFFFFF" coreType="Peripheral" cBy="MJE" cDate="01/24/2006 06:17:49 PST Tue" abbrev="tim" name="Time" ID="9881">
        <definition>&lt;def-root&gt;The time at which the &lt;fen&gt;Agent&lt;/fen&gt; dares to perform the &lt;fen&gt;Action&lt;/fen&gt;.

&lt;ex&gt;&lt;fex name="Time"&gt;At dawn&lt;/fex&gt;, the Captain &lt;t&gt;chanced&lt;/t&gt; opening the hatch.&lt;/ex&gt;&lt;/def-root&gt;</definition>
        <semType name="Time" ID="141"/>
    </FE>
    <FE bgColor="0000FF" fgColor="FFFFFF" coreType="Peripheral" cBy="MJE" cDate="01/24/2006 06:19:39 PST Tue" abbrev="pla" name="Place" ID="9882">
        <definition>&lt;def-root&gt;The location where the &lt;fen&gt;Agent&lt;/fen&gt; risks doing the &lt;fen&gt;Action&lt;/fen&gt;.

&lt;ex&gt;&lt;fex name="Place"&gt;Back in his room&lt;/fex&gt;, he &lt;t&gt;risked&lt;/t&gt; peeking inside.&lt;/ex&gt;&lt;/def-root&gt;</definition>
        <semType name="Locative_relation" ID="182"/>
    </FE>
    <FE bgColor="00BFFF" fgColor="FFFFFF" coreType="Peripheral" cBy="MJE" cDate="01/24/2006 06:27:42 PST Tue" abbrev="man" name="Manner" ID="9883">
        <definition>&lt;def-root&gt;Any description of the risking action which is not covered by more specific FEs, including secondary effects (&lt;ment&gt;quietly, loudly&lt;/ment&gt;), and general descriptions comparing events (&lt;ment&gt;the same way&lt;/ment&gt;). In addition, it may indicate salient characteristics of an &lt;fen&gt;Agent&lt;/fen&gt; that also affect the action (&lt;ment&gt;presumptuously, coldly, deliberately, eagerly, carefully&lt;/ment&gt;). 

&lt;ex&gt;If you &lt;fex name="Manner"&gt;carelessly&lt;/fex&gt; &lt;t&gt;chance&lt;/t&gt; going back there, you deserve what you get.&lt;/ex&gt;

&lt;/def-root&gt;</definition>
        <semType name="Manner" ID="173"/>
    </FE>
    <frameRelation type="Inherits from">
        <relatedFrame ID="198">Intentionally_act</relatedFrame>
    </frameRelation>
    <frameRelation type="Is Inherited by"/>
    <frameRelation type="Perspective on"/>
    <frameRelation type="Is Perspectivized in"/>
    <frameRelation type="Uses"/>
    <frameRelation type="Is Used by"/>
    <frameRelation type="Subframe of"/>
    <frameRelation type="Has Subframe(s)"/>
    <frameRelation type="Precedes"/>
    <frameRelation type="Is Preceded by"/>
    <frameRelation type="Is Inchoative of"/>
    <frameRelation type="Is Causative of"/>
    <frameRelation type="See also"/>
    <lexUnit status="Finished_Initial" POS="V" name="chance.v" ID="6560" lemmaID="6029" cBy="MJE" cDate="07/10/2002 06:20:20 PDT Wed">
        <definition>COD: risk. </definition>
        <sentenceCount annotated="6" total="48"/>
        <lexeme order="1" headword="false" breakBefore="false" POS="V" name="chance"/>
    </lexUnit>
    <lexUnit status="Finished_Initial" POS="V" name="hazard.v" ID="6561" lemmaID="17607" cBy="MJE" cDate="07/10/2002 06:20:55 PDT Wed">
        <definition>COD: risk to chance. </definition>
        <sentenceCount annotated="6" total="76"/>
        <lexeme order="1" headword="false" breakBefore="false" POS="V" name="hazard"/>
    </lexUnit>
    <lexUnit status="Finished_Initial" POS="V" name="dare.v" ID="6562" lemmaID="9567" cBy="MJE" cDate="07/10/2002 06:21:09 PDT Wed">
        <definition>COD: take the risk of. </definition>
        <sentenceCount annotated="22" total="241"/>
        <lexeme order="1" headword="false" breakBefore="false" POS="V" name="dare"/>
    </lexUnit>
    <lexUnit status="Finished_Initial" POS="V" name="venture.v" ID="6563" lemmaID="42842" cBy="MJE" cDate="07/10/2002 06:21:32 PDT Wed">
        <definition>COD: undertake a risky or daring journey or course of action. </definition>
        <sentenceCount annotated="11" total="116"/>
        <lexeme order="1" headword="false" breakBefore="false" POS="V" name="venture"/>
    </lexUnit>
    <lexUnit status="Finished_Initial" POS="V" name="risk.v" ID="6564" lemmaID="33342" cBy="MJE" cDate="07/10/2002 06:21:53 PDT Wed">
        <definition>COD: act in such a way as to incur the risk of. </definition>
        <sentenceCount annotated="19" total="218"/>
        <lexeme order="1" headword="false" breakBefore="false" POS="V" name="risk"/>
    </lexUnit>
    <lexUnit status="Created" POS="N" name="risk.n" ID="6565" lemmaID="33341" cBy="MJE" cDate="07/10/2002 06:22:08 PDT Wed">
        <definition>COD: the possibility that something unpleasant will happen. </definition>
        <sentenceCount annotated="2" total="2"/>
        <lexeme order="1" headword="false" breakBefore="false" POS="N" name="risk"/>
    </lexUnit>
    <lexUnit status="Finished_Initial" POS="N" name="chance.n" ID="6566" lemmaID="6028" cBy="MJE" cDate="07/10/2002 06:22:52 PDT Wed">
        <definition>COD: a possibility of something happening. </definition>
        <sentenceCount annotated="7" total="7"/>
        <lexeme order="1" headword="false" breakBefore="false" POS="N" name="chance"/>
    </lexUnit>
    <lexUnit status="Created" POS="A" name="audacious.a" ID="17326" lemmaID="2336" cBy="MJE" cDate="02/12/2013 05:48:07 PST Tue">
        <definition>FN: having a propensity to risk, especially social censure.</definition>
        <sentenceCount annotated="0" total="0"/>
        <lexeme order="1" headword="false" breakBefore="false" POS="A" name="audacious"/>
        <semType name="Tendency_grading_LU" ID="91"/>
    </lexUnit>
    <lexUnit status="Created" POS="N" name="audacity.n" ID="17330" lemmaID="2338" cBy="CVa" cDate="02/19/2013 04:08:11 PST Tue">
        <definition>FN: the inclination to take risks</definition>
        <sentenceCount annotated="0" total="0"/>
        <lexeme order="1" headword="false" breakBefore="false" POS="N" name="audacity"/>
        <semType name="Tendency_grading_LU" ID="91"/>
    </lexUnit>
    <lexUnit status="Created" POS="N" name="audaciousness.n" ID="17331" lemmaID="51623" cBy="CVa" cDate="02/19/2013 04:09:24 PST Tue">
        <definition>FN: the inclination to take risks</definition>
        <sentenceCount annotated="1" total="1"/>
        <lexeme order="1" headword="true" breakBefore="false" POS="N" name="audaciousness"/>
    </lexUnit>
</frame>