<?xml version="1.0" encoding="UTF-8" standalone="yes"?>
<?xml-stylesheet type="text/xsl" href="frame.xsl"?>
<frame cBy="MRLP" cDate="12/24/2004 01:12:38 PST Fri" name="Dodging" ID="1303" xsi:schemaLocation="../schema/frame.xsd" xmlns="http://framenet.icsi.berkeley.edu" xmlns:xsi="http://www.w3.org/2001/XMLSchema-instance">
    <definition>&lt;def-root&gt;A &lt;fen&gt;Dodger&lt;/fen&gt; acts to avoid an oncoming moving &lt;fen&gt;Bad_entity&lt;/fen&gt;.
&lt;ex&gt;&lt;fex name="Dodger"&gt;Mo&lt;/fex&gt; &lt;t&gt;dodged&lt;/t&gt; &lt;fex name="Bad_entity"&gt; the flower pot that Larry threw in disgust&lt;/fex&gt;.&lt;/ex&gt;

The motion is relative, since the &lt;fen&gt;Dodger&lt;/fen&gt; may be moving.
&lt;ex&gt;Jogging through the dense woods, &lt;fex name="Dodger"&gt;Mo&lt;/fex&gt; &lt;t&gt;dodged&lt;/t&gt; &lt;fex name="Bad_entity"&gt;the low branches&lt;/fex&gt; .&lt;/ex&gt;&lt;/def-root&gt;</definition>
    <FE bgColor="FF0000" fgColor="FFFFFF" coreType="Core" cBy="MRLP" cDate="12/24/2004 01:26:58 PST Fri" abbrev="Dod" name="Dodger" ID="7383">
        <definition>&lt;def-root&gt;The &lt;fen&gt;Dodger&lt;/fen&gt; acts to avoid an oncoming &lt;fen&gt;Bad_entity&lt;/fen&gt;.

&lt;ex&gt;&lt;fex name="Dodger"&gt;Mo&lt;/fex&gt; &lt;t&gt;dodged&lt;/t&gt; the flower pot that Larry threw in disgust.&lt;/ex&gt;&lt;/def-root&gt;</definition>
        <semType name="Sentient" ID="5"/>
    </FE>
    <FE bgColor="0000FF" fgColor="FFFFFF" coreType="Core" cBy="MRLP" cDate="12/24/2004 01:32:01 PST Fri" abbrev="Bad" name="Bad_entity" ID="7384">
        <definition>&lt;def-root&gt;The &lt;fen&gt;Bad_entity&lt;/fen&gt; is  the oncoming entity to avoid.

&lt;ex&gt;Mo &lt;t&gt;dodged&lt;/t&gt; &lt;fex name="Bad_entity"&gt; the flower pot that Larry threw in disgust&lt;/fex&gt;.&lt;/ex&gt;&lt;/def-root&gt;</definition>
    </FE>
    <FE bgColor="FF69B4" fgColor="FFFFFF" coreType="Peripheral" cBy="MRLP" cDate="12/26/2004 03:31:01 PST Sun" abbrev="Deg" name="Degree" ID="7387">
        <definition>&lt;def-root&gt;This FE identifies the &lt;fen&gt;Degree&lt;/fen&gt; to which the dodging occurs.

&lt;ex&gt;He &lt;t&gt;sidestepped&lt;/t&gt; &lt;fex name="Degree"&gt;just enough&lt;/fex&gt; to soften the blow.&lt;/ex&gt;&lt;/def-root&gt;</definition>
        <semType name="Degree" ID="172"/>
    </FE>
    <FE bgColor="FF00FF" fgColor="FFFFFF" coreType="Peripheral" cBy="MRLP" cDate="12/26/2004 03:34:08 PST Sun" abbrev="" name="Manner" ID="7388">
        <definition>&lt;def-root&gt;This FE identifies the &lt;fen&gt;Manner&lt;/fen&gt; in which the dodging occurs.
&lt;/def-root&gt;</definition>
        <semType name="Manner" ID="173"/>
    </FE>
    <FE bgColor="008000" fgColor="FFFFFF" coreType="Peripheral" cBy="MRLP" cDate="12/26/2004 03:36:09 PST Sun" abbrev="" name="Place" ID="7389">
        <definition>&lt;def-root&gt;This FE identifies the &lt;fen&gt;Place&lt;/fen&gt; where the dodging occurs.&lt;/def-root&gt;</definition>
        <semType name="Locative_relation" ID="182"/>
    </FE>
    <FE bgColor="FFA500" fgColor="FFFFFF" coreType="Peripheral" cBy="MRLP" cDate="12/26/2004 03:37:17 PST Sun" abbrev="" name="Time" ID="7390">
        <definition>&lt;def-root&gt;This FE identifies the &lt;fen&gt;Time&lt;/fen&gt; at which the dodging occurs.&lt;/def-root&gt;</definition>
        <semType name="Time" ID="141"/>
    </FE>
    <FE bgColor="800080" fgColor="FFFFFF" coreType="Peripheral" cBy="MRLP" cDate="12/26/2004 03:39:01 PST Sun" abbrev="Purp" name="Purpose" ID="7391">
        <definition>&lt;def-root&gt;This FE identifies the &lt;fen&gt;Purpose&lt;/fen&gt; for which the dodging occurs.

&lt;ex&gt;He &lt;t&gt;sidestepped&lt;/t&gt; just enough &lt;fex name="Purp"&gt;to soften the blow&lt;/fex&gt;.&lt;/ex&gt;&lt;/def-root&gt;</definition>
        <semType name="State_of_affairs" ID="177"/>
    </FE>
    <FE bgColor="9F79EE" fgColor="FFFFFF" coreType="Extra-Thematic" cBy="MRLP" cDate="12/26/2004 03:41:21 PST Sun" abbrev="Exp" name="Explanation" ID="7392">
        <definition>&lt;def-root&gt;This FE identifies the  &lt;fen&gt;Explanation&lt;/fen&gt; for which the dodging occurs.
&lt;/def-root&gt;</definition>
        <semType name="State_of_affairs" ID="177"/>
    </FE>
    <FE bgColor="A52A2A" fgColor="FFFFFF" coreType="Peripheral" cBy="MRLP" cDate="12/26/2004 03:54:34 PST Sun" abbrev="" name="Means" ID="7396">
        <definition>&lt;def-root&gt;This FE identifies the &lt;fen&gt;Means&lt;/fen&gt; by which the dodging occurs.&lt;/def-root&gt;</definition>
        <semType name="State_of_affairs" ID="177"/>
    </FE>
    <frameRelation type="Inherits from">
        <relatedFrame ID="274">Avoiding</relatedFrame>
    </frameRelation>
    <frameRelation type="Is Inherited by"/>
    <frameRelation type="Perspective on"/>
    <frameRelation type="Is Perspectivized in"/>
    <frameRelation type="Uses"/>
    <frameRelation type="Is Used by"/>
    <frameRelation type="Subframe of"/>
    <frameRelation type="Has Subframe(s)"/>
    <frameRelation type="Precedes"/>
    <frameRelation type="Is Preceded by"/>
    <frameRelation type="Is Inchoative of"/>
    <frameRelation type="Is Causative of"/>
    <frameRelation type="See also"/>
    <lexUnit status="Finished_Initial" POS="V" name="dodge.v" ID="11486" lemmaID="11381" cBy="MRLP" cDate="12/27/2004 08:01:54 PST Mon">
        <definition>COD: avoid by a sudden quick movement</definition>
        <sentenceCount annotated="20" total="271"/>
        <lexeme order="1" headword="false" breakBefore="false" POS="V" name="dodge"/>
    </lexUnit>
    <lexUnit status="Insufficient_Attestations" POS="N" name="dodge.n" ID="11487" lemmaID="11380" cBy="MRLP" cDate="12/27/2004 08:05:10 PST Mon">
        <definition>COD: an instance of dodging</definition>
        <sentenceCount annotated="0" total="0"/>
        <lexeme order="1" headword="false" breakBefore="false" POS="N" name="dodge"/>
    </lexUnit>
    <lexUnit status="Insufficient_Attestations" POS="N" name="sidestep.n" ID="11491" lemmaID="35828" cBy="MRLP" cDate="01/04/2005 04:53:36 PST Tue">
        <definition>FN: the act of moving to one side in order to avoid an entity</definition>
        <sentenceCount annotated="0" total="9"/>
        <lexeme order="1" headword="false" breakBefore="false" POS="N" name="sidestep"/>
    </lexUnit>
    <lexUnit status="Created" POS="V" name="sidestep.v" ID="11492" lemmaID="35827" cBy="MRLP" cDate="01/04/2005 04:54:23 PST Tue">
        <definition>COD: avoid by stepping sideways</definition>
        <sentenceCount annotated="5" total="79"/>
        <lexeme order="1" headword="false" breakBefore="false" POS="V" name="sidestep"/>
    </lexUnit>
</frame>