<?xml version="1.0" encoding="UTF-8" standalone="yes"?>
<?xml-stylesheet type="text/xsl" href="frame.xsl"?>
<frame cBy="ACW" cDate="06/19/2002 04:41:53 PDT Wed" name="Emitting" ID="359" xsi:schemaLocation="../schema/frame.xsd" xmlns="http://framenet.icsi.berkeley.edu" xmlns:xsi="http://www.w3.org/2001/XMLSchema-instance">
    <definition>&lt;def-root&gt;In this frame a &lt;fen&gt;Source_emitter&lt;/fen&gt; discharges its &lt;fen&gt;Emission&lt;/fen&gt; along a &lt;fen&gt;Path&lt;/fen&gt; or to a &lt;fen&gt;Goal&lt;/fen&gt;. 
&lt;ex&gt; (1) &lt;fex name="Source_emitter"&gt;The factory&lt;/fex&gt; &lt;t&gt;exudes&lt;/t&gt; &lt;fex name="Emission"&gt;toxic fumes&lt;/fex&gt; &lt;fex name="Sub-source"&gt;from three large chimneys&lt;/fex&gt;.&lt;/ex&gt; 
The &lt;fen&gt;Sub-source&lt;/fen&gt; is only present when the actual &lt;fen&gt;Source_emitter&lt;/fen&gt; is also given or is present in a possessive. 
&lt;ex&gt; (2) &lt;fex name="Emission"&gt;Light&lt;/fex&gt; is &lt;t&gt;emitted&lt;/t&gt; &lt;fex name="Source_emitter"&gt; from the tower&lt;/fex&gt; . &lt;/ex&gt; 
&lt;ex&gt; (3) &lt;fex name="Emission"&gt;Noxious odors&lt;/fex&gt; are &lt;t&gt;emitted&lt;/t&gt; &lt;fex name="Sub-source"&gt;from his feet&lt;/fex&gt; . &lt;/ex&gt; 
In (3) we would tag 'his' as &lt;fen&gt;Source_emitter&lt;/fen&gt; on a second layer because the inalienable possession on the &lt;fen&gt;Sub-source&lt;/fen&gt; indicates the &lt;fen&gt;Source_emitter&lt;/fen&gt;&lt;/def-root&gt;</definition>
    <FE bgColor="FF00FF" fgColor="FFFFFF" coreType="Peripheral" cBy="ACW" cDate="06/19/2002 04:43:07 PDT Wed" abbrev="Mnr" name="Manner" ID="3135">
        <definition>&lt;def-root&gt;This FE identifies the &lt;fen&gt;Manner&lt;/fen&gt; in which  the &lt;fen&gt;Source_emitter&lt;/fen&gt; emits the &lt;fen&gt;Emission&lt;/fen&gt;&lt;/def-root&gt;</definition>
        <semType name="Manner" ID="173"/>
    </FE>
    <FE bgColor="FFA500" fgColor="FFFFFF" coreType="Peripheral" cBy="ACW" cDate="06/19/2002 04:43:10 PDT Wed" abbrev="Time" name="Time" ID="3137">
        <definition>&lt;def-root&gt;This FE identifies the &lt;fen&gt;Time&lt;/fen&gt; when  the &lt;fen&gt;Source_emitter&lt;/fen&gt; emits the &lt;fen&gt;Emission&lt;/fen&gt;.&lt;/def-root&gt;</definition>
        <semType name="Time" ID="141"/>
    </FE>
    <FE bgColor="FF0000" fgColor="FFFFFF" coreType="Core" cBy="ACW" cDate="06/19/2002 04:43:56 PDT Wed" abbrev="Source_e" name="Source_emitter" ID="3138">
        <definition>&lt;def-root&gt;The &lt;fen&gt;Source_emitter&lt;/fen&gt; is the item  from which the &lt;fen&gt;Emission&lt;/fen&gt; are discharged.&lt;/def-root&gt;</definition>
    </FE>
    <FE bgColor="00008B" fgColor="FFFFFF" coreType="Core" cBy="ACW" cDate="06/19/2002 04:44:28 PDT Wed" abbrev="Emission" name="Emission" ID="3139">
        <definition>&lt;def-root&gt;The &lt;fen&gt;Emission&lt;/fen&gt;s are discharged out of the &lt;fen&gt;Source_emitter&lt;/fen&gt; .&lt;/def-root&gt;</definition>
    </FE>
    <FE bgColor="FFD700" fgColor="FF0000" coreType="Peripheral" cBy="ACW" cDate="06/19/2002 04:51:20 PDT Wed" abbrev="Area" name="Area" ID="3140">
        <definition>&lt;def-root&gt;The &lt;fen&gt;Area&lt;/fen&gt; is used for expressions which describe a general area in which emission takes place when the motion is understood to be irregular or not to consist of a single, linear path. &lt;/def-root&gt;</definition>
    </FE>
    <FE bgColor="FF69B4" fgColor="FFFFFF" coreType="Peripheral" cBy="ACW" cDate="06/19/2002 04:51:20 PDT Wed" abbrev="Degr" name="Degree" ID="3141">
        <definition>&lt;def-root&gt;&lt;fen&gt;Degree&lt;/fen&gt; to which emission occurs&lt;/def-root&gt;</definition>
        <semType name="Degree" ID="172"/>
    </FE>
    <FE bgColor="EEE8AA" fgColor="FF0000" coreType="Extra-Thematic" cBy="ACW" cDate="06/19/2002 04:51:20 PDT Wed" abbrev="Dep" name="Depictive" ID="3142">
        <definition>&lt;def-root&gt;Depictive phrase describing the the state of the &lt;fen&gt;Emission&lt;/fen&gt; or &lt;fen&gt;Source_emitter&lt;/fen&gt;.&lt;/def-root&gt;</definition>
    </FE>
    <FE bgColor="FFFF00" fgColor="006400" coreType="Peripheral" cBy="ACW" cDate="06/19/2002 04:51:20 PDT Wed" abbrev="Dist" name="Distance" ID="3143">
        <definition>&lt;def-root&gt;This FE is an expression characterizing the extent of motion of the &lt;fen&gt;Emission&lt;/fen&gt;&lt;/def-root&gt;</definition>
    </FE>
    <FE bgColor="00BFFF" fgColor="FFFFFF" coreType="Peripheral" cBy="ACW" cDate="06/19/2002 04:51:20 PDT Wed" abbrev="Goal" name="Goal" ID="3144">
        <definition>&lt;def-root&gt;This FE is the point at which the &lt;fen&gt;Emission&lt;/fen&gt; ends up as a result of the motion. &lt;/def-root&gt;</definition>
        <semType name="Goal" ID="153"/>
    </FE>
    <FE bgColor="A9A9A9" fgColor="FFFFFF" coreType="Peripheral" cBy="ACW" cDate="06/19/2002 04:52:22 PDT Wed" abbrev="Mns" name="Means" ID="3145">
        <definition>&lt;def-root&gt;The &lt;fen&gt;Means&lt;/fen&gt; by which the &lt;fen&gt;Source_emitter&lt;/fen&gt; emits.&lt;/def-root&gt;</definition>
        <semType name="State_of_affairs" ID="177"/>
    </FE>
    <FE bgColor="0000FF" fgColor="FFFFFF" coreType="Peripheral" cBy="ACW" cDate="06/19/2002 04:52:22 PDT Wed" abbrev="Path" name="Path" ID="3146">
        <definition>&lt;def-root&gt;This FE is a description of a trajectory of motion which is neither a &lt;fen&gt;Source_emitter&lt;/fen&gt; or &lt;fen&gt;Sub_source&lt;/fen&gt; nor &lt;fen&gt;Goal&lt;/fen&gt;. &lt;/def-root&gt;</definition>
    </FE>
    <FE bgColor="A52A2A" fgColor="FFFFFF" coreType="Extra-Thematic" cBy="ACW" cDate="06/24/2002 09:10:37 PDT Mon" abbrev="sub-" name="Sub-source" ID="3166">
        <definition>&lt;def-root&gt;The &lt;fen&gt;Sub-source&lt;/fen&gt; is the subregion of the &lt;fen&gt;Source_emitter&lt;/fen&gt; which emits the &lt;fen&gt;Emission&lt;/fen&gt;.&lt;/def-root&gt;</definition>
    </FE>
    <FE bgColor="00BFFF" fgColor="FFFFFF" coreType="Peripheral" cBy="ACW" cDate="06/24/2002 11:30:21 PDT Mon" abbrev="Spd" name="Speed" ID="3168">
        <definition>&lt;def-root&gt;The rate at which emission occurs.&lt;/def-root&gt;</definition>
        <semType name="Speed" ID="234"/>
    </FE>
    <FE bgColor="800080" fgColor="FFFFFF" coreType="Extra-Thematic" cBy="ACW" cDate="06/24/2002 11:31:12 PDT Mon" abbrev="Exp" name="Explanation" ID="3169">
        <definition>&lt;def-root&gt;The &lt;fex name="Explanation"&gt;Explanation&lt;/fex&gt; for which  the &lt;fen&gt;Source_emitter&lt;/fen&gt; emits the &lt;fen&gt;Emission&lt;/fen&gt;&lt;/def-root&gt;</definition>
        <semType name="State_of_affairs" ID="177"/>
    </FE>
    <FE bgColor="FFFF00" fgColor="000000" coreType="Peripheral" cBy="ACW" cDate="06/24/2002 11:33:50 PDT Mon" abbrev="Dur" name="Duration" ID="3171">
        <definition>&lt;def-root&gt;The amount of time for which the &lt;fen&gt;Source_emitter&lt;/fen&gt; emits the &lt;fen&gt;Emission&lt;/fen&gt;.&lt;/def-root&gt;</definition>
        <semType name="Duration" ID="142"/>
    </FE>
    <FE bgColor="008000" fgColor="FFFFFF" coreType="Peripheral" cBy="ACW" cDate="06/24/2002 11:33:50 PDT Mon" abbrev="Car" name="Carrier" ID="3172">
        <definition>&lt;def-root&gt;This is the means of conveyance of the &lt;fen&gt;Emission&lt;/fen&gt;. &lt;ex&gt; &lt;fex name="Emission"&gt;The acorn seeds&lt;/fex&gt; are &lt;t&gt;excreted&lt;/t&gt; &lt;fex name="Carrier"&gt;in the feces of squirrels&lt;/fex&gt; . &lt;/ex&gt;&lt;/def-root&gt;</definition>
    </FE>
    <FE bgColor="9400D3" fgColor="FFFFFF" coreType="Extra-Thematic" cBy="ACW" cDate="06/24/2002 03:44:17 PDT Mon" abbrev="Form" name="Form" ID="3197">
        <definition>&lt;def-root&gt;The &lt;fen&gt;Form&lt;/fen&gt; is the state in which the &lt;fen&gt;Emission&lt;/fen&gt; is emitted. &lt;ex&gt; &lt;fex name="Emission"&gt; The signal &lt;/fex&gt; is &lt;t&gt;emitted&lt;/t&gt; &lt;fex name="Form"&gt;as radio waves&lt;/fex&gt; . &lt;/ex&gt;&lt;/def-root&gt;</definition>
    </FE>
    <frameRelation type="Inherits from"/>
    <frameRelation type="Is Inherited by"/>
    <frameRelation type="Perspective on"/>
    <frameRelation type="Is Perspectivized in"/>
    <frameRelation type="Uses"/>
    <frameRelation type="Is Used by"/>
    <frameRelation type="Subframe of"/>
    <frameRelation type="Has Subframe(s)"/>
    <frameRelation type="Precedes"/>
    <frameRelation type="Is Preceded by"/>
    <frameRelation type="Is Inchoative of"/>
    <frameRelation type="Is Causative of">
        <relatedFrame ID="361">Emanating</relatedFrame>
    </frameRelation>
    <frameRelation type="See also"/>
    <lexUnit status="Finished_Initial" POS="V" name="exude.v" ID="6218" lemmaID="13712" cBy="ACW" cDate="06/19/2002 04:58:50 PDT Wed">
        <definition>COD: (with reference to moisture or a smell) discharge slowly and steadily.</definition>
        <sentenceCount annotated="13" total="82"/>
        <lexeme order="1" headword="false" breakBefore="false" POS="V" name="exude"/>
    </lexUnit>
    <lexUnit status="Finished_Initial" POS="V" name="emit.v" ID="6233" lemmaID="12599" cBy="ACW" cDate="06/24/2002 09:42:21 PDT Mon">
        <definition>COD: discharge; send forth or give out.</definition>
        <sentenceCount annotated="42" total="207"/>
        <lexeme order="1" headword="false" breakBefore="false" POS="V" name="emit"/>
    </lexUnit>
    <lexUnit status="Finished_Initial" POS="V" name="discharge.v" ID="6234" lemmaID="10841" cBy="ACW" cDate="06/24/2002 12:04:19 PDT Mon">
        <definition>COD: emit or send out (a liquid, gas, or other substance). </definition>
        <sentenceCount annotated="31" total="310"/>
        <lexeme order="1" headword="false" breakBefore="false" POS="V" name="discharge"/>
    </lexUnit>
    <lexUnit status="Finished_Initial" POS="V" name="radiate.v" ID="6235" lemmaID="31650" cBy="ACW" cDate="06/24/2002 12:24:15 PDT Mon">
        <definition>COD: emit (light, heat, or other energy) in the form of rays or waves. </definition>
        <sentenceCount annotated="23" total="179"/>
        <lexeme order="1" headword="false" breakBefore="false" POS="V" name="radiate"/>
    </lexUnit>
    <lexUnit status="Finished_Initial" POS="V" name="secrete.v" ID="6237" lemmaID="34784" cBy="ACW" cDate="06/24/2002 02:30:55 PDT Mon">
        <definition>COD: (of a cell, gland, or organ) produce by secretion</definition>
        <sentenceCount annotated="49" total="152"/>
        <lexeme order="1" headword="false" breakBefore="false" POS="V" name="secrete"/>
    </lexUnit>
    <lexUnit status="Finished_Initial" POS="V" name="exhale.v" ID="6239" lemmaID="13442" cBy="ACW" cDate="06/24/2002 02:51:38 PDT Mon">
        <definition>COD: give off (vapour or fumes).</definition>
        <sentenceCount annotated="15" total="82"/>
        <lexeme order="1" headword="false" breakBefore="false" POS="V" name="exhale"/>
    </lexUnit>
    <lexUnit status="Created" POS="V" name="give off.v" ID="6241" lemmaID="45771" cBy="ACW" cDate="06/24/2002 02:58:07 PDT Mon">
        <definition>FN: to emit</definition>
        <sentenceCount annotated="0" total="0"/>
        <lexeme order="1" headword="true" breakBefore="false" POS="V" name="give"/>
        <lexeme order="2" headword="false" breakBefore="false" POS="ADV" name="off"/>
    </lexUnit>
    <lexUnit status="Finished_Initial" POS="V" name="excrete.v" ID="6242" lemmaID="13402" cBy="ACW" cDate="06/24/2002 03:00:33 PDT Mon">
        <definition>COD: (of a living organism) separate and expel as waste (a substance, especially a product of metabolism)</definition>
        <sentenceCount annotated="21" total="88"/>
        <lexeme order="1" headword="false" breakBefore="false" POS="V" name="excrete"/>
    </lexUnit>
    <lexUnit status="Finished_Initial" POS="V" name="void.v" ID="6243" lemmaID="43206" cBy="ACW" cDate="06/24/2002 03:05:05 PDT Mon">
        <definition>COD: discharge or drain away (water, gases, etc.)</definition>
        <sentenceCount annotated="5" total="33"/>
        <lexeme order="1" headword="false" breakBefore="false" POS="V" name="void"/>
    </lexUnit>
    <lexUnit status="Created" POS="V" name="emanate.v" ID="17533" lemmaID="45772" cBy="CVa" cDate="07/07/2014 12:15:14 PDT Mon">
        <definition>FN: to give out or emit something</definition>
        <sentenceCount annotated="0" total="0"/>
        <lexeme order="1" headword="false" breakBefore="false" POS="V" name="emanate"/>
    </lexUnit>
</frame>