<?xml version="1.0" encoding="UTF-8" standalone="yes"?>
<?xml-stylesheet type="text/xsl" href="frame.xsl"?>
<frame cBy="ChW" cDate="02/07/2001 04:12:06 PST Wed" name="Emotion_active" ID="45" xsi:schemaLocation="../schema/frame.xsd" xmlns="http://framenet.icsi.berkeley.edu" xmlns:xsi="http://www.w3.org/2001/XMLSchema-instance">
    <definition>&lt;def-root&gt;This frame has similarities to Experiencer_subject, but here the verbs are more 'active' in meaning. (For example, they often occur in negative imperatives, e.g. "Don't worry!'').  They also differ from Experiencer_subject verbs in that they occur with &lt;fen&gt;Topic&lt;/fen&gt; expressions and  can be used in the present progressive: 
&lt;ex&gt;Pat is still &lt;t&gt;worrying&lt;/t&gt; &lt;fex name="Topic"&gt;about the exam&lt;/fex&gt;.&lt;/ex&gt; 
&lt;ment&gt;*Pat is fearing the exam.&lt;/ment&gt;
This frame can be thought of as a blend of a basic emotion frame with Cogitation. &lt;/def-root&gt;</definition>
    <FE bgColor="800080" fgColor="FFFFFF" coreType="Core" cBy="ChW" cDate="02/07/2001 04:12:06 PST Wed" abbrev="Exp" name="Experiencer" ID="192">
        <definition>&lt;def-root&gt;The FE &lt;fen&gt;Experiencer&lt;/fen&gt; indicates the one who is actively expressing emotion over the &lt;fen&gt;Topic&lt;/fen&gt;.  It usually occurs as the subject of the verb.

&lt;ex&gt;&lt;fex name="Experiencer"&gt;Kim&lt;/fex&gt; &lt;t&gt;worried&lt;/t&gt; about the phone bill.&lt;/ex&gt;
&lt;ex&gt;He &lt;t&gt;worries&lt;/t&gt; a great deal about the house.&lt;/ex&gt;&lt;/def-root&gt;</definition>
        <semType name="Sentient" ID="5"/>
    </FE>
    <FE bgColor="FFA500" fgColor="FFFFFF" coreType="Core" cBy="ChW" cDate="02/07/2001 04:12:06 PST Wed" abbrev="Top" name="Topic" ID="193">
        <definition>&lt;def-root&gt;The Experiencer's emotion generally is about something.  This is indicated with a &lt;fen&gt;Topic&lt;/fen&gt; which usually occurs in a PP-Complement.

&lt;ex&gt;Kim &lt;t&gt;fretted&lt;/t&gt; &lt;fex name="Top"&gt;over the exam&lt;/fex&gt;.&lt;/ex&gt;
&lt;ex&gt;He &lt;t&gt;worries&lt;/t&gt; a great deal &lt;fex name="Top"&gt;about the house&lt;/fex&gt;.&lt;/ex&gt;
&lt;/def-root&gt;</definition>
    </FE>
    <FE bgColor="FF69B4" fgColor="FFFFFF" coreType="Peripheral" cBy="MJE" cDate="09/18/2001 06:20:42 PDT Tue" abbrev="Degr" name="Degree" ID="1989">
        <definition>&lt;def-root&gt;The FE &lt;fen&gt;Degree&lt;/fen&gt; indicates the degree to which the &lt;fen&gt;Experiencer&lt;/fen&gt; expresses the emotion.

&lt;ex&gt;He &lt;t&gt;worries&lt;/t&gt; &lt;fex name="Degr"&gt;a great deal&lt;/fex&gt; about the house.&lt;/ex&gt;&lt;/def-root&gt;</definition>
        <semType name="Degree" ID="172"/>
    </FE>
    <FE bgColor="FF00FF" fgColor="FFFFFF" coreType="Peripheral" cBy="MJE" cDate="09/18/2001 06:20:42 PDT Tue" abbrev="Manr" name="Manner" ID="1990">
        <definition>&lt;def-root&gt;The FE &lt;fen&gt;Manner&lt;/fen&gt; indicates the manner in which the active emotion is expressed.

&lt;ex&gt;I &lt;t&gt;fretted&lt;/t&gt; &lt;fex name="Manr"&gt;endlessly&lt;/fex&gt; about the work that was needed to co-ordinate it all.&lt;/ex&gt;&lt;/def-root&gt;</definition>
        <semType name="Manner" ID="173"/>
    </FE>
    <FE bgColor="808080" fgColor="FFFFFF" coreType="Extra-Thematic" cBy="MJE" cDate="09/18/2001 06:20:42 PDT Tue" abbrev="Result" name="Result" ID="1991">
        <definition>&lt;def-root&gt;The FE &lt;fen&gt;Result&lt;/fen&gt; indicates what happens due to the &lt;fen&gt;Experiencer&lt;/fen&gt; actively expressing emotion.

&lt;ex&gt;She was &lt;t&gt;worrying&lt;/t&gt; herself &lt;fex name="Result"&gt;sick&lt;/fex&gt; about Biggles.&lt;/ex&gt;&lt;/def-root&gt;</definition>
    </FE>
    <FE bgColor="00BFFF" fgColor="FFFFFF" coreType="Peripheral" cBy="MJE" cDate="11/30/2005 05:09:47 PST Wed" abbrev="mea" name="Means" ID="9483">
        <definition>&lt;def-root&gt;An action performed by the &lt;fen&gt;Experiencer&lt;/fen&gt; which brings about the active emotion.

&lt;ex&gt;Although she tried to distract me over that week, I still worried about them &lt;fex name="mea"&gt;by noticing all the little things that they left behind&lt;/fex&gt; .&lt;/ex&gt;&lt;/def-root&gt;</definition>
        <semType name="Human_act" ID="69"/>
    </FE>
    <frameRelation type="Inherits from">
        <relatedFrame ID="22">Cogitation</relatedFrame>
    </frameRelation>
    <frameRelation type="Is Inherited by"/>
    <frameRelation type="Perspective on"/>
    <frameRelation type="Is Perspectivized in"/>
    <frameRelation type="Uses">
        <relatedFrame ID="1712">Emotions</relatedFrame>
    </frameRelation>
    <frameRelation type="Is Used by"/>
    <frameRelation type="Subframe of"/>
    <frameRelation type="Has Subframe(s)"/>
    <frameRelation type="Precedes"/>
    <frameRelation type="Is Preceded by"/>
    <frameRelation type="Is Inchoative of"/>
    <frameRelation type="Is Causative of"/>
    <frameRelation type="See also"/>
    <lexUnit status="FN1_Sent" POS="V" name="fret.v" ID="766" lemmaID="15449" cBy="ChW" cDate="02/08/2001 01:28:40 PST Thu">
        <definition>COD: be constantly or visibly anxious. </definition>
        <sentenceCount annotated="32" total="168"/>
        <lexeme order="1" headword="false" breakBefore="false" POS="V" name="fret"/>
    </lexUnit>
    <lexUnit status="FN1_Sent" POS="V" name="fuss.v" ID="767" lemmaID="15753" cBy="ChW" cDate="02/08/2001 01:28:40 PST Thu">
        <definition>COD: show unnecessary or excessive concern about something. </definition>
        <sentenceCount annotated="5" total="140"/>
        <lexeme order="1" headword="false" breakBefore="false" POS="V" name="fuss"/>
    </lexUnit>
    <lexUnit status="FN1_Sent" POS="V" name="worry.v" ID="768" lemmaID="44514" cBy="ChW" cDate="02/08/2001 01:28:40 PST Thu">
        <definition>COD: feel or cause to feel troubled over actual or potential difficulties.</definition>
        <sentenceCount annotated="42" total="312"/>
        <lexeme order="1" headword="false" breakBefore="false" POS="V" name="worry"/>
    </lexUnit>
    <lexUnit status="Finished_Initial" POS="V" name="lose sleep.v" ID="5340" lemmaID="45571" cBy="MJE" cDate="03/28/2002 05:24:47 PST Thu">
        <definition>FN: worry to such an extent that one does not sleep sufficiently.</definition>
        <sentenceCount annotated="6" total="150"/>
        <lexeme order="1" headword="true" breakBefore="false" POS="V" name="lose"/>
        <lexeme order="2" headword="false" breakBefore="true" POS="N" name="sleep"/>
    </lexUnit>
    <lexUnit status="Finished_Initial" POS="V" name="agonize.v" ID="7260" lemmaID="825" cBy="ACW" cDate="08/16/2002 08:42:47 PDT Fri">
        <definition>COD: undergo great mental anguish through worrying over something. </definition>
        <sentenceCount annotated="8" total="103"/>
        <lexeme order="1" headword="false" breakBefore="false" POS="V" name="agonize"/>
    </lexUnit>
    <lexUnit status="Created" POS="V" name="obsess.v" ID="10180" lemmaID="26438" cBy="TRn" cDate="03/04/2004 01:37:52 PST Thu">
        <definition>FN: to be preoccupied continually or to a troubling extent.</definition>
        <sentenceCount annotated="0" total="0"/>
        <lexeme order="1" headword="false" breakBefore="false" POS="V" name="obsess"/>
    </lexUnit>
    <lexUnit status="Created" POS="N" name="obsession.n" ID="10382" lemmaID="26439" cBy="TRn" cDate="04/05/2004 02:20:07 PDT Mon">
        <definition>COD: the state of being obsessed.</definition>
        <sentenceCount annotated="1" total="1"/>
        <lexeme order="1" headword="false" breakBefore="false" POS="N" name="obsession"/>
    </lexUnit>
</frame>