<?xml version="1.0" encoding="UTF-8" standalone="yes"?>
<?xml-stylesheet type="text/xsl" href="frame.xsl"?>
<frame cBy="MJE" cDate="10/16/2003 02:20:41 PDT Thu" name="Employment_start" ID="870" xsi:schemaLocation="../schema/frame.xsd" xmlns="http://framenet.icsi.berkeley.edu" xmlns:xsi="http://www.w3.org/2001/XMLSchema-instance">
    <definition>&lt;def-root&gt;This is a non-perspectivized frame representing the initial stage of the Employment_scenario:  the formation of the employment relationship between the &lt;fen&gt;Employer&lt;/fen&gt; and the &lt;fen&gt;Employee&lt;/fen&gt;.&lt;/def-root&gt;</definition>
    <semType name="Non-Lexical Frame" ID="16"/>
    <semType name="Non-perspectivalized_frame" ID="52"/>
    <FE bgColor="0000FF" fgColor="FFFFFF" coreType="Core" cBy="MJE" cDate="10/16/2003 04:03:33 PDT Thu" abbrev="" name="Employee" ID="5582">
        <definition>&lt;def-root&gt;The person who enters an employment relationship with an &lt;fen&gt;Employer&lt;/fen&gt;, thereby obligating themself  to perform assigned  &lt;fen&gt;Task&lt;/fen&gt;s in order to receive &lt;fen&gt;Compensation&lt;/fen&gt; .&lt;/def-root&gt;</definition>
    </FE>
    <FE bgColor="FF0000" fgColor="FFFFFF" coreType="Core" cBy="MJE" cDate="10/16/2003 04:05:13 PDT Thu" abbrev="" name="Employer" ID="5585">
        <definition>&lt;def-root&gt;The person (or institution) that enters an employment relationship with an &lt;fen&gt;Employee&lt;/fen&gt;.&lt;/def-root&gt;</definition>
    </FE>
    <FE bgColor="9F79EE" fgColor="FFFFFF" coreType="Peripheral" cBy="MJE" cDate="10/16/2003 04:08:54 PDT Thu" abbrev="" name="Compensation" ID="5588">
        <definition>&lt;def-root&gt;&lt;fen&gt;Compensation&lt;/fen&gt; is the payment that the &lt;fen&gt;Employee&lt;/fen&gt; receives for performing assigned &lt;fen&gt;Task&lt;/fen&gt;s in the course of their employment.&lt;/def-root&gt;</definition>
    </FE>
    <FE bgColor="00BFFF" fgColor="FFFFFF" coreType="Peripheral" cBy="MJE" cDate="10/16/2003 04:13:21 PDT Thu" abbrev="" name="Field" ID="5594">
        <definition>&lt;def-root&gt;This FE identifies the &lt;fen&gt;Field&lt;/fen&gt; which the &lt;fen&gt;Employee&lt;/fen&gt; enters as they take up employment with the &lt;fen&gt;Employer&lt;/fen&gt;.&lt;/def-root&gt;</definition>
    </FE>
    <FE bgColor="FF69B4" fgColor="FFFFFF" coreType="Peripheral" cBy="MJE" cDate="10/16/2003 04:15:52 PDT Thu" abbrev="" name="Manner" ID="5597">
        <definition>&lt;def-root&gt;This FE identifies the &lt;fen&gt;Manner&lt;/fen&gt; in which the employment relationship between an &lt;fen&gt;Employer&lt;/fen&gt; and an &lt;fen&gt;Employee&lt;/fen&gt; comes about.&lt;/def-root&gt;</definition>
        <semType name="Manner" ID="173"/>
    </FE>
    <FE bgColor="008000" fgColor="FFFFFF" coreType="Peripheral" cBy="MJE" cDate="10/16/2003 04:18:40 PDT Thu" abbrev="" name="Place" ID="5600">
        <definition>&lt;def-root&gt;This FE identifies the place where the &lt;fen&gt;Employer&lt;/fen&gt; and  the &lt;fen&gt;Employee&lt;/fen&gt; enter into the employment relationship.
&lt;/def-root&gt;</definition>
        <semType name="Locative_relation" ID="182"/>
    </FE>
    <FE bgColor="9400D3" fgColor="FFFFFF" coreType="Peripheral" cBy="MJE" cDate="10/16/2003 04:23:47 PDT Thu" abbrev="" name="Position" ID="5603">
        <definition>&lt;def-root&gt;The label given to a particular type of employment.&lt;/def-root&gt;</definition>
    </FE>
    <FE bgColor="808080" fgColor="FFFFFF" coreType="Peripheral" cBy="MJE" cDate="10/16/2003 04:53:30 PDT Thu" abbrev="" name="Task" ID="5607">
        <definition>&lt;def-root&gt;&lt;fen&gt;Task&lt;/fen&gt; identifies the assignment that the &lt;fen&gt;Employee&lt;/fen&gt; is obligated to do when she enters the employment relationship with the &lt;fen&gt;Employer&lt;/fen&gt;.&lt;/def-root&gt;</definition>
    </FE>
    <FE bgColor="FFA500" fgColor="FFFFFF" coreType="Peripheral" cBy="MJE" cDate="10/16/2003 04:55:43 PDT Thu" abbrev="" name="Time" ID="5610">
        <definition>&lt;def-root&gt;This FE identifies the &lt;fen&gt;Time&lt;/fen&gt; when an &lt;fen&gt;Employer&lt;/fen&gt; and an &lt;fen&gt;Employee&lt;/fen&gt; establish an employment relationship.&lt;/def-root&gt;</definition>
        <semType name="Time" ID="141"/>
    </FE>
    <frameRelation type="Inherits from"/>
    <frameRelation type="Is Inherited by"/>
    <frameRelation type="Perspective on"/>
    <frameRelation type="Is Perspectivized in">
        <relatedFrame ID="322">Hiring</relatedFrame>
        <relatedFrame ID="324">Get_a_job</relatedFrame>
    </frameRelation>
    <frameRelation type="Uses"/>
    <frameRelation type="Is Used by"/>
    <frameRelation type="Subframe of">
        <relatedFrame ID="321">Employment_scenario</relatedFrame>
    </frameRelation>
    <frameRelation type="Has Subframe(s)"/>
    <frameRelation type="Precedes">
        <relatedFrame ID="871">Employment_continue</relatedFrame>
    </frameRelation>
    <frameRelation type="Is Preceded by"/>
    <frameRelation type="Is Inchoative of"/>
    <frameRelation type="Is Causative of"/>
    <frameRelation type="See also"/>
</frame>