<?xml version="1.0" encoding="UTF-8" standalone="yes"?>
<?xml-stylesheet type="text/xsl" href="frame.xsl"?>
<frame cBy="JKs" cDate="07/06/2009 03:14:16 PDT Mon" name="Event_instance" ID="2140" xsi:schemaLocation="../schema/frame.xsd" xmlns="http://framenet.icsi.berkeley.edu" xmlns:xsi="http://www.w3.org/2001/XMLSchema-instance">
    <definition>&lt;def-root&gt;This frame describes a particular instance of an event.

&lt;ex&gt;These next two days will be the &lt;fex name="Instance_Prop"&gt;last&lt;/fex&gt; &lt;fex name="Iteration_Count"&gt;two&lt;/fex&gt; &lt;fex name="Instance"&gt;&lt;t&gt;times&lt;/t&gt;&lt;/fex&gt; &lt;fex name="Event"&gt;that I'm here&lt;/fex&gt;.&lt;/ex&gt;&lt;/def-root&gt;</definition>
    <semType name="Transparent Noun" ID="9"/>
    <FE bgColor="0000FF" fgColor="FFFFFF" coreType="Core" cBy="JKs" cDate="07/06/2009 03:14:16 PDT Mon" abbrev="" name="Instance" ID="13271">
        <definition>&lt;def-root&gt;The particular &lt;fen&gt;Instance&lt;/fen&gt; of a given event. All LUs in this frame incorporate this Frame Element.

&lt;ex&gt;&lt;fex name="Event"&gt;He dumped trash&lt;/fex&gt; for the &lt;fex name="Instance_Prop"&gt;last&lt;/fex&gt; &lt;t&gt;&lt;fex name="Instance"&gt;time&lt;/fex&gt;&lt;/t&gt;.&lt;/ex&gt;

&lt;ex&gt;&lt;fex name="Event"&gt;He tapped me&lt;/fex&gt; &lt;fex name="Instance"&gt;&lt;t&gt;twice&lt;/t&gt;&lt;/fex&gt; &lt;fex name="Event"&gt;on the shoulder&lt;/fex&gt;.&lt;/ex&gt;&lt;/def-root&gt;</definition>
    </FE>
    <FE bgColor="FF0000" fgColor="FFFFFF" coreType="Core" cBy="JKs" cDate="07/06/2009 03:14:16 PDT Mon" abbrev="" name="Event" ID="13272">
        <definition>&lt;def-root&gt;The event that occurred in one or more instances.

&lt;ex&gt;&lt;fex name="Event"&gt;Listen to this song&lt;/fex&gt; &lt;fex name="Iteration_Count"&gt;six&lt;/fex&gt; &lt;t&gt;times&lt;/t&gt;.&lt;/ex&gt;&lt;/def-root&gt;</definition>
    </FE>
    <FE bgColor="00BFFF" fgColor="FFFFFF" coreType="Peripheral" cBy="JKs" cDate="07/06/2009 03:14:16 PDT Mon" abbrev="" name="Instance_prop" ID="13273">
        <definition>&lt;def-root&gt;A property of the particular &lt;fen&gt;Instance&lt;/fen&gt;.

&lt;ex&gt;This is the &lt;fex name="Instance_prop"&gt;first&lt;/fex&gt; &lt;t&gt;time&lt;/t&gt; &lt;fex name="Event"&gt;I've grown such delicious tea&lt;/fex&gt;.&lt;/ex&gt;

&lt;/def-root&gt;</definition>
    </FE>
    <FE bgColor="2E8B57" fgColor="FFFFFF" coreType="Peripheral" cBy="PKe" cDate="12/20/2012 12:27:34 PST Thu" abbrev="" name="Iteration_count" ID="15830">
        <definition>&lt;def-root&gt;The specific number of iterations.

&lt;ex&gt;The &lt;fex name="Instance_prop"&gt;last&lt;/fex&gt; &lt;fex name="Iteration_count"&gt;3&lt;/fex&gt; &lt;fex name="Instance"&gt;&lt;t&gt;times&lt;/t&gt;&lt;/fex&gt; &lt;fex name="Event"&gt;I did this&lt;/fex&gt;, I lost the game.&lt;/ex&gt;

&lt;ex&gt;&lt;fex name="Instance_prop"&gt;This&lt;/fex&gt; &lt;fex name="Iteration_count"&gt;one&lt;/fex&gt; &lt;fex name="Event"&gt;&lt;t&gt;time&lt;/t&gt;&lt;/fex&gt;, at band camp, &lt;fex name="Event"&gt;we went to the lake&lt;/fex&gt;.&lt;/ex&gt;&lt;/def-root&gt;</definition>
        <semType name="Quantity" ID="59"/>
    </FE>
    <frameRelation type="Inherits from">
        <relatedFrame ID="132">Instance</relatedFrame>
    </frameRelation>
    <frameRelation type="Is Inherited by"/>
    <frameRelation type="Perspective on"/>
    <frameRelation type="Is Perspectivized in"/>
    <frameRelation type="Uses"/>
    <frameRelation type="Is Used by"/>
    <frameRelation type="Subframe of"/>
    <frameRelation type="Has Subframe(s)"/>
    <frameRelation type="Precedes"/>
    <frameRelation type="Is Preceded by"/>
    <frameRelation type="Is Inchoative of"/>
    <frameRelation type="Is Causative of"/>
    <frameRelation type="See also"/>
    <lexUnit status="Finished_Initial" incorporatedFE="Instance" POS="N" name="time.n" ID="15396" lemmaID="40441" cBy="JKs" cDate="07/06/2009 03:16:34 PDT Mon">
        <definition>FN: a particular instance of the occurence of an event.</definition>
        <sentenceCount annotated="42" total="437"/>
        <lexeme order="1" headword="false" breakBefore="false" POS="N" name="time"/>
    </lexUnit>
    <lexUnit status="Created" incorporatedFE="Instance" POS="ADV" name="once.adv" ID="15401" lemmaID="26705" cBy="JKs" cDate="07/07/2009 01:27:29 PDT Tue">
        <definition>FN: having just one instance of an event</definition>
        <sentenceCount annotated="3" total="3"/>
        <lexeme order="1" headword="false" breakBefore="false" POS="ADV" name="once"/>
    </lexUnit>
    <lexUnit status="Created" incorporatedFE="Instance" POS="ADV" name="twice.adv" ID="15402" lemmaID="41610" cBy="JKs" cDate="07/07/2009 01:27:59 PDT Tue">
        <definition>FN: having two instances of an event</definition>
        <sentenceCount annotated="2" total="2"/>
        <lexeme order="1" headword="false" breakBefore="false" POS="ADV" name="twice"/>
    </lexUnit>
    <lexUnit status="Created" incorporatedFE="Instance" POS="ADV" name="thrice.adv" ID="17197" lemmaID="40265" cBy="PKe" cDate="12/20/2012 12:23:53 PST Thu">
        <definition>FN: Three times.</definition>
        <sentenceCount annotated="0" total="0"/>
        <lexeme order="1" headword="false" breakBefore="false" POS="ADV" name="thrice"/>
    </lexUnit>
    <lexUnit status="Finished_Initial" POS="A" name="repeated.a" ID="18451" lemmaID="32673" cBy="WMcQ" cDate="11/12/2015 02:37:46 PST Thu">
        <definition>FN: occurring more than once; again and again.</definition>
        <sentenceCount annotated="25" total="90"/>
        <lexeme order="1" headword="false" breakBefore="false" POS="A" name="repeated"/>
    </lexUnit>
    <lexUnit status="Created" POS="ADV" name="repeatedly.adv" ID="18452" lemmaID="32674" cBy="WMcQ" cDate="11/12/2015 02:40:19 PST Thu">
        <definition>FN: having a recurrent pattern of instantiation</definition>
        <sentenceCount annotated="0" total="0"/>
        <lexeme order="1" headword="false" breakBefore="false" POS="ADV" name="repeatedly"/>
    </lexUnit>
    <lexUnit status="Created" POS="N" name="occasion.n" ID="18665" lemmaID="26482" cBy="MJE" cDate="03/17/2016 03:04:57 PDT Thu">
        <definition>FN: an instance of an event.</definition>
        <sentenceCount annotated="0" total="0"/>
        <lexeme order="1" headword="false" breakBefore="false" POS="N" name="occasion"/>
    </lexUnit>
</frame>