<?xml version="1.0" encoding="UTF-8" standalone="yes"?>
<?xml-stylesheet type="text/xsl" href="frame.xsl"?>
<frame cBy="AlK" cDate="03/15/2010 05:36:39 PDT Mon" name="Exemplar" ID="2252" xsi:schemaLocation="../schema/frame.xsd" xmlns="http://framenet.icsi.berkeley.edu" xmlns:xsi="http://www.w3.org/2001/XMLSchema-instance">
    <definition>&lt;def-root&gt;This frame concerns a specific subset of &lt;fen&gt;Instance&lt;/fen&gt;s of a &lt;fen&gt;Type&lt;/fen&gt; which are evaluated in terms of their similarity to a conceptual prototype of the &lt;fen&gt;Type&lt;/fen&gt;. The judgment of exemplariness may be made along a certain &lt;fen&gt;Domain&lt;/fen&gt;.
&lt;ex&gt;She is a &lt;t&gt;model&lt;/t&gt; &lt;fex name="Type"&gt;student&lt;/fex&gt;.&lt;/ex&gt;
&lt;ex&gt;He's the &lt;t&gt;image&lt;/t&gt; &lt;fex name="Type"&gt;of a good father&lt;/fex&gt;.&lt;/ex&gt;&lt;/def-root&gt;</definition>
    <FE bgColor="0000FF" fgColor="FFFFFF" coreType="Core" cBy="AlK" cDate="03/15/2010 05:50:06 PDT Mon" abbrev="" name="Instance" ID="13733">
        <definition>&lt;def-root&gt;A thing or episode that is considered exemplary of a certain &lt;fen&gt;Type&lt;/fen&gt;.&lt;/def-root&gt;</definition>
    </FE>
    <FE bgColor="FF0000" fgColor="FFFFFF" coreType="Core" cBy="AlK" cDate="03/15/2010 05:53:18 PDT Mon" abbrev="" name="Type" ID="13734">
        <definition>&lt;def-root&gt;The category of things or events from which an &lt;fen&gt;Instance&lt;/fen&gt; is picked out.&lt;/def-root&gt;</definition>
    </FE>
    <FE bgColor="9400D3" fgColor="FFFFFF" coreType="Peripheral" cBy="AlK" cDate="03/16/2010 12:04:13 PDT Tue" abbrev="" name="Domain" ID="13737">
        <definition>&lt;def-root&gt;The comparative terms along which the &lt;fen&gt;Instance&lt;/fen&gt; is deemed an exemplar of the &lt;fen&gt;Type&lt;/fen&gt;.&lt;/def-root&gt;</definition>
    </FE>
    <FE bgColor="00BFFF" fgColor="FFFFFF" coreType="Peripheral" cBy="AlK" cDate="03/16/2010 12:28:29 PDT Tue" abbrev="" name="Instance_prop" ID="13741">
        <definition>&lt;def-root&gt;A property of the particular &lt;fen&gt;Instance&lt;/fen&gt;.&lt;/def-root&gt;</definition>
    </FE>
    <frameRelation type="Inherits from">
        <relatedFrame ID="132">Instance</relatedFrame>
    </frameRelation>
    <frameRelation type="Is Inherited by"/>
    <frameRelation type="Perspective on"/>
    <frameRelation type="Is Perspectivized in">
        <relatedFrame ID="2253">Exemplariness</relatedFrame>
    </frameRelation>
    <frameRelation type="Uses">
        <relatedFrame ID="28">Judgment</relatedFrame>
    </frameRelation>
    <frameRelation type="Is Used by"/>
    <frameRelation type="Subframe of"/>
    <frameRelation type="Has Subframe(s)"/>
    <frameRelation type="Precedes"/>
    <frameRelation type="Is Preceded by"/>
    <frameRelation type="Is Inchoative of"/>
    <frameRelation type="Is Causative of"/>
    <frameRelation type="See also"/>
    <lexUnit status="Created" POS="N" name="prototype.n" ID="15702" lemmaID="30867" cBy="AlK" cDate="03/15/2010 05:57:41 PDT Mon">
        <definition>FN: an ideal member of a category.</definition>
        <sentenceCount annotated="0" total="0"/>
        <lexeme order="1" headword="false" breakBefore="false" POS="N" name="prototype"/>
    </lexUnit>
    <lexUnit status="Created" POS="N" name="model.n" ID="15703" lemmaID="24664" cBy="AlK" cDate="03/16/2010 12:12:13 PDT Tue">
        <definition>FN: a member of a category other members (should) strive to be similar to</definition>
        <sentenceCount annotated="1" total="1"/>
        <lexeme order="1" headword="false" breakBefore="false" POS="N" name="model"/>
    </lexUnit>
    <lexUnit status="Created" POS="N" name="image.n" ID="15704" lemmaID="19008" cBy="AlK" cDate="03/16/2010 12:14:10 PDT Tue">
        <definition>FN: something that matches an idealized form</definition>
        <sentenceCount annotated="0" total="0"/>
        <lexeme order="1" headword="false" breakBefore="false" POS="N" name="image"/>
    </lexUnit>
    <lexUnit status="Created" POS="N" name="exemplar.n" ID="15709" lemmaID="44944" cBy="AlK" cDate="03/16/2010 01:12:04 PDT Tue">
        <definition>FN: a positive model of a group to be imitated</definition>
        <sentenceCount annotated="0" total="0"/>
        <lexeme order="1" headword="false" breakBefore="false" POS="N" name="exemplar"/>
    </lexUnit>
    <lexUnit status="Created" POS="N" name="epitome.n" ID="15713" lemmaID="12976" cBy="AlK" cDate="03/19/2010 09:52:45 PDT Fri">
        <definition>FN: representative of a category</definition>
        <sentenceCount annotated="0" total="0"/>
        <lexeme order="1" headword="false" breakBefore="false" POS="N" name="epitome"/>
    </lexUnit>
    <lexUnit status="Created" POS="N" name="paragon.n" ID="17055" lemmaID="27762" cBy="PKe" cDate="05/03/2012 04:24:51 PDT Thu">
        <definition>FN: Exemplary</definition>
        <sentenceCount annotated="0" total="0"/>
        <lexeme order="1" headword="false" breakBefore="false" POS="N" name="paragon"/>
    </lexUnit>
    <lexUnit status="Created" POS="A" name="true.a" ID="17056" lemmaID="41367" cBy="PKe" cDate="05/03/2012 04:25:59 PDT Thu">
        <definition>FN: Describing a paragon of the specified type</definition>
        <sentenceCount annotated="10" total="10"/>
        <lexeme order="1" headword="false" breakBefore="false" POS="A" name="true"/>
    </lexUnit>
</frame>