<?xml version="1.0" encoding="UTF-8" standalone="yes"?>
<?xml-stylesheet type="text/xsl" href="frame.xsl"?>
<frame cBy="JKR" cDate="07/18/2005 05:50:58 PDT Mon" name="Extreme_point" ID="1573" xsi:schemaLocation="../schema/frame.xsd" xmlns="http://framenet.icsi.berkeley.edu" xmlns:xsi="http://www.w3.org/2001/XMLSchema-instance">
    <definition>&lt;def-root&gt;An &lt;fen&gt;Entity&lt;/fen&gt; that has characteristics which change over time is at a point or in a phase of its development in which, compared to other actual or expected stages of development, it possesses extremely high or low powers or intensity.  The high or low level of development correlates with the occurrence of a &lt;fen&gt;Marker&lt;/fen&gt;, a product produced by the &lt;fen&gt;Entity&lt;/fen&gt; or an event in which it participates, which is indicative of the &lt;fen&gt;Entity&lt;/fen&gt;'s abilities or intensity.

&lt;ex&gt;&lt;fex name="Marker"&gt;The Tang Dynasty&lt;/fex&gt; &lt;m&gt;was&lt;/m&gt; the &lt;t&gt;high point&lt;/t&gt; &lt;fex name="Entity"&gt;of the Silk Road's importance&lt;/fex&gt;.&lt;/ex&gt;

&lt;ex&gt;&lt;fex name="Marker"&gt;Meeting Fiona Bennett&lt;/fex&gt; &lt;m&gt;was&lt;/m&gt; the &lt;t&gt;LOW POINT&lt;/t&gt; &lt;fex name="Entity"&gt;of my summer&lt;/fex&gt;.&lt;/ex&gt;

&lt;ex&gt;It must be remembered that this man was born at the &lt;fex name="Marker"&gt;&lt;t&gt;zenith&lt;/t&gt;&lt;/fex&gt; &lt;fex name="Entity"&gt;of the Victorian age&lt;/fex&gt; and witnessed the glory of Britain at her greatest.&lt;/ex&gt;

&lt;ex&gt;But Lubitsch was at the &lt;fex name="Marker"&gt;&lt;t&gt;high point&lt;/t&gt;&lt;/fex&gt; &lt;fex name="Entity"&gt;of his genius&lt;/fex&gt;, and he has made a masterpiece not to be missed.&lt;/ex&gt;&lt;/def-root&gt;</definition>
    <FE bgColor="FF0000" fgColor="FFFFFF" coreType="Core" cBy="JKR" cDate="07/18/2005 05:56:47 PDT Mon" abbrev="ent" name="Entity" ID="8609">
        <definition>&lt;def-root&gt;An concrete or abstract entity that possesses characteristics that change over time.

&lt;ex&gt;Midway was the &lt;t&gt;ZENITH&lt;/t&gt; &lt;fex name="ent"&gt;of Japanese military advancements&lt;/fex&gt;.&lt;/ex&gt;&lt;/def-root&gt;</definition>
    </FE>
    <FE bgColor="008000" fgColor="FFFFFF" coreType="Core" cBy="JKR" cDate="07/18/2005 05:57:21 PDT Mon" abbrev="mar" name="Marker" ID="8610">
        <definition>&lt;def-root&gt;A point or phase in time when, viewed across the actual or expected development, the &lt;fen&gt;Entity&lt;/fen&gt;'s powers have reached an extreme high or low point. The point or phase is often identified metonymically by reference to a product created by the &lt;fen&gt;Entity&lt;/fen&gt; or an event involving the &lt;fen&gt;Entity&lt;/fen&gt;.

&lt;ex&gt;&lt;fex name="Marker"&gt;Watergate&lt;/fex&gt; &lt;m&gt;was&lt;/m&gt; the &lt;t&gt;ZENITH&lt;/t&gt; of American investigative journalism.&lt;/ex&gt;
&lt;/def-root&gt;</definition>
    </FE>
    <frameRelation type="Inherits from"/>
    <frameRelation type="Is Inherited by"/>
    <frameRelation type="Perspective on"/>
    <frameRelation type="Is Perspectivized in"/>
    <frameRelation type="Uses">
        <relatedFrame ID="1015">Gradable_attributes</relatedFrame>
    </frameRelation>
    <frameRelation type="Is Used by"/>
    <frameRelation type="Subframe of"/>
    <frameRelation type="Has Subframe(s)"/>
    <frameRelation type="Precedes"/>
    <frameRelation type="Is Preceded by"/>
    <frameRelation type="Is Inchoative of"/>
    <frameRelation type="Is Causative of"/>
    <frameRelation type="See also"/>
    <lexUnit status="Created" POS="N" name="high-water mark.n" ID="12491" lemmaID="50182" cBy="JKR" cDate="07/18/2005 06:36:32 PDT Mon">
        <definition>COD: a maximum recorded level or value.</definition>
        <sentenceCount annotated="1" total="1"/>
        <lexeme order="1" headword="true" breakBefore="false" POS="N" name="high-water"/>
        <lexeme order="2" headword="false" breakBefore="false" POS="N" name="mark"/>
    </lexUnit>
    <lexUnit status="Needs_SCs" POS="N" name="high point.n" ID="12492" lemmaID="50183" cBy="JKR" cDate="07/18/2005 06:39:37 PDT Mon">
        <definition>FN: a point of high development or power</definition>
        <sentenceCount annotated="2" total="82"/>
        <lexeme order="1" headword="true" breakBefore="false" POS="N" name="high"/>
        <lexeme order="2" headword="false" breakBefore="false" POS="N" name="point"/>
    </lexUnit>
    <lexUnit status="Created" POS="N" name="low point.n" ID="12493" lemmaID="50184" cBy="JKR" cDate="07/18/2005 06:40:38 PDT Mon">
        <definition>FN: a point of low development or power</definition>
        <sentenceCount annotated="0" total="0"/>
        <lexeme order="1" headword="true" breakBefore="false" POS="A" name="low"/>
        <lexeme order="2" headword="false" breakBefore="false" POS="N" name="point"/>
    </lexUnit>
    <lexUnit status="Created" POS="N" name="zenith.n" ID="12494" lemmaID="44808" cBy="JKR" cDate="07/18/2005 06:41:55 PDT Mon">
        <definition>COD: the time at which something is most powerful or successful.</definition>
        <sentenceCount annotated="0" total="0"/>
        <lexeme order="1" headword="false" breakBefore="false" POS="N" name="zenith"/>
    </lexUnit>
    <lexUnit status="Created" POS="N" name="nadir.n" ID="12495" lemmaID="25383" cBy="JKR" cDate="07/18/2005 06:42:26 PDT Mon">
        <definition>COD: the lowest or most unsuccessful point</definition>
        <sentenceCount annotated="0" total="0"/>
        <lexeme order="1" headword="false" breakBefore="false" POS="N" name="nadir"/>
    </lexUnit>
</frame>