<?xml version="1.0" encoding="UTF-8" standalone="yes"?>
<?xml-stylesheet type="text/xsl" href="frame.xsl"?>
<frame cBy="JKR" cDate="07/28/2005 06:02:55 PDT Thu" name="Familiarity" ID="1597" xsi:schemaLocation="../schema/frame.xsd" xmlns="http://framenet.icsi.berkeley.edu" xmlns:xsi="http://www.w3.org/2001/XMLSchema-instance">
    <definition>&lt;def-root&gt;An &lt;fen&gt;Entity&lt;/fen&gt; is presented as having been seen or experienced by a (typically generic and backgrounded) &lt;fen&gt;Cognizer&lt;/fen&gt; on a certain number of occasions, causing the &lt;fen&gt;Entity&lt;/fen&gt; to have a certain degree of recognizability for the &lt;fen&gt;Cognizer&lt;/fen&gt;.

&lt;ex&gt;&lt;fex name="Entity"&gt;Susanna Fulton's work&lt;/fex&gt; &lt;m&gt;is&lt;/m&gt; &lt;t&gt;new&lt;/t&gt; &lt;fex name="Cognizer"&gt;to me&lt;/fex&gt;.&lt;/ex&gt;

&lt;ex&gt;&lt;fex name="Entity"&gt;Two of these frames&lt;/fex&gt; &lt;m&gt;were&lt;/m&gt; &lt;t&gt;new&lt;/t&gt; &lt;fex name="cog"&gt;to me&lt;/fex&gt; &lt;fex name="Role"&gt;as a beginning professor&lt;/fex&gt;.&lt;/ex&gt;

&lt;ex&gt;&lt;fex name="ent"&gt;This&lt;/fex&gt; &lt;m&gt;was&lt;/m&gt; &lt;fex name="deg"&gt;as&lt;/fex&gt; &lt;t&gt;new&lt;/t&gt; &lt;fex name="cog"&gt;to him&lt;/fex&gt; &lt;fex name="deg"&gt;as the rest of the outcity&lt;/fex&gt;.&lt;/ex&gt;

&lt;ex&gt;&lt;fex name="ent"&gt;JSON&lt;/fex&gt; &lt;m&gt;is&lt;/m&gt; &lt;fex name="deg"&gt;fairly&lt;/fex&gt; &lt;t&gt;new&lt;/t&gt; &lt;fex name="cog"&gt;to me&lt;/fex&gt; &lt;fex name="Role"&gt;as a data format&lt;/fex&gt;.&lt;/ex&gt;

&lt;ex&gt;Moreover, &lt;fex name="Entity"&gt;this way of describing and categorizing architecture&lt;/fex&gt; &lt;m&gt;is&lt;/m&gt; &lt;t&gt;familiar&lt;/t&gt; &lt;fex name="Cognizer"&gt;to most people&lt;/fex&gt;.&lt;/ex&gt;

&lt;ex&gt;&lt;fex name="Entity"&gt;Coronaviruses&lt;/fex&gt; &lt;m&gt;are&lt;/m&gt; not &lt;t&gt;unfamiliar&lt;/t&gt; &lt;fex name="Cognizer"&gt;to the epidemiological world&lt;/fex&gt;.&lt;/ex&gt;

&lt;ex&gt;Abbey Stadium will bring us into contact with one &lt;t&gt;familiar&lt;/t&gt; &lt;fex name="Entity"&gt;face&lt;/fex&gt; at least.&lt;/ex&gt;&lt;/def-root&gt;</definition>
    <FE bgColor="FF0000" fgColor="FFFFFF" coreType="Core" cBy="JKR" cDate="07/28/2005 06:03:12 PDT Thu" abbrev="ent" name="Entity" ID="8738">
        <definition>&lt;def-root&gt;A concrete thing or abstract phenomenon or fact that is assessed in terms of how well recognizable it is to a &lt;fen&gt;Cognizer&lt;/fen&gt;.

&lt;ex&gt;He gave &lt;fex name="ent"&gt;an address&lt;/fex&gt; quite &lt;t&gt;familiar&lt;/t&gt; to the chauffeur.&lt;/ex&gt;&lt;/def-root&gt;</definition>
    </FE>
    <FE bgColor="00BFFF" fgColor="FFFFFF" coreType="Core" cBy="JKR" cDate="07/28/2005 06:03:28 PDT Thu" abbrev="cog" name="Cognizer" ID="8739">
        <definition>&lt;def-root&gt;The (typically non-specific and backgrounded) sentient being for whom the &lt;fen&gt;Entity&lt;/fen&gt; possesses a specified level of recognizability.

&lt;ex&gt;The information used to illustrate the concept is &lt;t&gt;familiar&lt;/t&gt; &lt;fex name="Cognizer"&gt;to the reader&lt;/fex&gt;.&lt;/ex&gt;&lt;/def-root&gt;</definition>
        <semType name="Sentient" ID="5"/>
    </FE>
    <FE bgColor="FF00FF" fgColor="FFFFFF" coreType="Core" cBy="JKR" cDate="07/28/2005 06:03:54 PDT Thu" abbrev="deg" name="Degree" ID="8740">
        <definition>&lt;def-root&gt;The deviation of the actual level of recognizability of the &lt;fen&gt;Entity&lt;/fen&gt; from the level specified by the target.

&lt;ex&gt;He gave an address &lt;fex name="Degree"&gt;quite&lt;/fex&gt; &lt;t&gt;familiar&lt;/t&gt; to the chauffeur.&lt;/ex&gt;&lt;/def-root&gt;</definition>
        <semType name="Degree" ID="172"/>
    </FE>
    <FE bgColor="800080" fgColor="FFFFFF" coreType="Extra-Thematic" cBy="JKR" cDate="07/28/2005 08:31:46 PDT Thu" abbrev="Rol" name="Role" ID="8741">
        <definition>&lt;def-root&gt;This FE identifies the role filled by a particular participant of the clause headed by the target. In so doing, it relates the specification of a level of familiarity to another background state of affairs by indicating that one of the role fillers of the current frame also fills a second kind of role in the background, either generically or in some specific instance.


&lt;ex&gt;I wanted to go with what was &lt;t&gt;familiar&lt;/t&gt; to me &lt;fex name="Role"&gt;as an artist&lt;/fex&gt;.&lt;/ex&gt;&lt;/def-root&gt;</definition>
    </FE>
    <FE bgColor="008000" fgColor="FFFFFF" coreType="Extra-Thematic" cBy="AnW" cDate="12/01/2009 04:39:20 PST Tue" abbrev="" name="Depictive" ID="13470">
        <definition>&lt;def-root&gt;This FE describes the &lt;fen&gt;Cognizer&lt;/fen&gt; as being in some state during the event.&lt;/def-root&gt;</definition>
    </FE>
    <FE bgColor="7FFF00" fgColor="000000" coreType="Peripheral" cBy="MLC" cDate="08/03/2010 04:32:30 PDT Tue" abbrev="Cont" name="Context" ID="14112">
        <definition>&lt;def-root&gt;A situation or source from which the &lt;fex name="Entity"&gt;Entity&lt;/fex&gt; is made more recognizanble to the &lt;fex name="Cognizer"&gt;Cognizer&lt;/fex&gt;.&lt;/def-root&gt;</definition>
    </FE>
    <frameRelation type="Inherits from">
        <relatedFrame ID="1015">Gradable_attributes</relatedFrame>
    </frameRelation>
    <frameRelation type="Is Inherited by"/>
    <frameRelation type="Perspective on"/>
    <frameRelation type="Is Perspectivized in"/>
    <frameRelation type="Uses"/>
    <frameRelation type="Is Used by"/>
    <frameRelation type="Subframe of"/>
    <frameRelation type="Has Subframe(s)"/>
    <frameRelation type="Precedes"/>
    <frameRelation type="Is Preceded by"/>
    <frameRelation type="Is Inchoative of"/>
    <frameRelation type="Is Causative of"/>
    <frameRelation type="See also"/>
    <lexUnit status="Finished_Initial" POS="A" name="familiar.a" ID="12564" lemmaID="13899" cBy="JKR" cDate="07/28/2005 06:04:33 PDT Thu">
        <definition>COD: well known</definition>
        <sentenceCount annotated="107" total="268"/>
        <lexeme order="1" headword="false" breakBefore="false" POS="A" name="familiar"/>
    </lexUnit>
    <lexUnit status="Created" POS="A" name="unfamiliar.a" ID="12565" lemmaID="42113" cBy="JKR" cDate="07/28/2005 06:05:09 PDT Thu">
        <definition>COD: not known or recognized; uncharacteristic</definition>
        <sentenceCount annotated="0" total="0"/>
        <lexeme order="1" headword="false" breakBefore="false" POS="A" name="unfamiliar"/>
        <semType name="Negative" ID="99"/>
    </lexUnit>
    <lexUnit status="Created" POS="A" name="new.a" ID="12566" lemmaID="25749" cBy="JKR" cDate="07/28/2005 06:05:55 PDT Thu">
        <definition>COD: unfamiliar or strange to</definition>
        <sentenceCount annotated="32" total="32"/>
        <lexeme order="1" headword="false" breakBefore="false" POS="A" name="new"/>
    </lexUnit>
    <lexUnit status="Finished_Initial" POS="V" name="know.v" ID="13255" lemmaID="21457" cBy="MiL" cDate="06/19/2006 02:07:43 PDT Mon">
        <definition>COD: be familiar or friendly with.</definition>
        <sentenceCount annotated="27" total="234"/>
        <lexeme order="1" headword="false" breakBefore="false" POS="V" name="know"/>
    </lexUnit>
    <lexUnit status="Created" POS="A" name="acquainted.a" ID="13256" lemmaID="50377" cBy="MiL" cDate="06/19/2006 02:10:16 PDT Mon">
        <definition>COD: know personally.</definition>
        <sentenceCount annotated="1" total="1"/>
        <lexeme order="1" headword="true" breakBefore="false" POS="A" name="acquainted"/>
    </lexUnit>
    <lexUnit status="Created" POS="N" name="ken.n" ID="13258" lemmaID="21244" cBy="MiL" cDate="06/19/2006 03:26:01 PDT Mon">
        <definition>COD: one's range of knowledge or sight.</definition>
        <sentenceCount annotated="0" total="0"/>
        <lexeme order="1" headword="false" breakBefore="false" POS="N" name="ken"/>
    </lexUnit>
    <lexUnit status="Created" POS="A" name="intimate.a" ID="13906" lemmaID="20433" cBy="RLG" cDate="03/02/2007 11:08:32 PST Fri">
        <definition>COD: closely acquainted</definition>
        <sentenceCount annotated="0" total="0"/>
        <lexeme order="1" headword="false" breakBefore="false" POS="A" name="intimate"/>
    </lexUnit>
</frame>