<?xml version="1.0" encoding="UTF-8" standalone="yes"?>
<?xml-stylesheet type="text/xsl" href="frame.xsl"?>
<frame cBy="MJE" cDate="06/03/2005 11:07:07 PDT Fri" name="Foreign_or_domestic_country" ID="1483" xsi:schemaLocation="../schema/frame.xsd" xmlns="http://framenet.icsi.berkeley.edu" xmlns:xsi="http://www.w3.org/2001/XMLSchema-instance">
    <definition>&lt;def-root&gt;A &lt;fen&gt;Current_country&lt;/fen&gt; is identified as matching or not matching the instance of the &lt;fen&gt;Discourse_salient_country&lt;/fen&gt;.

&lt;ex&gt;&lt;t&gt;&lt;fex name="cur"&gt;Foreign&lt;/fex&gt;&lt;/t&gt; sales account for only 20% of IBM's income .&lt;/ex&gt;&lt;/def-root&gt;</definition>
    <FE bgColor="006400" fgColor="FFFFFF" coreType="Peripheral" cBy="MJE" cDate="06/03/2005 11:07:07 PDT Fri" abbrev="Constp" name="Constituent_parts" ID="8090">
        <definition>&lt;def-root&gt;The materials or &lt;fen&gt;Constituent_parts&lt;/fen&gt; that make up the &lt;fen&gt;Current_country&lt;/fen&gt;.  
&lt;/def-root&gt;</definition>
    </FE>
    <FE bgColor="FF0000" fgColor="FFFFFF" coreType="Peripheral" cBy="MJE" cDate="06/03/2005 11:07:07 PDT Fri" abbrev="ContP" name="Container_possessor" ID="8091">
        <definition>&lt;def-root&gt;The location that the &lt;fen&gt;Current_country&lt;/fen&gt; is a part of.

&lt;/def-root&gt;</definition>
    </FE>
    <FE bgColor="00008B" fgColor="FFFFFF" coreType="Core" cBy="MJE" cDate="06/03/2005 11:07:08 PDT Fri" abbrev="cur" name="Current_country" ID="8092">
        <definition>&lt;def-root&gt;The country or countries that the speaker is indicating in the current instance, which may match or be distinct from the &lt;fen&gt;Discourse_salient_country&lt;/fen&gt;.

&lt;ex&gt;AutoPartsPlace.com offers discount prices on millions of import auto parts, &lt;fex name="cur"&gt;&lt;t&gt;domestic&lt;/t&gt;&lt;/fex&gt; car parts, and car accessories. &lt;/ex&gt;&lt;/def-root&gt;</definition>
    </FE>
    <FE bgColor="A52A2A" fgColor="FFFFFF" coreType="Peripheral" cBy="MJE" cDate="06/03/2005 11:07:08 PDT Fri" abbrev="Name" name="Name" ID="8093">
        <definition>&lt;def-root&gt;ULTIMATELY TO BE REPLACED BY MULTIWORD TARGETS (in almost all cases).  This FE is used for the Names of Locales.


&lt;/def-root&gt;</definition>
    </FE>
    <FE bgColor="0000FF" fgColor="FFFFFF" coreType="Peripheral" cBy="MJE" cDate="06/03/2005 11:07:08 PDT Fri" abbrev="RelLoc" name="Relative_location" ID="8094">
        <definition>&lt;def-root&gt;A place that the &lt;fen&gt;Current_country&lt;/fen&gt; is located with respect to.

&lt;/def-root&gt;</definition>
        <semType name="Locative_relation" ID="182"/>
    </FE>
    <FE bgColor="FFA500" fgColor="FFFFFF" coreType="Peripheral" cBy="MJE" cDate="06/03/2005 11:07:08 PDT Fri" abbrev="des" name="Descriptor" ID="8095">
        <definition>&lt;def-root&gt;Any description, characteristic, or property of the &lt;fen&gt;Current_country&lt;/fen&gt; which is not covered by more specific FEs.
&lt;/def-root&gt;</definition>
    </FE>
    <FE bgColor="7CCD7C" fgColor="FFFFFF" coreType="Peripheral" cBy="MJE" cDate="06/03/2005 11:07:08 PDT Fri" abbrev="pop" name="Population" ID="8096">
        <definition>&lt;def-root&gt;The people living in the jurisdiction of the locale.

&lt;/def-root&gt;</definition>
    </FE>
    <FE bgColor="800080" fgColor="FFFFFF" coreType="Core" cBy="MJE" cDate="06/03/2005 11:17:37 PDT Fri" abbrev="dis" name="Discourse_salient_country" ID="8097">
        <definition>&lt;def-root&gt;The country that has been featured in the discourse, or that the speaker/hearer identify with or are located in; it serves to identify the &lt;fen&gt;Current_country&lt;/fen&gt; by specifying it as the same or different.  This FE is incorporated in the targets of this frame.&lt;/def-root&gt;</definition>
    </FE>
    <frameRelation type="Inherits from">
        <relatedFrame ID="195">Political_locales</relatedFrame>
    </frameRelation>
    <frameRelation type="Is Inherited by"/>
    <frameRelation type="Perspective on"/>
    <frameRelation type="Is Perspectivized in"/>
    <frameRelation type="Uses"/>
    <frameRelation type="Is Used by">
        <relatedFrame ID="1552">Indigenous_origin</relatedFrame>
    </frameRelation>
    <frameRelation type="Subframe of"/>
    <frameRelation type="Has Subframe(s)"/>
    <frameRelation type="Precedes"/>
    <frameRelation type="Is Preceded by"/>
    <frameRelation type="Is Inchoative of"/>
    <frameRelation type="Is Causative of"/>
    <frameRelation type="See also"/>
    <lexUnit status="Finished_Initial" incorporatedFE="Discourse_salient_country" POS="A" name="foreign.a" ID="12180" lemmaID="15063" cBy="MJE" cDate="06/03/2005 11:28:27 PDT Fri">
        <definition>COD: dealing with or relating to other countries.</definition>
        <sentenceCount annotated="63" total="228"/>
        <lexeme order="1" headword="false" breakBefore="false" POS="A" name="foreign"/>
    </lexUnit>
    <lexUnit status="Finished_Initial" incorporatedFE="Discourse_salient_country" POS="A" name="domestic.a" ID="12181" lemmaID="11454" cBy="MJE" cDate="06/03/2005 11:29:21 PDT Fri">
        <definition>COD: existing or occurring within a country.</definition>
        <sentenceCount annotated="26" total="171"/>
        <lexeme order="1" headword="false" breakBefore="false" POS="A" name="domestic"/>
    </lexUnit>
    <lexUnit status="Rules_Defined" POS="A" name="international.a" ID="12420" lemmaID="20368" cBy="RLG" cDate="07/08/2005 10:56:48 PDT Fri">
        <definition>FN: of multiple nations, especially excluding the current one.</definition>
        <sentenceCount annotated="9" total="9"/>
        <lexeme order="1" headword="false" breakBefore="false" POS="A" name="international"/>
    </lexUnit>
    <lexUnit status="Finished_Initial" POS="N" name="home.n" ID="13146" lemmaID="50227" cBy="RLG" cDate="03/28/2006 10:09:04 PST Tue">
        <definition>FN: one's own nation.</definition>
        <sentenceCount annotated="26" total="239"/>
        <lexeme order="1" headword="true" breakBefore="false" POS="N" name="home"/>
    </lexUnit>
    <lexUnit status="Finished_Initial" POS="N" name="homeland.n" ID="13354" lemmaID="18262" cBy="RLG" cDate="07/10/2006 02:00:55 PDT Mon">
        <definition>COD: a person's native land.</definition>
        <sentenceCount annotated="19" total="114"/>
        <lexeme order="1" headword="false" breakBefore="false" POS="N" name="homeland"/>
    </lexUnit>
</frame>