<?xml version="1.0" encoding="UTF-8" standalone="yes"?>
<?xml-stylesheet type="text/xsl" href="frame.xsl"?>
<frame cBy="RLG" cDate="10/12/2011 07:16:05 PDT Wed" name="Freeing_from_confinement" ID="2674" xsi:schemaLocation="../schema/frame.xsd" xmlns="http://framenet.icsi.berkeley.edu" xmlns:xsi="http://www.w3.org/2001/XMLSchema-instance">
    <definition>&lt;def-root&gt;An &lt;fen&gt;Agent&lt;/fen&gt; causes a &lt;fen&gt;Theme&lt;/fen&gt; which was held captive to be free from a &lt;fen&gt;Location_of_confinement&lt;/fen&gt;, against the wishes of the captors.

&lt;ex&gt;&lt;fex name="Agent"&gt;Two men disguised as guards&lt;/fex&gt; &lt;t&gt;sprung&lt;/t&gt; &lt;fex name="Theme"&gt;a convicted killer&lt;/fex&gt; &lt;fex name="Loc"&gt;from prison&lt;/fex&gt; &lt;fex name="Time"&gt;last night&lt;/fex&gt;.&lt;/ex&gt;&lt;/def-root&gt;</definition>
    <FE bgColor="FF0000" fgColor="FFFFFF" coreType="Core" cBy="RLG" cDate="10/12/2011 07:16:05 PDT Wed" abbrev="age" name="Agent" ID="15192">
        <definition>&lt;def-root&gt;The &lt;fen&gt;Agent&lt;/fen&gt; causes the confinement or captivity  of the &lt;fen&gt;Theme&lt;/fen&gt; to end, against the intentions of the captor.

&lt;ex&gt;&lt;fex name="age"&gt;Their buddies&lt;/fex&gt; &lt;t&gt;sprung&lt;/t&gt; them from prison.&lt;/ex&gt;&lt;/def-root&gt;</definition>
        <semType name="Sentient" ID="5"/>
    </FE>
    <FE bgColor="0000FF" fgColor="FFFFFF" coreType="Core" cBy="RLG" cDate="10/12/2011 07:16:05 PDT Wed" abbrev="Theme" name="Theme" ID="15193">
        <definition>&lt;def-root&gt;The &lt;fen&gt;Theme&lt;/fen&gt; is the person or object which is released by the &lt;fen&gt;Agent&lt;/fen&gt;.

&lt;ex&gt;Unknown individuals &lt;t&gt;freed&lt;/t&gt; &lt;fex name="Theme"&gt;the suspect&lt;/fex&gt;.&lt;/ex&gt;&lt;/def-root&gt;</definition>
        <semType name="Physical_object" ID="68"/>
    </FE>
    <FE bgColor="FF69B4" fgColor="FFFFFF" coreType="Peripheral" cBy="RLG" cDate="10/12/2011 07:16:05 PDT Wed" abbrev="Mnr" name="Manner" ID="15194">
        <definition>&lt;def-root&gt;Any description of the release which is not covered by more specific FEs, including secondary effects (&lt;ment&gt;quietly, loudly&lt;/ment&gt;), and general descriptions comparing events (&lt;ment&gt;the same way&lt;/ment&gt;). In addition, it may indicate salient characteristics of an &lt;fen&gt;Agent&lt;/fen&gt; that also affect the action (&lt;ment&gt;presumptuously, coldly, deliberately, eagerly, carefully&lt;/ment&gt;). 

&lt;ex&gt;Not truly allies, they &lt;t&gt;freed&lt;/t&gt; the suspect &lt;fex name="Manner"&gt;carefully&lt;/fex&gt;.&lt;/ex&gt;&lt;/def-root&gt;</definition>
        <semType name="Manner" ID="173"/>
    </FE>
    <FE bgColor="A52A2A" fgColor="FFFFFF" coreType="Peripheral" cBy="RLG" cDate="10/12/2011 07:16:05 PDT Wed" abbrev="Mns" name="Means" ID="15195">
        <definition>&lt;def-root&gt;The action of the &lt;fen&gt;Agent&lt;/fen&gt; which brings about the release.

&lt;ex&gt;He &lt;t&gt;freed&lt;/t&gt; a hundred prisoners &lt;fex name="Means"&gt;by disabling the transport vehicle and gassing the guards&lt;/fex&gt;.&lt;/ex&gt;&lt;/def-root&gt;</definition>
        <semType name="State_of_affairs" ID="177"/>
    </FE>
    <FE bgColor="9F79EE" fgColor="FFFFFF" coreType="Extra-Thematic" cBy="RLG" cDate="10/12/2011 07:16:05 PDT Wed" abbrev="Exp" name="Explanation" ID="15196">
        <definition>&lt;def-root&gt;The &lt;fen&gt;Explanation&lt;/fen&gt; identifies the reason for which the &lt;fen&gt;Agent&lt;/fen&gt; sets the &lt;fen&gt;Theme&lt;/fen&gt; free.

&lt;ex&gt;Enemy fighters &lt;t&gt;freed&lt;/t&gt; those two captives &lt;fex name="Explanation"&gt;because they had knowledge necessary to mount a larger assault against our position&lt;/fex&gt;.&lt;/ex&gt;
&lt;/def-root&gt;</definition>
        <semType name="State_of_affairs" ID="177"/>
    </FE>
    <FE bgColor="800080" fgColor="FFFFFF" coreType="Peripheral" cBy="RLG" cDate="10/12/2011 07:16:05 PDT Wed" abbrev="Purp" name="Purpose" ID="15197">
        <definition>&lt;def-root&gt;The &lt;fen&gt;Purpose&lt;/fen&gt; identifies the purpose for which the &lt;fen&gt;Agent&lt;/fen&gt; releases the &lt;fen&gt;Theme&lt;/fen&gt;.
&lt;/def-root&gt;</definition>
        <semType name="State_of_affairs" ID="177"/>
    </FE>
    <FE bgColor="008000" fgColor="FFFFFF" coreType="Peripheral" cBy="RLG" cDate="10/12/2011 07:16:05 PDT Wed" abbrev="Place" name="Place" ID="15198">
        <definition>&lt;def-root&gt;The location where the &lt;fen&gt;Theme&lt;/fen&gt; ceases to be confined.

&lt;ex&gt;They &lt;t&gt;sprung&lt;/t&gt; us &lt;fex name="Place"&gt;on the highway&lt;/fex&gt;&lt;/ex&gt;&lt;/def-root&gt;</definition>
        <semType name="Locative_relation" ID="182"/>
    </FE>
    <FE bgColor="FFA500" fgColor="FFFFFF" coreType="Peripheral" cBy="RLG" cDate="10/12/2011 07:16:05 PDT Wed" abbrev="Time" name="Time" ID="15199">
        <definition>&lt;def-root&gt;The &lt;fen&gt;Time&lt;/fen&gt; identifies when the &lt;fen&gt;Agent&lt;/fen&gt; frees the &lt;fen&gt;Theme&lt;/fen&gt; .&lt;/def-root&gt;</definition>
        <semType name="Time" ID="141"/>
    </FE>
    <FE bgColor="808080" fgColor="FFFFFF" coreType="Core" cBy="RLG" cDate="10/12/2011 07:16:05 PDT Wed" abbrev="Loc" name="Location_of_confinement" ID="15200">
        <definition>&lt;def-root&gt;The location to which the &lt;fen&gt;Theme&lt;/fen&gt;'s motion was formerly inhibited.

&lt;ex&gt;Johnny &lt;t&gt;sprung&lt;/t&gt; me &lt;fex name="Loc"&gt;from prison&lt;/fex&gt; and I've never forgiven him since.&lt;/ex&gt;

&lt;/def-root&gt;</definition>
        <semType name="Source" ID="151"/>
    </FE>
    <FE bgColor="FFFF00" fgColor="000000" coreType="Extra-Thematic" cBy="RLG" cDate="10/12/2011 07:16:05 PDT Wed" abbrev="Con" name="Concessive" ID="15201">
        <definition>&lt;def-root&gt;This FE signifies that the state of affairs expressed by the main clause (containing the target) occurs or holds, and something other than that state of affairs would be expected given the state of affairs in the concessive clause.&lt;/def-root&gt;</definition>
    </FE>
    <FE bgColor="7CCD73" fgColor="FFFFFF" coreType="Extra-Thematic" cBy="RLG" cDate="10/12/2011 07:16:05 PDT Wed" abbrev="Cir" name="Circumstances" ID="15202">
        <definition>&lt;def-root&gt;The state of the world when the event of setting free occurs. &lt;/def-root&gt;</definition>
    </FE>
    <frameRelation type="Inherits from"/>
    <frameRelation type="Is Inherited by"/>
    <frameRelation type="Perspective on"/>
    <frameRelation type="Is Perspectivized in"/>
    <frameRelation type="Uses">
        <relatedFrame ID="317">Releasing</relatedFrame>
    </frameRelation>
    <frameRelation type="Is Used by"/>
    <frameRelation type="Subframe of"/>
    <frameRelation type="Has Subframe(s)"/>
    <frameRelation type="Precedes"/>
    <frameRelation type="Is Preceded by"/>
    <frameRelation type="Is Inchoative of"/>
    <frameRelation type="Is Causative of"/>
    <frameRelation type="See also"/>
    <lexUnit status="Created" POS="V" name="spring.v" ID="16713" lemmaID="37532" cBy="RLG" cDate="10/12/2011 07:25:13 PDT Wed">
        <definition>FN: set free from confinement.</definition>
        <sentenceCount annotated="0" total="0"/>
        <lexeme order="1" headword="false" breakBefore="false" POS="V" name="spring"/>
    </lexUnit>
</frame>