<?xml version="1.0" encoding="UTF-8" standalone="yes"?>
<?xml-stylesheet type="text/xsl" href="frame.xsl"?>
<frame cBy="MLC" cDate="03/30/2011 12:13:45 PDT Wed" name="Function" ID="2523" xsi:schemaLocation="../schema/frame.xsd" xmlns="http://framenet.icsi.berkeley.edu" xmlns:xsi="http://www.w3.org/2001/XMLSchema-instance">
    <definition>&lt;def-root&gt;An &lt;fen&gt;Entity&lt;/fen&gt; is designed for or exists to perform an &lt;fen&gt;Activity&lt;/fen&gt; or fulfill a &lt;fen&gt;Role&lt;/fen&gt;.
&lt;ex&gt;&lt;/ex&gt;
&lt;ex&gt;&lt;fex name="Entity"&gt;This platform&lt;/fex&gt; will &lt;t&gt;serve&lt;/t&gt; &lt;fex name="Role"&gt;as a great stage for tomorrow's play&lt;/fex&gt;.&lt;/ex&gt;
&lt;ex&gt;&lt;fex name="Entity"&gt;The ropes&lt;/fex&gt; &lt;t&gt;serve&lt;/t&gt; &lt;fex name="Activity"&gt;to tie things together&lt;/fex&gt;.&lt;/ex&gt;&lt;/def-root&gt;</definition>
    <FE bgColor="FF0000" fgColor="FFFFFF" coreType="Core" cBy="MLC" cDate="03/30/2011 12:57:58 PDT Wed" abbrev="" name="Entity" ID="14389">
        <definition>&lt;def-root&gt;The &lt;fen&gt;Entity&lt;/fen&gt; is an object or person that performs the &lt;fen&gt;Activity&lt;/fen&gt; or fulfills the &lt;fen&gt;Role&lt;/fen&gt;. &lt;/def-root&gt;</definition>
    </FE>
    <FE bgColor="FFFF00" fgColor="000000" coreType="Core" cBy="MLC" cDate="03/30/2011 01:03:10 PDT Wed" abbrev="" name="Activity" ID="14390">
        <definition>&lt;def-root&gt;The &lt;fen&gt;Activity&lt;/fen&gt; is the action that the &lt;fen&gt;Entity&lt;/fen&gt; performs. &lt;/def-root&gt;</definition>
    </FE>
    <FE bgColor="0000FF" fgColor="FFFFFF" coreType="Core" cBy="MLC" cDate="03/30/2011 01:04:06 PDT Wed" abbrev="" name="Role" ID="14391">
        <definition>&lt;def-root&gt;The &lt;fen&gt;Role&lt;/fen&gt; is  the position or duty that is occupied by the &lt;fen&gt;Entity&lt;/fen&gt;. &lt;/def-root&gt;</definition>
    </FE>
    <FE bgColor="800080" fgColor="FFFFFF" coreType="Peripheral" cBy="MLC" cDate="03/31/2011 12:47:27 PDT Thu" abbrev="" name="Descriptor" ID="14395">
        <definition>&lt;def-root&gt;The &lt;fen&gt;Descriptor&lt;/fen&gt; provides additional information about the &lt;fen&gt;Entity&lt;/fen&gt; .&lt;/def-root&gt;</definition>
    </FE>
    <FE bgColor="808080" fgColor="FFFFFF" coreType="Peripheral" cBy="MLC" cDate="03/31/2011 12:48:01 PDT Thu" abbrev="" name="Duration" ID="14396">
        <definition>&lt;def-root&gt;The &lt;fen&gt;Duration&lt;/fen&gt; that the &lt;fen&gt;Entity&lt;/fen&gt; performs an &lt;fen&gt;Activity&lt;/fen&gt; or fulfills a &lt;fen&gt;Role&lt;/fen&gt;. &lt;/def-root&gt;</definition>
    </FE>
    <FE bgColor="FF00FF" fgColor="FFFFFF" coreType="Peripheral" cBy="MLC" cDate="03/31/2011 12:55:24 PDT Thu" abbrev="" name="Manner" ID="14397">
        <definition>&lt;def-root&gt;The &lt;fen&gt;Manner&lt;/fen&gt; in which the &lt;fen&gt;Entity&lt;/fen&gt; functions. &lt;/def-root&gt;</definition>
    </FE>
    <FE bgColor="FF69B4" fgColor="000000" coreType="Peripheral" cBy="MLC" cDate="03/31/2011 12:56:12 PDT Thu" abbrev="" name="Means" ID="14398">
        <definition>&lt;def-root&gt;The &lt;fen&gt;Means&lt;/fen&gt; by which an &lt;fen&gt;Entity&lt;/fen&gt; functions. &lt;/def-root&gt;</definition>
    </FE>
    <FEcoreSet>
        <memberFE name="Activity" ID="14390"/>
        <memberFE name="Role" ID="14391"/>
    </FEcoreSet>
    <frameRelation type="Inherits from"/>
    <frameRelation type="Is Inherited by"/>
    <frameRelation type="Perspective on"/>
    <frameRelation type="Is Perspectivized in"/>
    <frameRelation type="Uses"/>
    <frameRelation type="Is Used by"/>
    <frameRelation type="Subframe of"/>
    <frameRelation type="Has Subframe(s)"/>
    <frameRelation type="Precedes"/>
    <frameRelation type="Is Preceded by"/>
    <frameRelation type="Is Inchoative of"/>
    <frameRelation type="Is Causative of"/>
    <frameRelation type="See also"/>
    <lexUnit status="Finished_Initial" POS="V" name="serve.v" ID="16287" lemmaID="35196" cBy="MLC" cDate="03/30/2011 01:13:15 PDT Wed">
        <definition>FN: to function as</definition>
        <sentenceCount annotated="52" total="213"/>
        <lexeme order="1" headword="false" breakBefore="false" POS="V" name="serve"/>
    </lexUnit>
</frame>