<?xml version="1.0" encoding="UTF-8" standalone="yes"?>
<?xml-stylesheet type="text/xsl" href="frame.xsl"?>
<frame cBy="MJE" cDate="05/14/2002 04:30:48 PDT Tue" name="Get_a_job" ID="324" xsi:schemaLocation="../schema/frame.xsd" xmlns="http://framenet.icsi.berkeley.edu" xmlns:xsi="http://www.w3.org/2001/XMLSchema-instance">
    <definition>&lt;def-root&gt;A new &lt;fen&gt;Employee&lt;/fen&gt; obtains a &lt;fen&gt;Position&lt;/fen&gt; with an &lt;fen&gt;Employer&lt;/fen&gt;, with which there are certain &lt;fen&gt;Task&lt;/fen&gt;s associated; in exchange for the performance of these &lt;fen&gt;Task&lt;/fen&gt;s, the &lt;fen&gt;Employee&lt;/fen&gt; receives &lt;fen&gt;Compensation&lt;/fen&gt; from the &lt;fen&gt;Employer&lt;/fen&gt;.

&lt;ex&gt;&lt;fex name="Employee"&gt;I&lt;/fex&gt; &lt;t&gt;signed&lt;/t&gt; &lt;t&gt;on&lt;/t&gt; &lt;fex name="Employer"&gt;with YouTube&lt;/fex&gt; &lt;fex name="Task"&gt;to make them a new GUI&lt;/fex&gt;.&lt;/ex&gt;&lt;/def-root&gt;</definition>
    <FE bgColor="9F79EE" fgColor="FFFFFF" coreType="Peripheral" cBy="MJE" cDate="05/14/2002 04:31:25 PDT Tue" abbrev="Compense" name="Compensation" ID="2817">
        <definition>&lt;def-root&gt;The &lt;fen&gt;Compensation&lt;/fen&gt; is the payment that the &lt;fen&gt;Employee&lt;/fen&gt; receives for performing a &lt;fen&gt;Task&lt;/fen&gt;.

&lt;ex&gt;He said he wanted to play for a contender, and then he &lt;t&gt;signed&lt;/t&gt; &lt;t&gt;on&lt;/t&gt; &lt;fex name="Compense"&gt;for a lot of money&lt;/fex&gt; with a team that is not a contender.&lt;/ex&gt;&lt;/def-root&gt;</definition>
    </FE>
    <FE bgColor="0000FF" fgColor="FFFFFF" coreType="Core" cBy="MJE" cDate="05/14/2002 04:31:25 PDT Tue" abbrev="Empee" name="Employee" ID="2818">
        <definition>&lt;def-root&gt;The person who enters an employment relation with an &lt;fen&gt;Employer&lt;/fen&gt;.

&lt;ex&gt;In spring of 1983, &lt;fex name="Empee"&gt;Tom&lt;/fex&gt; &lt;t&gt;signed&lt;/t&gt; &lt;t&gt;on&lt;/t&gt; at the historic Wawona Hotel in Yosemite National Park, and continues to perform there nightly in the hotel's piano parlor.&lt;/ex&gt;

&lt;/def-root&gt;</definition>
        <semType name="Sentient" ID="5"/>
    </FE>
    <FE bgColor="FF0000" fgColor="FFFFFF" coreType="Core" cBy="MJE" cDate="05/14/2002 04:31:25 PDT Tue" abbrev="Emper" name="Employer" ID="2819">
        <definition>&lt;def-root&gt;The person (or institution) that the &lt;fen&gt;Employee&lt;/fen&gt; enters an employment relationship with.


&lt;ex&gt;He later played for the Scottish Claymores of the NFL Europe League in the spring of 2001, then &lt;t&gt;signed&lt;/t&gt; &lt;t&gt;on&lt;/t&gt; &lt;fex name="Emper"&gt;with Baltimore&lt;/fex&gt; in July of 2001.&lt;/ex&gt;&lt;/def-root&gt;</definition>
    </FE>
    <FE bgColor="FF69B4" fgColor="FFFFFF" coreType="Peripheral" cBy="MJE" cDate="05/14/2002 04:31:25 PDT Tue" abbrev="Mnr" name="Manner" ID="2821">
        <definition>&lt;def-root&gt;This FE identifies the &lt;fen&gt;Manner&lt;/fen&gt; in which an &lt;fen&gt;Employee&lt;/fen&gt; enters an employment relationship with an &lt;fen&gt;Employer&lt;/fen&gt;.


&lt;ex&gt;Van Auken &lt;fex name="Mnr"&gt;eagerly&lt;/fex&gt; &lt;t&gt;signed&lt;/t&gt; &lt;t&gt;on&lt;/t&gt; with Pennsylvania.&lt;/ex&gt;&lt;/def-root&gt;</definition>
        <semType name="Manner" ID="173"/>
    </FE>
    <FE bgColor="008000" fgColor="FFFFFF" coreType="Peripheral" cBy="MJE" cDate="05/14/2002 04:31:25 PDT Tue" abbrev="Place" name="Place" ID="2822">
        <definition>&lt;def-root&gt;This FE identifies the place where the &lt;fen&gt;Employee&lt;/fen&gt; enteres an employment relationship with an &lt;fen&gt;Employer&lt;/fen&gt;.

&lt;ex&gt;I had &lt;t&gt;signed&lt;/t&gt; &lt;t&gt;on&lt;/t&gt; &lt;fex name="Place"&gt;right there&lt;/fex&gt; with the rest of the freaks. &lt;/ex&gt;&lt;/def-root&gt;</definition>
        <semType name="Locative_relation" ID="182"/>
    </FE>
    <FE bgColor="9400D3" fgColor="FFFFFF" coreType="Core" cBy="MJE" cDate="05/14/2002 04:31:25 PDT Tue" abbrev="Posit" name="Position" ID="2823">
        <definition>&lt;def-root&gt;The label given to a particular type of employment.

&lt;ex&gt; In 1973 Franco Acerbis &lt;t&gt;signed&lt;/t&gt; &lt;t&gt;on&lt;/t&gt; &lt;fex name="Posit"&gt;as a mechanic for the Italian enduro
team&lt;/fex&gt;.&lt;/ex&gt;&lt;/def-root&gt;</definition>
    </FE>
    <FE bgColor="800080" fgColor="FFFFFF" coreType="Peripheral" cBy="MJE" cDate="05/14/2002 04:31:25 PDT Tue" abbrev="Purp" name="Purpose" ID="2824">
        <definition>&lt;def-root&gt;This FE identifies the purpose for which an &lt;fen&gt;Employee&lt;/fen&gt; enters an employment relationship.


&lt;ex&gt;Aengaela &lt;t&gt;signed&lt;/t&gt; &lt;t&gt;on&lt;/t&gt; with the Company &lt;fex name="Purp"&gt;to learn the family business&lt;/fex&gt;. &lt;/ex&gt;&lt;/def-root&gt;</definition>
        <semType name="State_of_affairs" ID="177"/>
    </FE>
    <FE bgColor="808080" fgColor="FFFFFF" coreType="Core" cBy="MJE" cDate="05/14/2002 04:31:25 PDT Tue" abbrev="Task" name="Task" ID="2825">
        <definition>&lt;def-root&gt;The action that the &lt;fen&gt;Employee&lt;/fen&gt; is obligated to do for the &lt;fen&gt;Employer&lt;/fen&gt;.


&lt;ex&gt;In the end, however, Gaskill opted to remain out West and &lt;t&gt;signed&lt;/t&gt; &lt;t&gt;on&lt;/t&gt; &lt;fex name="Task"&gt;to play Oscar Marone on CBS's The Bold and the Beautiful&lt;/fex&gt;.&lt;/ex&gt;&lt;/def-root&gt;</definition>
    </FE>
    <FE bgColor="FFA500" fgColor="FFFFFF" coreType="Peripheral" cBy="MJE" cDate="05/14/2002 04:31:25 PDT Tue" abbrev="Time" name="Time" ID="2826">
        <definition>&lt;def-root&gt;This FE identifies the &lt;fen&gt;Time&lt;/fen&gt; when an &lt;fen&gt;Employee&lt;/fen&gt; signs on with an &lt;fen&gt;Employer&lt;/fen&gt;.



&lt;ex&gt;Things have been very busy with the new job since I &lt;t&gt;signed&lt;/t&gt; &lt;t&gt;on&lt;/t&gt; &lt;fex name="Time"&gt;in June, 2001&lt;/fex&gt;.&lt;/ex&gt;&lt;/def-root&gt;</definition>
        <semType name="Time" ID="141"/>
    </FE>
    <FE bgColor="EEE8AA" fgColor="000000" coreType="Peripheral" cBy="CFB" cDate="04/23/2004 11:36:02 PDT Fri" abbrev="Means" name="Means" ID="6318">
        <definition>&lt;def-root&gt;The action by which the &lt;fen&gt;Employee&lt;/fen&gt; enters an employment relationship.

&lt;ex&gt;After interviewing, he &lt;t&gt;signed&lt;/t&gt; &lt;t&gt;on&lt;/t&gt; &lt;fex name="Means"&gt;with a handshake&lt;/fex&gt; in 1988.&lt;/ex&gt;&lt;/def-root&gt;</definition>
        <semType name="State_of_affairs" ID="177"/>
    </FE>
    <FE bgColor="A52A2A" fgColor="FFFFFF" coreType="Peripheral" cBy="JKR" cDate="05/18/2004 06:32:20 PDT Tue" abbrev="cb" name="Contract_basis" ID="6463">
        <definition>&lt;def-root&gt;The &lt;fen&gt;Contract_basis&lt;/fen&gt; is the condition of employment with respect to permanency, hours per time period or payment arrangements.


&lt;ex&gt;In addition, Kellie Anngotell and Emil Fredette have &lt;t&gt;hired&lt;/t&gt; &lt;t&gt;on&lt;/t&gt; &lt;fex name="cb"&gt;part-time&lt;/fex&gt;. &lt;/ex&gt;
&lt;/def-root&gt;</definition>
    </FE>
    <FEcoreSet>
        <memberFE name="Position" ID="2823"/>
        <memberFE name="Task" ID="2825"/>
    </FEcoreSet>
    <frameRelation type="Inherits from">
        <relatedFrame ID="198">Intentionally_act</relatedFrame>
    </frameRelation>
    <frameRelation type="Is Inherited by"/>
    <frameRelation type="Perspective on">
        <relatedFrame ID="870">Employment_start</relatedFrame>
    </frameRelation>
    <frameRelation type="Is Perspectivized in"/>
    <frameRelation type="Uses"/>
    <frameRelation type="Is Used by"/>
    <frameRelation type="Subframe of">
        <relatedFrame ID="1061">Employee_scenario</relatedFrame>
    </frameRelation>
    <frameRelation type="Has Subframe(s)"/>
    <frameRelation type="Precedes">
        <relatedFrame ID="282">Being_employed</relatedFrame>
    </frameRelation>
    <frameRelation type="Is Preceded by"/>
    <frameRelation type="Is Inchoative of"/>
    <frameRelation type="Is Causative of"/>
    <frameRelation type="See also"/>
    <lexUnit status="Add_Annotation" POS="V" name="sign on.v" ID="10530" lemmaID="49120" cBy="JKR" cDate="05/17/2004 08:45:59 PDT Mon">
        <definition>FN: commit oneself to employment</definition>
        <sentenceCount annotated="3" total="125"/>
        <lexeme order="1" headword="true" breakBefore="false" POS="V" name="sign"/>
        <lexeme order="2" headword="false" breakBefore="true" POS="ADV" name="on"/>
    </lexUnit>
    <lexUnit status="Insufficient_Attestations" POS="V" name="hire on.v" ID="10532" lemmaID="49122" cBy="JKR" cDate="05/18/2004 02:22:38 PDT Tue">
        <definition>FN: take a job</definition>
        <sentenceCount annotated="0" total="0"/>
        <lexeme order="1" headword="true" breakBefore="false" POS="V" name="hire"/>
        <lexeme order="2" headword="false" breakBefore="true" POS="ADV" name="on"/>
    </lexUnit>
</frame>