<?xml version="1.0" encoding="UTF-8" standalone="yes"?>
<?xml-stylesheet type="text/xsl" href="frame.xsl"?>
<frame cBy="JKR" cDate="04/29/2005 05:15:06 PDT Fri" name="Getting_up" ID="1420" xsi:schemaLocation="../schema/frame.xsd" xmlns="http://framenet.icsi.berkeley.edu" xmlns:xsi="http://www.w3.org/2001/XMLSchema-instance">
    <definition>&lt;def-root&gt;A &lt;fen&gt;Protagonist&lt;/fen&gt; leaves the place where they have slept, their &lt;fen&gt;Bed&lt;/fen&gt;, to begin or resume domestic, professional, or other activities. Getting up is distinct from Waking up, which is concerned only with the transition from the sleeping state to a wakeful state.

&lt;ex&gt;&lt;fex name="pro"&gt;I&lt;/fex&gt; &lt;t&gt;rose&lt;/t&gt; &lt;fex name="bed"&gt;from bed&lt;/fex&gt;, threw on a pair of camouflage shorts and drove my little Toyota Corolla to a construction clearing a few miles away.&lt;/ex&gt;
&lt;ex&gt;One recent Monday, for example, &lt;fex name="pro"&gt;Joe&lt;/fex&gt; &lt;t&gt;rose&lt;/t&gt; &lt;fex name="bed"&gt;from bed&lt;/fex&gt; &lt;fex name="tim"&gt;extra early&lt;/fex&gt; &lt;fex name="pur"&gt;to catch an administrator at 8:30 am&lt;/fex&gt;.&lt;/ex&gt;

&lt;ex&gt;&lt;fex name="cir"&gt;In the summer&lt;/fex&gt; &lt;fex name="pro"&gt;I&lt;/fex&gt; &lt;t&gt;get&lt;/t&gt; &lt;t&gt;up&lt;/t&gt; &lt;fex name="tim"&gt;early&lt;/fex&gt; and get some miles in on my bike before the kids and Ange wake up. &lt;fex name="bed"&gt;INI&lt;/fex&gt;&lt;/ex&gt;

&lt;ex&gt;He slept or threw up the whole day. &lt;fex name="pro"&gt;He&lt;/fex&gt; &lt;t&gt;got&lt;/t&gt; &lt;t&gt;up&lt;/t&gt; &lt;fex name="dur"&gt;for 2 hours&lt;/fex&gt; &lt;fex name="tim"&gt;in the evening&lt;/fex&gt;.  &lt;fex name="bed"&gt;INI&lt;/fex&gt;&lt;/ex&gt;

&lt;ex&gt;&lt;fex name="cir"&gt;When it snowed&lt;/fex&gt; &lt;fex name="pro"&gt;Smithers&lt;/fex&gt; &lt;t&gt;got&lt;/t&gt; &lt;t&gt;up&lt;/t&gt; &lt;fex name="tim"&gt;before everyone else&lt;/fex&gt; &lt;fex name="tim"&gt;at two o'clock&lt;/fex&gt; and swept the walkways. &lt;fex name="bed"&gt;INI&lt;/fex&gt;&lt;/ex&gt;&lt;/def-root&gt;</definition>
    <FE bgColor="FF0000" fgColor="FFFFFF" coreType="Core" cBy="JKR" cDate="04/29/2005 05:21:40 PDT Fri" abbrev="pro" name="Protagonist" ID="7890">
        <definition>&lt;def-root&gt;The person or animal that has slept in a particular place and now leaves it to engage in other activities.

&lt;ex&gt; &lt;fex name="pro"&gt;Melony&lt;/fex&gt; &lt;t&gt;got&lt;/t&gt; &lt;t&gt;up&lt;/t&gt; from bed and changed clothes getting ready to go to the doctor.&lt;/ex&gt;&lt;/def-root&gt;</definition>
        <semType name="Sentient" ID="5"/>
    </FE>
    <FE bgColor="800080" fgColor="FFFFFF" coreType="Core" cBy="JKR" cDate="04/29/2005 05:22:33 PDT Fri" abbrev="bed" name="Bed" ID="7891">
        <definition>&lt;def-root&gt;The place where the &lt;fen&gt;Protagonist&lt;/fen&gt; has slept.

&lt;ex&gt;She &lt;t&gt;got&lt;/t&gt; &lt;t&gt;up&lt;/t&gt; &lt;fex name="bed"&gt;from bed&lt;/fex&gt; lazily and stretched her body and yawned.&lt;/ex&gt;&lt;/def-root&gt;</definition>
        <semType name="Source" ID="151"/>
    </FE>
    <FE bgColor="008000" fgColor="FFFFFF" coreType="Peripheral" cBy="JKR" cDate="04/29/2005 05:23:08 PDT Fri" abbrev="tim" name="Time" ID="7892">
        <definition>&lt;def-root&gt;The time when the &lt;fen&gt;Protagonist&lt;/fen&gt; leaves their place of sleeping.

&lt;ex&gt;We &lt;t&gt;got&lt;/t&gt; &lt;t&gt;up&lt;/t&gt; &lt;fex name="tim"&gt;at 6:30 in the morning&lt;/fex&gt;.&lt;/ex&gt;&lt;/def-root&gt;</definition>
        <semType name="Time" ID="141"/>
    </FE>
    <FE bgColor="00BFFF" fgColor="FFFFFF" coreType="Peripheral" cBy="JKR" cDate="04/29/2005 05:37:40 PDT Fri" abbrev="pur" name="Purpose" ID="7894">
        <definition>&lt;def-root&gt;The &lt;fen&gt;Purpose&lt;/fen&gt; for which the &lt;fen&gt;Protagonist&lt;/fen&gt; gets out of &lt;fen&gt;Bed&lt;/fen&gt;.

&lt;ex&gt;I &lt;t&gt;rose&lt;/t&gt; from bed &lt;fex name="pur"&gt;to rectify the situation&lt;/fex&gt;.&lt;/ex&gt;&lt;/def-root&gt;</definition>
        <semType name="State_of_affairs" ID="177"/>
    </FE>
    <FE bgColor="FF69B4" fgColor="FFFFFF" coreType="Peripheral" cBy="JKR" cDate="04/29/2005 05:39:20 PDT Fri" abbrev="man" name="Manner" ID="7895">
        <definition>&lt;def-root&gt;Any description of the event (or state) which is not covered by more specific FEs, including epistemic modification (&lt;ment&gt;probably&lt;/ment&gt;, &lt;ment&gt;presumably&lt;/ment&gt;, &lt;ment&gt;mysteriously&lt;/ment&gt;),  secondary effects (&lt;ment&gt;quietly&lt;/ment&gt;), and general descriptions comparing events (&lt;ment&gt;the same way&lt;/ment&gt;). It may also indicate salient characteristics of the Protagonist that affect the action (&lt;ment&gt;eagerly&lt;/ment&gt;, &lt;ment&gt;carefully&lt;/ment&gt;). 

&lt;ex&gt; I &lt;t&gt;rose&lt;/t&gt; from bed &lt;fex name="Manner"&gt;with urgency&lt;/fex&gt; early one morning because a light clicked on.&lt;/ex&gt;&lt;/def-root&gt;</definition>
        <semType name="Manner" ID="173"/>
    </FE>
    <FE bgColor="0000FF" fgColor="FFFFFF" coreType="Extra-Thematic" cBy="JKR" cDate="04/29/2005 05:42:43 PDT Fri" abbrev="New" name="New_situation" ID="7896">
        <definition>&lt;def-root&gt;The &lt;fen&gt;New_situation&lt;/fen&gt; is the situation the &lt;fen&gt;Protagonist&lt;/fen&gt; finds him or herself in upon getting up from &lt;fen&gt;Bed&lt;/fen&gt;.

&lt;ex&gt;Hannibal admitted defeat at around 5 am and &lt;t&gt;rose&lt;/t&gt; &lt;fex name="New_situation"&gt;to find Face and Ray already up making coffee&lt;/fex&gt;.&lt;/ex&gt;&lt;/def-root&gt;</definition>
    </FE>
    <FE bgColor="FFA500" fgColor="FFFFFF" coreType="Extra-Thematic" cBy="JKR" cDate="04/29/2005 05:46:41 PDT Fri" abbrev="cir" name="Circumstances" ID="7897">
        <definition>&lt;def-root&gt;The FE &lt;fen&gt;Circumstances&lt;/fen&gt; encodes a setting, often temporal or spatial, within which the getting up event takes place.

&lt;ex&gt;&lt;fex name="cir"&gt;During spring break&lt;/fex&gt;, we &lt;t&gt;got&lt;/t&gt; &lt;t&gt;up&lt;/t&gt; at 7:45 and waited for the donut truck.&lt;/ex&gt;&lt;/def-root&gt;</definition>
    </FE>
    <FE bgColor="00008B" fgColor="FFFFFF" coreType="Extra-Thematic" cBy="JKR" cDate="04/29/2005 05:49:52 PDT Fri" abbrev="Exp" name="Explanation" ID="7898">
        <definition>&lt;def-root&gt;A state of affairs that the &lt;fen&gt;Protagonist&lt;/fen&gt; is responding to in getting up.

&lt;ex&gt;I &lt;t&gt;get&lt;/t&gt; &lt;t&gt;up&lt;/t&gt; &lt;fex name="Explanation"&gt;because I have things I can't wait to do&lt;/fex&gt;.&lt;/ex&gt;&lt;/def-root&gt;</definition>
        <semType name="State_of_affairs" ID="177"/>
    </FE>
    <FE bgColor="808080" fgColor="FFFFFF" coreType="Extra-Thematic" cBy="JKR" cDate="04/29/2005 05:53:24 PDT Fri" abbrev="dur" name="Duration_of_final_state" ID="7899">
        <definition>&lt;def-root&gt;The length of the interval for which the &lt;fen&gt;Protagonist&lt;/fen&gt; is not in &lt;fen&gt;Bed&lt;/fen&gt; after getting up.

&lt;ex&gt;I was so tired yesterday that I went home and slept 3 hrs, &lt;t&gt;got&lt;/t&gt; &lt;t&gt;up&lt;/t&gt; &lt;fex name="dur"&gt;for 2 hrs&lt;/fex&gt;, then back to bed.&lt;/ex&gt;&lt;/def-root&gt;</definition>
    </FE>
    <FE bgColor="1E90FF" fgColor="FFFFFF" coreType="Peripheral" cBy="JKR" cDate="04/29/2005 06:01:46 PDT Fri" abbrev="pla" name="Place" ID="7900">
        <definition>&lt;def-root&gt;The location in which the &lt;fen&gt;Protagonist&lt;/fen&gt;'s &lt;fen&gt;Bed&lt;/fen&gt; is situated.

&lt;ex&gt;We eventually ended up getting home about 5am and I ended up sleeping all day. &lt;fex name="pro"&gt;I&lt;/fex&gt; &lt;t&gt;got&lt;/t&gt; &lt;t&gt;up&lt;/t&gt; &lt;fex name="tim"&gt;late&lt;/fex&gt; &lt;fex name="pla"&gt;at home&lt;/fex&gt;, went to Steve's and slept at his house. &lt;fex name="bed"&gt;INI&lt;/fex&gt;&lt;/ex&gt;&lt;/def-root&gt;</definition>
        <semType name="Locative_relation" ID="182"/>
    </FE>
    <frameRelation type="Inherits from"/>
    <frameRelation type="Is Inherited by"/>
    <frameRelation type="Perspective on"/>
    <frameRelation type="Is Perspectivized in"/>
    <frameRelation type="Uses">
        <relatedFrame ID="770">Change_posture</relatedFrame>
    </frameRelation>
    <frameRelation type="Is Used by"/>
    <frameRelation type="Subframe of">
        <relatedFrame ID="294">Sleep_wake_cycle</relatedFrame>
    </frameRelation>
    <frameRelation type="Has Subframe(s)"/>
    <frameRelation type="Precedes"/>
    <frameRelation type="Is Preceded by">
        <relatedFrame ID="1681">Being_awake</relatedFrame>
    </frameRelation>
    <frameRelation type="Is Inchoative of"/>
    <frameRelation type="Is Causative of"/>
    <frameRelation type="See also"/>
    <lexUnit status="New" POS="V" name="rise.v" ID="11980" lemmaID="33335" cBy="JKR" cDate="04/29/2005 05:19:56 PDT Fri">
        <definition>FN: get up from bed after sleeping</definition>
        <sentenceCount annotated="1" total="160"/>
        <lexeme order="1" headword="false" breakBefore="false" POS="V" name="rise"/>
    </lexUnit>
    <lexUnit status="Created" POS="V" name="get up.v" ID="11981" lemmaID="45569" cBy="JKR" cDate="04/29/2005 05:21:23 PDT Fri">
        <definition>COD: rise from bed after sleeping</definition>
        <sentenceCount annotated="0" total="0"/>
        <lexeme order="1" headword="true" breakBefore="false" POS="V" name="get"/>
        <lexeme order="2" headword="false" breakBefore="true" POS="ADV" name="up"/>
    </lexUnit>
</frame>