<?xml version="1.0" encoding="UTF-8" standalone="yes"?>
<?xml-stylesheet type="text/xsl" href="frame.xsl"?>
<frame cBy="ChW" cDate="02/07/2001 04:12:20 PST Wed" name="Give_impression" ID="67" xsi:schemaLocation="../schema/frame.xsd" xmlns="http://framenet.icsi.berkeley.edu" xmlns:xsi="http://www.w3.org/2001/XMLSchema-instance">
    <definition>&lt;def-root&gt;In this class of perception words, a &lt;fen&gt;Phenomenon&lt;/fen&gt;, typically expressed as External Argument, and its perceptual characteristics are given some description.  This may be a &lt;fen&gt;Characterization&lt;/fen&gt; describing purely perceptual properties, an &lt;fen&gt;Appraisal&lt;/fen&gt; (i.e. positive or negative judgment) or an &lt;fen&gt;Inference&lt;/fen&gt; about some non-perceptual property based on the &lt;fen&gt;Perceiver_passive&lt;/fen&gt;'s perception. 
&lt;ex&gt;&lt;/ex&gt;
&lt;ex&gt;There's a hamburger bar open, and &lt;fex name="Phenomenon"&gt;it&lt;/fex&gt; &lt;t&gt;smells&lt;/t&gt; &lt;fex name="Appraisal"&gt;real good&lt;/fex&gt;.&lt;/ex&gt;

&lt;ex&gt;&lt;fex name="Phenomenon"&gt;What we drank then&lt;/fex&gt; &lt;t&gt;tasted&lt;/t&gt; &lt;fex name="Characterization"&gt;like sulphur and ox blood&lt;/fex&gt;.&lt;/ex&gt;&lt;/def-root&gt;</definition>
    <FE bgColor="FF0000" fgColor="FFFFFF" coreType="Core" cBy="ChW" cDate="02/07/2001 04:12:20 PST Wed" abbrev="Phen" name="Phenomenon" ID="309">
        <definition>&lt;def-root&gt;The &lt;fen&gt;Phenomenon&lt;/fen&gt; is typically the External Argument of the verbs in this frame.&lt;ex&gt;&lt;fex name="Phenomenon"&gt;The soup&lt;/fex&gt; &lt;t&gt;tasted&lt;/t&gt; very salty.&lt;/ex&gt; &lt;/def-root&gt;</definition>
    </FE>
    <FE bgColor="00BFFF" fgColor="FFFFFF" coreType="Core" cBy="ChW" cDate="02/07/2001 04:12:20 PST Wed" abbrev="Char" name="Characterization" ID="310">
        <definition>&lt;def-root&gt;&lt;fen&gt;Characterization&lt;/fen&gt; is the subjective description (of the &lt;fen&gt;Perceiver_passive&lt;/fen&gt; ) of the &lt;fen&gt;Phenomenon&lt;/fen&gt;.&lt;ex&gt;Kim's new furniture &lt;t&gt;looks&lt;/t&gt; &lt;fex name="Char"&gt;sort of bluish&lt;/fex&gt;.&lt;/ex&gt;&lt;ex&gt;The violins &lt;t&gt;sounded&lt;/t&gt; &lt;fex name="Char"&gt;as if they were in pain&lt;/fex&gt;.&lt;/ex&gt;&lt;ex&gt;The city &lt;t&gt;smelled&lt;/t&gt; &lt;fex name="Char"&gt;like rotting sewage&lt;/fex&gt;.&lt;/ex&gt;&lt;/def-root&gt;</definition>
    </FE>
    <FE bgColor="0000FF" fgColor="FFFFFF" coreType="Core" cBy="ChW" cDate="02/07/2001 04:12:20 PST Wed" abbrev="Appr" name="Appraisal" ID="311">
        <definition>&lt;def-root&gt;&lt;fen&gt;Appraisal&lt;/fen&gt; is the positive or negative judgement given to the &lt;fen&gt;Phenomenon&lt;/fen&gt;.&lt;ex&gt;Kim's hair &lt;t&gt;feels&lt;/t&gt; &lt;fex name="Appraisal"&gt;nice&lt;/fex&gt;.&lt;/ex&gt;&lt;ex&gt;That trumpet &lt;t&gt;sounds&lt;/t&gt; &lt;fex name="Appraisal"&gt;dreadful&lt;/fex&gt;.&lt;/ex&gt; &lt;/def-root&gt;</definition>
    </FE>
    <FE bgColor="00008B" fgColor="FFFFFF" coreType="Core" cBy="ChW" cDate="02/07/2001 04:12:20 PST Wed" abbrev="Infer" name="Inference" ID="312">
        <definition>&lt;def-root&gt;&lt;fen&gt;Inference&lt;/fen&gt; expresses some property of the &lt;fen&gt;Phenomenon&lt;/fen&gt; that is not a direct  feature of the particular sensory modality (if any), but rather is based on perception within that modality.&lt;ex&gt;Pat &lt;t&gt;sounds&lt;/t&gt; &lt;fex name="Inference"&gt;devastated&lt;/fex&gt; by the bad news.&lt;/ex&gt; &lt;fen&gt;Inference&lt;/fen&gt; may superficially look like &lt;fen&gt;Appraisal&lt;/fen&gt;, as in: &lt;ex&gt;That idea &lt;t&gt;sounds&lt;/t&gt; &lt;fex name="Inference"&gt;dreadful&lt;/fex&gt;.&lt;/ex&gt; However, it is not the perception of the "sound" of the idea that is "dreadful", it is the idea itself that is inferred to be dreadful based on what was heard. &lt;ex&gt;It &lt;t&gt;looks&lt;/t&gt; &lt;fex name="Infer"&gt;like Johanna is going to the ball without me&lt;/fex&gt;.&lt;/ex&gt; Note the dummy-it as subject in this sense of  "look"  and that  "appears that" could replace "looks like".  Here, it is _inferrable_ that Johanna will go to the ball without the speaker.&lt;/def-root&gt;</definition>
    </FE>
    <FE bgColor="008000" fgColor="FFFFFF" coreType="Peripheral" cBy="ChW" cDate="02/07/2001 04:12:20 PST Wed" abbrev="Perc-Pass" name="Perceiver_passive" ID="313">
        <definition>&lt;def-root&gt;The &lt;fen&gt;Perceiver_passive&lt;/fen&gt; experiences some perception without necessarily intending to, but makes a judgment about the &lt;fen&gt;Phenomenon&lt;/fen&gt;.  The &lt;fen&gt;Perceiver_passive&lt;/fen&gt; generally occurs in a PP Complement.&lt;ex&gt;The milk &lt;t&gt;smells&lt;/t&gt; bad &lt;fex name="Perceiver_passive"&gt;to me&lt;/fex&gt;.&lt;/ex&gt; &lt;/def-root&gt;</definition>
        <semType name="Sentient" ID="5"/>
    </FE>
    <FE bgColor="9F79EE" fgColor="FFFFFF" coreType="Peripheral" cBy="ChW" cDate="02/07/2001 04:12:20 PST Wed" abbrev="BodP" name="Body_part" ID="314">
        <definition>&lt;def-root&gt;&lt;fen&gt;Body_part&lt;/fen&gt; expressions are not common in this frame, but may occur with the verb "feel" (the only verb in this frame that does not lexically encode the &lt;fen&gt;Body_part&lt;/fen&gt; involved in perception) or occasionally (and redundantly) with other verbs.&lt;ex&gt;The fabric &lt;t&gt;felt&lt;/t&gt; soft &lt;fex name="Body_part"&gt;on my skin&lt;/fex&gt;.&lt;/ex&gt;&lt;ex&gt;The music &lt;t&gt;sounded&lt;/t&gt; beautiful &lt;fex name="Body_part"&gt;to my ears&lt;/fex&gt;.&lt;/ex&gt; &lt;/def-root&gt;</definition>
        <semType name="Body_part" ID="10"/>
    </FE>
    <FE bgColor="808080" fgColor="FFFFFF" coreType="Extra-Thematic" cBy="ChW" cDate="02/07/2001 04:12:20 PST Wed" abbrev="Loc" name="Location_of_protagonist" ID="315">
        <definition>&lt;def-root&gt;&lt;fen&gt;Location_of_protagonist&lt;/fen&gt; identifies the position of the &lt;fen&gt;Perceiver_passive&lt;/fen&gt; during the act of perception.  Typically it is expressed in a PP-from.&lt;ex&gt;The house &lt;t&gt;looks&lt;/t&gt; deceptively small &lt;fex name="Location_of_protagonist"&gt;from the outside&lt;/fex&gt;.&lt;/ex&gt; &lt;/def-root&gt;</definition>
    </FE>
    <FE bgColor="800080" fgColor="FFFFFF" coreType="Peripheral" cBy="ChW" cDate="02/07/2001 04:12:20 PST Wed" abbrev="Path" name="Path" ID="316">
        <definition>&lt;def-root&gt;This frame element, usually expressed in a PP, is used for all path-like expressions, except those indicating the &lt;fen&gt;Location_of_perceiver&lt;/fen&gt; (see above), that describe how the &lt;fen&gt;Perceiver_passive&lt;/fen&gt;'s attention is directed during the act of perception.
&lt;ex&gt;His voice &lt;t&gt;sounded&lt;/t&gt; muffled &lt;fex name="Path"&gt;through the wall&lt;/fex&gt;.&lt;/ex&gt; &lt;/def-root&gt;</definition>
    </FE>
    <FE bgColor="9400D3" fgColor="FFFFFF" coreType="Extra-Thematic" cBy="ChW" cDate="02/07/2001 04:12:21 PST Wed" abbrev="State" name="State" ID="317">
        <definition>&lt;def-root&gt;This FE identifies expressions that predicate something of the &lt;fen&gt;Phenomenon&lt;/fen&gt;, providing some information about its &lt;fen&gt;State&lt;/fen&gt; while the &lt;fen&gt;Perceiver_passive&lt;/fen&gt; experiences it.&lt;ex&gt;Pat &lt;t&gt;looks&lt;/t&gt; great &lt;fex name="State"&gt;dressed in red&lt;/fex&gt;.&lt;/ex&gt;&lt;ex&gt;The meat &lt;t&gt;tastes&lt;/t&gt; delicious &lt;fex name="State"&gt;seasoned with garlic&lt;/fex&gt;.&lt;/ex&gt;&lt;/def-root&gt;</definition>
    </FE>
    <FE bgColor="A52A2A" fgColor="FFFFFF" coreType="Peripheral" cBy="ChW" cDate="02/07/2001 04:12:21 PST Wed" abbrev="Ground" name="Ground" ID="318">
        <definition>&lt;def-root&gt;&lt;fen&gt;Ground&lt;/fen&gt; is the perceptual background against which the &lt;fen&gt;Phenomenon&lt;/fen&gt; is experienced (or not experienced) by the &lt;fen&gt;Perceiver_passive&lt;/fen&gt;.&lt;ex&gt;The painting &lt;t&gt;looks&lt;/t&gt; great &lt;fex name="Ground"&gt;against the new wallpaper&lt;/fex&gt;.&lt;/ex&gt; &lt;/def-root&gt;</definition>
    </FE>
    <FE bgColor="FF00FF" fgColor="FFFFFF" coreType="Peripheral" cBy="JKR" cDate="10/11/2003 06:03:57 PDT Sat" abbrev="" name="Degree" ID="5531">
        <definition>&lt;def-root&gt;The extent to which a &lt;fen&gt;Phenomenon&lt;/fen&gt; gives the impression that a certain &lt;fen&gt;Characterization&lt;/fen&gt; or &lt;fen&gt;Inference&lt;/fen&gt; holds.

&lt;ex&gt;John &lt;t&gt;looks&lt;/t&gt; like his father &lt;fex name="Degree"&gt;a bit&lt;/fex&gt;.&lt;/ex&gt;&lt;/def-root&gt;</definition>
        <semType name="Degree" ID="172"/>
    </FE>
    <FE bgColor="FFA500" fgColor="FFFFFF" coreType="Extra-Thematic" cBy="RLG" cDate="02/28/2007 11:55:26 PST Wed" abbrev="cir" name="Circumstances" ID="11119">
        <definition>&lt;def-root&gt;The physical or abstract &lt;fen&gt;Circumstances&lt;/fen&gt; that determine the appearance of the &lt;fen&gt;Phenomenon&lt;/fen&gt;.

&lt;ex&gt;The people I work with &lt;t&gt;seem&lt;/t&gt; to either hate their jobs, or like them, &lt;fex name="cir"&gt;depending on my mood&lt;/fex&gt;.&lt;/ex&gt;&lt;/def-root&gt;</definition>
    </FE>
    <FE bgColor="FF69B4" fgColor="FFFFFF" coreType="Extra-Thematic" cBy="KmG" cDate="10/29/2007 04:43:13 PDT Mon" abbrev="" name="Frequency" ID="12032">
        <definition>&lt;def-root&gt;How often the Phenomenon has the &lt;fen&gt;Appraisal&lt;/fen&gt;, &lt;fen&gt;Characterization&lt;/fen&gt;, or &lt;fen&gt;Phenomenon&lt;/fen&gt;.&lt;/def-root&gt;</definition>
    </FE>
    <FEcoreSet>
        <memberFE name="Appraisal" ID="311"/>
        <memberFE name="Characterization" ID="310"/>
        <memberFE name="Inference" ID="312"/>
    </FEcoreSet>
    <frameRelation type="Inherits from">
        <relatedFrame ID="8">Perception</relatedFrame>
    </frameRelation>
    <frameRelation type="Is Inherited by"/>
    <frameRelation type="Perspective on"/>
    <frameRelation type="Is Perspectivized in"/>
    <frameRelation type="Uses"/>
    <frameRelation type="Is Used by">
        <relatedFrame ID="505">Want_suspect</relatedFrame>
        <relatedFrame ID="271">Chemical-sense_description</relatedFrame>
    </frameRelation>
    <frameRelation type="Subframe of"/>
    <frameRelation type="Has Subframe(s)"/>
    <frameRelation type="Precedes"/>
    <frameRelation type="Is Preceded by"/>
    <frameRelation type="Is Inchoative of"/>
    <frameRelation type="Is Causative of"/>
    <frameRelation type="See also"/>
    <lexUnit status="FN1_Sent" POS="V" name="appear.v" ID="1321" lemmaID="1709" cBy="ChW" cDate="02/08/2001 01:29:40 PST Thu">
        <definition>FN: give an initial impression of</definition>
        <sentenceCount annotated="108" total="330"/>
        <lexeme order="1" headword="false" breakBefore="false" POS="V" name="appear"/>
    </lexUnit>
    <lexUnit status="FN1_Sent" POS="V" name="feel.v" ID="1322" lemmaID="14126" cBy="ChW" cDate="02/08/2001 01:29:40 PST Thu">
        <definition>FN: seem</definition>
        <sentenceCount annotated="6" total="240"/>
        <lexeme order="1" headword="false" breakBefore="false" POS="V" name="feel"/>
    </lexUnit>
    <lexUnit status="FN1_Sent" POS="V" name="look.v" ID="1323" lemmaID="22738" cBy="ChW" cDate="02/08/2001 01:29:40 PST Thu">
        <definition>FN: appear</definition>
        <sentenceCount annotated="58" total="242"/>
        <lexeme order="1" headword="false" breakBefore="false" POS="V" name="look"/>
    </lexUnit>
    <lexUnit status="FN1_Sent" incorporatedFE="Appraisal" POS="V" name="reek.v" ID="1324" lemmaID="32288" cBy="ChW" cDate="02/08/2001 01:29:40 PST Thu">
        <definition>FN: give off a (bad) smell</definition>
        <sentenceCount annotated="15" total="31"/>
        <lexeme order="1" headword="false" breakBefore="false" POS="V" name="reek"/>
        <semType name="Negative_judgment" ID="14"/>
    </lexUnit>
    <lexUnit status="FN1_Sent" POS="V" name="seem.v" ID="1325" lemmaID="34855" cBy="ChW" cDate="02/08/2001 01:29:40 PST Thu">
        <definition>FN: give the impression of </definition>
        <sentenceCount annotated="77" total="341"/>
        <lexeme order="1" headword="false" breakBefore="false" POS="V" name="seem"/>
    </lexUnit>
    <lexUnit status="FN1_Sent" POS="V" name="smell.v" ID="1326" lemmaID="36506" cBy="ChW" cDate="02/08/2001 01:29:40 PST Thu">
        <definition>FN: have a strong or unpleasant odor</definition>
        <sentenceCount annotated="88" total="106"/>
        <lexeme order="1" headword="false" breakBefore="false" POS="V" name="smell"/>
    </lexUnit>
    <lexUnit status="FN1_Sent" POS="V" name="sound.v" ID="1327" lemmaID="37036" cBy="ChW" cDate="02/08/2001 01:29:40 PST Thu">
        <definition>COD: convey a specified impression when heard.</definition>
        <sentenceCount annotated="28" total="213"/>
        <lexeme order="1" headword="false" breakBefore="false" POS="V" name="sound"/>
    </lexUnit>
    <lexUnit status="FN1_Sent" incorporatedFE="Appraisal" POS="V" name="stink.v" ID="1328" lemmaID="38081" cBy="ChW" cDate="02/08/2001 01:29:41 PST Thu">
        <definition>COD: have a strong unpleasant smell</definition>
        <sentenceCount annotated="15" total="77"/>
        <lexeme order="1" headword="false" breakBefore="false" POS="V" name="stink"/>
    </lexUnit>
    <lexUnit status="FN1_Sent" POS="V" name="taste.v" ID="1329" lemmaID="39582" cBy="ChW" cDate="02/08/2001 01:29:41 PST Thu">
        <definition>COD: have a specified flavor</definition>
        <sentenceCount annotated="26" total="213"/>
        <lexeme order="1" headword="false" breakBefore="false" POS="V" name="taste"/>
    </lexUnit>
</frame>