<?xml version="1.0" encoding="UTF-8" standalone="yes"?>
<?xml-stylesheet type="text/xsl" href="frame.xsl"?>
<frame cBy="MJE" cDate="02/17/2015 03:31:33 PST Tue" name="Gradable_proximity" ID="2900" xsi:schemaLocation="../schema/frame.xsd" xmlns="http://framenet.icsi.berkeley.edu" xmlns:xsi="http://www.w3.org/2001/XMLSchema-instance">
    <definition>&lt;def-root&gt;A &lt;fen&gt;Figure&lt;/fen&gt; is (stably) located with respect to a &lt;fen&gt;Ground&lt;/fen&gt; in terms of how the distance between them compares to some general or contextually relevant scale.  The Degree of divergence from the expected distance may also be expressed.  In addition to the asymmetrical consideration of &lt;fen&gt;Figure&lt;/fen&gt; and &lt;fen&gt;Ground&lt;/fen&gt;, these may be construed collectively as &lt;fen&gt;Figures&lt;/fen&gt;, in which case each entity is assessed for how expected its distance is from others in the group of &lt;fen&gt;Figures&lt;/fen&gt;.
&lt;ex&gt;&lt;/ex&gt;
Productive metaphors include cases where the degree of closeness or intimacy between people/entities is conceptualized as gradable proximity ("their &lt;t&gt;close&lt;/t&gt; / &lt;t&gt;distant&lt;/t&gt; relationship..."). The directness of familial relations is also construed this way ("a &lt;t&gt;close&lt;/t&gt; / &lt;t&gt;distant&lt;/t&gt; cousin"). Other metaphors involve possibility - usually of more extreme events - as proximity ("it was &lt;t&gt;near&lt;/t&gt; collapse / extinction / disaster") and of category fit as proximity ("that was &lt;t&gt;far&lt;/t&gt; from perfection / the truth / a miracle"). 
&lt;/def-root&gt;</definition>
    <semType name="Locative_relation" ID="182"/>
    <FE bgColor="008000" fgColor="FFFFFF" coreType="Core" cBy="MJE" cDate="02/17/2015 03:31:34 PST Tue" abbrev="Grnd" name="Ground" ID="16272">
        <definition>&lt;def-root&gt;The &lt;fen&gt;Ground&lt;/fen&gt; serves as a basis for describing the location of the &lt;fen&gt;Figure&lt;/fen&gt;.

&lt;ex&gt;The cat is &lt;t&gt;near&lt;/t&gt; &lt;fex name="Grnd"&gt;the mat&lt;/fex&gt;.&lt;/ex&gt;&lt;/def-root&gt;</definition>
    </FE>
    <FE bgColor="FF0000" fgColor="FFFFFF" coreType="Core" cBy="MJE" cDate="02/17/2015 03:31:34 PST Tue" abbrev="Fig" name="Figure" ID="16273">
        <definition>&lt;def-root&gt;The &lt;fen&gt;Figure&lt;/fen&gt; is perceived as located relative to a certain &lt;fen&gt;Ground&lt;/fen&gt; location. The figure can be an entity or an event.

&lt;ex&gt;&lt;fex name="Fig"&gt;The cat&lt;/fex&gt; is &lt;t&gt;near&lt;/t&gt; the mat.&lt;/ex&gt;
&lt;/def-root&gt;</definition>
    </FE>
    <FE bgColor="FF69B4" fgColor="FFFFFF" coreType="Extra-Thematic" cBy="MJE" cDate="02/17/2015 03:31:34 PST Tue" abbrev="Acc" name="Accessibility" ID="16274">
        <definition>&lt;def-root&gt;This  FE identifies the  &lt;fen&gt;Accessibility&lt;/fen&gt; between the &lt;fen&gt;Figure&lt;/fen&gt; and some reference location (generally, the deictic center or the &lt;fen&gt;Ground&lt;/fen&gt;).
&lt;ex&gt;The cat is &lt;fex name="Acc"&gt;right&lt;/fex&gt; &lt;t&gt;near&lt;/t&gt; the table.&lt;/ex&gt;
&lt;/def-root&gt;</definition>
    </FE>
    <FE bgColor="1E90FF" fgColor="FFFFFF" coreType="Extra-Thematic" cBy="MJE" cDate="02/17/2015 03:31:34 PST Tue" abbrev="Dir" name="Direction" ID="16275">
        <definition>&lt;def-root&gt;This FE identifies the &lt;fen&gt;Direction&lt;/fen&gt; from a reference location (generally, the deictic center) of a path to the &lt;fen&gt;Figure&lt;/fen&gt;.
&lt;ex&gt;The cat was &lt;fex name="Dir"&gt;down&lt;/fex&gt; &lt;t&gt;near&lt;/t&gt; its food bowl .&lt;/ex&gt;&lt;/def-root&gt;</definition>
    </FE>
    <FE bgColor="FFA500" fgColor="FFFFFF" coreType="Peripheral" cBy="MJE" cDate="02/17/2015 03:31:34 PST Tue" abbrev="tim" name="Time" ID="16276">
        <definition>&lt;def-root&gt;The period of time during which the locative relation between &lt;fen&gt;Figure&lt;/fen&gt; and &lt;fen&gt;Ground&lt;/fen&gt; obtains.

&lt;ex&gt;He was &lt;t&gt;near&lt;/t&gt; Athens &lt;fex name="tim"&gt;on Friday&lt;/fex&gt;.&lt;/ex&gt;&lt;/def-root&gt;</definition>
        <semType name="Time" ID="141"/>
    </FE>
    <FE bgColor="00008B" fgColor="FFFFFF" coreType="Core-Unexpressed" cBy="MJE" cDate="02/17/2015 03:31:34 PST Tue" abbrev="" name="Figures" ID="16277">
        <definition>&lt;def-root&gt;The &lt;fen&gt;Figures&lt;/fen&gt; are items which mutually serve to identify the location of the other items.

&lt;ex&gt;&lt;fex name="Figures"&gt;The two waffle houses&lt;/fex&gt; are so &lt;t&gt;close&lt;/t&gt; together they can throw ingredients across the road to each other .&lt;/ex&gt;&lt;/def-root&gt;</definition>
    </FE>
    <FE bgColor="A52A2A" fgColor="FFFFFF" coreType="Peripheral" cBy="MJE" cDate="02/17/2015 03:41:12 PST Tue" abbrev="" name="Degree" ID="16278">
        <definition>&lt;def-root&gt;An assessment of how the distance between the &lt;fen&gt;Figure&lt;/fen&gt; and the &lt;fen&gt;Ground&lt;/fen&gt; diverges from expectation.

&lt;ex&gt;We 're &lt;fex name="Degree"&gt;very&lt;/fex&gt; &lt;t&gt;close&lt;/t&gt; to the treasure .&lt;/ex&gt;&lt;/def-root&gt;</definition>
    </FE>
    <FE bgColor="800080" fgColor="FFFFFF" coreType="Extra-Thematic" cBy="WMcQ" cDate="03/23/2015 04:13:45 PDT Mon" abbrev="" name="Deixis" ID="16326">
        <definition>&lt;def-root&gt;An indication of how the locative phrase relates to the grounding of the speech situation, either locating it near (here) or far (there, yonder), or specifically separated from the speech context by distance or a barrier (over).  Fillers of this FE are restricted to this closed class of items.

&lt;ex&gt;She has a boyfriend way &lt;fex name="Deixis"&gt;over&lt;/fex&gt; &lt;t&gt;in&lt;/t&gt; Springfield .&lt;/ex&gt;
&lt;ex&gt;It is lying &lt;fex name="Deixis"&gt;here&lt;/fex&gt; &lt;t&gt;on&lt;/t&gt; my desk .&lt;/ex&gt;
&lt;/def-root&gt;</definition>
    </FE>
    <FE bgColor="A9A9A9" fgColor="FFFFFF" coreType="Extra-Thematic" cBy="WMcQ" cDate="03/23/2015 04:50:55 PDT Mon" abbrev="" name="Directness" ID="16328">
        <definition>&lt;def-root&gt;An indication of how closely the position of &lt;fen&gt;Figure&lt;/fen&gt; matches the prototype expected from the image schema associated with the target.  This FE is normally filled by closed-class, dedicated adverbs like right, straight, directly, and due (and some combinations of these), but also occurs with rarer items like 'smack dab'.

&lt;ex&gt;It landed &lt;fex name="Directness"&gt;right&lt;/fex&gt; &lt;t&gt;near&lt;/t&gt; the pole .&lt;/ex&gt;&lt;/def-root&gt;</definition>
    </FE>
    <FE bgColor="7FFF00" fgColor="000000" coreType="Extra-Thematic" cBy="WMcQ" cDate="04/21/2015 01:53:55 PDT Tue" abbrev="" name="Temporal_profile" ID="16394">
        <definition>&lt;def-root&gt;A description of how the access path to the &lt;fen&gt;Ground&lt;/fen&gt; interacts with time.  This FE is filled only by the closed class of adverbials back.adv (which indicates that the position was occupied by the &lt;fen&gt;Figure&lt;/fen&gt; before) and on.adv (which indicates a continued path).  While this FE in its most basic use refers to cases of actual motion, it can be used with descriptions of static position, in which case it either refers to fictive, imagined motion (as in the first example below), or it backgrounds motion entirely (as in the second example).

&lt;ex&gt;You 'll find it straight &lt;fex name="Temporal_profile"&gt;on&lt;/fex&gt; over &lt;t&gt;near&lt;/t&gt; the closet.&lt;/ex&gt;
&lt;ex&gt;He's already &lt;fex name="Temporal_profile"&gt;back&lt;/fex&gt; &lt;t&gt;near&lt;/t&gt; the house.&lt;/ex&gt;&lt;/def-root&gt;</definition>
    </FE>
    <FE bgColor="9400D3" fgColor="FFFFFF" coreType="Extra-Thematic" cBy="HPh" cDate="05/21/2015 12:42:02 PDT Thu" abbrev="Dist" name="Distance" ID="16470">
        <definition>&lt;def-root&gt;This  FE identifies the  &lt;fen&gt;Distance&lt;/fen&gt; between the &lt;fen&gt;Figure&lt;/fen&gt; and the &lt;fen&gt;Ground&lt;/fen&gt;.  This FE requires an image schema with a vector that extends from the &lt;fen&gt;Ground&lt;/fen&gt;, or a subpart of the &lt;fen&gt;Ground&lt;/fen&gt;, in some direction, and the &lt;fen&gt;Distance&lt;/fen&gt; is measured along this vector from the &lt;fen&gt;Ground&lt;/fen&gt; to the profiled region. 

&lt;ex&gt;The island was &lt;fex name="Distance"&gt;30 miles&lt;/fex&gt; &lt;t&gt;distant&lt;/t&gt; from the mainland.&lt;/ex&gt;&lt;/def-root&gt;</definition>
    </FE>
    <frameRelation type="Inherits from">
        <relatedFrame ID="199">Locative_relation</relatedFrame>
    </frameRelation>
    <frameRelation type="Is Inherited by"/>
    <frameRelation type="Perspective on">
        <relatedFrame ID="2017">Proximity_image_schema</relatedFrame>
    </frameRelation>
    <frameRelation type="Is Perspectivized in"/>
    <frameRelation type="Uses"/>
    <frameRelation type="Is Used by"/>
    <frameRelation type="Subframe of"/>
    <frameRelation type="Has Subframe(s)"/>
    <frameRelation type="Precedes"/>
    <frameRelation type="Is Preceded by"/>
    <frameRelation type="Is Inchoative of"/>
    <frameRelation type="Is Causative of"/>
    <frameRelation type="See also"/>
    <lexUnit status="Finished_Initial" POS="A" name="near.a" ID="17828" lemmaID="25552" cBy="MJE" cDate="02/17/2015 03:43:20 PST Tue">
        <definition>FN: within a short distance (of).</definition>
        <sentenceCount annotated="37" total="401"/>
        <lexeme order="1" headword="false" breakBefore="false" POS="A" name="near"/>
    </lexUnit>
    <lexUnit status="Finished_Initial" POS="A" name="close.a" ID="17829" lemmaID="6857" cBy="MJE" cDate="02/17/2015 03:44:15 PST Tue">
        <definition>FN: within a very short distance.</definition>
        <sentenceCount annotated="43" total="534"/>
        <lexeme order="1" headword="false" breakBefore="false" POS="A" name="close"/>
    </lexUnit>
    <lexUnit status="Finished_Initial" POS="N" name="proximity.n" ID="17830" lemmaID="30939" cBy="MJE" cDate="02/17/2015 03:45:03 PST Tue">
        <definition>FN: the state of being within a short distance (of).</definition>
        <sentenceCount annotated="21" total="147"/>
        <lexeme order="1" headword="false" breakBefore="false" POS="N" name="proximity"/>
    </lexUnit>
    <lexUnit status="Finished_Initial" POS="A" name="far.a" ID="17831" lemmaID="13937" cBy="MJE" cDate="02/17/2015 03:47:22 PST Tue">
        <definition>FN: not within a certain distance (of).</definition>
        <sentenceCount annotated="25" total="252"/>
        <lexeme order="1" headword="false" breakBefore="false" POS="A" name="far"/>
    </lexUnit>
    <lexUnit status="Finished_Initial" POS="A" name="distant.a" ID="17832" lemmaID="11199" cBy="MJE" cDate="02/17/2015 03:48:11 PST Tue">
        <definition>FN: not within a certain distance (of).</definition>
        <sentenceCount annotated="33" total="240"/>
        <lexeme order="1" headword="false" breakBefore="false" POS="A" name="distant"/>
    </lexUnit>
</frame>