<?xml version="1.0" encoding="UTF-8" standalone="yes"?>
<?xml-stylesheet type="text/xsl" href="frame.xsl"?>
<frame cBy="PKe" cDate="04/17/2012 02:53:15 PDT Tue" name="Gradable_artistic_quality" ID="2722" xsi:schemaLocation="../schema/frame.xsd" xmlns="http://framenet.icsi.berkeley.edu" xmlns:xsi="http://www.w3.org/2001/XMLSchema-instance">
    <definition>&lt;def-root&gt;This frame contains LUs that ascribe an artistic quality to a work. This frame does not contain "period" words such as "romantic" or "classical".

&lt;ex&gt;With its lack of decor, &lt;fex name="Entity"&gt;the church&lt;/fex&gt; seems &lt;fex name="Degree"&gt;quite&lt;/fex&gt; &lt;t&gt;austere&lt;/t&gt;.&lt;/ex&gt;&lt;/def-root&gt;</definition>
    <FE bgColor="FF0000" fgColor="FFFFFF" coreType="Core" cBy="PKe" cDate="04/17/2012 02:53:15 PDT Tue" abbrev="ent" name="Entity" ID="15607">
        <definition>&lt;def-root&gt;The &lt;fen&gt;Entity&lt;/fen&gt; for which a particular gradable &lt;fen&gt;Attribute&lt;/fen&gt; is appropriate and under consideration.

&lt;/def-root&gt;</definition>
    </FE>
    <FE bgColor="1E90FF" fgColor="FFFFFF" coreType="Core-Unexpressed" cBy="PKe" cDate="04/17/2012 02:53:15 PDT Tue" abbrev="att" name="Attribute" ID="15608">
        <definition>&lt;def-root&gt;The feature of an &lt;fen&gt;Entity&lt;/fen&gt; which is under discussion.&lt;/def-root&gt;</definition>
    </FE>
    <FE bgColor="FF00FF" fgColor="FFFFFF" coreType="Core" cBy="PKe" cDate="04/17/2012 02:53:15 PDT Tue" abbrev="" name="Degree" ID="15609">
        <definition>&lt;def-root&gt;A modifier expressing the deviation of the &lt;fen&gt;Entity&lt;/fen&gt; or &lt;fen&gt;Attribute&lt;/fen&gt; from the norm.&lt;/def-root&gt;</definition>
        <semType name="Degree" ID="172"/>
    </FE>
    <FE bgColor="FFA500" fgColor="FFFFFF" coreType="Extra-Thematic" cBy="PKe" cDate="04/17/2012 02:53:15 PDT Tue" abbrev="" name="Time" ID="15610">
        <definition>&lt;def-root&gt;The &lt;fen&gt;Time&lt;/fen&gt; during which the &lt;fen&gt;Entity&lt;/fen&gt; or its &lt;fen&gt;Attribute&lt;/fen&gt; is in the state of having the specified style.&lt;/def-root&gt;</definition>
        <semType name="Time" ID="141"/>
    </FE>
    <FE bgColor="A52A2A" fgColor="FFFFFF" coreType="Extra-Thematic" cBy="PKe" cDate="04/17/2012 02:53:15 PDT Tue" abbrev="cir" name="Circumstances" ID="15611">
        <definition>&lt;def-root&gt;Some specification of the circumstances under which the &lt;fen&gt;Entity&lt;/fen&gt; or its &lt;fen&gt;Attribute&lt;/fen&gt; has a particular style.&lt;/def-root&gt;</definition>
    </FE>
    <FE bgColor="008000" fgColor="FFFFFF" coreType="Extra-Thematic" cBy="PKe" cDate="04/17/2012 02:53:15 PDT Tue" abbrev="pla" name="Place" ID="15613">
        <definition>&lt;def-root&gt;The location where the &lt;fen&gt;Entity&lt;/fen&gt; has the &lt;fen&gt;Attribute&lt;/fen&gt; to a given &lt;fen&gt;Degree&lt;/fen&gt;.&lt;/def-root&gt;</definition>
    </FE>
    <frameRelation type="Inherits from">
        <relatedFrame ID="1015">Gradable_attributes</relatedFrame>
    </frameRelation>
    <frameRelation type="Is Inherited by"/>
    <frameRelation type="Perspective on"/>
    <frameRelation type="Is Perspectivized in"/>
    <frameRelation type="Uses"/>
    <frameRelation type="Is Used by"/>
    <frameRelation type="Subframe of"/>
    <frameRelation type="Has Subframe(s)"/>
    <frameRelation type="Precedes"/>
    <frameRelation type="Is Preceded by"/>
    <frameRelation type="Is Inchoative of"/>
    <frameRelation type="Is Causative of"/>
    <frameRelation type="See also"/>
    <lexUnit status="Created" POS="A" name="severe.a" ID="17028" lemmaID="35260" cBy="PKe" cDate="04/17/2012 03:14:46 PDT Tue">
        <definition>FN: Stark or simple; austere</definition>
        <sentenceCount annotated="3" total="3"/>
        <lexeme order="1" headword="false" breakBefore="false" POS="A" name="severe"/>
    </lexUnit>
    <lexUnit status="Created" POS="A" name="austere.a" ID="17029" lemmaID="2385" cBy="PKe" cDate="04/17/2012 03:15:32 PDT Tue">
        <definition>FN: Of a simple, unadorned design.</definition>
        <sentenceCount annotated="0" total="0"/>
        <lexeme order="1" headword="false" breakBefore="false" POS="A" name="austere"/>
    </lexUnit>
    <lexUnit status="Created" POS="A" name="stark.a" ID="17030" lemmaID="37827" cBy="PKe" cDate="04/17/2012 03:16:06 PDT Tue">
        <definition>FN: Unadorned; simple</definition>
        <sentenceCount annotated="0" total="0"/>
        <lexeme order="1" headword="false" breakBefore="false" POS="A" name="stark"/>
    </lexUnit>
    <lexUnit status="Created" POS="A" name="busy.a" ID="17031" lemmaID="5047" cBy="PKe" cDate="04/17/2012 03:16:37 PDT Tue">
        <definition>FN: Complex; cluttered; multifaceted</definition>
        <sentenceCount annotated="0" total="0"/>
        <lexeme order="1" headword="false" breakBefore="false" POS="A" name="busy"/>
    </lexUnit>
    <lexUnit status="Created" POS="A" name="cluttered.a" ID="18045" lemmaID="51903" cBy="WMcQ" cDate="06/08/2015 02:59:04 PDT Mon">
        <definition>FN: filled with items while lacking any discernible sense of organization or structure</definition>
        <sentenceCount annotated="0" total="0"/>
        <lexeme order="1" headword="true" breakBefore="false" POS="A" name="cluttered"/>
    </lexUnit>
</frame>