<?xml version="1.0" encoding="UTF-8" standalone="yes"?>
<?xml-stylesheet type="text/xsl" href="frame.xsl"?>
<frame cBy="Shw" cDate="07/04/2001 01:11:32 PDT Wed" name="Grooming" ID="159" xsi:schemaLocation="../schema/frame.xsd" xmlns="http://framenet.icsi.berkeley.edu" xmlns:xsi="http://www.w3.org/2001/XMLSchema-instance">
    <definition>&lt;def-root&gt;In this frame, an &lt;fen&gt;Agent&lt;/fen&gt; engages in personal body care by grooming either a &lt;fen&gt;Patient&lt;/fen&gt; or a &lt;fen&gt;Body_part&lt;/fen&gt;.  An &lt;fen&gt;Instrument&lt;/fen&gt; can be used in this process as well as a &lt;fen&gt;Medium&lt;/fen&gt;.

&lt;ex&gt;&lt;fex name="Agt"&gt;She&lt;/fex&gt; &lt;t&gt;washed&lt;/t&gt; &lt;fex name="Patient"&gt;the baby&lt;/fex&gt;.&lt;/ex&gt;&lt;/def-root&gt;</definition>
    <FE bgColor="9F79EE" fgColor="FFFFFF" coreType="Extra-Thematic" cBy="Shw" cDate="07/04/2001 02:25:44 PDT Wed" abbrev="Result" name="Result" ID="1287">
        <definition>&lt;def-root&gt;Result of the grooming event.&lt;/def-root&gt;</definition>
    </FE>
    <FE bgColor="FF0000" fgColor="FFFFFF" coreType="Core" cBy="Shw" cDate="07/04/2001 02:28:10 PDT Wed" abbrev="Agt" name="Agent" ID="1288">
        <definition>&lt;def-root&gt;The agent is the person who does the grooming.  
&lt;ex&gt;&lt;fex name="Agent"&gt;She&lt;/fex&gt; &lt;t&gt;washed&lt;/t&gt; the baby&lt;/ex&gt;&lt;/def-root&gt;</definition>
        <semType name="Sentient" ID="5"/>
    </FE>
    <FE bgColor="9400D3" fgColor="FFFFFF" coreType="Core" cBy="Shw" cDate="07/04/2001 02:29:14 PDT Wed" abbrev="Pat" name="Patient" ID="1289">
        <definition>&lt;def-root&gt;The patient is the person who gets washed.
&lt;ex&gt;She &lt;t&gt;washed&lt;/t&gt; &lt;fex name="Patient"&gt;the baby&lt;/fex&gt;.&lt;/ex&gt;&lt;/def-root&gt;</definition>
    </FE>
    <FE bgColor="A52A2A" fgColor="FFFFFF" coreType="Peripheral" cBy="Shw" cDate="07/04/2001 02:32:12 PDT Wed" abbrev="Inst" name="Instrument" ID="1290">
        <definition>&lt;def-root&gt;This is an object that aids the washing process.
&lt;ex&gt;She &lt;t&gt;scrubbed&lt;/t&gt; her hands &lt;fex name="Instrument"&gt;with soap&lt;/fex&gt;.&lt;/ex&gt;&lt;/def-root&gt;</definition>
        <semType name="Physical_entity" ID="70"/>
    </FE>
    <FE bgColor="0000FF" fgColor="FFFFFF" coreType="Core" cBy="Shw" cDate="07/04/2001 02:33:44 PDT Wed" abbrev="BP" name="Body_part" ID="1291">
        <definition>&lt;def-root&gt;This is the region of the body that gets groomed.
&lt;ex&gt;She &lt;t&gt;scrubbed&lt;/t&gt; &lt;fex name="Body_part"&gt;her hands&lt;/fex&gt; with soap.&lt;/ex&gt;&lt;/def-root&gt;</definition>
        <semType name="Body_part" ID="10"/>
    </FE>
    <FE bgColor="00008B" fgColor="FFFFFF" coreType="Extra-Thematic" cBy="Shw" cDate="07/04/2001 02:37:11 PDT Wed" abbrev="Reg" name="Subregion" ID="1292">
        <definition>&lt;def-root&gt;This is a region of the object, body or the body part that gets groomed.
&lt;ex&gt;I &lt;t&gt;washed&lt;/t&gt; &lt;fex name="Subregion"&gt;from the waist up&lt;/fex&gt;.&lt;/ex&gt;&lt;/def-root&gt;</definition>
    </FE>
    <FE bgColor="FF69B4" fgColor="FFFFFF" coreType="Peripheral" cBy="ACW" cDate="04/02/2002 12:35:37 PST Tue" abbrev="Med" name="Medium" ID="2538">
        <definition>&lt;def-root&gt;Medium is the substance that is the grooming agent.
&lt;ex&gt;Bobby &lt;t&gt;washed&lt;/t&gt; his hair &lt;fex name="Medium"&gt;with shampoo&lt;/fex&gt;&lt;/ex&gt; &lt;/def-root&gt;</definition>
    </FE>
    <FE bgColor="00BFFF" fgColor="FFFFFF" coreType="Extra-Thematic" cBy="KCo" cDate="04/04/2002 02:15:18 PST Thu" abbrev="Freq" name="Frequency" ID="2543">
        <definition>&lt;def-root&gt;The frequency with which the &lt;fen&gt;Agent&lt;/fen&gt; groom himself/other.&lt;/def-root&gt;</definition>
    </FE>
    <FE bgColor="FF00FF" fgColor="FFFFFF" coreType="Peripheral" cBy="ACW" cDate="04/08/2002 12:37:22 PDT Mon" abbrev="Mnr" name="Manner" ID="2584">
        <definition>&lt;def-root&gt;This FE identifies the Manner in which an &lt;fen&gt;Agent&lt;/fen&gt; intentionally acts.
&lt;/def-root&gt;</definition>
        <semType name="Manner" ID="173"/>
    </FE>
    <FE bgColor="FFA500" fgColor="FFFFFF" coreType="Peripheral" cBy="ACW" cDate="04/08/2002 12:38:20 PDT Mon" abbrev="Time" name="Time" ID="2585">
        <definition>&lt;def-root&gt;This FE identifies the time when the event occurs.&lt;/def-root&gt;</definition>
        <semType name="Time" ID="141"/>
    </FE>
    <FE bgColor="008000" fgColor="FFFFFF" coreType="Peripheral" cBy="ACW" cDate="04/08/2002 12:38:51 PDT Mon" abbrev="Place" name="Place" ID="2586">
        <definition>&lt;def-root&gt;Where the event takes place.&lt;/def-root&gt;</definition>
        <semType name="Locative_relation" ID="182"/>
    </FE>
    <FE bgColor="808080" fgColor="FFFFFF" coreType="Extra-Thematic" cBy="RLG" cDate="04/15/2003 02:07:52 PDT Tue" abbrev="" name="Duration" ID="4370">
        <definition>&lt;def-root&gt;How long the grooming takes place.&lt;/def-root&gt;</definition>
        <semType name="Duration" ID="142"/>
    </FE>
    <FE bgColor="1E90FF" fgColor="FFFFFF" coreType="Peripheral" cBy="MJE" cDate="12/09/2005 03:52:14 PST Fri" abbrev="pur" name="Purpose" ID="9766">
        <definition>&lt;def-root&gt;The state-of-affairs that the &lt;fen&gt;Agent&lt;/fen&gt; is trying to bring about by grooming.&lt;/def-root&gt;</definition>
        <semType name="State_of_affairs" ID="177"/>
    </FE>
    <FE bgColor="006400" fgColor="FFFFFF" coreType="Peripheral" cBy="MJE" cDate="12/09/2005 03:54:00 PST Fri" abbrev="mea" name="Means" ID="9767">
        <definition>&lt;def-root&gt;The action performed by the &lt;fen&gt;Agent&lt;/fen&gt; to accomplish the grooming.&lt;/def-root&gt;</definition>
        <semType name="State_of_affairs" ID="177"/>
    </FE>
    <FEcoreSet>
        <memberFE name="Body_part" ID="1291"/>
        <memberFE name="Patient" ID="1289"/>
    </FEcoreSet>
    <frameRelation type="Inherits from">
        <relatedFrame ID="230">Intentionally_affect</relatedFrame>
    </frameRelation>
    <frameRelation type="Is Inherited by"/>
    <frameRelation type="Perspective on"/>
    <frameRelation type="Is Perspectivized in"/>
    <frameRelation type="Uses">
        <relatedFrame ID="354">Desirability</relatedFrame>
    </frameRelation>
    <frameRelation type="Is Used by"/>
    <frameRelation type="Subframe of"/>
    <frameRelation type="Has Subframe(s)"/>
    <frameRelation type="Precedes"/>
    <frameRelation type="Is Preceded by"/>
    <frameRelation type="Is Inchoative of"/>
    <frameRelation type="Is Causative of"/>
    <frameRelation type="See also"/>
    <lexUnit status="Finished_Initial" POS="V" name="bathe.v" ID="2861" lemmaID="3025" cBy="Shw" cDate="07/05/2001 02:36:48 PDT Thu">
        <definition>COD: wash by immersing one's body in water</definition>
        <sentenceCount annotated="17" total="104"/>
        <lexeme order="1" headword="false" breakBefore="false" POS="V" name="bathe"/>
    </lexUnit>
    <lexUnit status="Finished_Initial" POS="V" name="wash.v" ID="4734" lemmaID="43485" cBy="MJE" cDate="01/23/2002 05:32:51 PST Wed">
        <definition>COD: clean with water and, typically, soap or detergent. </definition>
        <sentenceCount annotated="30" total="353"/>
        <lexeme order="1" headword="false" breakBefore="false" POS="V" name="wash"/>
    </lexUnit>
    <lexUnit status="Insufficient_Attestations" POS="V" name="lave.v" ID="4735" lemmaID="21846" cBy="MJE" cDate="01/23/2002 05:33:26 PST Wed">
        <definition>COD: wash or wash over. </definition>
        <sentenceCount annotated="1" total="3"/>
        <lexeme order="1" headword="false" breakBefore="false" POS="V" name="lave"/>
    </lexUnit>
    <lexUnit status="Finished_Initial" POS="V" name="shower.v" ID="4736" lemmaID="35691" cBy="MJE" cDate="01/23/2002 05:37:55 PST Wed">
        <definition>COD: wash oneself in a shower. </definition>
        <sentenceCount annotated="8" total="92"/>
        <lexeme order="1" headword="false" breakBefore="false" POS="V" name="shower"/>
    </lexUnit>
    <lexUnit status="Finished_Initial" POS="V" name="pluck.v" ID="5422" lemmaID="29428" cBy="KCo" cDate="04/04/2002 09:56:41 PST Thu">
        <definition>COD: pull some of the hairs from (one's eyebrows) to make them look neater</definition>
        <sentenceCount annotated="4" total="62"/>
        <lexeme order="1" headword="false" breakBefore="false" POS="V" name="pluck"/>
    </lexUnit>
    <lexUnit status="Insufficient_Attestations" POS="V" name="floss.v" ID="5423" lemmaID="45590" cBy="KCo" cDate="04/04/2002 10:02:58 PST Thu">
        <definition>COD: clean between (one's teeth) with dental floss. "I flossed my teeth."</definition>
        <sentenceCount annotated="0" total="0"/>
        <lexeme order="1" headword="false" breakBefore="false" POS="V" name="floss"/>
    </lexUnit>
    <lexUnit status="Finished_Initial" POS="V" name="shave.v" ID="5424" lemmaID="35422" cBy="ACW" cDate="04/04/2002 11:59:14 PST Thu">
        <definition>COD: cut the hair off (a person or part of the body) with a razor.</definition>
        <sentenceCount annotated="23" total="215"/>
        <lexeme order="1" headword="false" breakBefore="false" POS="V" name="shave"/>
    </lexUnit>
    <lexUnit status="Insufficient_Attestations" POS="V" name="wax.v" ID="5426" lemmaID="43596" cBy="ACW" cDate="04/04/2002 12:24:45 PST Thu">
        <definition>COD: remove hair from (a part of the body) by applying wax and then peeling it off with the hairs. </definition>
        <sentenceCount annotated="4" total="48"/>
        <lexeme order="1" headword="false" breakBefore="false" POS="V" name="wax"/>
    </lexUnit>
    <lexUnit status="Finished_Initial" POS="V" name="comb.v" ID="5427" lemmaID="7257" cBy="ACW" cDate="04/04/2002 12:30:23 PST Thu">
        <definition>FN: draw a comb through (hair)</definition>
        <sentenceCount annotated="6" total="91"/>
        <lexeme order="1" headword="false" breakBefore="false" POS="V" name="comb"/>
    </lexUnit>
    <lexUnit status="Finished_Initial" POS="V" name="shampoo.v" ID="5429" lemmaID="35377" cBy="ACW" cDate="04/05/2002 09:21:44 PST Fri">
        <definition>FN: wash or clean with shampoo</definition>
        <sentenceCount annotated="4" total="23"/>
        <lexeme order="1" headword="false" breakBefore="false" POS="V" name="shampoo"/>
    </lexUnit>
    <lexUnit status="Insufficient_Attestations" POS="V" name="manicure.v" ID="5430" lemmaID="23366" cBy="ACW" cDate="04/05/2002 09:23:05 PST Fri">
        <definition>COD: give a manicure to. </definition>
        <sentenceCount annotated="2" total="2"/>
        <lexeme order="1" headword="false" breakBefore="false" POS="V" name="manicure"/>
    </lexUnit>
    <lexUnit status="Finished_Initial" POS="N" name="pedicure.n" ID="5433" lemmaID="28230" cBy="ACW" cDate="04/05/2002 10:53:12 PST Fri">
        <definition>COD: a cosmetic treatment of the feet and toenails</definition>
        <sentenceCount annotated="8" total="10"/>
        <lexeme order="1" headword="false" breakBefore="false" POS="N" name="pedicure"/>
    </lexUnit>
    <lexUnit status="Finished_Initial" POS="N" name="ablution.n" ID="5445" lemmaID="123" cBy="ACW" cDate="04/08/2002 11:11:35 PDT Mon">
        <definition>COD: formal &amp;or. humorous an act of washing. </definition>
        <sentenceCount annotated="5" total="23"/>
        <lexeme order="1" headword="false" breakBefore="false" POS="N" name="ablution"/>
    </lexUnit>
    <lexUnit status="Finished_Initial" POS="V" name="moisturize.v" ID="5446" lemmaID="24718" cBy="ACW" cDate="04/08/2002 11:12:53 PDT Mon">
        <definition>COD: with obj. make (something, especially the skin) less dry</definition>
        <sentenceCount annotated="4" total="34"/>
        <lexeme order="1" headword="false" breakBefore="false" POS="V" name="moisturize"/>
    </lexUnit>
    <lexUnit status="Finished_Initial" POS="V" name="soap.v" ID="5447" lemmaID="36747" cBy="ACW" cDate="04/08/2002 11:15:02 PDT Mon">
        <definition>COD: wash with soap</definition>
        <sentenceCount annotated="8" total="41"/>
        <lexeme order="1" headword="false" breakBefore="false" POS="V" name="soap"/>
    </lexUnit>
    <lexUnit status="Finished_Initial" POS="V" name="cleanse.v" ID="5448" lemmaID="6724" cBy="ACW" cDate="04/08/2002 11:16:08 PDT Mon">
        <definition>FN: clean thoroughly</definition>
        <sentenceCount annotated="7" total="71"/>
        <lexeme order="1" headword="false" breakBefore="false" POS="V" name="cleanse"/>
    </lexUnit>
    <lexUnit status="Needs_SCs" incorporatedFE="Body_part" POS="N" name="facial.n" ID="5449" lemmaID="13778" cBy="ACW" cDate="04/08/2002 11:20:55 PDT Mon">
        <definition>COD: a beauty treatment for the face</definition>
        <sentenceCount annotated="2" total="6"/>
        <lexeme order="1" headword="false" breakBefore="false" POS="N" name="facial"/>
    </lexUnit>
    <lexUnit status="Finished_Initial" POS="N" name="manicure.n" ID="5450" lemmaID="23365" cBy="ACW" cDate="04/08/2002 11:22:28 PDT Mon">
        <definition>COD: a cosmetic treatment of the hands and nails. </definition>
        <sentenceCount annotated="5" total="37"/>
        <lexeme order="1" headword="false" breakBefore="false" POS="N" name="manicure"/>
    </lexUnit>
    <lexUnit status="Finished_Initial" POS="V" name="groom.v" ID="5451" lemmaID="16890" cBy="ACW" cDate="04/08/2002 11:23:45 PDT Mon">
        <definition>COD: give a neat and tidy appearance to</definition>
        <sentenceCount annotated="8" total="161"/>
        <lexeme order="1" headword="false" breakBefore="false" POS="V" name="groom"/>
    </lexUnit>
    <lexUnit status="Finished_Initial" POS="V" name="brush [teeth].v" ID="7217" lemmaID="4751" cBy="ACW" cDate="08/13/2002 04:00:23 PDT Tue">
        <definition>FN: polish one's teeth</definition>
        <sentenceCount annotated="8" total="202"/>
        <lexeme order="1" headword="false" breakBefore="false" POS="V" name="brush"/>
    </lexUnit>
    <lexUnit status="Created" POS="V" name="brush [hair].v" ID="7219" lemmaID="4751" cBy="ACW" cDate="08/14/2002 08:36:11 PDT Wed">
        <definition>FN: run a brush through one's hair in order to smooth, remove tangles, or arrange</definition>
        <sentenceCount annotated="0" total="0"/>
        <lexeme order="1" headword="false" breakBefore="false" POS="V" name="brush"/>
    </lexUnit>
    <lexUnit status="Finished_Initial" POS="V" name="plait.v" ID="11262" lemmaID="29241" cBy="JKR" cDate="11/19/2004 06:36:53 PST Fri">
        <definition>COD: form into a plait or plaits.</definition>
        <sentenceCount annotated="12" total="80"/>
        <lexeme order="1" headword="false" breakBefore="false" POS="V" name="plait"/>
    </lexUnit>
    <lexUnit status="Created" POS="V" name="file.v" ID="15595" lemmaID="14341" cBy="RLG" cDate="02/01/2010 11:27:31 PST Mon">
        <definition>FN: smoothe down (especially nails).</definition>
        <sentenceCount annotated="0" total="0"/>
        <lexeme order="1" headword="false" breakBefore="false" POS="V" name="file"/>
    </lexUnit>
</frame>