<?xml version="1.0" encoding="UTF-8" standalone="yes"?>
<?xml-stylesheet type="text/xsl" href="frame.xsl"?>
<frame cBy="JKR" cDate="07/19/2005 08:17:11 PDT Tue" name="Having_commercial_agreement" ID="1577" xsi:schemaLocation="../schema/frame.xsd" xmlns="http://framenet.icsi.berkeley.edu" xmlns:xsi="http://www.w3.org/2001/XMLSchema-instance">
    <definition>&lt;def-root&gt;&lt;fen&gt;Party_1&lt;/fen&gt; and &lt;fen&gt;Party_2&lt;/fen&gt; (collectively refered to as &lt;fen&gt;Parties&lt;/fen&gt;) make a commercial agreement, an &lt;fen&gt;Obligation&lt;/fen&gt;, which both &lt;fen&gt;Parties&lt;/fen&gt; are expected to keep or fulfill. &lt;/def-root&gt;</definition>
    <semType name="Non-Lexical Frame" ID="16"/>
    <FE bgColor="FF0000" fgColor="FFFFFF" coreType="Core" cBy="JKR" cDate="07/19/2005 08:17:11 PDT Tue" abbrev="par1" name="Party_1" ID="8643">
        <definition>&lt;def-root&gt;The individual or individuals that form the more prominent (i.e. agentive) party of the commercial agreement, as compared with &lt;fen&gt;Party_2&lt;/fen&gt;. That is, &lt;fen&gt;Party_1&lt;/fen&gt; is generally encoded as the External Argument of verbs, and peripheral FEs that do not make reference to the event itself generally make reference to &lt;fen&gt;Party_1&lt;/fen&gt;. Thus manner expressions are construed to apply to &lt;fen&gt;Party_1&lt;/fen&gt;, not necessarily to &lt;fen&gt;Party_2&lt;/fen&gt; or the group of &lt;fen&gt;Parties&lt;/fen&gt; as a whole.

&lt;/def-root&gt;</definition>
        <semType name="Sentient" ID="5"/>
        <requiresFE name="Party_2" ID="8644"/>
        <excludesFE name="Parties" ID="8648"/>
    </FE>
    <FE bgColor="006400" fgColor="FFFFFF" coreType="Core" cBy="JKR" cDate="07/19/2005 08:17:12 PDT Tue" abbrev="par2" name="Party_2" ID="8644">
        <definition>&lt;def-root&gt;The semantically (and grammatically) less prominent participant (or group of participants) in the agreement. It is generally encoded within a prepositional phrase (e.g. headed by with).
&lt;/def-root&gt;</definition>
        <semType name="Sentient" ID="5"/>
        <requiresFE name="Party_1" ID="8643"/>
        <excludesFE name="Parties" ID="8648"/>
    </FE>
    <FE bgColor="0000FF" fgColor="FFFFFF" coreType="Core" cBy="JKR" cDate="07/19/2005 08:17:12 PDT Tue" abbrev="obl" name="Obligation" ID="8645">
        <definition>&lt;def-root&gt;An expression of the commitment which the &lt;fen&gt;Parties&lt;/fen&gt; have to engage in a commercial transaction.
&lt;/def-root&gt;</definition>
    </FE>
    <FE bgColor="9F79EE" fgColor="FFFFFF" coreType="Core" cBy="JKR" cDate="07/19/2005 08:17:12 PDT Tue" abbrev="top" name="Topic" ID="8646">
        <definition>&lt;def-root&gt;&lt;fen&gt;Topic&lt;/fen&gt; is a description of the domain covered by the commercial agreement.
&lt;/def-root&gt;</definition>
    </FE>
    <FE bgColor="800080" fgColor="FFFFFF" coreType="Peripheral" cBy="JKR" cDate="07/19/2005 08:17:12 PDT Tue" abbrev="med" name="Medium" ID="8647">
        <definition>&lt;def-root&gt;As with other frames in the Communication domain, the &lt;fen&gt;Medium&lt;/fen&gt; of communication may be expressed. &lt;fen&gt;Medium&lt;/fen&gt; is the physical entity or channel used to record or negotiate the &lt;fen&gt;Obligation&lt;/fen&gt;. 


&lt;ex&gt;The parties have a &lt;fex name="med"&gt;written&lt;/fex&gt; &lt;t&gt;agreement&lt;/t&gt; to arbitrate disputes arising in connection with the contract.&lt;/ex&gt;
&lt;/def-root&gt;</definition>
    </FE>
    <FE bgColor="A52A2A" fgColor="FFFFFF" coreType="Core" cBy="JKR" cDate="07/19/2005 08:17:12 PDT Tue" abbrev="pars" name="Parties" ID="8648">
        <definition>&lt;def-root&gt;The group of individuals portrayed as equally involved in having a commercial agreement.
&lt;/def-root&gt;</definition>
    </FE>
    <FE bgColor="008000" fgColor="FFFFFF" coreType="Peripheral" cBy="JKR" cDate="07/19/2005 08:17:12 PDT Tue" abbrev="pla" name="Place" ID="8649">
        <definition>&lt;def-root&gt;This FE identifies the &lt;fen&gt;Place&lt;/fen&gt; where an agreement was made.
&lt;/def-root&gt;</definition>
        <semType name="Locative_relation" ID="182"/>
    </FE>
    <FE bgColor="FFA500" fgColor="FFFFFF" coreType="Peripheral" cBy="JKR" cDate="07/19/2005 08:17:12 PDT Tue" abbrev="tim" name="Time" ID="8650">
        <definition>&lt;def-root&gt;This FE identifies the &lt;fen&gt;Time&lt;/fen&gt; when the agreement was made.

&lt;/def-root&gt;</definition>
        <semType name="Time" ID="141"/>
    </FE>
    <frameRelation type="Inherits from">
        <relatedFrame ID="1380">Be_in_agreement_on_action</relatedFrame>
    </frameRelation>
    <frameRelation type="Is Inherited by"/>
    <frameRelation type="Perspective on"/>
    <frameRelation type="Is Perspectivized in"/>
    <frameRelation type="Uses"/>
    <frameRelation type="Is Used by"/>
    <frameRelation type="Subframe of">
        <relatedFrame ID="82">Commerce_scenario</relatedFrame>
    </frameRelation>
    <frameRelation type="Has Subframe(s)"/>
    <frameRelation type="Precedes"/>
    <frameRelation type="Is Preceded by"/>
    <frameRelation type="Is Inchoative of"/>
    <frameRelation type="Is Causative of"/>
    <frameRelation type="See also"/>
</frame>