<?xml version="1.0" encoding="UTF-8" standalone="yes"?>
<?xml-stylesheet type="text/xsl" href="frame.xsl"?>
<frame cBy="MJE" cDate="07/14/2015 04:33:27 PDT Tue" name="Hedging" ID="2960" xsi:schemaLocation="../schema/frame.xsd" xmlns="http://framenet.icsi.berkeley.edu" xmlns:xsi="http://www.w3.org/2001/XMLSchema-instance">
    <definition>&lt;def-root&gt;When words of this frame are used as hedge markers, they signal that the speaker of the sentence wishes to be careful about asserting some &lt;fen&gt;Hedged_content&lt;/fen&gt;.  Use of a hedge marker may mean that the speaker is uncertain of how factual of the &lt;fen&gt;Hedged_content&lt;/fen&gt; is, or uncertain of whether they're expressing the idea behind &lt;fen&gt;Hedged_content&lt;/fen&gt; well, or it may mean that the &lt;fen&gt;Hedged_content&lt;/fen&gt; is socially undesirable or awkward in the conversational context. 

&lt;ex&gt;The president is &lt;t&gt;a bit&lt;/t&gt; &lt;fex name="Hedged_content"&gt;of an idiot&lt;/fex&gt; when it comes to foreign policy .&lt;/ex&gt;
&lt;ex&gt;I 'm sorry , but he is &lt;t&gt;on the&lt;/t&gt; &lt;fex name="Hedged_content"&gt;heavy&lt;/fex&gt; &lt;t&gt;side&lt;/t&gt; , you understand .&lt;/ex&gt;
&lt;ex&gt;I thought, &lt;t&gt;like&lt;/t&gt;, &lt;fex name="Hedged_content"&gt;maybe you would know&lt;/fex&gt; .&lt;/ex&gt;
&lt;ex&gt;My father was &lt;t&gt;something&lt;/t&gt; &lt;fex name="Hedged_content"&gt;of a dilettante&lt;/fex&gt; .&lt;/ex&gt;
&lt;ex&gt;&lt;fex name="Hedged_content"&gt;He&lt;/fex&gt; &lt;t&gt;rather&lt;/t&gt; &lt;fex name="Hedged_content"&gt;doubts you'll be able to convince your mom&lt;/fex&gt;. &lt;/ex&gt;
&lt;ex&gt;&lt;/ex&gt;
Because these words serve to indicate hesitancy, often for purposes of increased politeness, speakers may use several encodings of hedging simultaneously to iconically indicate the degree of politeness or hesitancy that they wish to express:

&lt;ex&gt;Your story, is, &lt;t&gt;like&lt;/t&gt;, &lt;t&gt;kind of&lt;/t&gt; a bit &lt;t&gt;on the&lt;/t&gt; short &lt;t&gt;side&lt;/t&gt; .&lt;/ex&gt;
&lt;ex&gt;&lt;/ex&gt;
There is also an ironic or sarcastic use of LUs in this frame, as in the following:

&lt;ex&gt;When a standard vaccuum can't even pick up the clods, you know &lt;fex name="Hedged_content"&gt;you've&lt;/fex&gt; &lt;t&gt;kinda&lt;/t&gt; &lt;fex name="Hedged_content"&gt;got a problem&lt;/fex&gt;.&lt;/ex&gt;
&lt;ex&gt;&lt;/ex&gt;
Words expressing small quantities or degrees (e.g., "a tad", "a little", etc.) can be used in a very similar function to words of this frame.  However, these words do not simply signify hesitation, but merely frequently imply it when used to modify a predication.  Such words can only be used on their on or with a noun to signify a small quantity or number ("a little whiskey", see Proportional_quantity), or with an adjective to indicate that the quality described by the adjective is close to average ("a mite stupid", "somewhat confused" see Degree).  Words of those frames may be nested within noun phrases or in other positions where content is not asserted but rather presupposed.  Words that belong to the Hedging frame, by contrast, either take a noun complement and indicate hesitancy or imprecision concerning the category ("something of a klutz"), or modify an entire proposition to indicate imprecision of the proposition ("I, like, waved it around").  In both cases, the &lt;fen&gt;Hedged_content&lt;/fen&gt; must occur in the at-issue focus of a proposition, the part of a statement that the speaker is, so to speak, on record as asserting.&lt;/def-root&gt;</definition>
    <FE bgColor="800080" fgColor="FFFFFF" coreType="Core" cBy="MJE" cDate="07/14/2015 04:37:20 PDT Tue" abbrev="" name="Hedged_content" ID="16559">
        <definition>&lt;def-root&gt;The idea or ideas that the speaker wishes to be careful about asserting.&lt;/def-root&gt;</definition>
    </FE>
    <frameRelation type="Inherits from"/>
    <frameRelation type="Is Inherited by"/>
    <frameRelation type="Perspective on"/>
    <frameRelation type="Is Perspectivized in"/>
    <frameRelation type="Uses"/>
    <frameRelation type="Is Used by"/>
    <frameRelation type="Subframe of"/>
    <frameRelation type="Has Subframe(s)"/>
    <frameRelation type="Precedes"/>
    <frameRelation type="Is Preceded by"/>
    <frameRelation type="Is Inchoative of"/>
    <frameRelation type="Is Causative of"/>
    <frameRelation type="See also">
        <relatedFrame ID="1923">Proportional_quantity</relatedFrame>
        <relatedFrame ID="2001">Degree</relatedFrame>
    </frameRelation>
    <lexUnit status="Created" POS="N" name="a bit.n" ID="18194" lemmaID="51934" cBy="MJE" cDate="07/14/2015 04:54:53 PDT Tue">
        <definition>FN: (used to signal hesitancy about a category)</definition>
        <sentenceCount annotated="0" total="0"/>
        <lexeme order="1" headword="false" breakBefore="false" POS="ART" name="a"/>
        <lexeme order="2" headword="true" breakBefore="true" POS="N" name="bit"/>
    </lexUnit>
    <lexUnit status="Created" POS="ADV" name="sort of.adv" ID="18195" lemmaID="51935" cBy="MJE" cDate="07/14/2015 05:32:35 PDT Tue">
        <definition>FN: (used to signify imprecision or hesitancy)</definition>
        <sentenceCount annotated="0" total="0"/>
        <lexeme order="1" headword="true" breakBefore="false" POS="N" name="sort"/>
        <lexeme order="2" headword="false" breakBefore="false" POS="PREP" name="of"/>
    </lexUnit>
    <lexUnit status="Created" POS="ADV" name="like.adv" ID="18196" lemmaID="22342" cBy="MJE" cDate="07/14/2015 07:24:10 PDT Tue">
        <definition>FN: (indicating hesitancy and imprecision)</definition>
        <sentenceCount annotated="0" total="0"/>
        <lexeme order="1" headword="false" breakBefore="false" POS="ADV" name="like"/>
    </lexUnit>
    <lexUnit status="Created" POS="ADV" name="kind of.adv" ID="18197" lemmaID="51936" cBy="MJE" cDate="07/14/2015 07:27:22 PDT Tue">
        <definition>FN: (indicating imprecision of the statement)</definition>
        <sentenceCount annotated="0" total="0"/>
        <lexeme order="1" headword="true" breakBefore="false" POS="N" name="kind"/>
        <lexeme order="2" headword="false" breakBefore="false" POS="PREP" name="of"/>
    </lexUnit>
    <lexUnit status="Created" POS="A" name="on the side.a" ID="18198" lemmaID="51937" cBy="MJE" cDate="07/14/2015 07:28:26 PDT Tue">
        <definition>FN: (with adjective modifying "side", indicates hesitancy about the appropriateness of the adjective to the context)</definition>
        <sentenceCount annotated="0" total="0"/>
        <lexeme order="1" headword="true" breakBefore="false" POS="PREP" name="on"/>
        <lexeme order="2" headword="false" breakBefore="false" POS="ART" name="the"/>
        <lexeme order="3" headword="false" breakBefore="false" POS="N" name="side"/>
    </lexUnit>
    <lexUnit status="Created" POS="N" name="something.n" ID="18199" lemmaID="51938" cBy="MJE" cDate="07/14/2015 07:31:33 PDT Tue">
        <definition>FN: (indicating caution in asserting a category)</definition>
        <sentenceCount annotated="0" total="0"/>
        <lexeme order="1" headword="true" breakBefore="false" POS="N" name="something"/>
    </lexUnit>
    <lexUnit status="Created" POS="ADV" name="in a way.adv" ID="18200" lemmaID="51939" cBy="MJE" cDate="07/14/2015 07:44:57 PDT Tue">
        <definition>FN: (indicating a limited scope for an assertion)</definition>
        <sentenceCount annotated="0" total="0"/>
        <lexeme order="1" headword="true" breakBefore="false" POS="PREP" name="in"/>
        <lexeme order="2" headword="false" breakBefore="false" POS="ART" name="a"/>
        <lexeme order="3" headword="false" breakBefore="false" POS="N" name="way"/>
    </lexUnit>
    <lexUnit status="Created" POS="ADV" name="rather.adv" ID="18201" lemmaID="31869" cBy="MJE" cDate="07/14/2015 07:48:13 PDT Tue">
        <definition>FN: (signalling a softening of the emotional impact of an assertion)</definition>
        <sentenceCount annotated="0" total="0"/>
        <lexeme order="1" headword="false" breakBefore="false" POS="ADV" name="rather"/>
    </lexUnit>
</frame>