<?xml version="1.0" encoding="UTF-8" standalone="yes"?>
<?xml-stylesheet type="text/xsl" href="frame.xsl"?>
<frame cBy="JKR" cDate="12/02/2005 03:23:23 PST Fri" name="Hiding_objects" ID="1673" xsi:schemaLocation="../schema/frame.xsd" xmlns="http://framenet.icsi.berkeley.edu" xmlns:xsi="http://www.w3.org/2001/XMLSchema-instance">
    <definition>&lt;def-root&gt;An &lt;fen&gt;Agent&lt;/fen&gt; causes a &lt;fen&gt;Hidden_object&lt;/fen&gt; to become perceptually inaccessible to potential perceivers by placing it in a &lt;fen&gt;Hiding_place&lt;/fen&gt; or putting in place an &lt;fen&gt;Obstruction&lt;/fen&gt; that screens the object.

&lt;ex&gt;Therefore, as I passed the school, &lt;fex name="Agent"&gt;I&lt;/fex&gt; &lt;t&gt;hid&lt;/t&gt; &lt;fex name="Hidden_object"&gt;the gun and holster&lt;/fex&gt; &lt;fex name="Hiding_place"&gt;in the mailbox&lt;/fex&gt;&lt;/ex&gt;

&lt;ex&gt;&lt;fex name="Agent"&gt;Gruenwald&lt;/fex&gt; &lt;t&gt;hid&lt;/t&gt; &lt;fex name="Hidden_object"&gt;the money&lt;/fex&gt; &lt;fex name="Place"&gt;at a local garbage dump&lt;/fex&gt; then retrieved it the following morning.&lt;/ex&gt;

&lt;ex&gt;In later books &lt;fex name="Agent"&gt;Harry&lt;/fex&gt; often tries to &lt;t&gt;hide&lt;/t&gt; &lt;fex name="Hidden_object"&gt;his scar&lt;/fex&gt; &lt;fex name="Obstruction"&gt;with his hair&lt;/fex&gt;. &lt;/ex&gt;&lt;/def-root&gt;</definition>
    <FE bgColor="00008B" fgColor="FFFFFF" coreType="Peripheral" cBy="JKR" cDate="12/02/2005 03:23:23 PST Fri" abbrev="obs" name="Obstruction" ID="9535">
        <definition>&lt;def-root&gt;The entity that the &lt;fen&gt;Agent&lt;/fen&gt; uses to block the &lt;fen&gt;Hidden_object&lt;/fen&gt; from being perceptible.


&lt;ex&gt;She &lt;t&gt;shrouded&lt;/t&gt; the tub &lt;fex name="Obstruction"&gt;with fabric featuring birds and flowers&lt;/fex&gt;. &lt;/ex&gt;&lt;/def-root&gt;</definition>
        <semType name="Physical_entity" ID="70"/>
    </FE>
    <FE bgColor="0000FF" fgColor="FFFFFF" coreType="Core" cBy="JKR" cDate="12/02/2005 03:23:24 PST Fri" abbrev="hio" name="Hidden_object" ID="9536">
        <definition>&lt;def-root&gt;The &lt;fen&gt;Hidden_object&lt;/fen&gt; is the entity which is blocked from view.

&lt;ex&gt;Michael Jackson gave wine to the 13-year-old cancer patient at the center of
the molestation charges he's battling but &lt;t&gt;concealed&lt;/t&gt; &lt;fex name="Hidden_object"&gt;it&lt;/fex&gt; inside a Coke can.&lt;/ex&gt;&lt;/def-root&gt;</definition>
    </FE>
    <FE bgColor="d0d0d0" fgColor="000000" coreType="Extra-Thematic" cBy="JKR" cDate="12/02/2005 03:23:24 PST Fri" abbrev="poo" name="Potential_observer" ID="9537">
        <definition>&lt;def-root&gt;The &lt;fen&gt;Potential_observer&lt;/fen&gt; denotes a person who might perceive the Hidden_object if it was not hidden. 

&lt;ex&gt;The wife claims she &lt;t&gt;hid&lt;/t&gt; the gun &lt;fex name="poo"&gt;from him&lt;/fex&gt; but retrieved it after he became abusive.&lt;/ex&gt;


Phrases such as "from view" and "from sight" are assumed to indicate that the &lt;fen&gt;Hidden_object&lt;/fen&gt; is not visible to any &lt;fen&gt;Potential_observer&lt;/fen&gt;.


&lt;ex&gt;&lt;/ex&gt;He &lt;t&gt;hid&lt;/t&gt; the motorbike &lt;fex name="poo"&gt;from view&lt;/fex&gt; under a few nearby bushes. 
&lt;/def-root&gt;</definition>
    </FE>
    <FE bgColor="FF69B4" fgColor="FFFFFF" coreType="Peripheral" cBy="JKR" cDate="12/02/2005 03:23:24 PST Fri" abbrev="Degree" name="Degree" ID="9538">
        <definition>&lt;def-root&gt;The extent to which the &lt;fen&gt;Hidden_object&lt;/fen&gt; becomes perceptually inaccessible.
&lt;/def-root&gt;</definition>
        <semType name="Degree" ID="172"/>
    </FE>
    <FE bgColor="FF0000" fgColor="FFFFFF" coreType="Core" cBy="JKR" cDate="12/02/2005 04:01:31 PST Fri" abbrev="age" name="Agent" ID="9540">
        <definition>&lt;def-root&gt;The &lt;fen&gt;Agent&lt;/fen&gt; is the person who causes the Hidden_entity to be not perceptually accessible to potential perceivers.

&lt;ex&gt;&lt;fex name="age"&gt;The deputy&lt;/fex&gt; &lt;t&gt;concealed&lt;/t&gt; the bayonet under his coat.&lt;/ex&gt;&lt;/def-root&gt;</definition>
        <semType name="Sentient" ID="5"/>
    </FE>
    <FE bgColor="FFA500" fgColor="FFFFFF" coreType="Core" cBy="JKR" cDate="12/02/2005 04:04:27 PST Fri" abbrev="hid" name="Hiding_place" ID="9541">
        <definition>&lt;def-root&gt;The location in which the &lt;fen&gt;Hidden_object&lt;/fen&gt; is placed so as not to be perceptually accessible.


&lt;ex&gt;He had &lt;t&gt;concealed&lt;/t&gt; the necklace &lt;fex name="Hiding_place"&gt;behind him&lt;/fex&gt;.&lt;/ex&gt;&lt;/def-root&gt;</definition>
    </FE>
    <FE bgColor="800080" fgColor="FFFFFF" coreType="Peripheral" cBy="JKR" cDate="12/02/2005 04:07:28 PST Fri" abbrev="pla" name="Place" ID="9542">
        <definition>&lt;def-root&gt;The &lt;fen&gt;Place&lt;/fen&gt; is the spatial setting in which the hiding event takes place.&lt;/def-root&gt;</definition>
        <semType name="Locative_relation" ID="182"/>
    </FE>
    <FE bgColor="A52A2A" fgColor="FFFFFF" coreType="Peripheral" cBy="JKR" cDate="12/02/2005 04:09:37 PST Fri" abbrev="tim" name="Time" ID="9543">
        <definition>&lt;def-root&gt;&lt;fen&gt;Time&lt;/fen&gt; denotes the interval of time during which the &lt;fen&gt;Agent&lt;/fen&gt; causes the &lt;fen&gt;Hidden_object&lt;/fen&gt; to become hidden from perceptual access.&lt;/def-root&gt;</definition>
        <semType name="Time" ID="141"/>
    </FE>
    <FE bgColor="90876C" fgColor="FFFFFF" coreType="Extra-Thematic" cBy="JKR" cDate="12/02/2005 04:11:12 PST Fri" abbrev="" name="Explanation" ID="9544">
        <definition>&lt;def-root&gt;The &lt;fen&gt;Explanation&lt;/fen&gt; denotes a proposition from which the occurrence of the hiding event logically follows.&lt;/def-root&gt;</definition>
        <semType name="State_of_affairs" ID="177"/>
    </FE>
    <FE bgColor="008000" fgColor="FFFFFF" coreType="Peripheral" cBy="MJE" cDate="12/08/2005 12:42:24 PST Thu" abbrev="mea" name="Means" ID="9671">
        <definition>&lt;def-root&gt;An action of the &lt;fen&gt;Agent&lt;/fen&gt; that brings about the hiding of the &lt;fen&gt;Hidden_object&lt;/fen&gt;.&lt;/def-root&gt;</definition>
        <semType name="State_of_affairs" ID="177"/>
    </FE>
    <FE bgColor="00BFFF" fgColor="FFFFFF" coreType="Peripheral" cBy="MJE" cDate="12/08/2005 12:43:31 PST Thu" abbrev="pur" name="Purpose" ID="9672">
        <definition>&lt;def-root&gt;The state-of-affairs that the &lt;fen&gt;Agent&lt;/fen&gt; hopes to bring about by hiding the &lt;fen&gt;Hidden_object&lt;/fen&gt;.&lt;/def-root&gt;</definition>
        <semType name="State_of_affairs" ID="177"/>
    </FE>
    <FE bgColor="006400" fgColor="FFFFFF" coreType="Peripheral" cBy="MJE" cDate="12/08/2005 12:45:40 PST Thu" abbrev="man" name="Manner" ID="9673">
        <definition>&lt;def-root&gt;Any description of the intentional act which is not covered by more specific FEs, including secondary effects (&lt;ment&gt;quietly, loudly&lt;/ment&gt;), and general descriptions comparing events (&lt;ment&gt;the same way&lt;/ment&gt;). In addition, it may indicate salient characteristics of an &lt;fen&gt;Agent&lt;/fen&gt; that also affect the action (&lt;ment&gt;presumptuously, coldly, deliberately, eagerly, carefully&lt;/ment&gt;). 
&lt;/def-root&gt;</definition>
        <semType name="Manner" ID="173"/>
    </FE>
    <frameRelation type="Inherits from">
        <relatedFrame ID="230">Intentionally_affect</relatedFrame>
    </frameRelation>
    <frameRelation type="Is Inherited by"/>
    <frameRelation type="Perspective on"/>
    <frameRelation type="Is Perspectivized in"/>
    <frameRelation type="Uses"/>
    <frameRelation type="Is Used by"/>
    <frameRelation type="Subframe of"/>
    <frameRelation type="Has Subframe(s)"/>
    <frameRelation type="Precedes"/>
    <frameRelation type="Is Preceded by"/>
    <frameRelation type="Is Inchoative of"/>
    <frameRelation type="Is Causative of">
        <relatedFrame ID="652">Eclipse</relatedFrame>
    </frameRelation>
    <frameRelation type="See also"/>
    <lexUnit status="Finished_Initial" POS="V" name="hide.v" ID="13036" lemmaID="18001" cBy="JKR" cDate="12/02/2005 04:13:14 PST Fri">
        <definition>COD:  put or keep out of sight.</definition>
        <sentenceCount annotated="22" total="268"/>
        <lexeme order="1" headword="false" breakBefore="false" POS="V" name="hide"/>
    </lexUnit>
    <lexUnit status="Finished_Initial" POS="V" name="conceal.v" ID="13037" lemmaID="7580" cBy="JKR" cDate="12/02/2005 04:14:03 PST Fri">
        <definition>FN: prevent from being perceptually accessible</definition>
        <sentenceCount annotated="20" total="324"/>
        <lexeme order="1" headword="false" breakBefore="false" POS="V" name="conceal"/>
    </lexUnit>
    <lexUnit status="Created" POS="V" name="mask.v" ID="13038" lemmaID="23597" cBy="JKR" cDate="12/02/2005 04:18:30 PST Fri">
        <definition>FN: to cover so as  to diminish perceptually accessibility</definition>
        <sentenceCount annotated="0" total="0"/>
        <lexeme order="1" headword="false" breakBefore="false" POS="V" name="mask"/>
    </lexUnit>
    <lexUnit status="Created" POS="V" name="shroud.v" ID="13039" lemmaID="35736" cBy="JKR" cDate="12/02/2005 04:21:33 PST Fri">
        <definition>FN: to envelop an object so as to hide it from view</definition>
        <sentenceCount annotated="0" total="0"/>
        <lexeme order="1" headword="false" breakBefore="false" POS="V" name="shroud"/>
    </lexUnit>
    <lexUnit status="Finished_Initial" POS="V" name="camouflage.v" ID="15241" lemmaID="5298" cBy="JKs" cDate="09/30/2008 02:48:59 PDT Tue">
        <definition>FN: hide by blending the Hidden_object in with its surroundings</definition>
        <sentenceCount annotated="20" total="254"/>
        <lexeme order="1" headword="false" breakBefore="false" POS="V" name="camouflage"/>
    </lexUnit>
    <lexUnit status="Created" POS="V" name="block.v" ID="17563" lemmaID="3870" cBy="CVa" cDate="07/07/2014 02:45:26 PDT Mon">
        <definition>FN: to hinder the view of an object by putting something in the path of the viewer</definition>
        <sentenceCount annotated="0" total="0"/>
        <lexeme order="1" headword="false" breakBefore="false" POS="V" name="block"/>
    </lexUnit>
    <lexUnit status="Created" POS="V" name="cover.v" ID="17564" lemmaID="8679" cBy="CVa" cDate="07/07/2014 02:47:30 PDT Mon">
        <definition>FN: to hinder the view of an object by placing something over or upon it</definition>
        <sentenceCount annotated="0" total="0"/>
        <lexeme order="1" headword="false" breakBefore="false" POS="V" name="cover"/>
    </lexUnit>
</frame>