<?xml version="1.0" encoding="UTF-8" standalone="yes"?>
<?xml-stylesheet type="text/xsl" href="frame.xsl"?>
<frame cBy="RLG" cDate="06/08/2007 05:13:53 PDT Fri" name="Hospitality" ID="1970" xsi:schemaLocation="../schema/frame.xsd" xmlns="http://framenet.icsi.berkeley.edu" xmlns:xsi="http://www.w3.org/2001/XMLSchema-instance">
    <definition>&lt;def-root&gt;A &lt;fen&gt;Host&lt;/fen&gt; is judged regarding their attitude as a potential host in a guest-host relationship. The &lt;fen&gt;Host&lt;/fen&gt; exhibits a &lt;fen&gt;Behavior&lt;/fen&gt; that is judged as demonstrating a particular degree hospitality towards a &lt;fen&gt;Guest&lt;/fen&gt;. Alternatively, the &lt;fen&gt;Host&lt;/fen&gt; may reveal an &lt;fen&gt;Expressor&lt;/fen&gt; that indicates a particular sort of attitude.

&lt;ex&gt;I found &lt;fex name="Host"&gt;the board&lt;/fex&gt; to be &lt;fex name="Degree"&gt;very&lt;/fex&gt; &lt;t&gt;hospitable&lt;/t&gt; &lt;fex name="Guest"&gt;to Russian graduates&lt;/fex&gt;.&lt;/ex&gt;&lt;/def-root&gt;</definition>
    <FE bgColor="800080" fgColor="FFFFFF" coreType="Core" cBy="RLG" cDate="06/08/2007 05:13:53 PDT Fri" abbrev="hos" name="Host" ID="11875">
        <definition>&lt;def-root&gt;The &lt;fen&gt;Host&lt;/fen&gt; is the person whose &lt;fen&gt;Behavior&lt;/fen&gt; towards others as a (potential) host is evaluated.&lt;/def-root&gt;</definition>
        <semType name="Human" ID="80"/>
    </FE>
    <FE bgColor="0000FF" fgColor="FFFFFF" coreType="Core" cBy="RLG" cDate="06/08/2007 05:13:53 PDT Fri" abbrev="gue" name="Guest" ID="11876">
        <definition>&lt;def-root&gt;The &lt;fen&gt;Guest&lt;/fen&gt; is the entity which is positively or negatively treated by the &lt;fen&gt;Host&lt;/fen&gt;.&lt;/def-root&gt;</definition>
    </FE>
    <FE bgColor="008000" fgColor="FFFFFF" coreType="Core" cBy="RLG" cDate="06/08/2007 05:13:53 PDT Fri" abbrev="Beh" name="Behavior" ID="11877">
        <definition>&lt;def-root&gt;The &lt;fen&gt;Behavior&lt;/fen&gt; is the action of the &lt;fen&gt;Host&lt;/fen&gt; on which the evaluation of the &lt;fen&gt;Host&lt;/fen&gt;'s character is based.&lt;/def-root&gt;</definition>
    </FE>
    <FE bgColor="FF69B4" fgColor="FFFFFF" coreType="Peripheral" cBy="RLG" cDate="06/08/2007 05:13:53 PDT Fri" abbrev="Deg" name="Degree" ID="11878">
        <definition>&lt;def-root&gt;The &lt;fen&gt;Degree&lt;/fen&gt; is the extent to which the &lt;fen&gt;Host&lt;/fen&gt; exhibits the particular &lt;fen&gt;Behavior&lt;/fen&gt; towards others.&lt;/def-root&gt;</definition>
        <semType name="Degree" ID="172"/>
    </FE>
    <FE bgColor="FF0000" fgColor="FFFFFF" coreType="Core" cBy="RLG" cDate="06/08/2007 05:13:53 PDT Fri" abbrev="Gr" name="Topic" ID="11879">
        <definition>&lt;def-root&gt;The &lt;fen&gt;Topic&lt;/fen&gt; is the situation or person that the &lt;fen&gt;Host&lt;/fen&gt;'s &lt;fen&gt;Behavior&lt;/fen&gt; responds to or is related to.&lt;/def-root&gt;</definition>
    </FE>
    <FE bgColor="FFA500" fgColor="FFFFFF" coreType="Core" cBy="RLG" cDate="06/08/2007 05:13:53 PDT Fri" abbrev="Exp" name="Expressor" ID="11880">
        <definition>&lt;def-root&gt;The &lt;fen&gt;Expressor&lt;/fen&gt; is the body part or action by a body part which indicates the character of the &lt;fen&gt;Host&lt;/fen&gt;.&lt;/def-root&gt;</definition>
    </FE>
    <FE bgColor="FF00FF" fgColor="FFFFFF" coreType="Peripheral" cBy="RLG" cDate="06/08/2007 05:13:53 PDT Fri" abbrev="Manner" name="Manner" ID="11881">
        <definition>&lt;def-root&gt;The &lt;fen&gt;Manner&lt;/fen&gt; is the way in which the &lt;fen&gt;Host&lt;/fen&gt; embodies the characters of a good or poor host.&lt;/def-root&gt;</definition>
        <semType name="Manner" ID="173"/>
    </FE>
    <FE bgColor="00BFFF" fgColor="FFFFFF" coreType="Core-Unexpressed" cBy="RLG" cDate="06/08/2007 05:13:53 PDT Fri" abbrev="jud" name="Judge" ID="11882">
        <definition>&lt;def-root&gt;The individual whose point of view is taken in assigning the evaluation.&lt;/def-root&gt;</definition>
        <semType name="Human" ID="80"/>
    </FE>
    <FEcoreSet>
        <memberFE name="Expressor" ID="11880"/>
        <memberFE name="Host" ID="11875"/>
        <memberFE name="Behavior" ID="11877"/>
    </FEcoreSet>
    <FEcoreSet>
        <memberFE name="Guest" ID="11876"/>
        <memberFE name="Topic" ID="11879"/>
    </FEcoreSet>
    <frameRelation type="Inherits from">
        <relatedFrame ID="372">Social_interaction_evaluation</relatedFrame>
    </frameRelation>
    <frameRelation type="Is Inherited by"/>
    <frameRelation type="Perspective on"/>
    <frameRelation type="Is Perspectivized in"/>
    <frameRelation type="Uses">
        <relatedFrame ID="1890">Guest_and_host</relatedFrame>
    </frameRelation>
    <frameRelation type="Is Used by"/>
    <frameRelation type="Subframe of"/>
    <frameRelation type="Has Subframe(s)"/>
    <frameRelation type="Precedes"/>
    <frameRelation type="Is Preceded by"/>
    <frameRelation type="Is Inchoative of"/>
    <frameRelation type="Is Causative of"/>
    <frameRelation type="See also"/>
    <lexUnit status="Created" POS="N" name="hospitality.n" ID="14470" lemmaID="18468" cBy="RLG" cDate="06/08/2007 05:27:19 PDT Fri">
        <definition>FN: willingness to warmly and coridally accept guests.</definition>
        <sentenceCount annotated="2" total="2"/>
        <lexeme order="1" headword="false" breakBefore="false" POS="N" name="hospitality"/>
    </lexUnit>
    <lexUnit status="Needs_SCs" POS="A" name="hospitable.a" ID="14471" lemmaID="18465" cBy="RLG" cDate="06/08/2007 05:27:49 PDT Fri">
        <definition>FN: welcoming of guests.</definition>
        <sentenceCount annotated="3" total="60"/>
        <lexeme order="1" headword="false" breakBefore="false" POS="A" name="hospitable"/>
    </lexUnit>
    <lexUnit status="Created" POS="N" name="red carpet.n" ID="14472" lemmaID="50700" cBy="RLG" cDate="06/11/2007 03:06:11 PDT Mon">
        <definition>FN: respectful and lavish treatment of an important guest.</definition>
        <sentenceCount annotated="0" total="0"/>
        <lexeme order="1" headword="false" breakBefore="false" POS="A" name="red"/>
        <lexeme order="2" headword="true" breakBefore="false" POS="N" name="carpet"/>
    </lexUnit>
</frame>