<?xml version="1.0" encoding="UTF-8" standalone="yes"?>
<?xml-stylesheet type="text/xsl" href="frame.xsl"?>
<frame cBy="MJE" cDate="03/18/2016 04:26:06 PDT Fri" name="Identity_scenario" ID="3001" xsi:schemaLocation="../schema/frame.xsd" xmlns="http://framenet.icsi.berkeley.edu" xmlns:xsi="http://www.w3.org/2001/XMLSchema-instance">
    <definition>&lt;def-root&gt;An &lt;fen&gt;Instance&lt;/fen&gt; of some &lt;fen&gt;Type&lt;/fen&gt; is conceived of as having a distinct &lt;fen&gt;Identity&lt;/fen&gt;.  Its &lt;fen&gt;Identity&lt;/fen&gt; persists across time and remains constant for an &lt;fen&gt;Instance&lt;/fen&gt; despite arbitrary changes in other attributes of the &lt;fen&gt;Instance&lt;/fen&gt;.  Establishing &lt;fen&gt;Identity&lt;/fen&gt; answers the question "which", and is often answered by saying that an &lt;fen&gt;Instance&lt;/fen&gt; is the same or different from a previously mentioned instance (see Identicality), or by deictic reference ("that one"), etc.

&lt;fen&gt;Identity&lt;/fen&gt; is not the same as appearance or name (if the &lt;fen&gt;Instance&lt;/fen&gt; even has such), although these attributes of the &lt;fen&gt;Instance&lt;/fen&gt; may be useful in establishing &lt;fen&gt;Identity&lt;/fen&gt;.  &lt;fen&gt;Identity&lt;/fen&gt; can be established knowing the totality of the history of an &lt;fen&gt;Instance&lt;/fen&gt;; however, this is impractical and usually proxies like name and appearance are used.  For the &lt;fen&gt;Identity&lt;/fen&gt; of humans, history sufficient to establish &lt;fen&gt;Identity&lt;/fen&gt; can usually be satisfactorily established by documents associated with the person, often with information like appearance and name, though use of such documents leads to the problem of multiple identities, only one of which is considered legitimate or "true" in a given context. &lt;/def-root&gt;</definition>
    <FE bgColor="FF0000" fgColor="FFFFFF" coreType="Core" cBy="MJE" cDate="03/18/2016 04:26:06 PDT Fri" abbrev="tp" name="Type" ID="16812">
        <definition>&lt;def-root&gt;The kind of thing of which instances are under discussion.


&lt;ex&gt;Smithers works in a &lt;t&gt;different&lt;/t&gt; &lt;fex name="tp"&gt;office&lt;/fex&gt; now&lt;/ex&gt;&lt;/def-root&gt;</definition>
    </FE>
    <FE bgColor="0000FF" fgColor="FFFFFF" coreType="Core" cBy="MJE" cDate="03/18/2016 04:26:06 PDT Fri" abbrev="ci" name="Instance" ID="16813">
        <definition>&lt;def-root&gt;The instance of the &lt;fen&gt;Type&lt;/fen&gt; that is currently under discussion.&lt;/def-root&gt;</definition>
    </FE>
    <FE bgColor="008000" fgColor="FFFFFF" coreType="Core-Unexpressed" cBy="MJE" cDate="03/18/2016 06:09:52 PDT Fri" abbrev="" name="Identity" ID="16818">
        <definition>&lt;def-root&gt;The property of an &lt;fen&gt;Instance&lt;/fen&gt; that is defined as unique for each separate &lt;fen&gt;Instance&lt;/fen&gt; of a &lt;fen&gt;Type&lt;/fen&gt;.&lt;/def-root&gt;</definition>
    </FE>
    <frameRelation type="Inherits from"/>
    <frameRelation type="Is Inherited by"/>
    <frameRelation type="Perspective on"/>
    <frameRelation type="Is Perspectivized in">
        <relatedFrame ID="1029">Identicality</relatedFrame>
        <relatedFrame ID="3000">Identity</relatedFrame>
    </frameRelation>
    <frameRelation type="Uses"/>
    <frameRelation type="Is Used by"/>
    <frameRelation type="Subframe of"/>
    <frameRelation type="Has Subframe(s)"/>
    <frameRelation type="Precedes"/>
    <frameRelation type="Is Preceded by"/>
    <frameRelation type="Is Inchoative of"/>
    <frameRelation type="Is Causative of"/>
    <frameRelation type="See also"/>
</frame>