<?xml version="1.0" encoding="UTF-8" standalone="yes"?>
<?xml-stylesheet type="text/xsl" href="frame.xsl"?>
<frame cBy="MJE" cDate="04/24/2002 01:40:04 PDT Wed" name="Impact" ID="311" xsi:schemaLocation="../schema/frame.xsd" xmlns="http://framenet.icsi.berkeley.edu" xmlns:xsi="http://www.w3.org/2001/XMLSchema-instance">
    <definition>&lt;def-root&gt;While in motion, an &lt;fen&gt;Impactor&lt;/fen&gt; makes sudden, forcible contact with the &lt;fen&gt;Impactee&lt;/fen&gt;, or two &lt;fen&gt;Impactors&lt;/fen&gt; both move, mutually making forcible contact.  
&lt;ex&gt;&lt;fex name="Impactor"&gt;The massive metal foot&lt;/fex&gt; &lt;t&gt;hit&lt;/t&gt; &lt;fex name="Impactee"&gt;the ground&lt;/fex&gt; &lt;fex name="Result"&gt;with a huge thud&lt;/fex&gt;.&lt;/ex&gt;
&lt;/def-root&gt;</definition>
    <FE bgColor="008000" fgColor="FFFFFF" coreType="Peripheral" cBy="MJE" cDate="04/24/2002 07:05:39 PDT Wed" abbrev="Place" name="Place" ID="2665">
        <definition>&lt;def-root&gt;Where the event takes place.&lt;/def-root&gt;</definition>
        <semType name="Locative_relation" ID="182"/>
    </FE>
    <FE bgColor="9F79EE" fgColor="FFFFFF" coreType="Extra-Thematic" cBy="MJE" cDate="04/24/2002 07:05:44 PDT Wed" abbrev="Result" name="Result" ID="2666">
        <definition>&lt;def-root&gt;Result of an event&lt;/def-root&gt;</definition>
    </FE>
    <FE bgColor="FFA500" fgColor="FFFFFF" coreType="Peripheral" cBy="MJE" cDate="04/24/2002 07:05:46 PDT Wed" abbrev="Time" name="Time" ID="2667">
        <definition>&lt;def-root&gt;When the event occurs.&lt;/def-root&gt;</definition>
        <semType name="Time" ID="141"/>
    </FE>
    <FE bgColor="9400D3" fgColor="FFFFFF" coreType="Extra-Thematic" cBy="MJE" cDate="04/24/2002 07:05:50 PDT Wed" abbrev="Exp" name="Explanation" ID="2668">
        <definition>&lt;def-root&gt;The reason for which an Impact occurs.&lt;/def-root&gt;</definition>
    </FE>
    <FE bgColor="FF00FF" fgColor="FFFFFF" coreType="Peripheral" cBy="MJE" cDate="04/24/2002 07:06:01 PDT Wed" abbrev="Manr" name="Manner" ID="2669">
        <definition>&lt;def-root&gt;Manner of performing an action&lt;/def-root&gt;</definition>
        <semType name="Manner" ID="173"/>
    </FE>
    <FE bgColor="FF0000" fgColor="FFFFFF" coreType="Core" cBy="MJE" cDate="04/24/2002 07:07:30 PDT Wed" abbrev="Imp1" name="Impactor" ID="2671">
        <definition>&lt;def-root&gt;The entity that hits the &lt;fen&gt;Impactee&lt;/fen&gt;.
&lt;ex&gt;&lt;fex name="Imp1"&gt;The rock&lt;/fex&gt; &lt;t&gt;hit&lt;/t&gt; the sand with a thump.&lt;/ex&gt;&lt;/def-root&gt;</definition>
        <requiresFE name="Impactee" ID="2672"/>
        <excludesFE name="Impactors" ID="2673"/>
    </FE>
    <FE bgColor="0000FF" fgColor="FFFFFF" coreType="Core" cBy="MJE" cDate="04/24/2002 07:08:52 PDT Wed" abbrev="Imp2" name="Impactee" ID="2672">
        <definition>&lt;def-root&gt;The entity which is hit by the &lt;fen&gt;Impactor&lt;/fen&gt;.
&lt;ex&gt;The rock &lt;t&gt;hit&lt;/t&gt; &lt;fex name="Imp2"&gt;the sand&lt;/fex&gt; with a thump.&lt;/ex&gt;&lt;/def-root&gt;</definition>
        <requiresFE name="Impactor" ID="2671"/>
        <excludesFE name="Impactors" ID="2673"/>
    </FE>
    <FE bgColor="00BFFF" fgColor="FFFFFF" coreType="Core" cBy="MJE" cDate="04/24/2002 07:10:24 PDT Wed" abbrev="Imps" name="Impactors" ID="2673">
        <definition>&lt;def-root&gt;The multiple entities that collide.
&lt;ex&gt;&lt;fex name="Imps"&gt;The car and truck&lt;/fex&gt; &lt;t&gt;collided&lt;/t&gt; at a combined speed of over 100MPH.&lt;/ex&gt;&lt;/def-root&gt;</definition>
    </FE>
    <FE bgColor="1E90FF" fgColor="FFFFFF" coreType="Peripheral" cBy="MJE" cDate="04/24/2002 07:11:21 PDT Wed" abbrev="Speed" name="Speed" ID="2674">
        <definition>&lt;def-root&gt;The speed at impact.
&lt;ex&gt;The wrecking ball &lt;t&gt;struck&lt;/t&gt; &lt;fex name="Speed"&gt;at 330 mph&lt;/fex&gt;.&lt;/ex&gt;&lt;/def-root&gt;</definition>
        <semType name="Speed" ID="234"/>
    </FE>
    <FE bgColor="006400" fgColor="FFFFFF" coreType="Peripheral" cBy="MJE" cDate="07/26/2002 10:40:43 PDT Fri" abbrev="Sub_R" name="Subregion" ID="3416">
        <definition>&lt;def-root&gt;&lt;fen&gt;Subregion&lt;/fen&gt; identifies the affected part of the larger whole.
&lt;ex&gt;The sparks &lt;t&gt;hit&lt;/t&gt; the paper &lt;fex name="Sub_R"&gt;right on the edge&lt;/fex&gt;.&lt;/ex&gt;&lt;/def-root&gt;</definition>
        <semType name="Locative_relation" ID="182"/>
    </FE>
    <FE bgColor="808080" fgColor="FFFFFF" coreType="Peripheral" cBy="MJE" cDate="07/29/2002 11:34:49 PDT Mon" abbrev="Frc" name="Force" ID="3420">
        <definition>&lt;def-root&gt;The amount of force in the course of the impact.
&lt;t&gt;&lt;/t&gt;&lt;/def-root&gt;</definition>
    </FE>
    <FE bgColor="800080" fgColor="FFFFFF" coreType="Extra-Thematic" cBy="MJE" cDate="10/08/2002 05:20:47 PDT Tue" abbrev="peri" name="Period_of_iterations" ID="3785">
        <definition>&lt;def-root&gt;The &lt;fen&gt;Time&lt;/fen&gt; throughout which the impact repeatedly takes place.&lt;/def-root&gt;</definition>
    </FE>
    <FE bgColor="FF69B4" fgColor="FFFFFF" coreType="Extra-Thematic" cBy="JKR" cDate="10/15/2003 05:41:06 PDT Wed" abbrev="" name="Depictive" ID="5570">
        <definition>&lt;def-root&gt;The state of the &lt;fen&gt;Impactors&lt;/fen&gt; or the &lt;fen&gt;Impactor&lt;/fen&gt; during the impact.&lt;/def-root&gt;</definition>
    </FE>
    <frameRelation type="Inherits from"/>
    <frameRelation type="Is Inherited by"/>
    <frameRelation type="Perspective on"/>
    <frameRelation type="Is Perspectivized in"/>
    <frameRelation type="Uses"/>
    <frameRelation type="Is Used by">
        <relatedFrame ID="820">Friction</relatedFrame>
    </frameRelation>
    <frameRelation type="Subframe of"/>
    <frameRelation type="Has Subframe(s)"/>
    <frameRelation type="Precedes"/>
    <frameRelation type="Is Preceded by"/>
    <frameRelation type="Is Inchoative of"/>
    <frameRelation type="Is Causative of"/>
    <frameRelation type="See also">
        <relatedFrame ID="69">Make_noise</relatedFrame>
    </frameRelation>
    <lexUnit status="Finished_Initial" POS="V" name="graze.v" ID="5623" lemmaID="16756" cBy="MJE" cDate="04/24/2002 01:40:58 PDT Wed">
        <definition>COD: ouch or scrape lightly in passing. </definition>
        <sentenceCount annotated="8" total="115"/>
        <lexeme order="1" headword="false" breakBefore="false" POS="V" name="graze"/>
    </lexUnit>
    <lexUnit status="Created" POS="A" name="glancing.a" ID="5624" lemmaID="16295" cBy="MJE" cDate="04/24/2002 01:41:10 PDT Wed">
        <definition>COD: strike at an angle and bounce off obliquely</definition>
        <sentenceCount annotated="0" total="0"/>
        <lexeme order="1" headword="false" breakBefore="false" POS="A" name="glancing"/>
    </lexUnit>
    <lexUnit status="Finished_Initial" POS="V" name="impact.v" ID="5625" lemmaID="19092" cBy="MJE" cDate="04/24/2002 01:41:23 PDT Wed">
        <definition>COD: to come into contact with another object forcibly. </definition>
        <sentenceCount annotated="7" total="74"/>
        <lexeme order="1" headword="false" breakBefore="false" POS="V" name="impact"/>
    </lexUnit>
    <lexUnit status="Finished_Initial" POS="V" name="hit.v" ID="5626" lemmaID="18154" cBy="MJE" cDate="04/24/2002 01:41:44 PDT Wed">
        <definition>COD: (of a moving object or body) come into contact with (someone or something stationary) quickly and forcefully. </definition>
        <sentenceCount annotated="71" total="614"/>
        <lexeme order="1" headword="false" breakBefore="false" POS="V" name="hit"/>
    </lexUnit>
    <lexUnit status="Created" POS="V" name="run.v" ID="5627" lemmaID="33776" cBy="MJE" cDate="04/24/2002 01:42:44 PDT Wed">
        <definition>FN: (somthing) move toward and hit another thing </definition>
        <sentenceCount annotated="0" total="0"/>
        <lexeme order="1" headword="false" breakBefore="false" POS="V" name="run"/>
    </lexUnit>
    <lexUnit status="Finished_Initial" POS="V" name="smack.v" ID="5628" lemmaID="36469" cBy="MJE" cDate="04/24/2002 01:42:55 PDT Wed">
        <definition>FN: to strike with a sharp slap</definition>
        <sentenceCount annotated="14" total="85"/>
        <lexeme order="1" headword="false" breakBefore="false" POS="V" name="smack"/>
    </lexUnit>
    <lexUnit status="Finished_Initial" POS="V" name="crash.v" ID="5629" lemmaID="8803" cBy="MJE" cDate="04/24/2002 01:43:06 PDT Wed">
        <definition>COD: collide violently with an obstacle or another vehicle. </definition>
        <sentenceCount annotated="10" total="264"/>
        <lexeme order="1" headword="false" breakBefore="false" POS="V" name="crash"/>
    </lexUnit>
    <lexUnit status="Finished_Initial" POS="V" name="bump.v" ID="5630" lemmaID="4906" cBy="MJE" cDate="04/24/2002 01:43:22 PDT Wed">
        <definition>COD: knock or run into with a jolt. </definition>
        <sentenceCount annotated="9" total="116"/>
        <lexeme order="1" headword="false" breakBefore="false" POS="V" name="bump"/>
    </lexUnit>
    <lexUnit status="Finished_Initial" POS="V" name="clang.v" ID="5632" lemmaID="6637" cBy="MJE" cDate="04/24/2002 01:45:24 PDT Wed">
        <definition>FN: to be hit forcefully against something else</definition>
        <sentenceCount annotated="10" total="55"/>
        <lexeme order="1" headword="false" breakBefore="false" POS="V" name="clang"/>
    </lexUnit>
    <lexUnit status="Finished_Initial" POS="V" name="plow.v" ID="5633" lemmaID="29419" cBy="MJE" cDate="04/24/2002 01:47:36 PDT Wed">
        <definition>COD: (of a vehicle) move in a fast and uncontrolled manner</definition>
        <sentenceCount annotated="10" total="198"/>
        <lexeme order="1" headword="false" breakBefore="false" POS="V" name="plow"/>
    </lexUnit>
    <lexUnit status="Finished_Initial" POS="V" name="bang.v" ID="5634" lemmaID="2807" cBy="MJE" cDate="04/24/2002 01:48:07 PDT Wed">
        <definition>FN: strike forcefully and noisily, typically without volition.</definition>
        <sentenceCount annotated="9" total="234"/>
        <lexeme order="1" headword="false" breakBefore="false" POS="V" name="bang"/>
    </lexUnit>
    <lexUnit status="Finished_Initial" POS="V" name="collide.v" ID="5635" lemmaID="7187" cBy="MJE" cDate="04/24/2002 01:49:50 PDT Wed">
        <definition>COD: hit by accident when moving. </definition>
        <sentenceCount annotated="25" total="118"/>
        <lexeme order="1" headword="false" breakBefore="false" POS="V" name="collide"/>
    </lexUnit>
    <lexUnit status="Finished_Initial" POS="N" name="collision.n" ID="5636" lemmaID="7192" cBy="MJE" cDate="04/24/2002 01:50:02 PDT Wed">
        <definition>COD: an instance of colliding. </definition>
        <sentenceCount annotated="42" total="284"/>
        <lexeme order="1" headword="false" breakBefore="false" POS="N" name="collision"/>
    </lexUnit>
    <lexUnit status="Finished_Initial" POS="V" name="smash.v" ID="5637" lemmaID="36494" cBy="MJE" cDate="04/24/2002 01:51:13 PDT Wed">
        <definition>COD: hit or collide with forcefully. </definition>
        <sentenceCount annotated="17" total="151"/>
        <lexeme order="1" headword="false" breakBefore="false" POS="V" name="smash"/>
    </lexUnit>
    <lexUnit status="Finished_Initial" POS="V" name="strike.v" ID="5638" lemmaID="38350" cBy="MJE" cDate="04/24/2002 01:52:10 PDT Wed">
        <definition>COD: come into forcible contact with. </definition>
        <sentenceCount annotated="53" total="633"/>
        <lexeme order="1" headword="false" breakBefore="false" POS="V" name="strike"/>
    </lexUnit>
    <lexUnit status="Created" POS="N" name="impact.n" ID="5639" lemmaID="19091" cBy="MJE" cDate="04/24/2002 01:54:20 PDT Wed">
        <definition>COD: the action of one object coming forcibly into contact with another. </definition>
        <sentenceCount annotated="0" total="0"/>
        <lexeme order="1" headword="false" breakBefore="false" POS="N" name="impact"/>
    </lexUnit>
    <lexUnit status="Created" POS="N" name="hit.n" ID="5640" lemmaID="18153" cBy="MJE" cDate="04/24/2002 01:54:36 PDT Wed">
        <definition>COD: an instance of hitting or being hit. </definition>
        <sentenceCount annotated="0" total="0"/>
        <lexeme order="1" headword="false" breakBefore="false" POS="N" name="hit"/>
    </lexUnit>
    <lexUnit status="Finished_Initial" POS="V" name="thud.v" ID="5641" lemmaID="40316" cBy="MJE" cDate="04/24/2002 02:10:50 PDT Wed">
        <definition>COD: move, fall, or strike something with a thud. </definition>
        <sentenceCount annotated="18" total="126"/>
        <lexeme order="1" headword="false" breakBefore="false" POS="V" name="thud"/>
    </lexUnit>
    <lexUnit status="Finished_Initial" POS="N" name="crash.n" ID="5642" lemmaID="8802" cBy="MJE" cDate="04/24/2002 02:25:21 PDT Wed">
        <definition>COD: an instance of crashing. </definition>
        <sentenceCount annotated="34" total="417"/>
        <lexeme order="1" headword="false" breakBefore="false" POS="N" name="crash"/>
    </lexUnit>
    <lexUnit status="Finished_Initial" POS="V" name="clunk.v" ID="6838" lemmaID="6926" cBy="MJE" cDate="07/26/2002 10:57:24 PDT Fri">
        <definition>COD: move with or make a clunk. </definition>
        <sentenceCount annotated="6" total="16"/>
        <lexeme order="1" headword="false" breakBefore="false" POS="V" name="clunk"/>
    </lexUnit>
    <lexUnit status="Finished_Initial" POS="V" name="crunch.v" ID="6839" lemmaID="9129" cBy="MJE" cDate="07/26/2002 10:58:00 PDT Fri">
        <definition>COD: hit somthing hard or crush with a marked grinding sound</definition>
        <sentenceCount annotated="26" total="115"/>
        <lexeme order="1" headword="false" breakBefore="false" POS="V" name="crunch"/>
    </lexUnit>
    <lexUnit status="Finished_Initial" POS="V" name="slam.v" ID="6840" lemmaID="36227" cBy="MJE" cDate="07/26/2002 10:58:24 PDT Fri">
        <definition>COD: crash or strike heavily into. </definition>
        <sentenceCount annotated="33" total="248"/>
        <lexeme order="1" headword="false" breakBefore="false" POS="V" name="slam"/>
    </lexUnit>
    <lexUnit status="Finished_Initial" POS="V" name="plop.v" ID="6841" lemmaID="29410" cBy="MJE" cDate="07/26/2002 10:59:02 PDT Fri">
        <definition>FN: to hit something from a downward trajectory, creating a short, dull sound</definition>
        <sentenceCount annotated="9" total="31"/>
        <lexeme order="1" headword="false" breakBefore="false" POS="V" name="plop"/>
    </lexUnit>
    <lexUnit status="Created" POS="V" name="plunk.v" ID="6842" lemmaID="29463" cBy="MJE" cDate="07/26/2002 10:59:15 PDT Fri">
        <definition>COD: hit (someone) abruptly. </definition>
        <sentenceCount annotated="0" total="0"/>
        <lexeme order="1" headword="false" breakBefore="false" POS="V" name="plunk"/>
    </lexUnit>
    <lexUnit status="Finished_Initial" POS="V" name="slap.v" ID="6843" lemmaID="36245" cBy="MJE" cDate="07/26/2002 10:59:29 PDT Fri">
        <definition>COD: hit against with the sound of such an action. </definition>
        <sentenceCount annotated="21" total="143"/>
        <lexeme order="1" headword="false" breakBefore="false" POS="V" name="slap"/>
    </lexUnit>
    <lexUnit status="Finished_Initial" POS="V" name="thump.v" ID="6855" lemmaID="40327" cBy="MJE" cDate="07/26/2002 02:44:07 PDT Fri">
        <definition>COD: hit heavily, especially with the fist or a blunt implement</definition>
        <sentenceCount annotated="26" total="177"/>
        <lexeme order="1" headword="false" breakBefore="false" POS="V" name="thump"/>
    </lexUnit>
    <lexUnit status="Created" POS="V" name="chatter.v" ID="9751" lemmaID="6148" cBy="JKR" cDate="10/15/2003 05:43:53 PDT Wed">
        <definition>COD: (of a person's teeth) click repeatedly together from cold or fear</definition>
        <sentenceCount annotated="11" total="11"/>
        <lexeme order="1" headword="false" breakBefore="false" POS="V" name="chatter"/>
    </lexUnit>
    <lexUnit status="Created" POS="V" name="clash.v" ID="9752" lemmaID="6669" cBy="JKR" cDate="10/15/2003 05:44:08 PDT Wed">
        <definition>FN: to be forcefully struck against another object</definition>
        <sentenceCount annotated="7" total="7"/>
        <lexeme order="1" headword="false" breakBefore="false" POS="V" name="clash"/>
    </lexUnit>
    <lexUnit status="Created" POS="V" name="click.v" ID="9753" lemmaID="6772" cBy="JKR" cDate="10/15/2003 05:44:14 PDT Wed">
        <definition>FN: to briefly come into contact with another object</definition>
        <sentenceCount annotated="5" total="5"/>
        <lexeme order="1" headword="false" breakBefore="false" POS="V" name="click"/>
    </lexUnit>
    <lexUnit status="Created" POS="V" name="patter.v" ID="9754" lemmaID="28092" cBy="JKR" cDate="10/15/2003 05:45:47 PDT Wed">
        <definition>COD: a repeated light tapping</definition>
        <sentenceCount annotated="11" total="11"/>
        <lexeme order="1" headword="false" breakBefore="false" POS="V" name="patter"/>
    </lexUnit>
    <lexUnit status="Created" POS="V" name="plash.v" ID="9755" lemmaID="29269" cBy="JKR" cDate="10/15/2003 05:45:54 PDT Wed">
        <definition>FN: to hit another entity creating a splash</definition>
        <sentenceCount annotated="1" total="1"/>
        <lexeme order="1" headword="false" breakBefore="false" POS="V" name="plash"/>
    </lexUnit>
    <lexUnit status="Created" POS="V" name="rap.v" ID="9756" lemmaID="31812" cBy="JKR" cDate="10/15/2003 05:46:05 PDT Wed">
        <definition>COD: strike (a hard surface) with a series of rapid audible blows.</definition>
        <sentenceCount annotated="20" total="20"/>
        <lexeme order="1" headword="false" breakBefore="false" POS="V" name="rap"/>
    </lexUnit>
    <lexUnit status="Created" POS="V" name="tinkle.v" ID="9757" lemmaID="40495" cBy="JKR" cDate="10/15/2003 05:46:24 PDT Wed">
        <definition>FN: to proceed downward and hit an entity causing a light, clear ringing sound</definition>
        <sentenceCount annotated="5" total="5"/>
        <lexeme order="1" headword="false" breakBefore="false" POS="V" name="tinkle"/>
    </lexUnit>
    <lexUnit status="Created" POS="V" name="clatter.v" ID="9758" lemmaID="6697" cBy="JKR" cDate="10/15/2003 05:49:29 PDT Wed">
        <definition>FN: to hit another object </definition>
        <sentenceCount annotated="23" total="27"/>
        <lexeme order="1" headword="false" breakBefore="false" POS="V" name="clatter"/>
    </lexUnit>
    <lexUnit status="Created" POS="V" name="clink.v" ID="9759" lemmaID="6803" cBy="JKR" cDate="10/15/2003 05:49:37 PDT Wed">
        <definition>FN: to briefly touch another object</definition>
        <sentenceCount annotated="13" total="15"/>
        <lexeme order="1" headword="false" breakBefore="false" POS="V" name="clink"/>
    </lexUnit>
    <lexUnit status="Created" POS="V" name="hiss.v" ID="9760" lemmaID="18141" cBy="JKR" cDate="10/15/2003 05:49:44 PDT Wed">
        <definition>FN: to come in contact with another surface, making a soft wheeze</definition>
        <sentenceCount annotated="2" total="2"/>
        <lexeme order="1" headword="false" breakBefore="false" POS="V" name="hiss"/>
    </lexUnit>
    <lexUnit status="Created" POS="V" name="rattle.v" ID="9782" lemmaID="31897" cBy="JKR" cDate="10/16/2003 05:33:08 PDT Thu">
        <definition>FN: to strike another entity, making a rapid succession of short, sharp knocking or clinking sounds</definition>
        <sentenceCount annotated="15" total="15"/>
        <lexeme order="1" headword="false" breakBefore="false" POS="V" name="rattle"/>
    </lexUnit>
    <lexUnit status="Created" POS="V" name="touch.v" ID="11007" lemmaID="40819" cBy="MJE" cDate="09/21/2004 11:58:02 PDT Tue">
        <definition>FN: make contact</definition>
        <sentenceCount annotated="0" total="0"/>
        <lexeme order="1" headword="false" breakBefore="false" POS="V" name="touch"/>
    </lexUnit>
    <lexUnit status="Created" POS="V" name="brush.v" ID="15103" lemmaID="4751" cBy="JKs" cDate="06/11/2008 01:31:28 PDT Wed">
        <definition>FN: graze</definition>
        <sentenceCount annotated="0" total="0"/>
        <lexeme order="1" headword="false" breakBefore="false" POS="V" name="brush"/>
    </lexUnit>
    <lexUnit status="Created" POS="V" name="knock.v" ID="15599" lemmaID="21438" cBy="RLG" cDate="02/01/2010 02:13:32 PST Mon">
        <definition>FN: impact audibly and with moderate force.</definition>
        <sentenceCount annotated="0" total="0"/>
        <lexeme order="1" headword="false" breakBefore="false" POS="V" name="knock"/>
    </lexUnit>
    <lexUnit status="Created" POS="V" name="impinge.v" ID="18532" lemmaID="52065" cBy="HPh" cDate="12/17/2015 05:02:43 PST Thu">
        <definition>FN: to collide (with); strike</definition>
        <sentenceCount annotated="0" total="0"/>
        <lexeme order="1" headword="true" breakBefore="false" POS="V" name="impinge"/>
    </lexUnit>
</frame>