<?xml version="1.0" encoding="UTF-8" standalone="yes"?>
<?xml-stylesheet type="text/xsl" href="frame.xsl"?>
<frame cBy="MJE" cDate="06/07/2016 05:52:45 PDT Tue" name="Improvement_or_decline" ID="3012" xsi:schemaLocation="../schema/frame.xsd" xmlns="http://framenet.icsi.berkeley.edu" xmlns:xsi="http://www.w3.org/2001/XMLSchema-instance">
    <definition>&lt;def-root&gt;An &lt;fen&gt;Entity&lt;/fen&gt; improves from a less desirable &lt;fen&gt;Prior_state&lt;/fen&gt; to a more desirable &lt;fen&gt;Post_state&lt;/fen&gt;.  (Note that members of this frame marked with the semantic type "Negative" indicate deterioration.)  In most cases the &lt;fen&gt;Prior_state&lt;/fen&gt; and the &lt;fen&gt;Post_state&lt;/fen&gt; are implicit, since the most important fact is simply that the &lt;fen&gt;Post_state&lt;/fen&gt; is better than the &lt;fen&gt;Prior_state&lt;/fen&gt;.

&lt;ex&gt;&lt;fex name="Entity"&gt;My typing speed&lt;/fex&gt; is &lt;t&gt;improving&lt;/t&gt; .&lt;/ex&gt;
&lt;ex&gt;&lt;fex name="Entity"&gt;They&lt;/fex&gt; have &lt;t&gt;improved&lt;/t&gt; &lt;fex name="Domain"&gt;in their typing&lt;/fex&gt; &lt;fex name="Degree"&gt;a lot&lt;/fex&gt; .&lt;/ex&gt;
&lt;ex&gt;If you think &lt;fex name="Entity"&gt;your whole life&lt;/fex&gt; is &lt;t&gt;deteriorating&lt;/t&gt; , get out your relationship !&lt;/ex&gt;&lt;/def-root&gt;</definition>
    <FE bgColor="0000FF" fgColor="FFFFFF" coreType="Core" cBy="MJE" cDate="06/07/2016 05:52:45 PDT Tue" abbrev="ent" name="Entity" ID="16834">
        <definition>&lt;def-root&gt;The object that undergoes change.

&lt;ex&gt;&lt;t&gt;Improvements&lt;/t&gt; &lt;fex name="ent"&gt;in marketing techniques&lt;/fex&gt; have since rendered it obsolete.&lt;/ex&gt;&lt;/def-root&gt;</definition>
    </FE>
    <FE bgColor="800080" fgColor="FFFFFF" coreType="Peripheral" cBy="MJE" cDate="06/07/2016 05:52:45 PDT Tue" abbrev="pri" name="Prior_state" ID="16835">
        <definition>&lt;def-root&gt;The former state of the &lt;fen&gt;Entity&lt;/fen&gt;.

&lt;ex&gt;The prognosis has &lt;t&gt;improved&lt;/t&gt; &lt;fex name="Prior_state"&gt;from a few months of life&lt;/fex&gt; to a median age of survival of over 20 years .&lt;/ex&gt;
&lt;/def-root&gt;</definition>
    </FE>
    <FE bgColor="9400D3" fgColor="FFFFFF" coreType="Peripheral" cBy="MJE" cDate="06/07/2016 05:52:45 PDT Tue" abbrev="pos" name="Post_state" ID="16836">
        <definition>&lt;def-root&gt;The state of the &lt;fen&gt;Entity&lt;/fen&gt; following the improvement.

&lt;ex&gt;The prognosis has &lt;t&gt;improved&lt;/t&gt; from a few months of life &lt;fex name="Post_state"&gt;to a median age of survival of over 20 years&lt;/fex&gt; .&lt;/ex&gt;
&lt;/def-root&gt;</definition>
    </FE>
    <FE bgColor="FFA500" fgColor="FFFFFF" coreType="Peripheral" cBy="MJE" cDate="06/07/2016 05:52:45 PDT Tue" abbrev="tim" name="Time" ID="16837">
        <definition>&lt;def-root&gt;The time at which the improvement occurs.

&lt;ex&gt;Her mood suddenly &lt;t&gt;improved&lt;/t&gt; &lt;fex name="Time"&gt;after sundown&lt;/fex&gt; .&lt;/ex&gt;&lt;/def-root&gt;</definition>
        <semType name="Time" ID="141"/>
    </FE>
    <FE bgColor="A52A2A" fgColor="FFFFFF" coreType="Peripheral" cBy="MJE" cDate="06/07/2016 05:52:45 PDT Tue" abbrev="rat" name="Rate" ID="16838">
        <definition>&lt;def-root&gt;The rate at which the change happens.

&lt;ex&gt;His leadership has &lt;fex name="rat"&gt;slowly&lt;/fex&gt; &lt;t&gt;improved&lt;/t&gt; until he has made us forget the sulky Nasser Hussian era&lt;/ex&gt;&lt;/def-root&gt;</definition>
    </FE>
    <FE bgColor="FF00FF" fgColor="FFFFFF" coreType="Peripheral" cBy="MJE" cDate="06/07/2016 05:52:45 PDT Tue" abbrev="man" name="Manner" ID="16839">
        <definition>&lt;def-root&gt;A description of the improvement, generally a description comparing events (&lt;ment&gt;the same way&lt;/ment&gt;). 

&lt;ex&gt;Our major overseas markets has &lt;t&gt;improved&lt;/t&gt; &lt;fex name="man"&gt;tentatively&lt;/fex&gt; and increased spending by consumers and government does not appear to be benefiting this .&lt;/ex&gt;&lt;/def-root&gt;</definition>
        <semType name="Manner" ID="173"/>
    </FE>
    <FE bgColor="FF0000" fgColor="FFFFFF" coreType="Peripheral" cBy="MJE" cDate="06/07/2016 05:52:45 PDT Tue" abbrev="dur" name="Duration" ID="16840">
        <definition>&lt;def-root&gt;The period over which the improvement occurs.

&lt;ex&gt;Screwcap wine seals enable bottle maturation, one of many wine-making &lt;t&gt;improvements&lt;/t&gt; &lt;fex name="dur"&gt;over a long period of time&lt;/fex&gt;.&lt;/ex&gt;&lt;/def-root&gt;</definition>
        <semType name="Duration" ID="142"/>
    </FE>
    <FE bgColor="008000" fgColor="FFFFFF" coreType="Peripheral" cBy="MJE" cDate="06/07/2016 05:52:45 PDT Tue" abbrev="deg" name="Degree" ID="16841">
        <definition>&lt;def-root&gt;The amount of improvement that the &lt;fen&gt;Entity&lt;/fen&gt; has attained.

&lt;ex&gt;Robert's music is &lt;t&gt;declining&lt;/t&gt; &lt;fex name="deg"&gt;further&lt;/fex&gt; as his self-indulgence is encouraged by a small subset of fans .&lt;/ex&gt;&lt;/def-root&gt;</definition>
        <semType name="Degree" ID="172"/>
    </FE>
    <FE bgColor="808080" fgColor="FFFFFF" coreType="Peripheral" cBy="MJE" cDate="06/07/2016 05:52:45 PDT Tue" abbrev="dom" name="Domain" ID="16842">
        <definition>&lt;def-root&gt;The relevant dimension of improvement.

&lt;ex&gt;Why have n't we &lt;t&gt;improved&lt;/t&gt; &lt;fex name="dom"&gt;in our outlook&lt;/fex&gt; ? &lt;/ex&gt;&lt;/def-root&gt;</definition>
    </FE>
    <FE bgColor="90876C" fgColor="FFFFFF" coreType="Extra-Thematic" cBy="MJE" cDate="06/07/2016 05:52:45 PDT Tue" abbrev="Exp" name="Explanation" ID="16843">
        <definition>&lt;def-root&gt;An event or state of affairs that brings about the improvement of the &lt;fen&gt;Entity&lt;/fen&gt;.

&lt;/def-root&gt;</definition>
    </FE>
    <FE bgColor="00008B" fgColor="FFFFFF" coreType="Peripheral" cBy="MJE" cDate="06/07/2016 05:52:45 PDT Tue" abbrev="pla" name="Place" ID="16844">
        <definition>&lt;def-root&gt;The location where the Improvement occurs.&lt;/def-root&gt;</definition>
    </FE>
    <FE bgColor="00BFFF" fgColor="FFFFFF" coreType="Extra-Thematic" cBy="MJE" cDate="06/07/2016 05:52:45 PDT Tue" abbrev="" name="Event_description" ID="16845">
        <definition>&lt;def-root&gt;This FE describes the state of affairs denoted by the target as role fillers in other frames&lt;/def-root&gt;</definition>
    </FE>
    <FE bgColor="FF69B4" fgColor="FFFFFF" coreType="Extra-Thematic" cBy="MJE" cDate="06/07/2016 05:52:45 PDT Tue" abbrev="" name="Frequency" ID="16846">
        <definition>&lt;def-root&gt;How often the Improvement event occurs. &lt;/def-root&gt;</definition>
    </FE>
    <FE bgColor="7FFF00" fgColor="000000" coreType="Extra-Thematic" cBy="MJE" cDate="06/07/2016 05:52:45 PDT Tue" abbrev="" name="Circumstances" ID="16847">
        <definition>&lt;def-root&gt;&lt;fen&gt;Circumstances&lt;/fen&gt; describe the state of the world (at a particular time and place) which is specifically independent of the event itself and any of its participants.&lt;/def-root&gt;</definition>
    </FE>
    <frameRelation type="Inherits from">
        <relatedFrame ID="1172">Undergo_change</relatedFrame>
    </frameRelation>
    <frameRelation type="Is Inherited by"/>
    <frameRelation type="Perspective on"/>
    <frameRelation type="Is Perspectivized in"/>
    <frameRelation type="Uses"/>
    <frameRelation type="Is Used by"/>
    <frameRelation type="Subframe of"/>
    <frameRelation type="Has Subframe(s)"/>
    <frameRelation type="Precedes"/>
    <frameRelation type="Is Preceded by"/>
    <frameRelation type="Is Inchoative of"/>
    <frameRelation type="Is Causative of"/>
    <frameRelation type="See also">
        <relatedFrame ID="1340">Progression</relatedFrame>
    </frameRelation>
    <lexUnit status="Created" POS="V" name="improve.v" ID="18709" lemmaID="19273" cBy="MJE" cDate="06/07/2016 06:11:13 PDT Tue">
        <definition>FN: become better.</definition>
        <sentenceCount annotated="0" total="0"/>
        <lexeme order="1" headword="false" breakBefore="false" POS="V" name="improve"/>
    </lexUnit>
    <lexUnit status="Created" POS="V" name="ameliorate.v" ID="18710" lemmaID="1221" cBy="MJE" cDate="06/07/2016 06:11:46 PDT Tue">
        <definition>FN: (itr) improve.</definition>
        <sentenceCount annotated="0" total="0"/>
        <lexeme order="1" headword="false" breakBefore="false" POS="V" name="ameliorate"/>
    </lexUnit>
    <lexUnit status="Created" POS="V" name="decline.v" ID="18711" lemmaID="9818" cBy="MJE" cDate="06/07/2016 06:12:12 PDT Tue">
        <definition>FN: become worse.</definition>
        <sentenceCount annotated="0" total="0"/>
        <lexeme order="1" headword="false" breakBefore="false" POS="V" name="decline"/>
        <semType name="Negative" ID="99"/>
    </lexUnit>
    <lexUnit status="Created" POS="V" name="shape up.v" ID="18713" lemmaID="52141" cBy="MJE" cDate="06/07/2016 06:52:07 PDT Tue">
        <definition>FN: improve to an expected minimum standard.</definition>
        <sentenceCount annotated="0" total="0"/>
        <lexeme order="1" headword="true" breakBefore="false" POS="V" name="shape"/>
        <lexeme order="2" headword="false" breakBefore="false" POS="AVP" name="up"/>
    </lexUnit>
    <lexUnit status="Created" POS="V" name="look up.v" ID="18714" lemmaID="52142" cBy="MJE" cDate="06/07/2016 06:53:17 PDT Tue">
        <definition>FN: get better in such a way as to inspire hope.</definition>
        <sentenceCount annotated="0" total="0"/>
        <lexeme order="1" headword="true" breakBefore="false" POS="V" name="look"/>
        <lexeme order="2" headword="false" breakBefore="false" POS="AVP" name="up"/>
    </lexUnit>
    <lexUnit status="Created" POS="V" name="deteriorate.v" ID="18715" lemmaID="10428" cBy="MJE" cDate="06/07/2016 06:55:31 PDT Tue">
        <definition>FN: get worse.</definition>
        <sentenceCount annotated="1" total="1"/>
        <lexeme order="1" headword="false" breakBefore="false" POS="V" name="deteriorate"/>
    </lexUnit>
    <lexUnit status="Created" POS="V" name="worsen.v" ID="18716" lemmaID="44518" cBy="MJE" cDate="06/07/2016 06:56:02 PDT Tue">
        <definition>FN: change from bad to worse.</definition>
        <sentenceCount annotated="0" total="0"/>
        <lexeme order="1" headword="false" breakBefore="false" POS="V" name="worsen"/>
    </lexUnit>
    <lexUnit status="Created" POS="N" name="improvement.n" ID="18717" lemmaID="19274" cBy="MJE" cDate="06/07/2016 06:59:09 PDT Tue">
        <definition>FN: event in which (something) improves.</definition>
        <sentenceCount annotated="1" total="1"/>
        <lexeme order="1" headword="false" breakBefore="false" POS="N" name="improvement"/>
    </lexUnit>
    <lexUnit status="Created" POS="N" name="amelioration.n" ID="18718" lemmaID="1222" cBy="MJE" cDate="06/07/2016 07:00:15 PDT Tue">
        <definition>FN: the process of becoming better.</definition>
        <sentenceCount annotated="0" total="0"/>
        <lexeme order="1" headword="false" breakBefore="false" POS="N" name="amelioration"/>
    </lexUnit>
    <lexUnit status="Created" POS="N" name="deterioration.n" ID="18719" lemmaID="10429" cBy="MJE" cDate="06/07/2016 07:00:54 PDT Tue">
        <definition>FN: the process of becoming worse.</definition>
        <sentenceCount annotated="0" total="0"/>
        <lexeme order="1" headword="false" breakBefore="false" POS="N" name="deterioration"/>
    </lexUnit>
    <lexUnit status="Created" POS="N" name="decline.n" ID="18720" lemmaID="9817" cBy="MJE" cDate="06/07/2016 07:01:19 PDT Tue">
        <definition>FN: process of becoming worse.</definition>
        <sentenceCount annotated="0" total="0"/>
        <lexeme order="1" headword="false" breakBefore="false" POS="N" name="decline"/>
    </lexUnit>
</frame>