<?xml version="1.0" encoding="UTF-8" standalone="yes"?>
<?xml-stylesheet type="text/xsl" href="frame.xsl"?>
<frame cBy="RLG" cDate="08/19/2011 11:59:03 PDT Fri" name="Improvised_explosive_device" ID="2623" xsi:schemaLocation="../schema/frame.xsd" xmlns="http://framenet.icsi.berkeley.edu" xmlns:xsi="http://www.w3.org/2001/XMLSchema-instance">
    <definition>&lt;def-root&gt;An improvised explosive device is a &lt;fen&gt;Bomb&lt;/fen&gt; or similar device used in non-conventional warfare. It consists of explosive material connected to a detonator, possibly including other materials meant to damage nearby people and property.

&lt;ex&gt;An &lt;t&gt;&lt;fex name="Bomb"&gt;IED&lt;/fex&gt;&lt;/t&gt; struck the lead truck.&lt;/ex&gt;

&lt;ex&gt;It was determined that the device was an &lt;fex name="Type"&gt;explosive charge&lt;/fex&gt; &lt;fex name="Bomb"&gt;IED&lt;/fex&gt;; no additional shrapnel was located.&lt;/ex&gt;

&lt;ex&gt;Robots designed to deactivate &lt;t&gt;&lt;fex name="Bomb"&gt;roadside bombs&lt;/fex&gt;&lt;/t&gt; are currently being deployed in the region.&lt;/ex&gt;&lt;/def-root&gt;</definition>
    <FE bgColor="A52A2A" fgColor="FFFFFF" coreType="Core" cBy="RLG" cDate="08/19/2011 11:59:03 PDT Fri" abbrev="bom" name="Bomb" ID="14806">
        <definition>&lt;def-root&gt;The &lt;fen&gt;Bomb&lt;/fen&gt; explodes, injuring or damaging a &lt;fen&gt;Target&lt;/fen&gt;.&lt;/def-root&gt;</definition>
        <semType name="Artifact" ID="61"/>
    </FE>
    <FE bgColor="9400D3" fgColor="FFFFFF" coreType="Peripheral" cBy="RLG" cDate="08/19/2011 11:59:04 PDT Fri" abbrev="Use" name="Use" ID="14807">
        <definition>&lt;def-root&gt;The type of activity that the &lt;fen&gt;Bomb&lt;/fen&gt; is generally involved in.  Often this can be considered a kind of &lt;fen&gt;Type&lt;/fen&gt; specification also.&lt;/def-root&gt;</definition>
    </FE>
    <FE bgColor="9F79EE" fgColor="FFFFFF" coreType="Peripheral" cBy="RLG" cDate="08/19/2011 11:59:04 PDT Fri" abbrev="Typ" name="Type" ID="14808">
        <definition>&lt;def-root&gt;This FE indicates what subtype of the general category the &lt;fen&gt;Bomb&lt;/fen&gt; belongs to.&lt;/def-root&gt;</definition>
    </FE>
    <FE bgColor="A9A9A9" fgColor="000000" coreType="Peripheral" cBy="RLG" cDate="08/19/2011 11:59:04 PDT Fri" abbrev="Mat" name="Material" ID="14809">
        <definition>&lt;def-root&gt;The substance that makes up the &lt;fen&gt;Bomb&lt;/fen&gt;.&lt;/def-root&gt;</definition>
    </FE>
    <FE bgColor="FF0000" fgColor="FFFFFF" coreType="Peripheral" cBy="RLG" cDate="08/19/2011 11:59:04 PDT Fri" abbrev="Wld" name="Wielder" ID="14810">
        <definition>&lt;def-root&gt;The person that wishes to attack the &lt;fen&gt;Target&lt;/fen&gt; and who controls (directly or indirectly) the detonation of the &lt;fen&gt;Bomb&lt;/fen&gt;.&lt;/def-root&gt;</definition>
    </FE>
    <FE bgColor="00008B" fgColor="FFFFFF" coreType="Peripheral" cBy="RLG" cDate="08/19/2011 11:59:04 PDT Fri" abbrev="Part" name="Part" ID="14811">
        <definition>&lt;def-root&gt;This FE identifies a part of the &lt;fen&gt;Bomb&lt;/fen&gt;. This includes parts that aid in the detonation or damaging, or mere attachments.&lt;/def-root&gt;</definition>
    </FE>
    <FE bgColor="1E90FF" fgColor="FFFFFF" coreType="Peripheral" cBy="RLG" cDate="08/19/2011 11:59:04 PDT Fri" abbrev="nam" name="Name" ID="14812">
        <definition>&lt;def-root&gt;The term used to refer to an &lt;fen&gt;Bomb&lt;/fen&gt;.&lt;/def-root&gt;</definition>
    </FE>
    <FE bgColor="FF69B4" fgColor="FFFFFF" coreType="Peripheral" cBy="RLG" cDate="08/19/2011 11:59:04 PDT Fri" abbrev="tim" name="Time_of_creation" ID="14813">
        <definition>&lt;def-root&gt;The time at which a &lt;fen&gt;Bomb&lt;/fen&gt; comes into existence.&lt;/def-root&gt;</definition>
    </FE>
    <FE bgColor="006400" fgColor="FFFFFF" coreType="Peripheral" cBy="RLG" cDate="08/19/2011 11:59:04 PDT Fri" abbrev="cre" name="Creator" ID="14814">
        <definition>&lt;def-root&gt;The individual or group responsible for the creation of the &lt;fen&gt;Bomb&lt;/fen&gt;.&lt;/def-root&gt;</definition>
    </FE>
    <FE bgColor="FFA500" fgColor="FFFFFF" coreType="Peripheral" cBy="RLG" cDate="08/19/2011 11:59:04 PDT Fri" abbrev="dep" name="Descriptor" ID="14815">
        <definition>&lt;def-root&gt;A description or characteristic of the &lt;fen&gt;Bomb&lt;/fen&gt;.&lt;/def-root&gt;</definition>
    </FE>
    <FE bgColor="0000FF" fgColor="FFFFFF" coreType="Peripheral" cBy="RLG" cDate="08/24/2011 11:39:45 PDT Wed" abbrev="tar" name="Target" ID="14828">
        <definition>&lt;def-root&gt;The intended or actual target of the &lt;fen&gt;Bomb&lt;/fen&gt;.&lt;/def-root&gt;</definition>
    </FE>
    <FE bgColor="2E8B57" fgColor="FFFFFF" coreType="Peripheral" cBy="RLG" cDate="01/09/2012 02:59:45 PST Mon" abbrev="loc" name="Location" ID="15384">
        <definition>&lt;def-root&gt;The location of the &lt;fen&gt;Bomb&lt;/fen&gt;.&lt;/def-root&gt;</definition>
    </FE>
    <frameRelation type="Inherits from">
        <relatedFrame ID="426">Weapon</relatedFrame>
    </frameRelation>
    <frameRelation type="Is Inherited by">
        <relatedFrame ID="2624">Victim_operated_IED</relatedFrame>
        <relatedFrame ID="2659">Distant_operated_IED</relatedFrame>
    </frameRelation>
    <frameRelation type="Perspective on"/>
    <frameRelation type="Is Perspectivized in"/>
    <frameRelation type="Uses"/>
    <frameRelation type="Is Used by"/>
    <frameRelation type="Subframe of"/>
    <frameRelation type="Has Subframe(s)"/>
    <frameRelation type="Precedes"/>
    <frameRelation type="Is Preceded by"/>
    <frameRelation type="Is Inchoative of"/>
    <frameRelation type="Is Causative of"/>
    <frameRelation type="See also"/>
    <lexUnit status="In_Use" POS="N" name="roadside bomb.n" ID="16528" lemmaID="51373" cBy="RLG" cDate="08/24/2011 10:57:14 PDT Wed">
        <definition>FN: an bomb planted on or by the side of a road.</definition>
        <sentenceCount annotated="29" total="301"/>
        <lexeme order="1" headword="false" breakBefore="false" POS="A" name="roadside"/>
        <lexeme order="2" headword="true" breakBefore="false" POS="N" name="bomb"/>
    </lexUnit>
    <lexUnit status="In_Use" POS="N" name="improvised explosive device.n" ID="16593" lemmaID="51401" cBy="RLG" cDate="09/07/2011 01:00:23 PDT Wed">
        <definition>FN: an unconventional explosive device, usually hidden or transported secretly to a target.</definition>
        <sentenceCount annotated="15" total="80"/>
        <lexeme order="1" headword="false" breakBefore="false" POS="A" name="improvised"/>
        <lexeme order="2" headword="false" breakBefore="false" POS="A" name="explosive"/>
        <lexeme order="3" headword="true" breakBefore="false" POS="N" name="device"/>
    </lexUnit>
    <lexUnit status="In_Use" POS="N" name="IED.n" ID="16594" lemmaID="51402" cBy="RLG" cDate="09/07/2011 01:01:01 PDT Wed">
        <definition>FN: improvised explosive device.</definition>
        <sentenceCount annotated="11" total="47"/>
        <lexeme order="1" headword="true" breakBefore="false" POS="N" name="IED"/>
    </lexUnit>
    <lexUnit status="Created" POS="N" name="dismounted IED.n" ID="16693" lemmaID="51432" cBy="RLG" cDate="10/12/2011 09:32:48 PDT Wed">
        <definition>FN: improvised explosive designed and placed so as to injure people on foot.</definition>
        <sentenceCount annotated="0" total="0"/>
        <lexeme order="1" headword="false" breakBefore="false" POS="A" name="dismounted"/>
        <lexeme order="2" headword="true" breakBefore="false" POS="N" name="IED"/>
    </lexUnit>
    <lexUnit status="In_Use" POS="N" name="car bomb.n" ID="16774" lemmaID="51462" cBy="RLG" cDate="11/04/2011 09:28:45 PDT Fri">
        <definition>FN: a bomb planted and detonated in a car (or similar vehicle).</definition>
        <sentenceCount annotated="22" total="113"/>
        <lexeme order="1" headword="false" breakBefore="false" POS="N" name="car"/>
        <lexeme order="2" headword="true" breakBefore="false" POS="N" name="bomb"/>
    </lexUnit>
    <lexUnit status="Created" POS="N" name="VBIED.n" ID="16775" lemmaID="51463" cBy="RLG" cDate="11/04/2011 09:29:52 PDT Fri">
        <definition>FN: vehicle-borne improvised explosive device, esp. a car bomb.</definition>
        <sentenceCount annotated="0" total="0"/>
        <lexeme order="1" headword="true" breakBefore="false" POS="N" name="VBIED"/>
    </lexUnit>
</frame>