<?xml version="1.0" encoding="UTF-8" standalone="yes"?>
<?xml-stylesheet type="text/xsl" href="frame.xsl"?>
<frame cBy="AlK" cDate="03/19/2010 12:32:24 PDT Fri" name="Impression" ID="2262" xsi:schemaLocation="../schema/frame.xsd" xmlns="http://framenet.icsi.berkeley.edu" xmlns:xsi="http://www.w3.org/2001/XMLSchema-instance">
    <definition>&lt;def-root&gt;This frame describes the &lt;fen&gt;Impression&lt;/fen&gt; which a &lt;fen&gt;Figure&lt;/fen&gt;, which can be a person, an organization, or an object, leaves with an &lt;fen&gt;Audience&lt;/fen&gt;. The &lt;fen&gt;Audience&lt;/fen&gt; is often left unstated when it represents anyone who is aware of the subject. The &lt;fen&gt;Impression&lt;/fen&gt; may be describe with a &lt;fen&gt;Descriptor&lt;/fen&gt;; the effectiveness of the &lt;fen&gt;Impression&lt;/fen&gt; may be provided by &lt;fen&gt;Degree&lt;/fen&gt;. The &lt;fen&gt;Context&lt;/fen&gt; indicates the domain in which the &lt;fen&gt;Impression&lt;/fen&gt; is understood.

&lt;ex&gt;&lt;fex name="Figure"&gt;He&lt;/fex&gt; &lt;gov&gt;had&lt;/gov&gt; an extremely &lt;fex name="Descriptor"&gt;fragile&lt;/fex&gt; &lt;fex name="Audience"&gt;self&lt;/fex&gt; - &lt;t&gt;&lt;fex name="Impression"&gt;image&lt;/fex&gt;&lt;/t&gt;&lt;/ex&gt;

&lt;ex&gt;&lt;fex name="Audience"&gt;My&lt;/fex&gt; &lt;fex name="Impression"&gt;impression&lt;/fex&gt; &lt;fex name="Figure"&gt;of the show&lt;/fex&gt; was just the opposite&lt;/ex&gt;&lt;/def-root&gt;</definition>
    <FE bgColor="FF0000" fgColor="FFFFFF" coreType="Core" cBy="AlK" cDate="03/29/2010 04:09:37 PDT Mon" abbrev="" name="Figure" ID="13761">
        <definition>&lt;def-root&gt;The entity (a person, organization, product, or event) for which the &lt;fen&gt;Audience&lt;/fen&gt; has an &lt;fen&gt;Impression&lt;/fen&gt;.

&lt;ex&gt;&lt;fex name="Figure"&gt;He&lt;/fex&gt; projects a mysterious &lt;t&gt;persona&lt;/t&gt;.&lt;/ex&gt;&lt;/def-root&gt;</definition>
    </FE>
    <FE bgColor="800080" fgColor="FFFFFF" coreType="Core" cBy="AlK" cDate="03/29/2010 04:10:21 PDT Mon" abbrev="" name="Audience" ID="13762">
        <definition>&lt;def-root&gt;A person or group of people who have an &lt;fen&gt;Impression&lt;/fen&gt; of a &lt;fen&gt;Figure&lt;/fen&gt;.

&lt;ex&gt;His &lt;fex name="Audience"&gt;public&lt;/fex&gt; &lt;t&gt;image&lt;/t&gt; is flawless&lt;/ex&gt;&lt;/def-root&gt;</definition>
    </FE>
    <FE bgColor="FF69B4" fgColor="FFFFFF" coreType="Peripheral" cBy="AlK" cDate="03/29/2010 04:11:24 PDT Mon" abbrev="" name="Descriptor" ID="13763">
        <definition>&lt;def-root&gt;The effect of the &lt;fen&gt;Impression&lt;/fen&gt; left on the Audience.&lt;/def-root&gt;</definition>
    </FE>
    <FE bgColor="FF00FF" fgColor="FFFFFF" coreType="Peripheral" cBy="AlK" cDate="03/29/2010 04:31:12 PDT Mon" abbrev="" name="Degree" ID="13764">
        <definition>&lt;def-root&gt;The effectiveness of the &lt;fen&gt;Impression&lt;/fen&gt; on the Audience.&lt;/def-root&gt;</definition>
    </FE>
    <FE bgColor="008000" fgColor="FFFFFF" coreType="Peripheral" cBy="AlK" cDate="03/29/2010 04:49:10 PDT Mon" abbrev="" name="Context" ID="13765">
        <definition>&lt;def-root&gt;A spatial, cultural, or personal delimitation within which a &lt;fen&gt;Figure&lt;/fen&gt; leaves an &lt;fen&gt;Impression&lt;/fen&gt; on an &lt;fen&gt;Audience&lt;/fen&gt;.&lt;/def-root&gt;</definition>
    </FE>
    <FE bgColor="0000FF" fgColor="FFFFFF" coreType="Core" cBy="AlK" cDate="03/29/2010 05:00:03 PDT Mon" abbrev="" name="Impression" ID="13766">
        <definition>&lt;def-root&gt;A generalized conception of a &lt;fen&gt;Figure&lt;/fen&gt; presented to or shared by an &lt;fen&gt;Audience&lt;/fen&gt;.&lt;/def-root&gt;</definition>
    </FE>
    <frameRelation type="Inherits from"/>
    <frameRelation type="Is Inherited by"/>
    <frameRelation type="Perspective on"/>
    <frameRelation type="Is Perspectivized in"/>
    <frameRelation type="Uses">
        <relatedFrame ID="19">Awareness</relatedFrame>
    </frameRelation>
    <frameRelation type="Is Used by"/>
    <frameRelation type="Subframe of"/>
    <frameRelation type="Has Subframe(s)"/>
    <frameRelation type="Precedes"/>
    <frameRelation type="Is Preceded by"/>
    <frameRelation type="Is Inchoative of"/>
    <frameRelation type="Is Causative of"/>
    <frameRelation type="See also"/>
    <lexUnit status="Created" POS="N" name="image.n" ID="15733" lemmaID="19008" cBy="AlK" cDate="03/29/2010 04:38:57 PDT Mon">
        <definition>An impression that a person has of something or someone</definition>
        <sentenceCount annotated="20" total="20"/>
        <lexeme order="1" headword="false" breakBefore="false" POS="N" name="image"/>
    </lexUnit>
    <lexUnit status="Created" POS="N" name="persona.n" ID="15734" lemmaID="28569" cBy="AlK" cDate="03/29/2010 04:48:05 PDT Mon">
        <definition>FN: a personality one assumes in a certain context</definition>
        <sentenceCount annotated="0" total="0"/>
        <lexeme order="1" headword="false" breakBefore="false" POS="N" name="persona"/>
    </lexUnit>
</frame>