<?xml version="1.0" encoding="UTF-8" standalone="yes"?>
<?xml-stylesheet type="text/xsl" href="frame.xsl"?>
<frame cBy="RLG" cDate="11/08/2006 10:33:46 PST Wed" name="Inclusion_scenario" ID="1821" xsi:schemaLocation="../schema/frame.xsd" xmlns="http://framenet.icsi.berkeley.edu" xmlns:xsi="http://www.w3.org/2001/XMLSchema-instance">
    <definition>&lt;def-root&gt;A &lt;fen&gt;Part&lt;/fen&gt; is either a subset of a collection of items that make up a &lt;fen&gt;Whole&lt;/fen&gt;, or is a subpart of a singular Whole. This frame covers both super/sub-set relations and part-whole relations.&lt;/def-root&gt;</definition>
    <semType name="Non-Lexical Frame" ID="16"/>
    <semType name="Non-perspectivalized_frame" ID="52"/>
    <FE bgColor="FF0000" fgColor="FFFFFF" coreType="Core" cBy="RLG" cDate="11/08/2006 10:35:38 PST Wed" abbrev="who" name="Whole" ID="10778">
        <definition>&lt;def-root&gt;The &lt;fen&gt;Whole&lt;/fen&gt; is the larger entity that includes the &lt;fen&gt;Part&lt;/fen&gt;.&lt;/def-root&gt;</definition>
    </FE>
    <FE bgColor="0000FF" fgColor="FFFFFF" coreType="Core" cBy="RLG" cDate="11/08/2006 10:36:24 PST Wed" abbrev="par" name="Part" ID="10779">
        <definition>&lt;def-root&gt;The &lt;fen&gt;Part&lt;/fen&gt; is either a subset or a constituent part of the &lt;fen&gt;Whole&lt;/fen&gt;.&lt;/def-root&gt;</definition>
    </FE>
    <FE bgColor="FF00FF" fgColor="FFFFFF" coreType="Peripheral" cBy="RLG" cDate="11/08/2006 10:37:47 PST Wed" abbrev="man" name="Manner" ID="10780">
        <definition>&lt;def-root&gt;Any description of the inclusion event which is not covered by more specific FEs, including secondary effects (quietly, loudly), and general descriptions comparing events (the same way). &lt;/def-root&gt;</definition>
    </FE>
    <FE bgColor="FFA500" fgColor="FFFFFF" coreType="Peripheral" cBy="RLG" cDate="11/08/2006 10:38:10 PST Wed" abbrev="tim" name="Time" ID="10781">
        <definition>&lt;def-root&gt;The &lt;fen&gt;Time&lt;/fen&gt; at which the inclusion relation holds.&lt;/def-root&gt;</definition>
    </FE>
    <FE bgColor="008000" fgColor="FFFFFF" coreType="Peripheral" cBy="RLG" cDate="11/08/2006 10:38:40 PST Wed" abbrev="pla" name="Place" ID="10782">
        <definition>&lt;def-root&gt;The location at which the inclusion relation holds.&lt;/def-root&gt;</definition>
    </FE>
    <frameRelation type="Inherits from"/>
    <frameRelation type="Is Inherited by">
        <relatedFrame ID="1823">Set_relation</relatedFrame>
        <relatedFrame ID="1830">Wholes_and_parts</relatedFrame>
    </frameRelation>
    <frameRelation type="Perspective on"/>
    <frameRelation type="Is Perspectivized in">
        <relatedFrame ID="1153">Inclusion</relatedFrame>
        <relatedFrame ID="1822">Being_included</relatedFrame>
    </frameRelation>
    <frameRelation type="Uses"/>
    <frameRelation type="Is Used by"/>
    <frameRelation type="Subframe of"/>
    <frameRelation type="Has Subframe(s)"/>
    <frameRelation type="Precedes"/>
    <frameRelation type="Is Preceded by"/>
    <frameRelation type="Is Inchoative of"/>
    <frameRelation type="Is Causative of"/>
    <frameRelation type="See also"/>
</frame>