<?xml version="1.0" encoding="UTF-8" standalone="yes"?>
<?xml-stylesheet type="text/xsl" href="frame.xsl"?>
<frame cBy="RLG" cDate="03/28/2007 10:55:48 PDT Wed" name="Individual_history" ID="1906" xsi:schemaLocation="../schema/frame.xsd" xmlns="http://framenet.icsi.berkeley.edu" xmlns:xsi="http://www.w3.org/2001/XMLSchema-instance">
    <definition>&lt;def-root&gt;This scenario describes a series of &lt;fen&gt;Events&lt;/fen&gt;, associated with a single &lt;fen&gt;Participant&lt;/fen&gt;, i.e., the history of the &lt;fen&gt;Participant&lt;/fen&gt;. The &lt;fen&gt;Events&lt;/fen&gt; do not necessarily form a coherent whole (e.g., are not necessarily causally related), but merely occupy a period of time. In many cases the history is limited to what are considered the important or significant events. Words in this frame can also denote the time period over which the sequence of &lt;fen&gt;Events&lt;/fen&gt; took place.

Note: uses of words in this frame to describe a record of the series of events are not in this frame (e.g., &lt;ment&gt;we compiled a history of Rome&lt;/ment&gt;).

&lt;ex&gt;We've been worried about &lt;fex name="Participant"&gt;our recent hire's&lt;/fex&gt; &lt;t&gt;&lt;fex name="Events"&gt;history&lt;/fex&gt;&lt;/t&gt; &lt;fex name="Domain"&gt;of deceiving employers&lt;/fex&gt;.&lt;/ex&gt;

&lt;ex&gt;The following sections document the entire &lt;fex name="tim"&gt;25-year&lt;/fex&gt; &lt;t&gt;&lt;fex name="Events"&gt;history&lt;/fex&gt;&lt;/t&gt; &lt;fex name="Participant"&gt;of the company&lt;/fex&gt;.&lt;/ex&gt;

&lt;ex&gt;Our areas of strength are &lt;fex name="Participant"&gt;British, American and European&lt;/fex&gt; &lt;t&gt;&lt;fex name="Events"&gt;History&lt;/fex&gt;&lt;/t&gt; &lt;fex name="Start_time"&gt;from 1492&lt;/fex&gt; &lt;fex name="End_time"&gt;to 2000&lt;/fex&gt;.&lt;/ex&gt;&lt;/def-root&gt;</definition>
    <FE bgColor="FF0000" fgColor="FFFFFF" coreType="Core" cBy="RLG" cDate="03/28/2007 11:43:05 PDT Wed" abbrev="par" name="Participant" ID="11409">
        <definition>&lt;def-root&gt;The &lt;fen&gt;Participant&lt;/fen&gt; is either an active participant in all of the &lt;fen&gt;Events&lt;/fen&gt; (e.g., Agent or Patient), or is more peripherally associated with the &lt;fen&gt;Events&lt;/fen&gt; (e.g., Location or Topic).

&lt;ex&gt;We've been worried about &lt;fex name="par"&gt;our recent hire's&lt;/fex&gt; &lt;t&gt;history&lt;/t&gt; of deceiving employers.&lt;/ex&gt;

&lt;ex&gt;I was charmed, and also determined to learn more about &lt;fex name="par"&gt;the factory's&lt;/fex&gt; &lt;t&gt;history&lt;/t&gt;.&lt;/ex&gt;&lt;/def-root&gt;</definition>
    </FE>
    <FE bgColor="00BFFF" fgColor="FFFFFF" coreType="Core" cBy="RLG" cDate="03/28/2007 12:23:26 PDT Wed" abbrev="eve" name="Events" ID="11410">
        <definition>&lt;def-root&gt;The &lt;fen&gt;Events&lt;/fen&gt; which the &lt;fen&gt;Participant&lt;/fen&gt; is a part of. This FE is used to mark the frame-evoking element.

&lt;ex&gt;We will focus on events in her recent &lt;t&gt;&lt;fex name="eve"&gt;history&lt;/fex&gt;&lt;/t&gt;.&lt;/ex&gt;&lt;/def-root&gt;</definition>
    </FE>
    <FE bgColor="d0d0d0" fgColor="000000" coreType="Peripheral" cBy="RLG" cDate="03/28/2007 12:31:54 PDT Wed" abbrev="dom" name="Domain" ID="11411">
        <definition>&lt;def-root&gt;The &lt;fen&gt;Domain&lt;/fen&gt; is (a characterization of) the type of event that is to be included in consideration of the &lt;fen&gt;Participant&lt;/fen&gt;'s history.

&lt;ex&gt;One of my colleagues is an expert on the &lt;fex name="dom"&gt;economic&lt;/fex&gt; &lt;t&gt;history&lt;/t&gt; of the Hellenistic period&lt;/ex&gt;

&lt;ex&gt;The Netherlands' long &lt;t&gt;history&lt;/t&gt; &lt;fex name="dom"&gt;of trade with China&lt;/fex&gt; provides important information for modern political economies.&lt;/ex&gt;&lt;/def-root&gt;</definition>
    </FE>
    <FE bgColor="800080" fgColor="FFFFFF" coreType="Peripheral" cBy="RLG" cDate="03/28/2007 12:36:44 PDT Wed" abbrev="end" name="End_time" ID="11412">
        <definition>&lt;def-root&gt;The end of the span of time during which the &lt;fen&gt;Events&lt;/fen&gt; occur.

&lt;ex&gt;This article discusses mainly the geography and the &lt;t&gt;history&lt;/t&gt; of Palestine &lt;fex name="end"&gt;until the United Nations took up the Palestine problem in 1947&lt;/fex&gt;.&lt;/ex&gt;&lt;/def-root&gt;</definition>
    </FE>
    <FE bgColor="A52A2A" fgColor="FFFFFF" coreType="Peripheral" cBy="RLG" cDate="03/28/2007 12:37:39 PDT Wed" abbrev="sta" name="Start_time" ID="11413">
        <definition>&lt;def-root&gt;The beginning of the time span over which the &lt;fen&gt;Events&lt;/fen&gt; occur.

&lt;ex&gt;The introduction describes the history of geography &lt;fex name="sta"&gt;from the eighteenth century onwards&lt;/fex&gt;.&lt;/ex&gt;&lt;/def-root&gt;</definition>
    </FE>
    <FE bgColor="008000" fgColor="FFFFFF" coreType="Peripheral" cBy="RLG" cDate="03/28/2007 12:38:32 PDT Wed" abbrev="tim" name="Time_span" ID="11414">
        <definition>&lt;def-root&gt;The span of time over which the &lt;fen&gt;Events&lt;/fen&gt; take place.

&lt;ex&gt;We have traced the flag?s &lt;t&gt;past&lt;/t&gt; &lt;fex name="tim"&gt;between its original conception in the 14th century and its end a hundred years later&lt;/fex&gt;.&lt;/ex&gt;&lt;/def-root&gt;</definition>
    </FE>
    <FE bgColor="FFA500" fgColor="FFFFFF" coreType="Peripheral" cBy="RLG" cDate="03/28/2007 12:39:38 PDT Wed" abbrev="dur" name="Duration" ID="11415">
        <definition>&lt;def-root&gt;The &lt;fen&gt;Duration&lt;/fen&gt;, often expressed in calendric units, of the history of the &lt;fen&gt;Participant&lt;/fen&gt;.

&lt;ex&gt;The following sections document the entire &lt;fex name="dur"&gt;25-year&lt;/fex&gt; &lt;t&gt;history&lt;/t&gt; of the company.&lt;/ex&gt;&lt;/def-root&gt;</definition>
    </FE>
    <FE bgColor="9400D3" fgColor="FFFFFF" coreType="Extra-Thematic" cBy="RLG" cDate="03/28/2007 12:41:28 PDT Wed" abbrev="dep" name="Depictive" ID="11416">
        <definition>&lt;def-root&gt;A characterization of the &lt;fen&gt;Participant&lt;/fen&gt; or &lt;fen&gt;Events&lt;/fen&gt;.&lt;/def-root&gt;</definition>
    </FE>
    <FE bgColor="00008B" fgColor="FFFFFF" coreType="Peripheral" cBy="KmG" cDate="07/11/2008 02:07:53 PDT Fri" abbrev="Tim" name="Time" ID="12999">
        <definition>&lt;def-root&gt;When the &lt;fen&gt;Events&lt;/fen&gt; concerning the &lt;fen&gt;Participant&lt;/fen&gt; occured.&lt;/def-root&gt;</definition>
    </FE>
    <frameRelation type="Inherits from"/>
    <frameRelation type="Is Inherited by">
        <relatedFrame ID="2113">History</relatedFrame>
    </frameRelation>
    <frameRelation type="Perspective on">
        <relatedFrame ID="2110">History_scenario</relatedFrame>
    </frameRelation>
    <frameRelation type="Is Perspectivized in"/>
    <frameRelation type="Uses">
        <relatedFrame ID="407">Importance</relatedFrame>
        <relatedFrame ID="88">Eventive_affecting</relatedFrame>
    </frameRelation>
    <frameRelation type="Is Used by"/>
    <frameRelation type="Subframe of"/>
    <frameRelation type="Has Subframe(s)">
        <relatedFrame ID="1908">Historic_event</relatedFrame>
    </frameRelation>
    <frameRelation type="Precedes"/>
    <frameRelation type="Is Preceded by"/>
    <frameRelation type="Is Inchoative of"/>
    <frameRelation type="Is Causative of"/>
    <frameRelation type="See also"/>
    <lexUnit status="Finished_Initial" POS="N" name="history.n" ID="14181" lemmaID="18149" cBy="RLG" cDate="03/28/2007 12:39:12 PDT Wed">
        <definition>FN: past events or a series of past events pertaining to an individual</definition>
        <sentenceCount annotated="66" total="339"/>
        <lexeme order="1" headword="false" breakBefore="false" POS="N" name="history"/>
    </lexUnit>
    <lexUnit status="Finished_Initial" POS="N" name="past.n" ID="14205" lemmaID="27982" cBy="RLG" cDate="03/28/2007 03:09:38 PDT Wed">
        <definition>COD: a person's or thing's history or earlier life.</definition>
        <sentenceCount annotated="25" total="148"/>
        <lexeme order="1" headword="false" breakBefore="false" POS="N" name="past"/>
    </lexUnit>
</frame>