<?xml version="1.0" encoding="UTF-8" standalone="yes"?>
<?xml-stylesheet type="text/xsl" href="frame.xsl"?>
<frame cBy="WMcQ" cDate="09/22/2014 01:34:22 PDT Mon" name="Infecting" ID="2851" xsi:schemaLocation="../schema/frame.xsd" xmlns="http://framenet.icsi.berkeley.edu" xmlns:xsi="http://www.w3.org/2001/XMLSchema-instance">
    <definition>&lt;def-root&gt;The action of spreading some &lt;fen&gt;Infection&lt;/fen&gt; to an &lt;fen&gt;Infected_entity&lt;/fen&gt;, intentionally or otherwise. Pathology indicates that the &lt;fen&gt;Infection_cause&lt;/fen&gt; can be airborne, carried on the skin/hair, or transmitted via various other forms of contact.

&lt;ex&gt;&lt;fex name="Infection_cause"&gt;Her daughter&lt;/fex&gt; &lt;t&gt;infected&lt;/t&gt; &lt;fex name="Infected_entity"&gt;her&lt;/fex&gt; &lt;fex name="Infection"&gt;with chicken pox&lt;/fex&gt; .&lt;/ex&gt;&lt;/def-root&gt;</definition>
    <FE bgColor="000000" fgColor="FFFFFF" coreType="Core" cBy="WMcQ" cDate="09/22/2014 01:36:50 PDT Mon" abbrev="" name="Infection" ID="16197">
        <definition>&lt;def-root&gt;An invasion, typically undetected, of an entity's system. The infection most often compromises the entity's stability. Infections are a common pathology for diseases.&lt;/def-root&gt;</definition>
    </FE>
    <FE bgColor="FFFF00" fgColor="000000" coreType="Core" cBy="WMcQ" cDate="09/22/2014 01:47:07 PDT Mon" abbrev="" name="Infected_entity" ID="16198">
        <definition>&lt;def-root&gt;This FE labels the recipient of the &lt;fen&gt;Infection&lt;/fen&gt;.&lt;/def-root&gt;</definition>
    </FE>
    <FE bgColor="FF0000" fgColor="000000" coreType="Core" cBy="WMcQ" cDate="09/22/2014 01:48:39 PDT Mon" abbrev="" name="Infection_cause" ID="16199">
        <definition>&lt;def-root&gt;This FE labels the cause of the &lt;fen&gt;Infection&lt;/fen&gt; which affects the &lt;fen&gt;Infected_entity&lt;/fen&gt;.&lt;/def-root&gt;</definition>
    </FE>
    <FE bgColor="800080" fgColor="FFFFFF" coreType="Peripheral" cBy="WMcQ" cDate="09/22/2014 02:48:17 PDT Mon" abbrev="" name="Medium" ID="16200">
        <definition>&lt;def-root&gt;The medium through which the infection is transmitted.&lt;/def-root&gt;</definition>
    </FE>
    <FE bgColor="d0d0d0" fgColor="000000" coreType="Peripheral" cBy="WMcQ" cDate="09/22/2014 04:56:54 PDT Mon" abbrev="" name="Manner" ID="16201">
        <definition>&lt;def-root&gt;Any description of the Infecting event which is not covered by more specific FEs, including epistemic modification, force, secondary effects, and general descriptions comparing events.&lt;/def-root&gt;</definition>
    </FE>
    <FE bgColor="008000" fgColor="FFFFFF" coreType="Peripheral" cBy="WMcQ" cDate="09/22/2014 05:32:47 PDT Mon" abbrev="" name="Place" ID="16202">
        <definition>&lt;def-root&gt;The place at which the Infecting event occurs; or, the location of the Infection_cause.&lt;/def-root&gt;</definition>
    </FE>
    <FE bgColor="FFA500" fgColor="FFFFFF" coreType="Peripheral" cBy="WMcQ" cDate="09/22/2014 05:39:24 PDT Mon" abbrev="" name="Time" ID="16203">
        <definition>&lt;def-root&gt;When the infection occurs.&lt;/def-root&gt;</definition>
    </FE>
    <FE bgColor="800080" fgColor="FFFFFF" coreType="Peripheral" cBy="WMcQ" cDate="07/02/2015 03:05:59 PDT Thu" abbrev="" name="Depictive" ID="16529">
        <definition>&lt;def-root&gt;Depictive phrase describing a participant in the event. 

&lt;/def-root&gt;</definition>
    </FE>
    <FE bgColor="A52A2A" fgColor="FFFFFF" coreType="Peripheral" cBy="WMcQ" cDate="07/02/2015 03:06:48 PDT Thu" abbrev="" name="Means" ID="16530">
        <definition>&lt;def-root&gt;An act by an &lt;fen&gt;Infection_cause&lt;/fen&gt; that enables them to act upon the &lt;fen&gt;Infected_entity&lt;/fen&gt;.
&lt;/def-root&gt;</definition>
    </FE>
    <FE bgColor="9F79EE" fgColor="FFFFFF" coreType="Peripheral" cBy="WMcQ" cDate="07/02/2015 03:08:12 PDT Thu" abbrev="" name="Result" ID="16531">
        <definition>&lt;def-root&gt;The &lt;fen&gt;Result&lt;/fen&gt; of an &lt;fen&gt;Infection&lt;/fen&gt;.&lt;/def-root&gt;</definition>
    </FE>
    <frameRelation type="Inherits from">
        <relatedFrame ID="10">Transitive_action</relatedFrame>
    </frameRelation>
    <frameRelation type="Is Inherited by"/>
    <frameRelation type="Perspective on"/>
    <frameRelation type="Is Perspectivized in"/>
    <frameRelation type="Uses"/>
    <frameRelation type="Is Used by"/>
    <frameRelation type="Subframe of"/>
    <frameRelation type="Has Subframe(s)"/>
    <frameRelation type="Precedes"/>
    <frameRelation type="Is Preceded by"/>
    <frameRelation type="Is Inchoative of"/>
    <frameRelation type="Is Causative of">
        <relatedFrame ID="239">Medical_conditions</relatedFrame>
    </frameRelation>
    <frameRelation type="See also"/>
    <lexUnit status="Created" POS="V" name="give.v" ID="17700" lemmaID="16270" cBy="WMcQ" cDate="09/22/2014 02:36:43 PDT Mon">
        <definition>FN: An Infection of an Infected_entity occurs, with or without the intention or knowledge of the Infection_cause.</definition>
        <sentenceCount annotated="0" total="0"/>
        <lexeme order="1" headword="false" breakBefore="false" POS="V" name="give"/>
    </lexUnit>
    <lexUnit status="Created" POS="V" name="infect.v" ID="18171" lemmaID="19824" cBy="MJE" cDate="06/30/2015 06:27:18 PDT Tue">
        <definition>FN: cause to have a disease.</definition>
        <sentenceCount annotated="0" total="0"/>
        <lexeme order="1" headword="false" breakBefore="false" POS="V" name="infect"/>
    </lexUnit>
</frame>