<?xml version="1.0" encoding="UTF-8" standalone="yes"?>
<?xml-stylesheet type="text/xsl" href="frame.xsl"?>
<frame cBy="KCo" cDate="01/29/2002 12:29:56 PST Tue" name="Ingestion" ID="263" xsi:schemaLocation="../schema/frame.xsd" xmlns="http://framenet.icsi.berkeley.edu" xmlns:xsi="http://www.w3.org/2001/XMLSchema-instance">
    <definition>&lt;def-root&gt;An &lt;fen&gt;Ingestor&lt;/fen&gt; consumes food or drink (&lt;fen&gt;Ingestibles&lt;/fen&gt;), which entails putting the &lt;fen&gt;Ingestibles&lt;/fen&gt; in the mouth for delivery to the digestive system.  This may include the use of an &lt;fen&gt;Instrument&lt;/fen&gt;.  Sentences that describe the provision of food to others are NOT included in this frame.

&lt;ex&gt;&lt;fex name="Ingestor"&gt;The wolves&lt;/fex&gt; &lt;t&gt;devoured&lt;/t&gt; &lt;fex name="Ingestibles"&gt;the carcass&lt;/fex&gt; &lt;fex name="Degree"&gt;completely&lt;/fex&gt;.&lt;/ex&gt;&lt;/def-root&gt;</definition>
    <FE bgColor="FF0000" fgColor="FFFFFF" coreType="Core" cBy="KCo" cDate="01/29/2002 01:49:49 PST Tue" abbrev="Ing" name="Ingestor" ID="2263">
        <definition>&lt;def-root&gt;The &lt;fen&gt;Ingestor&lt;/fen&gt; is the person eating or drinking.&lt;/def-root&gt;</definition>
        <semType name="Sentient" ID="5"/>
    </FE>
    <FE bgColor="008000" fgColor="FFFFFF" coreType="Peripheral" cBy="KCo" cDate="01/29/2002 01:50:02 PST Tue" abbrev="Place" name="Place" ID="2264">
        <definition>&lt;def-root&gt;Where the event takes place.&lt;/def-root&gt;</definition>
        <semType name="Locative_relation" ID="182"/>
    </FE>
    <FE bgColor="FFA500" fgColor="FFFFFF" coreType="Peripheral" cBy="KCo" cDate="01/29/2002 01:50:06 PST Tue" abbrev="Time" name="Time" ID="2265">
        <definition>&lt;def-root&gt;When the event occurs.&lt;/def-root&gt;</definition>
        <semType name="Time" ID="141"/>
    </FE>
    <FE bgColor="800080" fgColor="FFFFFF" coreType="Core" cBy="KCo" cDate="01/29/2002 01:50:14 PST Tue" abbrev="Ingible" name="Ingestibles" ID="2266">
        <definition>&lt;def-root&gt;The &lt;fen&gt;Ingestibles&lt;/fen&gt; are the entities that are being consumed by the &lt;fen&gt;Ingestor&lt;/fen&gt;. &lt;/def-root&gt;</definition>
    </FE>
    <FE bgColor="808080" fgColor="FFFFFF" coreType="Peripheral" cBy="KCo" cDate="01/29/2002 01:50:20 PST Tue" abbrev="Ins" name="Instrument" ID="2267">
        <definition>&lt;def-root&gt;The &lt;fen&gt;Instrument&lt;/fen&gt; with which an intentional act is performed.&lt;/def-root&gt;</definition>
        <semType name="Physical_entity" ID="70"/>
    </FE>
    <FE bgColor="FF00FF" fgColor="FFFFFF" coreType="Peripheral" cBy="KCo" cDate="01/29/2002 01:55:22 PST Tue" abbrev="Manr" name="Manner" ID="2269">
        <definition>&lt;def-root&gt;&lt;fen&gt;Manner&lt;/fen&gt; of performing an action.&lt;/def-root&gt;</definition>
        <semType name="Manner" ID="173"/>
    </FE>
    <FE bgColor="A52A2A" fgColor="FFFFFF" coreType="Peripheral" cBy="KCo" cDate="01/29/2002 02:10:38 PST Tue" abbrev="Src" name="Source" ID="2270">
        <definition>&lt;def-root&gt;Place from which the &lt;fen&gt;Ingestor&lt;/fen&gt; takes the &lt;fen&gt;Ingestibles&lt;/fen&gt;&lt;/def-root&gt;</definition>
        <semType name="Source" ID="151"/>
    </FE>
    <FE bgColor="0000FF" fgColor="FFFFFF" coreType="Peripheral" cBy="ACW" cDate="02/08/2002 11:55:52 PST Fri" abbrev="Mns" name="Means" ID="2287">
        <definition>&lt;def-root&gt;An act performed by the &lt;fen&gt;Ingestor&lt;/fen&gt; that enables them to accomplishes the whole act of ingestion.
&lt;ex&gt;The thing &lt;t&gt;ate&lt;/t&gt; &lt;fex name="Mns"&gt;by snaking its long tongue out and grabbing with it&lt;/fex&gt;.&lt;/ex&gt;&lt;/def-root&gt;</definition>
        <semType name="State_of_affairs" ID="177"/>
    </FE>
    <FE bgColor="FF69B4" fgColor="FFFFFF" coreType="Peripheral" cBy="Hay" cDate="10/02/2003 11:36:57 PDT Thu" abbrev="Degr" name="Degree" ID="5398">
        <definition>&lt;def-root&gt;The extent to which the &lt;fen&gt;Ingestibles&lt;/fen&gt; are consumed by the &lt;fen&gt;Ingestor&lt;/fen&gt;.

&lt;ex&gt;The wolves &lt;t&gt;devoured&lt;/t&gt; the carcass &lt;fex name="Degree"&gt;completely&lt;/fex&gt;&lt;/ex&gt;&lt;/def-root&gt;</definition>
        <semType name="Degree" ID="172"/>
    </FE>
    <FE bgColor="1E90FF" fgColor="FFFFFF" coreType="Peripheral" cBy="MJE" cDate="06/14/2006 04:58:37 PDT Wed" abbrev="pur" name="Purpose" ID="10284">
        <definition>&lt;def-root&gt;The action that the &lt;fen&gt;Ingestor&lt;/fen&gt; hopes to bring about by ingesting.&lt;/def-root&gt;</definition>
        <semType name="State_of_affairs" ID="177"/>
    </FE>
    <FE bgColor="d0d0d0" fgColor="000000" coreType="Peripheral" cBy="MJE" cDate="11/28/2006 07:16:23 PST Tue" abbrev="Dur" name="Duration" ID="10860">
        <definition>&lt;def-root&gt;The length of time spent on the ingestion activity.

&lt;ex&gt;They 've been &lt;t&gt;eating&lt;/t&gt; &lt;fex name="Duration"&gt;for hours&lt;/fex&gt; !&lt;/ex&gt;&lt;/def-root&gt;</definition>
    </FE>
    <frameRelation type="Inherits from">
        <relatedFrame ID="17">Manipulation</relatedFrame>
        <relatedFrame ID="386">Ingest_substance</relatedFrame>
    </frameRelation>
    <frameRelation type="Is Inherited by"/>
    <frameRelation type="Perspective on"/>
    <frameRelation type="Is Perspectivized in"/>
    <frameRelation type="Uses">
        <relatedFrame ID="55">Cause_motion</relatedFrame>
    </frameRelation>
    <frameRelation type="Is Used by">
        <relatedFrame ID="277">Food</relatedFrame>
    </frameRelation>
    <frameRelation type="Subframe of"/>
    <frameRelation type="Has Subframe(s)"/>
    <frameRelation type="Precedes"/>
    <frameRelation type="Is Preceded by"/>
    <frameRelation type="Is Inchoative of"/>
    <frameRelation type="Is Causative of"/>
    <frameRelation type="See also"/>
    <lexUnit status="Finished_Initial" POS="V" name="lap.v" ID="4780" lemmaID="21703" cBy="KCo" cDate="01/29/2002 02:11:46 PST Tue">
        <definition>COD: (of an animal) take up (liquid) with the tongue</definition>
        <sentenceCount annotated="10" total="156"/>
        <lexeme order="1" headword="false" breakBefore="false" POS="V" name="lap"/>
    </lexUnit>
    <lexUnit status="Finished_Initial" POS="V" name="slurp.v" ID="4781" lemmaID="36459" cBy="KCo" cDate="01/29/2002 02:20:24 PST Tue">
        <definition>COD: eat or drink with a loud sucking sound. "She slurped her coffee." "He slurped noisily from a wine cup."</definition>
        <sentenceCount annotated="7" total="33"/>
        <lexeme order="1" headword="false" breakBefore="false" POS="V" name="slurp"/>
    </lexUnit>
    <lexUnit status="Finished_Initial" POS="V" name="swig.v" ID="4782" lemmaID="39155" cBy="KCo" cDate="01/29/2002 02:26:22 PST Tue">
        <definition>COD: drink in large draughts. "Dave swigged the wine in five gulps." "Ratagan swigged at his beer."</definition>
        <sentenceCount annotated="9" total="30"/>
        <lexeme order="1" headword="false" breakBefore="false" POS="V" name="swig"/>
    </lexUnit>
    <lexUnit status="Finished_Initial" POS="V" name="guzzle.v" ID="4783" lemmaID="17134" cBy="KCo" cDate="01/29/2002 02:29:09 PST Tue">
        <definition>COD: eat or drink greedily. "He would guzzle his ale."</definition>
        <sentenceCount annotated="7" total="23"/>
        <lexeme order="1" headword="false" breakBefore="false" POS="V" name="guzzle"/>
    </lexUnit>
    <lexUnit status="Finished_Initial" POS="V" name="gulp.v" ID="4784" lemmaID="17060" cBy="KCo" cDate="01/29/2002 02:39:09 PST Tue">
        <definition>COD: Swallow (drink or food) quickly or in large mouthfuls, often audibly. He smiled and gulped his tea.</definition>
        <sentenceCount annotated="32" total="202"/>
        <lexeme order="1" headword="false" breakBefore="false" POS="V" name="gulp"/>
    </lexUnit>
    <lexUnit status="Finished_Initial" POS="V" name="down.v" ID="4785" lemmaID="11607" cBy="KCo" cDate="01/29/2002 02:50:17 PST Tue">
        <definition>COD: consume (a drink)</definition>
        <sentenceCount annotated="13" total="91"/>
        <lexeme order="1" headword="false" breakBefore="false" POS="V" name="down"/>
    </lexUnit>
    <lexUnit status="Finished_Initial" POS="V" name="sip.v" ID="4786" lemmaID="36032" cBy="KCo" cDate="01/29/2002 02:57:41 PST Tue">
        <definition>COD: Drink (something) by taking small mouthfuls.  "I sat sipping coffee."</definition>
        <sentenceCount annotated="45" total="222"/>
        <lexeme order="1" headword="false" breakBefore="false" POS="V" name="sip"/>
    </lexUnit>
    <lexUnit status="Finished_Initial" POS="V" name="sup.v" ID="4787" lemmaID="38835" cBy="KCo" cDate="01/29/2002 03:51:28 PST Tue">
        <definition>COD: (dated) eat supper</definition>
        <sentenceCount annotated="7" total="61"/>
        <lexeme order="1" headword="false" breakBefore="false" POS="V" name="sup"/>
    </lexUnit>
    <lexUnit status="Finished_Initial" POS="V" name="munch.v" ID="4788" lemmaID="25221" cBy="KCo" cDate="01/29/2002 03:56:49 PST Tue">
        <definition>COD: Eat steadily and audibly. </definition>
        <sentenceCount annotated="14" total="55"/>
        <lexeme order="1" headword="false" breakBefore="false" POS="V" name="munch"/>
    </lexUnit>
    <lexUnit status="Insufficient_Attestations" POS="V" name="nosh.v" ID="4790" lemmaID="26153" cBy="KCo" cDate="01/29/2002 04:24:25 PST Tue">
        <definition>FN: have a snack</definition>
        <sentenceCount annotated="2" total="3"/>
        <lexeme order="1" headword="false" breakBefore="false" POS="V" name="nosh"/>
    </lexUnit>
    <lexUnit status="Finished_Initial" POS="V" name="feast.v" ID="4791" lemmaID="14084" cBy="KCo" cDate="01/29/2002 04:26:55 PST Tue">
        <definition>COD: Eat and drink sumptuously. "The men would congregate and feast after hunting."</definition>
        <sentenceCount annotated="9" total="100"/>
        <lexeme order="1" headword="false" breakBefore="false" POS="V" name="feast"/>
    </lexUnit>
    <lexUnit status="Finished_Initial" POS="V" name="feed.v" ID="4792" lemmaID="14121" cBy="KCo" cDate="01/29/2002 04:35:13 PST Tue">
        <definition>COD: eat</definition>
        <sentenceCount annotated="19" total="235"/>
        <lexeme order="1" headword="false" breakBefore="false" POS="V" name="feed"/>
    </lexUnit>
    <lexUnit status="Finished_Initial" POS="V" name="snack.v" ID="4793" lemmaID="36583" cBy="KCo" cDate="01/29/2002 04:37:22 PST Tue">
        <definition>COD: no obj. eat a snack. </definition>
        <sentenceCount annotated="5" total="26"/>
        <lexeme order="1" headword="false" breakBefore="false" POS="V" name="snack"/>
    </lexUnit>
    <lexUnit status="Finished_Initial" POS="V" name="breakfast.v" ID="4794" lemmaID="4505" cBy="KCo" cDate="01/29/2002 04:40:32 PST Tue">
        <definition>FN: eat (some food as) the first meal of the day. "She breakfasted on fried bread and bacon."</definition>
        <sentenceCount annotated="13" total="101"/>
        <lexeme order="1" headword="false" breakBefore="false" POS="V" name="breakfast"/>
    </lexUnit>
    <lexUnit status="Finished_Initial" POS="V" name="lunch.v" ID="4795" lemmaID="22970" cBy="KCo" cDate="01/29/2002 04:46:37 PST Tue">
        <definition>COD: no obj., with adverbial eat lunch. </definition>
        <sentenceCount annotated="10" total="121"/>
        <lexeme order="1" headword="false" breakBefore="false" POS="V" name="lunch"/>
    </lexUnit>
    <lexUnit status="Finished_Initial" POS="V" name="dine.v" ID="4796" lemmaID="10710" cBy="KCo" cDate="01/29/2002 04:53:56 PST Tue">
        <definition>COD: Eat dinner. "We dined at a restaurant."</definition>
        <sentenceCount annotated="21" total="182"/>
        <lexeme order="1" headword="false" breakBefore="false" POS="V" name="dine"/>
    </lexUnit>
    <lexUnit status="Finished_Initial" POS="V" name="ingest.v" ID="4803" lemmaID="19920" cBy="KCo" cDate="01/31/2002 03:54:17 PST Thu">
        <definition>COD: with obj. take (food or drink) into the body by swallowing or absorbing it. </definition>
        <sentenceCount annotated="9" total="68"/>
        <lexeme order="1" headword="false" breakBefore="false" POS="V" name="ingest"/>
    </lexUnit>
    <lexUnit status="Finished_Initial" POS="V" name="nurse.v" ID="4804" lemmaID="26293" cBy="KCo" cDate="02/04/2002 10:58:24 PST Mon">
        <definition>COD: hold (a cup or glass), drinking from it occasionally</definition>
        <sentenceCount annotated="6" total="98"/>
        <lexeme order="1" headword="false" breakBefore="false" POS="V" name="nurse"/>
    </lexUnit>
    <lexUnit status="Finished_Initial" POS="V" name="nibble.v" ID="4806" lemmaID="25799" cBy="ACW" cDate="02/05/2002 09:33:35 PST Tue">
        <definition>COD: a.take small bites out of. with obj. or eat in small amounts. </definition>
        <sentenceCount annotated="22" total="111"/>
        <lexeme order="1" headword="false" breakBefore="false" POS="V" name="nibble"/>
    </lexUnit>
    <lexUnit status="Finished_Initial" POS="V" name="eat.v" ID="4807" lemmaID="12140" cBy="ACW" cDate="02/05/2002 09:48:09 PST Tue">
        <definition>COD: put (food) into the mouth and chew and swallow it. </definition>
        <sentenceCount annotated="30" total="344"/>
        <lexeme order="1" headword="false" breakBefore="false" POS="V" name="eat"/>
    </lexUnit>
    <lexUnit status="Finished_Initial" POS="V" name="drink.v" ID="4808" lemmaID="11781" cBy="ACW" cDate="02/05/2002 10:02:50 PST Tue">
        <definition>COD: take (a liquid) into the mouth and swallow. </definition>
        <sentenceCount annotated="41" total="407"/>
        <lexeme order="1" headword="false" breakBefore="false" POS="V" name="drink"/>
    </lexUnit>
    <lexUnit status="Finished_Initial" POS="V" name="gobble.v" ID="4829" lemmaID="16445" cBy="KCo" cDate="02/07/2002 03:14:17 PST Thu">
        <definition>COD:  eat hurriedly and noisily</definition>
        <sentenceCount annotated="13" total="96"/>
        <lexeme order="1" headword="false" breakBefore="false" POS="V" name="gobble"/>
    </lexUnit>
    <lexUnit status="Finished_Initial" POS="V" name="devour.v" ID="4830" lemmaID="10517" cBy="KCo" cDate="02/07/2002 03:21:34 PST Thu">
        <definition>COD: eat (food or prey) hungrily or quickly.</definition>
        <sentenceCount annotated="18" total="80"/>
        <lexeme order="1" headword="false" breakBefore="false" POS="V" name="devour"/>
    </lexUnit>
    <lexUnit status="Finished_Initial" POS="V" name="consume.v" ID="4831" lemmaID="8004" cBy="KCo" cDate="02/07/2002 04:07:27 PST Thu">
        <definition>COD: Eat, drink, or ingest.</definition>
        <sentenceCount annotated="19" total="185"/>
        <lexeme order="1" headword="false" breakBefore="false" POS="V" name="consume"/>
    </lexUnit>
    <lexUnit status="Finished_Initial" POS="N" name="sip.n" ID="4869" lemmaID="36031" cBy="KCo" cDate="02/11/2002 12:05:34 PST Mon">
        <definition>COD: a small mouthful of liquid</definition>
        <sentenceCount annotated="10" total="104"/>
        <lexeme order="1" headword="false" breakBefore="false" POS="N" name="sip"/>
    </lexUnit>
    <lexUnit status="Finished_Initial" POS="N" name="gulp.n" ID="4870" lemmaID="17059" cBy="KCo" cDate="02/11/2002 12:22:45 PST Mon">
        <definition>COD: 1: b. A large mouthful of liquid hastily drunk. </definition>
        <sentenceCount annotated="13" total="153"/>
        <lexeme order="1" headword="false" breakBefore="false" POS="N" name="gulp"/>
    </lexUnit>
    <lexUnit status="Finished_Initial" POS="N" name="swig.n" ID="4871" lemmaID="39154" cBy="KCo" cDate="02/11/2002 12:27:40 PST Mon">
        <definition>COD: a large draught of drink</definition>
        <sentenceCount annotated="5" total="87"/>
        <lexeme order="1" headword="false" breakBefore="false" POS="N" name="swig"/>
    </lexUnit>
    <lexUnit status="Finished_Initial" POS="N" name="slurp.n" ID="4874" lemmaID="45453" cBy="KCo" cDate="02/11/2002 12:32:24 PST Mon">
        <definition>FN: Act of ingesting liquid often producing noise.</definition>
        <sentenceCount annotated="6" total="14"/>
        <lexeme order="1" headword="false" breakBefore="false" POS="N" name="slurp"/>
    </lexUnit>
    <lexUnit status="Finished_Initial" POS="V" name="have.v" ID="5171" lemmaID="17576" cBy="MJE" cDate="03/05/2002 02:58:52 PST Tue">
        <definition>COD: eat or drink</definition>
        <sentenceCount annotated="24" total="426"/>
        <lexeme order="1" headword="false" breakBefore="false" POS="V" name="have"/>
    </lexUnit>
    <lexUnit status="Finished_Initial" POS="V" name="imbibe.v" ID="7722" lemmaID="19022" cBy="MJE" cDate="11/21/2002 12:42:40 PST Thu">
        <definition>FN: drink in (formal/scientific)</definition>
        <sentenceCount annotated="6" total="39"/>
        <lexeme order="1" headword="false" breakBefore="false" POS="V" name="imbibe"/>
    </lexUnit>
    <lexUnit status="Finished_Initial" POS="V" name="quaff.v" ID="7723" lemmaID="31394" cBy="MJE" cDate="11/21/2002 12:42:58 PST Thu">
        <definition>COD: drink (something) heartily</definition>
        <sentenceCount annotated="5" total="21"/>
        <lexeme order="1" headword="false" breakBefore="false" POS="V" name="quaff"/>
    </lexUnit>
    <lexUnit status="Finished_Initial" POS="V" name="swill.v" ID="7724" lemmaID="39157" cBy="MJE" cDate="11/21/2002 12:43:23 PST Thu">
        <definition>COD: drink greedily or in large quantities. </definition>
        <sentenceCount annotated="4" total="70"/>
        <lexeme order="1" headword="false" breakBefore="false" POS="V" name="swill"/>
    </lexUnit>
    <lexUnit status="Created" POS="V" name="put away.v" ID="12709" lemmaID="49112" cBy="JKR" cDate="08/24/2005 11:12:13 PDT Wed">
        <definition>COD: consume food or drink in large quantities</definition>
        <sentenceCount annotated="0" total="0"/>
        <lexeme order="1" headword="true" breakBefore="false" POS="V" name="put"/>
        <lexeme order="2" headword="false" breakBefore="true" POS="ADV" name="away"/>
    </lexUnit>
    <lexUnit status="Created" POS="V" name="put back.v" ID="12710" lemmaID="50237" cBy="JKR" cDate="08/24/2005 11:32:51 PDT Wed">
        <definition>FN: drink remarkably quickly</definition>
        <sentenceCount annotated="0" total="0"/>
        <lexeme order="1" headword="true" breakBefore="false" POS="V" name="put"/>
        <lexeme order="2" headword="false" breakBefore="true" POS="ADV" name="back"/>
    </lexUnit>
    <lexUnit status="Created" POS="V" name="tuck.v" ID="12711" lemmaID="41443" cBy="JKR" cDate="08/24/2005 11:41:44 PDT Wed">
        <definition>COD: eat food heartily</definition>
        <sentenceCount annotated="0" total="0"/>
        <lexeme order="1" headword="false" breakBefore="false" POS="V" name="tuck"/>
    </lexUnit>
    <lexUnit status="Created" POS="N" name="ingestion.n" ID="17934" lemmaID="19921" cBy="HPh" cDate="04/14/2015 05:14:39 PDT Tue">
        <definition>FN: the process of taking (food or drink) into the body by swallowing or absorbing it</definition>
        <sentenceCount annotated="0" total="0"/>
        <lexeme order="1" headword="false" breakBefore="false" POS="N" name="ingestion"/>
    </lexUnit>
</frame>