<?xml version="1.0" encoding="UTF-8" standalone="yes"?>
<?xml-stylesheet type="text/xsl" href="frame.xsl"?>
<frame cBy="MJE" cDate="12/11/2001 07:12:10 PST Tue" name="Inhibit_movement" ID="245" xsi:schemaLocation="../schema/frame.xsd" xmlns="http://framenet.icsi.berkeley.edu" xmlns:xsi="http://www.w3.org/2001/XMLSchema-instance">
    <definition>&lt;def-root&gt;An &lt;fen&gt;Agent&lt;/fen&gt; restricts the movement of a &lt;fen&gt;Theme&lt;/fen&gt; to within the vicinity of the &lt;fen&gt;Holding_location&lt;/fen&gt;, despite the &lt;fen&gt;Theme&lt;/fen&gt;'s desire, plan, or tendency towards motion; the &lt;fen&gt;Agent&lt;/fen&gt; may also use an &lt;fen&gt;Instrument&lt;/fen&gt;. Alternatively, there may be a non-sentient &lt;fen&gt;Cause&lt;/fen&gt; instead of an &lt;fen&gt;Agent&lt;/fen&gt; restricting the &lt;fen&gt;Theme&lt;/fen&gt;.

For many of these targets, the means is incorporated.  For some LUs, the &lt;fen&gt;Theme&lt;/fen&gt; is required to be a sentient entity.  Several of these LUs may be used to describe punishment situations when the &lt;fen&gt;Theme&lt;/fen&gt; is a sentient entity.  

&lt;ex&gt;&lt;fex name="Agent"&gt;They&lt;/fex&gt; &lt;t&gt;held&lt;/t&gt; &lt;fex name="Theme"&gt;the package&lt;/fex&gt; &lt;fex name="Duration"&gt;for two months&lt;/fex&gt; &lt;fex name="Holding_location"&gt;in the border-patrol locker room&lt;/fex&gt; .&lt;/ex&gt;&lt;/def-root&gt;</definition>
    <FE bgColor="1E90FF" fgColor="FFFFFF" coreType="Core" cBy="MJE" cDate="12/11/2001 07:21:37 PST Tue" abbrev="Thm" name="Theme" ID="2150">
        <definition>&lt;def-root&gt;The entity which is confined.

&lt;ex&gt;He &lt;t&gt;confined&lt;/t&gt; &lt;fex name="Thm"&gt;340 mutineers&lt;/fex&gt; in Burford Church for the next three days under general sentence of death.&lt;/ex&gt;&lt;/def-root&gt;</definition>
        <semType name="Physical_object" ID="68"/>
    </FE>
    <FE bgColor="9400D3" fgColor="FFFFFF" coreType="Core" cBy="MJE" cDate="12/11/2001 07:22:29 PST Tue" abbrev="Hol" name="Holding_location" ID="2151">
        <definition>&lt;def-root&gt;The area within which the &lt;fen&gt;Theme&lt;/fen&gt; comes to be confined.

&lt;ex&gt;He &lt;t&gt;confined&lt;/t&gt; 340 mutineers &lt;fex name="Holding_location"&gt;in Burford Church&lt;/fex&gt; for the next three days under general sentence of death.&lt;/ex&gt;&lt;/def-root&gt;</definition>
        <semType name="Goal" ID="153"/>
    </FE>
    <FE bgColor="FF0000" fgColor="FFFFFF" coreType="Core" cBy="MJE" cDate="12/15/2001 09:53:28 PST Sat" abbrev="Agt" name="Agent" ID="2174">
        <definition>&lt;def-root&gt;The &lt;fen&gt;Agent&lt;/fen&gt; is the person intentionally restricting the movement of the &lt;fen&gt;Theme&lt;/fen&gt;. 

&lt;ex&gt;&lt;fex name="Agt"&gt;He&lt;/fex&gt; &lt;t&gt;confined&lt;/t&gt; 340 mutineers in Burford Church for the next three days under general sentence of death.&lt;/ex&gt;&lt;/def-root&gt;</definition>
        <semType name="Sentient" ID="5"/>
    </FE>
    <FE bgColor="808080" fgColor="FFFFFF" coreType="Extra-Thematic" cBy="MJE" cDate="12/15/2001 09:53:31 PST Sat" abbrev="Ins" name="Instrument" ID="2175">
        <definition>&lt;def-root&gt;The &lt;fen&gt;Instrument&lt;/fen&gt; with which the confinement is carried out.
&lt;/def-root&gt;</definition>
        <semType name="Physical_entity" ID="70"/>
    </FE>
    <FE bgColor="00008B" fgColor="FFFFFF" coreType="Extra-Thematic" cBy="MJE" cDate="12/15/2001 09:53:35 PST Sat" abbrev="Rec" name="Reciprocation" ID="2176">
        <definition>&lt;def-root&gt;The reason for the confinement.

&lt;ex&gt;He was &lt;t&gt;locked&lt;/t&gt; in his room &lt;fex name="Reciprocation"&gt;for disobeying his mother&lt;/fex&gt;.&lt;/ex&gt;
&lt;/def-root&gt;</definition>
    </FE>
    <FE bgColor="008000" fgColor="FFFFFF" coreType="Peripheral" cBy="MJE" cDate="12/15/2001 09:53:36 PST Sat" abbrev="Place" name="Place" ID="2177">
        <definition>&lt;def-root&gt;This FE identifies the &lt;fen&gt;Place&lt;/fen&gt; where the event occurs.
&lt;/def-root&gt;</definition>
        <semType name="Locative_relation" ID="182"/>
    </FE>
    <FE bgColor="FFA500" fgColor="FFFFFF" coreType="Peripheral" cBy="MJE" cDate="12/15/2001 09:54:12 PST Sat" abbrev="Time" name="Time" ID="2179">
        <definition>&lt;def-root&gt;When the event occurs.&lt;/def-root&gt;</definition>
        <semType name="Time" ID="141"/>
    </FE>
    <FE bgColor="800080" fgColor="FFFFFF" coreType="Peripheral" cBy="MJE" cDate="12/15/2001 09:54:15 PST Sat" abbrev="Purp" name="Purpose" ID="2180">
        <definition>&lt;def-root&gt;The &lt;fen&gt;Purpose&lt;/fen&gt; of the confinement.

&lt;ex&gt;John was &lt;t&gt;locked&lt;/t&gt; in his room &lt;fex name="Purpose"&gt;so he could think about what he had done wrong&lt;/fex&gt;.&lt;/ex&gt;
&lt;/def-root&gt;</definition>
        <semType name="State_of_affairs" ID="177"/>
    </FE>
    <FE bgColor="0000FF" fgColor="FFFFFF" coreType="Peripheral" cBy="MJE" cDate="12/15/2001 09:54:20 PST Sat" abbrev="Mns" name="Means" ID="2181">
        <definition>&lt;def-root&gt;An intentional action performed by the &lt;fen&gt;Agent&lt;/fen&gt; that accomplishes the action indicated by the target. 
&lt;ex&gt;The Lilliputians &lt;t&gt;tied&lt;/t&gt; him down &lt;fex name="Mns"&gt;by catching him unconscious and traversing his body with their thickest ropes&lt;/fex&gt;.&lt;/ex&gt;&lt;/def-root&gt;</definition>
        <semType name="State_of_affairs" ID="177"/>
    </FE>
    <FE bgColor="FF00FF" fgColor="FFFFFF" coreType="Peripheral" cBy="MJE" cDate="08/28/2002 06:34:58 PDT Wed" abbrev="Mnr" name="Manner" ID="3667">
        <definition>&lt;def-root&gt;Any description of the event (or state) which is not covered by more specific FEs, including epistemic modification (probably, presumably, mysteriously), force (hard, softly), secondary effects (quietly, loudly), and general descriptions comparing events (the same way). It may also indicate salient characteristics of the &lt;fen&gt;Agent&lt;/fen&gt; that affect the action (presumptuously, coldly, deliberately, eagerly, carefully). &lt;/def-root&gt;</definition>
        <semType name="Manner" ID="173"/>
    </FE>
    <FE bgColor="9F79EE" fgColor="FFFFFF" coreType="Extra-Thematic" cBy="MJE" cDate="10/29/2002 06:14:55 PST Tue" abbrev="Exp" name="Explanation" ID="3867">
        <definition>&lt;def-root&gt;A state of affairs that the &lt;fen&gt;Agent&lt;/fen&gt; is responding to in performing the action.
&lt;/def-root&gt;</definition>
        <semType name="State_of_affairs" ID="177"/>
    </FE>
    <FE bgColor="006400" fgColor="FFFFFF" coreType="Peripheral" cBy="MJE" cDate="10/29/2002 06:15:26 PST Tue" abbrev="Dur" name="Duration" ID="3868">
        <definition>&lt;def-root&gt;This FE identifies the &lt;fen&gt;Duration&lt;/fen&gt; of time for which the &lt;fen&gt;Agent&lt;/fen&gt; maintains the confinement of the &lt;fen&gt;Theme&lt;/fen&gt;.&lt;/def-root&gt;</definition>
        <semType name="Duration" ID="142"/>
    </FE>
    <FE bgColor="2E8B57" fgColor="FFFFFF" coreType="Core" cBy="ACW" cDate="07/03/2003 10:10:03 PDT Thu" abbrev="" name="Cause" ID="4724">
        <definition>&lt;def-root&gt;The &lt;fen&gt;Cause&lt;/fen&gt; is the non-sentient entity which is responsible for restricting the movement or location of the &lt;fen&gt;Theme&lt;/fen&gt;.&lt;/def-root&gt;</definition>
        <excludesFE name="Agent" ID="2174"/>
    </FE>
    <frameRelation type="Inherits from">
        <relatedFrame ID="230">Intentionally_affect</relatedFrame>
    </frameRelation>
    <frameRelation type="Is Inherited by">
        <relatedFrame ID="1111">Imprisonment</relatedFrame>
    </frameRelation>
    <frameRelation type="Perspective on"/>
    <frameRelation type="Is Perspectivized in"/>
    <frameRelation type="Uses"/>
    <frameRelation type="Is Used by">
        <relatedFrame ID="202">Arrest</relatedFrame>
        <relatedFrame ID="313">Detaining</relatedFrame>
        <relatedFrame ID="387">Prison</relatedFrame>
        <relatedFrame ID="2672">Being_in_captivity</relatedFrame>
    </frameRelation>
    <frameRelation type="Subframe of">
        <relatedFrame ID="2664">Inhibit_motion_scenario</relatedFrame>
    </frameRelation>
    <frameRelation type="Has Subframe(s)"/>
    <frameRelation type="Precedes">
        <relatedFrame ID="317">Releasing</relatedFrame>
    </frameRelation>
    <frameRelation type="Is Preceded by">
        <relatedFrame ID="2663">Taking_captive</relatedFrame>
    </frameRelation>
    <frameRelation type="Is Inchoative of"/>
    <frameRelation type="Is Causative of"/>
    <frameRelation type="See also"/>
    <lexUnit status="Finished_Initial" POS="V" name="confine.v" ID="4506" lemmaID="7729" cBy="MJE" cDate="12/11/2001 07:22:58 PST Tue">
        <definition>COD: keep or restrict someone or something within certain limits of (space, scope, or time). </definition>
        <sentenceCount annotated="23" total="245"/>
        <lexeme order="1" headword="false" breakBefore="false" POS="V" name="confine"/>
    </lexUnit>
    <lexUnit status="Finished_Initial" POS="V" name="lock.v" ID="4513" lemmaID="22622" cBy="MJE" cDate="12/15/2001 09:58:29 PST Sat">
        <definition>FN: enclose someone or something by locking a door</definition>
        <sentenceCount annotated="20" total="336"/>
        <lexeme order="1" headword="false" breakBefore="false" POS="V" name="lock"/>
    </lexUnit>
    <lexUnit status="Finished_Initial" POS="V" name="tie.v" ID="4514" lemmaID="40394" cBy="MJE" cDate="12/15/2001 09:58:52 PST Sat">
        <definition>FN: confine by making a knot in or around the opening of a container.</definition>
        <sentenceCount annotated="10" total="471"/>
        <lexeme order="1" headword="false" breakBefore="false" POS="V" name="tie"/>
    </lexUnit>
    <lexUnit status="Created" POS="V" name="shut up.v" ID="4758" lemmaID="45416" cBy="MJE" cDate="01/25/2002 04:13:42 PST Fri">
        <definition>COD: confine or exclude by closing something such as a door.</definition>
        <sentenceCount annotated="0" total="0"/>
        <lexeme order="2" headword="false" breakBefore="true" POS="ADV" name="up"/>
        <lexeme order="1" headword="true" breakBefore="false" POS="V" name="shut"/>
    </lexUnit>
    <lexUnit status="Created" POS="V" name="restrict.v" ID="4759" lemmaID="32947" cBy="MJE" cDate="01/25/2002 05:18:55 PST Fri">
        <definition>COD: deprive of freedom of movement or action. </definition>
        <sentenceCount annotated="0" total="0"/>
        <lexeme order="1" headword="false" breakBefore="false" POS="V" name="restrict"/>
    </lexUnit>
    <lexUnit status="Finished_Initial" POS="V" name="imprison.v" ID="7654" lemmaID="19262" cBy="MJE" cDate="10/28/2002 06:46:09 PST Mon">
        <definition>COD: put or keep in prison. </definition>
        <sentenceCount annotated="14" total="272"/>
        <lexeme order="1" headword="false" breakBefore="false" POS="V" name="imprison"/>
    </lexUnit>
    <lexUnit status="Created" POS="N" name="confinement.n" ID="7655" lemmaID="7731" cBy="MJE" cDate="10/28/2002 06:56:53 PST Mon">
        <definition>FN: the action of forcing or keeping withing a contained area.</definition>
        <sentenceCount annotated="0" total="0"/>
        <lexeme order="1" headword="false" breakBefore="false" POS="N" name="confinement"/>
    </lexUnit>
    <lexUnit status="Created" POS="V" name="detain.v" ID="12040" lemmaID="10416" cBy="MiL" cDate="05/07/2005 03:10:03 PDT Sat">
        <definition>COD: keep (someone) in official custody.</definition>
        <sentenceCount annotated="0" total="0"/>
        <lexeme order="1" headword="false" breakBefore="false" POS="V" name="detain"/>
    </lexUnit>
    <lexUnit status="Created" POS="V" name="hold.v" ID="13132" lemmaID="45669" cBy="MJE" cDate="03/22/2006 03:29:29 PST Wed">
        <definition>COD: keep in a specified position.</definition>
        <sentenceCount annotated="4" total="4"/>
        <lexeme order="1" headword="false" breakBefore="false" POS="V" name="hold"/>
    </lexUnit>
    <lexUnit status="Created" POS="V" name="immure.v" ID="13490" lemmaID="19086" cBy="RLG" cDate="08/17/2006 04:30:37 PDT Thu">
        <definition>COD: confine or imprison.</definition>
        <sentenceCount annotated="0" total="0"/>
        <lexeme order="1" headword="false" breakBefore="false" POS="V" name="immure"/>
    </lexUnit>
    <lexUnit status="Created" POS="N" name="constraint.n" ID="18547" lemmaID="7978" cBy="HPh" cDate="12/17/2015 05:58:04 PST Thu">
        <definition>FN: something that forcibly confines (someone or something)</definition>
        <sentenceCount annotated="0" total="0"/>
        <lexeme order="1" headword="false" breakBefore="false" POS="N" name="constraint"/>
    </lexUnit>
    <lexUnit status="Created" POS="V" name="constrain.v" ID="18548" lemmaID="7975" cBy="HPh" cDate="12/17/2015 06:01:24 PST Thu">
        <definition>FN: to forcibly confine (someone/something)</definition>
        <sentenceCount annotated="0" total="0"/>
        <lexeme order="1" headword="false" breakBefore="false" POS="V" name="constrain"/>
    </lexUnit>
</frame>