<?xml version="1.0" encoding="UTF-8" standalone="yes"?>
<?xml-stylesheet type="text/xsl" href="frame.xsl"?>
<frame cBy="JKR" cDate="06/30/2005 03:17:25 PDT Thu" name="Installing" ID="1541" xsi:schemaLocation="../schema/frame.xsd" xmlns="http://framenet.icsi.berkeley.edu" xmlns:xsi="http://www.w3.org/2001/XMLSchema-instance">
    <definition>&lt;def-root&gt;An &lt;fen&gt;Agent&lt;/fen&gt;  places a &lt;fen&gt;Component&lt;/fen&gt; in a &lt;fen&gt;Fixed_location&lt;/fen&gt; so that the &lt;fen&gt;Component&lt;/fen&gt; is attached and interconnected and thereby functional.


&lt;ex&gt;Displays were given an overhaul in the 1950s, with &lt;fex name="Component"&gt;canopies&lt;/fex&gt; &lt;t&gt;installed&lt;/t&gt; &lt;fex name="fix"&gt;above the Christmas counters&lt;/fex&gt; &lt;fex name="pur"&gt;to allow calendar and gift bows to be displayed&lt;/fex&gt;. &lt;fex name="Agent"&gt;CNI&lt;/fex&gt;&lt;/ex&gt;

&lt;ex&gt;&lt;fex name="loc"&gt;At the street&lt;/fex&gt; &lt;fex name="Component"&gt;an 8'' culvert&lt;/fex&gt; will be &lt;t&gt;installed&lt;/t&gt; &lt;fex name="fix"&gt;under the driveway&lt;/fex&gt;. &lt;fex name="Agent"&gt;CNI&lt;/fex&gt;&lt;/ex&gt;

&lt;ex&gt;&lt;fex name="fix"&gt;In the space where the piano was, right next to the washing machine,&lt;/fex&gt; &lt;fex name="Agent"&gt;my grandmother&lt;/fex&gt; &lt;t&gt;installed&lt;/t&gt; &lt;fex name="Component"&gt;her first dryer&lt;/fex&gt;.&lt;/ex&gt;

&lt;ex&gt;&lt;fex name="Agent"&gt;My handyman&lt;/fex&gt; &lt;t&gt;installed&lt;/t&gt; &lt;fex name="Component"&gt;it&lt;/fex&gt;  &lt;fex name="Time"&gt;yesterday&lt;/fex&gt; and then I sort of forgot about it. &lt;/ex&gt;

&lt;ex&gt;Now Marvin Odum, InterGen's Chief Executive Officer, has committed to moving up
&lt;t&gt;installation&lt;/t&gt; &lt;fex name="Component"&gt;of the pollution control technology&lt;/fex&gt; on its two other turbines.&lt;/ex&gt;&lt;/def-root&gt;</definition>
    <FE bgColor="FF0000" fgColor="FFFFFF" coreType="Core" cBy="JKR" cDate="06/30/2005 03:17:25 PDT Thu" abbrev="Agt" name="Agent" ID="8382">
        <definition>&lt;def-root&gt;The &lt;fen&gt;Agent&lt;/fen&gt; is the person (or other force) that installs the &lt;fen&gt;Component&lt;/fen&gt;.


&lt;ex&gt;&lt;fex name="Agt"&gt;John&lt;/fex&gt; &lt;t&gt;installed&lt;/t&gt; it last night on my Gentoo system and everything is going fine so far.&lt;/ex&gt;&lt;/def-root&gt;</definition>
        <semType name="Sentient" ID="5"/>
    </FE>
    <FE bgColor="800080" fgColor="FFFFFF" coreType="Core" cBy="JKR" cDate="06/30/2005 03:17:25 PDT Thu" abbrev="com" name="Component" ID="8383">
        <definition>&lt;def-root&gt;The &lt;fen&gt;Component&lt;/fen&gt; is the object that is placed in a &lt;fen&gt;Fixed_location&lt;/fen&gt;.


&lt;ex&gt;My plumber &lt;t&gt;installed&lt;/t&gt; &lt;fex name="com"&gt;the shower pan&lt;/fex&gt;.&lt;/ex&gt;
&lt;/def-root&gt;</definition>
    </FE>
    <FE bgColor="0000FF" fgColor="FFFFFF" coreType="Extra-Thematic" cBy="JKR" cDate="06/30/2005 03:17:25 PDT Thu" abbrev="loc" name="Location_of_protagonist" ID="8385">
        <definition>&lt;def-root&gt;This frame element specifies the location of the &lt;fen&gt;Agent&lt;/fen&gt; (or of parts of their body) in cases where the &lt;fen&gt;Agent&lt;/fen&gt; cannot manipulate the &lt;fen&gt;Component&lt;/fen&gt; in straightforward fashion during the installation.

&lt;ex&gt;The front was easy for me to install, I held the bar and bolt in place from below
and &lt;t&gt;installed&lt;/t&gt; the nut &lt;fex name="loc"&gt;from the top around the control arm bushing&lt;/fex&gt;.&lt;/ex&gt;&lt;/def-root&gt;</definition>
    </FE>
    <FE bgColor="00BFFF" fgColor="FFFFFF" coreType="Core" cBy="JKR" cDate="06/30/2005 03:17:25 PDT Thu" abbrev="fix" name="Fixed_location" ID="8386">
        <definition>&lt;def-root&gt;The &lt;fen&gt;Fixed_location&lt;/fen&gt; is the location where the &lt;fen&gt;Component&lt;/fen&gt; is placed and to which it is attached so as to be useful.


&lt;ex&gt;I assembled the fuel tank using a vent line and a supply line, and then I &lt;t&gt;installed&lt;/t&gt;
the tank &lt;fex name="fix"&gt;in the fuselage&lt;/fex&gt;.&lt;/ex&gt;&lt;/def-root&gt;</definition>
        <semType name="Goal" ID="153"/>
    </FE>
    <FE bgColor="FF00FF" fgColor="FFFFFF" coreType="Peripheral" cBy="JKR" cDate="06/30/2005 03:17:25 PDT Thu" abbrev="Manr" name="Manner" ID="8387">
        <definition>&lt;def-root&gt;Any description of the installation event which is not covered by more specific FEs, including secondary effects (quietly, loudly) and general descriptions comparing events (the same way). It may also indicate salient characteristics of the Agent that affect the action (&lt;ment&gt;deliberately&lt;/ment&gt;, &lt;ment&gt;eagerly&lt;/ment&gt;, &lt;ment&gt;carefully&lt;/ment&gt;). &lt;/def-root&gt;</definition>
        <semType name="Manner" ID="173"/>
    </FE>
    <FE bgColor="FF69B4" fgColor="FFFFFF" coreType="Extra-Thematic" cBy="JKR" cDate="06/30/2005 03:17:25 PDT Thu" abbrev="deg" name="Degree" ID="8388">
        <definition>&lt;def-root&gt;The &lt;fen&gt;Degree&lt;/fen&gt; indicates the degree to which the installation is completed.

&lt;ex&gt;Is the riser complete at the point the stab fittings are complete or when the fittings are complete and the riser is &lt;fex name="Degree"&gt;completely&lt;/fex&gt; &lt;t&gt;installed&lt;/t&gt; in the bracket with the bolts tightened?&lt;/ex&gt;&lt;/def-root&gt;</definition>
        <semType name="Degree" ID="172"/>
    </FE>
    <FE bgColor="9400D3" fgColor="FFFFFF" coreType="Extra-Thematic" cBy="JKR" cDate="06/30/2005 03:17:25 PDT Thu" abbrev="Dep" name="Depictive" ID="8389">
        <definition>&lt;def-root&gt;This FE identifies any &lt;fen&gt;Depictive&lt;/fen&gt; phrase describing the &lt;fen&gt;Agent&lt;/fen&gt; or &lt;fen&gt;Component&lt;/fen&gt; that is installed.


&lt;ex&gt;We delivered and &lt;t&gt;installed&lt;/t&gt; it &lt;fex name="Dep"&gt;unfinished&lt;/fex&gt; because the customers wanted to finish
it themselves.&lt;/ex&gt;&lt;/def-root&gt;</definition>
    </FE>
    <FE bgColor="FF69B4" fgColor="FFFFFF" coreType="Peripheral" cBy="JKR" cDate="06/30/2005 03:17:25 PDT Thu" abbrev="Mns" name="Means" ID="8390">
        <definition>&lt;def-root&gt;The &lt;fen&gt;Means&lt;/fen&gt; is an act whereby the &lt;fen&gt;Agent&lt;/fen&gt; achieves the installation of the &lt;fen&gt;Component&lt;/fen&gt;.


&lt;ex&gt;We &lt;t&gt;installed&lt;/t&gt; the spindle assembly &lt;fex name="Means"&gt;by starting with the lower-ball joint, followed by the upper&lt;/fex&gt;.&lt;/ex&gt;&lt;/def-root&gt;</definition>
        <semType name="State_of_affairs" ID="177"/>
    </FE>
    <FE bgColor="90876C" fgColor="FFFFFF" coreType="Extra-Thematic" cBy="JKR" cDate="06/30/2005 03:17:25 PDT Thu" abbrev="dur" name="Duration_of_final_state" ID="8392">
        <definition>&lt;def-root&gt;The &lt;fen&gt;Duration_of_final_state&lt;/fen&gt; is the amount of time for which the &lt;fen&gt;Component&lt;/fen&gt; is to  remain part of the System.


&lt;ex&gt;Per the suggestion of A. Briggs Geddis, Mr. McChord informed the Commission that a curtain drain could be &lt;t&gt;installed&lt;/t&gt; and monitored &lt;fex name="dur"&gt;for two months&lt;/fex&gt; to try to lower the groundwater level in the proposed septic area.&lt;/ex&gt;&lt;/def-root&gt;</definition>
        <semType name="Duration" ID="142"/>
    </FE>
    <FE bgColor="008000" fgColor="FFFFFF" coreType="Peripheral" cBy="JKR" cDate="06/30/2005 03:17:25 PDT Thu" abbrev="Place" name="Place" ID="8393">
        <definition>&lt;def-root&gt;The &lt;fen&gt;Place&lt;/fen&gt; indicates where the installation occurs.

&lt;ex&gt;When I &lt;t&gt;installed&lt;/t&gt; the server &lt;fex name="Place"&gt;there&lt;/fex&gt; last winter they only had two rows of racks, mostly empty.&lt;/ex&gt;&lt;/def-root&gt;</definition>
        <semType name="Locative_relation" ID="182"/>
    </FE>
    <FE bgColor="7CCD73" fgColor="FFFFFF" coreType="Extra-Thematic" cBy="JKR" cDate="06/30/2005 03:17:26 PDT Thu" abbrev="exp" name="Explanation" ID="8394">
        <definition>&lt;def-root&gt;The &lt;fen&gt;Explanation&lt;/fen&gt; indicates why the installation occurs.

&lt;ex&gt;I &lt;t&gt;installed&lt;/t&gt; a new HDD &lt;fex name="exp"&gt;because it had numerous bad sectors&lt;/fex&gt;.&lt;/ex&gt;&lt;/def-root&gt;</definition>
        <semType name="State_of_affairs" ID="177"/>
    </FE>
    <FE bgColor="FFA500" fgColor="FFFFFF" coreType="Peripheral" cBy="JKR" cDate="06/30/2005 03:17:26 PDT Thu" abbrev="Time" name="Time" ID="8395">
        <definition>&lt;def-root&gt;The time period in which the &lt;fen&gt;Component&lt;/fen&gt; is installed.


&lt;ex&gt;When we &lt;t&gt;installed&lt;/t&gt; our hood &lt;fex name="Time"&gt;last month&lt;/fex&gt;, the folks at Dallas Auto Body painted our roll pan at the same time.&lt;/ex&gt;&lt;/def-root&gt;</definition>
        <semType name="Time" ID="141"/>
    </FE>
    <FE bgColor="808080" fgColor="FFFFFF" coreType="Peripheral" cBy="JKR" cDate="06/30/2005 03:17:26 PDT Thu" abbrev="Area" name="Area" ID="8396">
        <definition>&lt;def-root&gt;The &lt;fen&gt;Area&lt;/fen&gt; is the setting into which multiple &lt;fen&gt;Component&lt;/fen&gt;s or a  complex &lt;fen&gt;Component&lt;/fen&gt; is installed.    &lt;ex&gt;I &lt;t&gt;installed&lt;/t&gt;  tongue and groove pine flooring &lt;fex name="Area"&gt;through my entire house&lt;/fex&gt;.&lt;/ex&gt; &lt;/def-root&gt;</definition>
    </FE>
    <FE bgColor="9F79EE" fgColor="FFFFFF" coreType="Extra-Thematic" cBy="JKR" cDate="06/30/2005 03:17:26 PDT Thu" abbrev="co-p" name="Co-participant" ID="8397">
        <definition>&lt;def-root&gt;This is a second component that is installed alongside the primary &lt;fen&gt;Component&lt;/fen&gt; or an individual performing the installation together with the &lt;fen&gt;Agent&lt;/fen&gt;.

&lt;ex&gt;The Hewlett Packard 5989A MS Engine was &lt;t&gt;installed&lt;/t&gt; in 1991 &lt;fex name="Co-participant"&gt;together with the
Hewlett Packard 5890 Series II Gas Chromatography (GC/MS)&lt;/fex&gt;.&lt;/ex&gt;


&lt;/def-root&gt;</definition>
    </FE>
    <FE bgColor="d0d0d0" fgColor="00008B" coreType="Extra-Thematic" cBy="JKR" cDate="06/30/2005 03:17:26 PDT Thu" abbrev="pur" name="Purpose" ID="8401">
        <definition>&lt;def-root&gt;An action that the &lt;fen&gt;Agent&lt;/fen&gt; intends to accomplish by perform the installation.


&lt;ex&gt;North Johnston High School &lt;t&gt;installed&lt;/t&gt;
many technologies &lt;fex name="pur"&gt;in order to dramatically improve the energy efficiency of our building&lt;/fex&gt;.&lt;/ex&gt;&lt;/def-root&gt;</definition>
        <semType name="State_of_affairs" ID="177"/>
    </FE>
    <frameRelation type="Inherits from"/>
    <frameRelation type="Is Inherited by"/>
    <frameRelation type="Perspective on"/>
    <frameRelation type="Is Perspectivized in"/>
    <frameRelation type="Uses">
        <relatedFrame ID="62">Placing</relatedFrame>
    </frameRelation>
    <frameRelation type="Is Used by"/>
    <frameRelation type="Subframe of"/>
    <frameRelation type="Has Subframe(s)"/>
    <frameRelation type="Precedes"/>
    <frameRelation type="Is Preceded by"/>
    <frameRelation type="Is Inchoative of"/>
    <frameRelation type="Is Causative of"/>
    <frameRelation type="See also"/>
    <lexUnit status="Finished_Initial" POS="V" name="install.v" ID="12372" lemmaID="20163" cBy="JKR" cDate="06/30/2005 04:44:09 PDT Thu">
        <definition>COD: place or fix (equipment) in position ready for use.</definition>
        <sentenceCount annotated="27" total="253"/>
        <lexeme order="1" headword="false" breakBefore="false" POS="V" name="install"/>
    </lexUnit>
    <lexUnit status="Created" POS="N" name="installation.n" ID="12373" lemmaID="20164" cBy="JKR" cDate="06/30/2005 04:44:18 PDT Thu">
        <definition>COD: the action or process of installing or being installed</definition>
        <sentenceCount annotated="4" total="4"/>
        <lexeme order="1" headword="false" breakBefore="false" POS="N" name="installation"/>
    </lexUnit>
</frame>