<?xml version="1.0" encoding="UTF-8" standalone="yes"?>
<?xml-stylesheet type="text/xsl" href="frame.xsl"?>
<frame cBy="MJE" cDate="08/14/2001 01:23:29 PDT Tue" name="Intentionally_act" ID="198" xsi:schemaLocation="../schema/frame.xsd" xmlns="http://framenet.icsi.berkeley.edu" xmlns:xsi="http://www.w3.org/2001/XMLSchema-instance">
    <definition>&lt;def-root&gt;This is an abstract frame for acts performed by sentient beings. It exists mostly for FE inheritance.

&lt;ex&gt;&lt;fex name="Agent"&gt;I&lt;/fex&gt; &lt;t&gt;carried&lt;/t&gt; &lt;t&gt;out&lt;/t&gt; &lt;fex name="Act"&gt;the deed&lt;/fex&gt; &lt;fex name="Manner"&gt;easily&lt;/fex&gt; .&lt;/ex&gt;&lt;/def-root&gt;</definition>
    <FE bgColor="0000FF" fgColor="FFFFFF" coreType="Core-Unexpressed" cBy="MJE" cDate="08/14/2001 01:25:51 PDT Tue" abbrev="Act" name="Act" ID="1609">
        <definition>&lt;def-root&gt;This FE identifies the &lt;fen&gt;Act&lt;/fen&gt; that the &lt;fen&gt;Agent&lt;/fen&gt; performs intentionally.&lt;/def-root&gt;</definition>
        <semType name="State_of_affairs" ID="177"/>
    </FE>
    <FE bgColor="FF0000" fgColor="FFFFFF" coreType="Core" cBy="MJE" cDate="08/14/2001 01:25:51 PDT Tue" abbrev="Agt" name="Agent" ID="1610">
        <definition>&lt;def-root&gt;The &lt;fen&gt;Agent&lt;/fen&gt; performs the intentional act.

&lt;ex&gt;&lt;fex name="Agent"&gt;We&lt;/fex&gt; have not yet &lt;t&gt;acted&lt;/t&gt; .&lt;/ex&gt;&lt;/def-root&gt;</definition>
        <semType name="Sentient" ID="5"/>
    </FE>
    <FE bgColor="008000" fgColor="FFFFFF" coreType="Peripheral" cBy="MJE" cDate="08/14/2001 01:25:51 PDT Tue" abbrev="Place" name="Place" ID="1613">
        <definition>&lt;def-root&gt;This FE identifies the place where the intentional act occurs.&lt;/def-root&gt;</definition>
        <semType name="Locative_relation" ID="182"/>
    </FE>
    <FE bgColor="800080" fgColor="FFFFFF" coreType="Peripheral" cBy="MJE" cDate="08/14/2001 01:25:51 PDT Tue" abbrev="Purp" name="Purpose" ID="1614">
        <definition>&lt;def-root&gt;This FE identifies the purpose for which an Agent performs an intentional act.
John &lt;t&gt;flattered&lt;/t&gt; her &lt;fex name="Purpose"&gt;to receive a raise&lt;/fex&gt;.&lt;/def-root&gt;</definition>
        <semType name="State_of_affairs" ID="177"/>
    </FE>
    <FE bgColor="FFA500" fgColor="FFFFFF" coreType="Peripheral" cBy="MJE" cDate="08/14/2001 01:25:51 PDT Tue" abbrev="Time" name="Time" ID="1616">
        <definition>&lt;def-root&gt;This FE identifies the time when the Agent acts intentionally.&lt;/def-root&gt;</definition>
        <semType name="Time" ID="141"/>
    </FE>
    <FE bgColor="FF69B4" fgColor="FFFFFF" coreType="Peripheral" cBy="MRLP" cDate="04/05/2002 01:09:48 PST Fri" abbrev="Means" name="Means" ID="2573">
        <definition>&lt;def-root&gt;This FE identifies the Means by which an Agent acts intentionally.&lt;/def-root&gt;</definition>
        <semType name="State_of_affairs" ID="177"/>
    </FE>
    <FE bgColor="FF00FF" fgColor="FFFFFF" coreType="Peripheral" cBy="MRLP" cDate="04/05/2002 01:10:38 PST Fri" abbrev="Mnr" name="Manner" ID="2574">
        <definition>&lt;def-root&gt;Any description of the intentional act which is not covered by more specific FEs, including secondary effects (&lt;ment&gt;quietly, loudly&lt;/ment&gt;), and general descriptions comparing events (&lt;ment&gt;the same way&lt;/ment&gt;). In addition, it may indicate salient characteristics of an &lt;fen&gt;Agent&lt;/fen&gt; that also affect the action (&lt;ment&gt;presumptuously, coldly, deliberately, eagerly, carefully&lt;/ment&gt;). 
&lt;ex&gt;'Twould be best it were &lt;t&gt;done&lt;/t&gt; &lt;fex name="Manner"&gt;quietly&lt;/fex&gt;.&lt;/ex&gt;
&lt;/def-root&gt;</definition>
        <semType name="Manner" ID="173"/>
    </FE>
    <FE bgColor="A52A2A" fgColor="FFFFFF" coreType="Extra-Thematic" cBy="RLG" cDate="05/16/2005 02:13:03 PDT Mon" abbrev="dom" name="Domain" ID="7982">
        <definition>&lt;def-root&gt;The &lt;fen&gt;Domain&lt;/fen&gt; within which the &lt;fen&gt;Agent&lt;/fen&gt; acts.

&lt;ex&gt;No doubt he has begun to engage in &lt;fex name="dom"&gt;political&lt;/fex&gt; &lt;t&gt;activity&lt;/t&gt; of late&lt;/ex&gt;&lt;/def-root&gt;</definition>
    </FE>
    <FE bgColor="00BFFF" fgColor="FFFFFF" coreType="Extra-Thematic" cBy="RLG" cDate="05/17/2005 09:56:26 PDT Tue" abbrev="fre" name="Frequency" ID="7983">
        <definition>&lt;def-root&gt;The &lt;fen&gt;Frequency&lt;/fen&gt; with which the &lt;fen&gt;Agent&lt;/fen&gt; does the &lt;fen&gt;Act&lt;/fen&gt; in a given period of time.&lt;/def-root&gt;</definition>
    </FE>
    <FE bgColor="00008B" fgColor="FFFFFF" coreType="Extra-Thematic" cBy="KmG" cDate="02/22/2007 01:08:03 PST Thu" abbrev="" name="Period_of_iterations" ID="11078">
        <definition>&lt;def-root&gt;The length of time from when the event denoted by the target began to be repeated to when it stopped.&lt;/def-root&gt;</definition>
    </FE>
    <FE bgColor="7CCD73" fgColor="FFFFFF" coreType="Extra-Thematic" cBy="KmG" cDate="02/22/2007 01:58:24 PST Thu" abbrev="" name="Result" ID="11079">
        <definition>&lt;def-root&gt;The &lt;fen&gt;Result&lt;/fen&gt; of an act. &lt;/def-root&gt;</definition>
    </FE>
    <FE bgColor="FFFF00" fgColor="00008B" coreType="Extra-Thematic" cBy="KmG" cDate="06/05/2007 12:03:19 PDT Tue" abbrev="par" name="Particular_iteration" ID="11863">
        <definition>&lt;def-root&gt;Expressions marked with this extra-thematic FE modify a non-iterative use of the target, and indicate that it is conceived as embedded within an iterated series of similar events or states.&lt;/def-root&gt;</definition>
    </FE>
    <FE bgColor="FFD700" fgColor="FF0000" coreType="Extra-Thematic" cBy="KmG" cDate="10/12/2007 02:08:39 PDT Fri" abbrev="" name="Explanation" ID="11991">
        <definition>&lt;def-root&gt;The Explanation denotes a proposition from which the main clause (headed by the target) logically follows. This often means that the Explanation causes the state of affairs expressed by the target, but not in all cases. &lt;/def-root&gt;</definition>
    </FE>
    <FE bgColor="9F79EE" fgColor="FFFFFF" coreType="Extra-Thematic" cBy="KmG" cDate="10/16/2007 01:48:07 PDT Tue" abbrev="" name="Event_description" ID="12001">
        <definition>&lt;def-root&gt;This FE gives a description of the Intentionally_act event.&lt;/def-root&gt;</definition>
    </FE>
    <FE bgColor="2E8B57" fgColor="FFFFFF" coreType="Extra-Thematic" cBy="MJE" cDate="08/12/2016 11:22:24 PDT Fri" abbrev="" name="Apparent_conclusion" ID="16874">
        <definition>&lt;def-root&gt;This FE describes an additional situation or modification that would seem to hold given the rest of the situation. In some cases, it marks a completely separate conclusion than one would draw from the manner of the event in the main clause.  As far as we know, this idea is only explicitly marked in English with "as if".

&lt;ex&gt;We have to &lt;t&gt;do&lt;/t&gt; our duty &lt;fex name="Apparent_conclusion"&gt;as if it matters&lt;/fex&gt; .&lt;/ex&gt;

Usually, the &lt;fen&gt;Apparent_conclusion&lt;/fen&gt; contains another FE, either peripheral or extra-thematic, which is non-factive (i.e., it may, but does not necessarily, hold). For these cases, we annotate the other frame-element on the second layer; thus the following should be annotated with &lt;fen&gt;Purpose&lt;/fen&gt; on the second layer. 

&lt;ex&gt;&lt;fex name="Apparent_conclusion"&gt;As if to guarantee failure&lt;/fex&gt; , they &lt;t&gt;conducted&lt;/t&gt; the study without consulting experts .&lt;/ex&gt;
&lt;ex&gt;As if &lt;fex name="Purpose"&gt;to guarantee failure&lt;/fex&gt; , they &lt;t&gt;conducted&lt;/t&gt; the study without consulting experts .&lt;/ex&gt;

We do not annotate this FE in cases where we merely infer that a part of the sentence is meant sarcastically, as in the following minimal modification of the above sentence:

&lt;ex&gt;To guarantee failure , they &lt;t&gt;conducted&lt;/t&gt; the study without consulting experts .&lt;/ex&gt;

In this case, we simply annotate the &lt;fen&gt;Purpose&lt;/fen&gt; FE.&lt;/def-root&gt;</definition>
    </FE>
    <frameRelation type="Inherits from">
        <relatedFrame ID="187">Event</relatedFrame>
    </frameRelation>
    <frameRelation type="Is Inherited by">
        <relatedFrame ID="221">Name_conferral</relatedFrame>
        <relatedFrame ID="230">Intentionally_affect</relatedFrame>
        <relatedFrame ID="274">Avoiding</relatedFrame>
        <relatedFrame ID="280">Intentionally_create</relatedFrame>
        <relatedFrame ID="386">Ingest_substance</relatedFrame>
        <relatedFrame ID="352">Choosing</relatedFrame>
        <relatedFrame ID="64">Self_motion</relatedFrame>
        <relatedFrame ID="66">Perception_active</relatedFrame>
        <relatedFrame ID="165">Activity_finish</relatedFrame>
        <relatedFrame ID="962">Practice</relatedFrame>
        <relatedFrame ID="1054">Heralding</relatedFrame>
        <relatedFrame ID="324">Get_a_job</relatedFrame>
        <relatedFrame ID="325">Quitting</relatedFrame>
        <relatedFrame ID="1086">Clemency</relatedFrame>
        <relatedFrame ID="1170">Exchange</relatedFrame>
        <relatedFrame ID="1173">Change_tool</relatedFrame>
        <relatedFrame ID="1523">Resolve_problem</relatedFrame>
        <relatedFrame ID="1522">Intercepting</relatedFrame>
        <relatedFrame ID="723">Forming_relationships</relatedFrame>
        <relatedFrame ID="418">Collaboration</relatedFrame>
        <relatedFrame ID="770">Change_posture</relatedFrame>
        <relatedFrame ID="121">Bail_decision</relatedFrame>
        <relatedFrame ID="391">Assistance</relatedFrame>
        <relatedFrame ID="388">Atonement</relatedFrame>
        <relatedFrame ID="374">Daring</relatedFrame>
        <relatedFrame ID="1726">Execute_plan</relatedFrame>
        <relatedFrame ID="1733">Becoming_a_member</relatedFrame>
        <relatedFrame ID="139">Giving</relatedFrame>
        <relatedFrame ID="1734">Front_for</relatedFrame>
        <relatedFrame ID="107">Examination</relatedFrame>
        <relatedFrame ID="123">Piracy</relatedFrame>
        <relatedFrame ID="1671">Passing_off</relatedFrame>
        <relatedFrame ID="93">Hostile_encounter</relatedFrame>
        <relatedFrame ID="1911">Visiting</relatedFrame>
        <relatedFrame ID="2054">Confronting_problem</relatedFrame>
        <relatedFrame ID="2076">Legal_rulings</relatedFrame>
        <relatedFrame ID="2603">Working_a_post</relatedFrame>
        <relatedFrame ID="2676">Military_operation</relatedFrame>
        <relatedFrame ID="2237">Assemble</relatedFrame>
        <relatedFrame ID="1683">Attempting_and_resolving_scenario</relatedFrame>
        <relatedFrame ID="2030">Attending</relatedFrame>
        <relatedFrame ID="2400">Exercising</relatedFrame>
        <relatedFrame ID="286">Contacting</relatedFrame>
        <relatedFrame ID="17">Manipulation</relatedFrame>
        <relatedFrame ID="116">Attempt</relatedFrame>
    </frameRelation>
    <frameRelation type="Perspective on"/>
    <frameRelation type="Is Perspectivized in"/>
    <frameRelation type="Uses"/>
    <frameRelation type="Is Used by">
        <relatedFrame ID="241">Competition</relatedFrame>
        <relatedFrame ID="266">Bungling</relatedFrame>
        <relatedFrame ID="301">Rite</relatedFrame>
        <relatedFrame ID="491">Conduct</relatedFrame>
        <relatedFrame ID="1519">Accomplishment</relatedFrame>
        <relatedFrame ID="514">Reason</relatedFrame>
        <relatedFrame ID="391">Assistance</relatedFrame>
        <relatedFrame ID="363">Deciding</relatedFrame>
        <relatedFrame ID="1221">Remembering_to_do</relatedFrame>
        <relatedFrame ID="1561">Waiting</relatedFrame>
        <relatedFrame ID="1083">Subjective_influence</relatedFrame>
        <relatedFrame ID="384">Experience_bodily_harm</relatedFrame>
        <relatedFrame ID="2657">Responsibility</relatedFrame>
    </frameRelation>
    <frameRelation type="Subframe of"/>
    <frameRelation type="Has Subframe(s)"/>
    <frameRelation type="Precedes"/>
    <frameRelation type="Is Preceded by"/>
    <frameRelation type="Is Inchoative of"/>
    <frameRelation type="Is Causative of"/>
    <frameRelation type="See also"/>
    <lexUnit status="Finished_Initial" POS="N" name="action.n" ID="10611" lemmaID="408" cBy="JKR" cDate="06/28/2004 02:50:28 PDT Mon">
        <definition>COD: a thing done.</definition>
        <sentenceCount annotated="23" total="405"/>
        <lexeme order="1" headword="false" breakBefore="false" POS="N" name="action"/>
    </lexUnit>
    <lexUnit status="Created" POS="V" name="do.v" ID="10612" lemmaID="11346" cBy="JKR" cDate="06/28/2004 02:53:55 PDT Mon">
        <definition>COD:  perform or carry out (an action).</definition>
        <sentenceCount annotated="73" total="73"/>
        <lexeme order="1" headword="false" breakBefore="false" POS="V" name="do"/>
    </lexUnit>
    <lexUnit status="Created" POS="N" name="step.n" ID="10613" lemmaID="37971" cBy="JKR" cDate="06/28/2004 02:56:25 PDT Mon">
        <definition>COD: a measure or action, especially one of a series taken in order to deal with or achieve a particular thing.</definition>
        <sentenceCount annotated="19" total="19"/>
        <lexeme order="1" headword="false" breakBefore="false" POS="N" name="step"/>
    </lexUnit>
    <lexUnit status="Created" POS="V" name="act.v" ID="10614" lemmaID="403" cBy="JKR" cDate="06/28/2004 02:57:38 PDT Mon">
        <definition>COD: take action; do something
FN: [Usage: normally used only when the Act is implied.]</definition>
        <sentenceCount annotated="2" total="2"/>
        <lexeme order="1" headword="false" breakBefore="false" POS="V" name="act"/>
    </lexUnit>
    <lexUnit status="Created" POS="N" name="doing.n" ID="10615" lemmaID="49205" cBy="JKR" cDate="06/28/2004 03:11:21 PDT Mon">
        <definition>FN: activities </definition>
        <sentenceCount annotated="1" total="1"/>
        <lexeme order="1" headword="true" breakBefore="false" POS="N" name="doing"/>
    </lexUnit>
    <lexUnit status="Finished_Initial" POS="N" name="activity.n" ID="10616" lemmaID="416" cBy="JKR" cDate="06/28/2004 03:13:52 PDT Mon">
        <definition>COD: an action taken in pursuit of an objective</definition>
        <sentenceCount annotated="102" total="497"/>
        <lexeme order="1" headword="false" breakBefore="false" POS="N" name="activity"/>
    </lexUnit>
    <lexUnit status="Created" POS="V" name="perform.v" ID="10912" lemmaID="28442" cBy="MJE" cDate="08/19/2004 05:37:45 PDT Thu">
        <definition>COD: carry out, accomplish, or fulfil (an action, task, or function).</definition>
        <sentenceCount annotated="5" total="5"/>
        <lexeme order="1" headword="false" breakBefore="false" POS="V" name="perform"/>
    </lexUnit>
    <lexUnit status="Created" POS="V" name="carry out.v" ID="11705" lemmaID="49888" cBy="JKR" cDate="03/03/2005 06:19:08 PST Thu">
        <definition>COD: perform (a task or planned operation).</definition>
        <sentenceCount annotated="22" total="22"/>
        <lexeme order="1" headword="true" breakBefore="false" POS="V" name="carry"/>
        <lexeme order="2" headword="false" breakBefore="true" POS="ADV" name="out"/>
    </lexUnit>
    <lexUnit status="Created" POS="V" name="conduct.v" ID="11736" lemmaID="7687" cBy="MJE" cDate="03/07/2005 02:50:07 PST Mon">
        <definition>COD: organize and carry out.</definition>
        <sentenceCount annotated="24" total="24"/>
        <lexeme order="1" headword="false" breakBefore="false" POS="V" name="conduct"/>
    </lexUnit>
    <lexUnit status="Created" POS="V" name="execute.v" ID="11839" lemmaID="13421" cBy="JKR" cDate="04/15/2005 12:22:27 PDT Fri">
        <definition>COD: carry out or put into effect (a plan, order, etc.).</definition>
        <sentenceCount annotated="0" total="0"/>
        <lexeme order="1" headword="false" breakBefore="false" POS="V" name="execute"/>
    </lexUnit>
    <lexUnit status="Created" POS="V" name="engage.v" ID="12777" lemmaID="12757" cBy="MJE" cDate="10/11/2005 03:50:26 PDT Tue">
        <definition>COD:  participate or become involved in.</definition>
        <sentenceCount annotated="13" total="13"/>
        <lexeme order="1" headword="false" breakBefore="false" POS="V" name="engage"/>
    </lexUnit>
    <lexUnit status="Rules_Defined" POS="N" name="measures.n" ID="12778" lemmaID="50263" cBy="MJE" cDate="10/11/2005 04:04:49 PDT Tue">
        <definition>COD: a means of achieving a purpose</definition>
        <sentenceCount annotated="2" total="2"/>
        <lexeme order="1" headword="true" breakBefore="false" POS="N" name="measures"/>
    </lexUnit>
    <lexUnit status="Finished_Initial" POS="N" name="act.n" ID="13488" lemmaID="402" cBy="MiL" cDate="08/17/2006 11:49:39 PDT Thu">
        <definition>COD: a thing done.</definition>
        <sentenceCount annotated="41" total="324"/>
        <lexeme order="1" headword="false" breakBefore="false" POS="N" name="act"/>
    </lexUnit>
    <lexUnit status="Created" POS="N" name="move.n" ID="14600" lemmaID="25099" cBy="KmG" cDate="10/26/2007 12:33:43 PDT Fri">
        <definition>FN: an act embedded with strategy</definition>
        <sentenceCount annotated="2" total="2"/>
        <lexeme order="1" headword="false" breakBefore="false" POS="N" name="move"/>
    </lexUnit>
    <lexUnit status="Created" POS="N" name="actor.n" ID="14863" lemmaID="417" cBy="KmG" cDate="03/13/2008 04:28:36 PDT Thu">
        <definition>FN: the person deliberately involved in an event or activity</definition>
        <sentenceCount annotated="0" total="0"/>
        <lexeme order="1" headword="false" breakBefore="false" POS="N" name="actor"/>
    </lexUnit>
    <lexUnit status="Created" POS="N" name="agent.n" ID="14864" lemmaID="782" cBy="KmG" cDate="03/13/2008 05:00:08 PDT Thu">
        <definition>FN: A person who acts of his own volition</definition>
        <sentenceCount annotated="0" total="0"/>
        <lexeme order="1" headword="false" breakBefore="false" POS="N" name="agent"/>
    </lexUnit>
    <lexUnit status="Created" POS="N" name="deed.n" ID="17271" lemmaID="9867" cBy="CVa" cDate="01/23/2013 12:53:54 PST Wed">
        <definition>FN: an intentional action</definition>
        <sentenceCount annotated="2" total="2"/>
        <lexeme order="1" headword="false" breakBefore="false" POS="N" name="deed"/>
    </lexUnit>
</frame>