<?xml version="1.0" encoding="UTF-8" standalone="yes"?>
<?xml-stylesheet type="text/xsl" href="frame.xsl"?>
<frame cBy="MJE" cDate="07/12/2011 11:25:58 PDT Tue" name="Intentional_deception" ID="2570" xsi:schemaLocation="../schema/frame.xsd" xmlns="http://framenet.icsi.berkeley.edu" xmlns:xsi="http://www.w3.org/2001/XMLSchema-instance">
    <definition>&lt;def-root&gt;A &lt;fen&gt;Deceiver&lt;/fen&gt; performs some action so that the &lt;fen&gt;Victim&lt;/fen&gt; ends up with an incorrect understanding about some &lt;fen&gt;Topic&lt;/fen&gt;.  The &lt;fen&gt;Means&lt;/fen&gt; may be via communication, perceptual obscuration, or merely performing an action that the &lt;fen&gt;Victim&lt;/fen&gt; will draw incorrect conclusions from.

&lt;ex&gt;&lt;fex name="Deceiver"&gt;The government&lt;/fex&gt; &lt;t&gt;deceived&lt;/t&gt; &lt;fex name="Victim"&gt;the public&lt;/fex&gt; &lt;fex name="Time"&gt;last year&lt;/fex&gt; &lt;fex name="Topic"&gt;about the existence of evidence in several corruption trials&lt;/fex&gt;.&lt;/ex&gt;

&lt;ex&gt;I can't believe &lt;fex name="Deceiver"&gt;they&lt;/fex&gt; &lt;t&gt;fooled&lt;/t&gt; &lt;fex name="Victim"&gt;me&lt;/fex&gt; &lt;fex name="Means"&gt;with that old trick&lt;/fex&gt;.&lt;/ex&gt;&lt;/def-root&gt;</definition>
    <FE bgColor="FF0000" fgColor="FFFFFF" coreType="Core" cBy="MJE" cDate="07/12/2011 11:25:58 PDT Tue" abbrev="Spkr" name="Deceiver" ID="14484">
        <definition>&lt;def-root&gt;The person who acts so as to give the &lt;fen&gt;Victim&lt;/fen&gt; an incorrect idea about a &lt;fen&gt;Topic&lt;/fen&gt;.
&lt;ex&gt;&lt;fex name="Deceiver"&gt;Politicians&lt;/fex&gt; do nothing but &lt;t&gt;deceive&lt;/t&gt; us about money.&lt;/ex&gt;&lt;/def-root&gt;</definition>
        <semType name="Sentient" ID="5"/>
    </FE>
    <FE bgColor="006400" fgColor="FFFFFF" coreType="Core" cBy="MJE" cDate="07/12/2011 11:25:58 PDT Tue" abbrev="Add" name="Victim" ID="14485">
        <definition>&lt;def-root&gt;The person who receives an incorrect idea because of the &lt;fen&gt;Deceiver&lt;/fen&gt;'s actions. 
&lt;ex&gt;Practicing deception upon them , &lt;/ex&gt;
&lt;ex&gt;Sometimes it may be the case that the press itself stands as a monolith &lt;m&gt;practicing&lt;/m&gt; &lt;t&gt;deception&lt;/t&gt; &lt;fex name="Victim"&gt;upon the people&lt;/fex&gt; .&lt;/ex&gt;&lt;/def-root&gt;</definition>
        <semType name="Sentient" ID="5"/>
    </FE>
    <FE bgColor="0000FF" fgColor="FFFFFF" coreType="Core" cBy="MJE" cDate="07/12/2011 11:25:58 PDT Tue" abbrev="Top" name="Topic" ID="14486">
        <definition>&lt;def-root&gt;The entity to which the misleading idea relates, what it is about. 
&lt;ex&gt;You &lt;t&gt;deceived&lt;/t&gt; me &lt;fex name="Topic"&gt;about the location of the diamonds&lt;/fex&gt;.&lt;/ex&gt;&lt;/def-root&gt;</definition>
    </FE>
    <FE bgColor="800080" fgColor="FFFFFF" coreType="Peripheral" cBy="MJE" cDate="07/12/2011 11:38:27 PDT Tue" abbrev="mea" name="Means" ID="14488">
        <definition>&lt;def-root&gt;The action performed by the &lt;fen&gt;Deceiver&lt;/fen&gt; to fool the &lt;fen&gt;Victim&lt;/fen&gt;.

&lt;ex&gt;Chris &lt;t&gt;misled&lt;/t&gt; me &lt;fex name="mea"&gt;with her powers of persuasion&lt;/fex&gt;.&lt;/ex&gt;&lt;/def-root&gt;</definition>
    </FE>
    <FE bgColor="FFA500" fgColor="FFFFFF" coreType="Peripheral" cBy="MJE" cDate="07/12/2011 11:42:43 PDT Tue" abbrev="tim" name="Time" ID="14489">
        <definition>&lt;def-root&gt;The time at which the deception occurs.

&lt;ex&gt;Some, looking for decent employment, said they were &lt;t&gt;deceived&lt;/t&gt; &lt;fex name="tim"&gt;soon after getting off the train&lt;/fex&gt;.&lt;/ex&gt;&lt;/def-root&gt;</definition>
    </FE>
    <FE bgColor="1E90FF" fgColor="FFFFFF" coreType="Peripheral" cBy="MJE" cDate="07/12/2011 11:43:17 PDT Tue" abbrev="pla" name="Place" ID="14490">
        <definition>&lt;def-root&gt;The location at which the deception occurs.

&lt;ex&gt;It's hard to &lt;t&gt;fool&lt;/t&gt; someone &lt;fex name="pla"&gt;in their own home&lt;/fex&gt;.&lt;/ex&gt;&lt;/def-root&gt;</definition>
    </FE>
    <frameRelation type="Inherits from">
        <relatedFrame ID="2614">Deception_end</relatedFrame>
    </frameRelation>
    <frameRelation type="Is Inherited by"/>
    <frameRelation type="Perspective on">
        <relatedFrame ID="2573">Deception_success</relatedFrame>
    </frameRelation>
    <frameRelation type="Is Perspectivized in"/>
    <frameRelation type="Uses"/>
    <frameRelation type="Is Used by">
        <relatedFrame ID="2578">Trap</relatedFrame>
    </frameRelation>
    <frameRelation type="Subframe of"/>
    <frameRelation type="Has Subframe(s)"/>
    <frameRelation type="Precedes"/>
    <frameRelation type="Is Preceded by"/>
    <frameRelation type="Is Inchoative of"/>
    <frameRelation type="Is Causative of"/>
    <frameRelation type="See also"/>
    <lexUnit status="Created" POS="V" name="fool.v" ID="16391" lemmaID="14953" cBy="MJE" cDate="07/12/2011 11:45:38 PDT Tue">
        <definition>FN: to deceive, often so that the victim seems ridiculous</definition>
        <sentenceCount annotated="0" total="0"/>
        <lexeme order="1" headword="false" breakBefore="false" POS="V" name="fool"/>
    </lexUnit>
    <lexUnit status="Created" POS="V" name="mislead.v" ID="16392" lemmaID="24532" cBy="RLG" cDate="07/12/2011 03:00:08 PDT Tue">
        <definition>FN: to deceive, to lead to an incorrect conclusion or judgment.</definition>
        <sentenceCount annotated="0" total="0"/>
        <lexeme order="1" headword="false" breakBefore="false" POS="V" name="mislead"/>
    </lexUnit>
    <lexUnit status="Created" POS="V" name="deceive.v" ID="16393" lemmaID="9766" cBy="RLG" cDate="07/12/2011 03:02:45 PDT Tue">
        <definition>FN: to cause to come to an incorrect judgment or conclusion.</definition>
        <sentenceCount annotated="0" total="0"/>
        <lexeme order="1" headword="false" breakBefore="false" POS="V" name="deceive"/>
    </lexUnit>
    <lexUnit status="Created" POS="V" name="trick.v" ID="16394" lemmaID="41207" cBy="RLG" cDate="07/12/2011 03:55:37 PDT Tue">
        <definition>FN: to deceive.</definition>
        <sentenceCount annotated="0" total="0"/>
        <lexeme order="1" headword="false" breakBefore="false" POS="V" name="trick"/>
    </lexUnit>
    <lexUnit status="Created" POS="N" name="deception.n" ID="16413" lemmaID="9777" cBy="RLG" cDate="07/27/2011 11:27:45 PDT Wed">
        <definition>FN: an act of deceiving someone.</definition>
        <sentenceCount annotated="0" total="0"/>
        <lexeme order="1" headword="false" breakBefore="false" POS="N" name="deception"/>
    </lexUnit>
    <lexUnit status="Created" POS="V" name="get.v" ID="18000" lemmaID="16168" cBy="WMcQ" cDate="05/01/2015 03:23:12 PDT Fri">
        <definition>FN: To succeed in deceiving. Normally used humorously. Normally occurs in past-tense and involves speech participants, e.g. "You got me" or "I totally got you".</definition>
        <sentenceCount annotated="0" total="0"/>
        <lexeme order="1" headword="false" breakBefore="false" POS="V" name="get"/>
        <semType name="Bound_dependent_LU" ID="224"/>
    </lexUnit>
</frame>