<?xml version="1.0" encoding="UTF-8" standalone="yes"?>
<?xml-stylesheet type="text/xsl" href="frame.xsl"?>
<frame cBy="RLG" cDate="08/03/2011 10:28:36 PDT Wed" name="Irregular_combatants" ID="2598" xsi:schemaLocation="../schema/frame.xsd" xmlns="http://framenet.icsi.berkeley.edu" xmlns:xsi="http://www.w3.org/2001/XMLSchema-instance">
    <definition>&lt;def-root&gt;A &lt;fen&gt;Combatant&lt;/fen&gt; is declared or loyal to a Side in a military Conflict. The &lt;fen&gt;Combatant&lt;/fen&gt; is not part of any regular or (highly) organized fighting organization (such as an army), and is not necessarily a fighter by vocation.

&lt;ex&gt;A &lt;fex name="Age"&gt;20-year=old&lt;/fex&gt; &lt;fex name="Origin"&gt;Argentinian&lt;/fex&gt; &lt;fex name="Combatant"&gt;&lt;t&gt;guerilla&lt;/t&gt;&lt;/fex&gt; was firing at our squad.&lt;/ex&gt;&lt;/def-root&gt;</definition>
    <FE bgColor="0000FF" fgColor="FFFFFF" coreType="Extra-Thematic" cBy="RLG" cDate="08/03/2011 10:28:36 PDT Wed" abbrev="Ori" name="Origin" ID="14663">
        <definition>&lt;def-root&gt;The &lt;fen&gt;Origin&lt;/fen&gt; is the place where the &lt;fen&gt;Combatant&lt;/fen&gt; was born or lived a salient part of her or his life.&lt;/def-root&gt;</definition>
    </FE>
    <FE bgColor="FF0000" fgColor="FFFFFF" coreType="Core" cBy="RLG" cDate="08/03/2011 10:28:37 PDT Wed" abbrev="com" name="Combatant" ID="14664">
        <definition>&lt;def-root&gt;The &lt;fen&gt;Combatant&lt;/fen&gt; is the human being involved in combat.&lt;/def-root&gt;</definition>
        <semType name="Human" ID="80"/>
    </FE>
    <FE bgColor="006400" fgColor="FFFFFF" coreType="Extra-Thematic" cBy="RLG" cDate="08/03/2011 10:28:37 PDT Wed" abbrev="Pers_char" name="Persistent_characteristic" ID="14665">
        <definition>&lt;def-root&gt;The &lt;fen&gt;Persistent_characteristic&lt;/fen&gt; is a physiological characteristic or personality trait of the &lt;fen&gt;Combatant&lt;/fen&gt; which is concieved of as persisting over time.&lt;/def-root&gt;</definition>
    </FE>
    <FE bgColor="00BFFF" fgColor="FFFFFF" coreType="Extra-Thematic" cBy="RLG" cDate="08/03/2011 10:28:37 PDT Wed" abbrev="Desc" name="Descriptor" ID="14666">
        <definition>&lt;def-root&gt;The &lt;fen&gt;Descriptor&lt;/fen&gt; is a temporary condition of the &lt;fen&gt;Combatant&lt;/fen&gt;.&lt;/def-root&gt;</definition>
    </FE>
    <FE bgColor="00008B" fgColor="FFFFFF" coreType="Extra-Thematic" cBy="RLG" cDate="08/03/2011 10:28:37 PDT Wed" abbrev="Age" name="Age" ID="14667">
        <definition>&lt;def-root&gt;The &lt;fen&gt;Age&lt;/fen&gt; is the length of time the &lt;fen&gt;Person&lt;/fen&gt; has been alive.&lt;/def-root&gt;</definition>
    </FE>
    <FE bgColor="800080" fgColor="FFFFFF" coreType="Extra-Thematic" cBy="RLG" cDate="08/03/2011 10:28:37 PDT Wed" abbrev="Eth" name="Ethnicity" ID="14668">
        <definition>&lt;def-root&gt;The &lt;fen&gt;Ethnicity&lt;/fen&gt; is the religious, racial, national, socio-economic or cultural group to which the &lt;fen&gt;Combatant&lt;/fen&gt; belongs.&lt;/def-root&gt;</definition>
    </FE>
    <FE bgColor="FFA500" fgColor="000000" coreType="Extra-Thematic" cBy="RLG" cDate="08/03/2011 10:28:37 PDT Wed" abbrev="coa" name="Context_of_acquaintance" ID="14669">
        <definition>&lt;def-root&gt;An expression indicating the context with which the &lt;fen&gt;Combatant&lt;/fen&gt; is associated.
&lt;/def-root&gt;</definition>
    </FE>
    <FE bgColor="A52A2A" fgColor="FFFFFF" coreType="Peripheral" cBy="RLG" cDate="08/03/2011 10:53:42 PDT Wed" abbrev="sid1" name="Side_1" ID="14670">
        <definition>&lt;def-root&gt;The side of the conflict for which the &lt;fen&gt;Combatant&lt;/fen&gt; fights.&lt;/def-root&gt;</definition>
    </FE>
    <FE bgColor="2E8B57" fgColor="FFFFFF" coreType="Peripheral" cBy="RLG" cDate="08/03/2011 10:57:43 PDT Wed" abbrev="sid2" name="Side_2" ID="14671">
        <definition>&lt;def-root&gt;A (or the) side of the conflict to which the &lt;fen&gt;Combatant&lt;/fen&gt; is opposed.&lt;/def-root&gt;</definition>
    </FE>
    <FE bgColor="A9A9A9" fgColor="000000" coreType="Peripheral" cBy="RLG" cDate="03/02/2012 09:47:25 PST Fri" abbrev="conf" name="Conflict" ID="15496">
        <definition>&lt;def-root&gt;The &lt;fen&gt;Conflict&lt;/fen&gt; in which the &lt;fen&gt;Combatant&lt;/fen&gt;s are fighting.  &lt;ex&gt;Some call him a &lt;fex name="conf"&gt;holy war&lt;/fex&gt; fighter and martyr.&lt;/ex&gt;&lt;/def-root&gt;</definition>
    </FE>
    <FE bgColor="1E90FF" fgColor="FFFFFF" coreType="Peripheral" cBy="RLG" cDate="03/02/2012 09:51:22 PST Fri" abbrev="pur" name="Purpose" ID="15497">
        <definition>&lt;def-root&gt;The desired result of the outcome of the hostile encounter for &lt;fen&gt;Side_1&lt;/fen&gt;. It may either directly refer to the state of affairs that is desired, or the state of affairs may be implicit in an (abstract or concrete) entity that they desire.

&lt;ex&gt;We are not just soldiers - we are &lt;t&gt;fighters&lt;/t&gt; &lt;fex name="pur"&gt;for a cause&lt;/fex&gt;.&lt;/ex&gt;&lt;/def-root&gt;</definition>
    </FE>
    <FE bgColor="7CCD7C" fgColor="FFFFFF" coreType="Peripheral" cBy="RLG" cDate="03/02/2012 11:20:38 PST Fri" abbrev="gro" name="Group" ID="15501">
        <definition>&lt;def-root&gt;The larger military group of which the &lt;fen&gt;Combatant&lt;/fen&gt; is a part.

&lt;ex&gt;A number of &lt;fex name="gro"&gt;militia&lt;/fex&gt; &lt;t&gt;fighters&lt;/t&gt; were arrested during the raid.&lt;/ex&gt;&lt;/def-root&gt;</definition>
    </FE>
    <frameRelation type="Inherits from">
        <relatedFrame ID="304">People</relatedFrame>
    </frameRelation>
    <frameRelation type="Is Inherited by"/>
    <frameRelation type="Perspective on"/>
    <frameRelation type="Is Perspectivized in"/>
    <frameRelation type="Uses">
        <relatedFrame ID="93">Hostile_encounter</relatedFrame>
    </frameRelation>
    <frameRelation type="Is Used by"/>
    <frameRelation type="Subframe of"/>
    <frameRelation type="Has Subframe(s)"/>
    <frameRelation type="Precedes"/>
    <frameRelation type="Is Preceded by"/>
    <frameRelation type="Is Inchoative of"/>
    <frameRelation type="Is Causative of"/>
    <frameRelation type="See also"/>
    <lexUnit status="In_Use" POS="N" name="combatant.n" ID="16456" lemmaID="7261" cBy="RLG" cDate="08/03/2011 11:07:03 PDT Wed">
        <definition>FN: a person fighting in a (military) conflict.</definition>
        <sentenceCount annotated="11" total="22"/>
        <lexeme order="1" headword="false" breakBefore="false" POS="N" name="combatant"/>
    </lexUnit>
    <lexUnit status="In_Use" POS="N" name="militant.n" ID="16457" lemmaID="24282" cBy="RLG" cDate="08/03/2011 11:08:04 PDT Wed">
        <definition>FN: a person in a military conflict.</definition>
        <sentenceCount annotated="65" total="178"/>
        <lexeme order="1" headword="false" breakBefore="false" POS="N" name="militant"/>
    </lexUnit>
    <lexUnit status="In_Use" POS="N" name="fighter.n" ID="16458" lemmaID="14322" cBy="RLG" cDate="08/03/2011 11:12:37 PDT Wed">
        <definition>FN: a combatant.</definition>
        <sentenceCount annotated="107" total="282"/>
        <lexeme order="1" headword="false" breakBefore="false" POS="N" name="fighter"/>
    </lexUnit>
    <lexUnit status="Created" POS="N" name="belligerent.n" ID="16459" lemmaID="3314" cBy="RLG" cDate="08/03/2011 11:22:02 PDT Wed">
        <definition>FN: a person on a side in a conflict (often a war).</definition>
        <sentenceCount annotated="0" total="0"/>
        <lexeme order="1" headword="false" breakBefore="false" POS="N" name="belligerent"/>
    </lexUnit>
    <lexUnit status="Created" POS="N" name="hostile.n" ID="16484" lemmaID="51351" cBy="RLG" cDate="08/10/2011 02:01:16 PDT Wed">
        <definition>FN: enemy combatant.</definition>
        <sentenceCount annotated="0" total="0"/>
        <lexeme order="1" headword="true" breakBefore="false" POS="N" name="hostile"/>
    </lexUnit>
    <lexUnit status="In_Use" POS="N" name="guerrilla.n" ID="16700" lemmaID="50344" cBy="RLG" cDate="10/12/2011 11:48:22 PDT Wed">
        <definition>COD: a member of a small independent group taking part in irregular warfare, typically against larger regular forces.</definition>
        <sentenceCount annotated="25" total="100"/>
        <lexeme order="1" headword="true" breakBefore="false" POS="N" name="guerrilla"/>
    </lexUnit>
</frame>