<?xml version="1.0" encoding="UTF-8" standalone="yes"?>
<?xml-stylesheet type="text/xsl" href="frame.xsl"?>
<frame cBy="JKR" cDate="08/12/2005 03:00:54 PDT Fri" name="Judicial_body" ID="1607" xsi:schemaLocation="../schema/frame.xsd" xmlns="http://framenet.icsi.berkeley.edu" xmlns:xsi="http://www.w3.org/2001/XMLSchema-instance">
    <definition>&lt;def-root&gt;A  &lt;fen&gt;Source_of_authority&lt;/fen&gt;, typically a government, relies upon a set of institutions specialized for the administration of justice. These &lt;fen&gt;Judicial_body&lt;/fen&gt; s hear cases  that originate within their &lt;fen&gt;Jurisdiction&lt;/fen&gt; and relate  to the &lt;fen&gt;Task&lt;/fen&gt; given to them by the &lt;fen&gt;Source_of_authority&lt;/fen&gt;. Often, a &lt;fen&gt;Judicial_body&lt;/fen&gt; is part of a larger system  within which its &lt;fen&gt;Rank&lt;/fen&gt; can be specified. The &lt;fen&gt;Judicial_body&lt;/fen&gt; is typically located in a specific location, the &lt;fen&gt;Seat&lt;/fen&gt;.


&lt;ex&gt;The &lt;fex name="Source_of_authority"&gt;federal&lt;/fex&gt; &lt;fex name="Judicial_body"&gt;&lt;t&gt;judiciary&lt;/t&gt;&lt;/fex&gt;'s certification process is the foundation of the interpreter program. &lt;fex name="Task"&gt;INI&lt;/fex&gt; &lt;fex name="Jurisdiction"&gt;DNI&lt;/fex&gt;&lt;/ex&gt;

&lt;ex&gt;The city files an appeal with &lt;fex name="Source_of_authority"&gt;the state's&lt;/fex&gt; &lt;fex name="Jurisdiction"&gt;Eastern District&lt;/fex&gt; &lt;fex name="Judicial_body"&gt;&lt;t&gt;Court&lt;/t&gt;&lt;/fex&gt; &lt;fex name="Task"&gt;of Appeals&lt;/fex&gt;.&lt;/ex&gt;

&lt;ex&gt;The case, tried in the &lt;fex name="sou"&gt;US&lt;/fex&gt; &lt;fex name="Jurisdiction"&gt;District&lt;/fex&gt; &lt;fex name="Judicial_body"&gt;&lt;t&gt;Court&lt;/t&gt;&lt;/fex&gt; &lt;fex name="sea"&gt;in Boston&lt;/fex&gt;, involved technical and financial issues regarding the feasibility of the project. &lt;fex name="Task"&gt;INI&lt;/fex&gt;&lt;/ex&gt;

&lt;ex&gt;On Oct. 31, the &lt;fex name="Jurisdiction"&gt;Alaska&lt;/fex&gt; &lt;fex name="Source_of_authority"&gt;State&lt;/fex&gt; &lt;fex name="Rank"&gt;Superior&lt;/fex&gt; &lt;fex name="Judicial_body"&gt;&lt;t&gt;Court&lt;/t&gt;&lt;/fex&gt; granted Chugach Electric Association's Oct. 3 request to dissolve the stay. &lt;fex name="Task"&gt;INI&lt;/fex&gt;&lt;/ex&gt;


&lt;/def-root&gt;</definition>
    <FE bgColor="FF0000" fgColor="FFFFFF" coreType="Core" cBy="JKR" cDate="08/12/2005 03:00:54 PDT Fri" abbrev="jud" name="Judicial_body" ID="8840">
        <definition>&lt;def-root&gt;A permanent organization with the socially important purpose of administering justice.

&lt;ex&gt;The International Monetary Fund Administrative &lt;fex name="jud"&gt;&lt;t&gt;Tribunal&lt;/t&gt;&lt;/fex&gt; (IMFAT) adjudicates employment disputes between staff members and the IMF.&lt;/ex&gt;&lt;/def-root&gt;</definition>
    </FE>
    <FE bgColor="00008B" fgColor="FFFFFF" coreType="Core" cBy="JKR" cDate="08/12/2005 03:00:55 PDT Fri" abbrev="dom" name="Domain" ID="8841">
        <definition>&lt;def-root&gt;The concern of the &lt;fen&gt;Judicial_body&lt;/fen&gt;-- broadly speaking, the aspect of society that they affect.

&lt;ex&gt;Anything you say or write can and will be held against you in
a &lt;t&gt;court&lt;/t&gt; &lt;fex name="dom"&gt;of law&lt;/fex&gt;.&lt;/ex&gt;&lt;/def-root&gt;</definition>
    </FE>
    <FE bgColor="9400D3" fgColor="FFFFFF" coreType="Core" cBy="JKR" cDate="08/12/2005 03:10:08 PDT Fri" abbrev="tas" name="Task" ID="8842">
        <definition>&lt;def-root&gt;The responsibility that a &lt;fen&gt;Judicial_body&lt;/fen&gt; has, either defined in terms of the type of cases that they can hear, or more specifically by reference to an action that the authority constituting them wishes the &lt;fen&gt;Judicial_body&lt;/fen&gt;  to achieve.

&lt;ex&gt;The International Criminal &lt;t&gt;Tribunal&lt;/t&gt; &lt;fex name="tas"&gt;for Rwanda&lt;/fex&gt; sentenced Mikaeli Muhimana on April 28 to life imprisonment.&lt;/ex&gt;&lt;/def-root&gt;</definition>
    </FE>
    <FE bgColor="008000" fgColor="FFFFFF" coreType="Peripheral" cBy="JKR" cDate="08/12/2005 03:15:17 PDT Fri" abbrev="ran" name="Rank" ID="8843">
        <definition>&lt;def-root&gt;The degree of authority invested in a &lt;fen&gt;Judicial_body&lt;/fen&gt; relative to other courts in the same system.

&lt;ex&gt;The &lt;fex name="ran"&gt;High&lt;/fex&gt; &lt;t&gt;Court&lt;/t&gt; of Calcutta had all Bengal jurisdiction even after the partition of Bengal in 1905.&lt;/ex&gt;&lt;/def-root&gt;</definition>
    </FE>
    <FE bgColor="A52A2A" fgColor="FFFFFF" coreType="Peripheral" cBy="JKR" cDate="08/12/2005 03:29:20 PDT Fri" abbrev="sea" name="Seat" ID="8844">
        <definition>&lt;def-root&gt;The location (typically a city) in which the &lt;fen&gt;Judicial_body&lt;/fen&gt; hears cases.,

&lt;ex&gt;Ante Gotovina, was charged with war crimes by the International Criminal
&lt;t&gt;Tribunal&lt;/t&gt; &lt;fex name="sea"&gt;in Den Hague&lt;/fex&gt; and is currently hiding from the authorities.&lt;/ex&gt;&lt;/def-root&gt;</definition>
    </FE>
    <FE bgColor="FFA500" fgColor="FFFFFF" coreType="Core" cBy="JKR" cDate="08/12/2005 03:33:57 PDT Fri" abbrev="jur" name="Jurisdiction" ID="8845">
        <definition>&lt;def-root&gt;The geographical area within which the &lt;fen&gt;Judicial_body&lt;/fen&gt; has authority and responsibility.

&lt;ex&gt;On February 18, 1983, the Supreme &lt;t&gt;Court&lt;/t&gt; &lt;fex name="jur"&gt;of Alabama&lt;/fex&gt; denied this motion.&lt;/ex&gt;&lt;/def-root&gt;</definition>
    </FE>
    <FE bgColor="FF69B4" fgColor="FFFFFF" coreType="Peripheral" cBy="JKR" cDate="08/12/2005 03:35:37 PDT Fri" abbrev="sou" name="Source_of_authority" ID="8846">
        <definition>&lt;def-root&gt;The political entity under whose laws the &lt;fen&gt;Judicial_body&lt;/fen&gt; is constituted and whose laws are applied.

&lt;ex&gt;A jury in the &lt;fex name="sou"&gt;US&lt;/fex&gt; District &lt;t&gt;Court&lt;/t&gt; of Central California told Microsoft to pay a large award to Carlos Armando Amado.&lt;/ex&gt;&lt;/def-root&gt;</definition>
    </FE>
    <FE bgColor="00BFFF" fgColor="FFFFFF" coreType="Peripheral" cBy="MJE" cDate="12/07/2005 11:49:04 PST Wed" abbrev="mem" name="Judges" ID="9588">
        <definition>&lt;def-root&gt;The individuals that make up the &lt;fen&gt;Judicial_body&lt;/fen&gt;.

&lt;ex&gt;I will not be heard before a &lt;t&gt;court&lt;/t&gt; &lt;fex name="mem"&gt;of 50-year-old white men&lt;/fex&gt;!&lt;/ex&gt;&lt;/def-root&gt;</definition>
    </FE>
    <FE bgColor="2E8B57" fgColor="FFFFFF" coreType="Extra-Thematic" cBy="DYo" cDate="06/15/2009 11:46:39 PDT Mon" abbrev="" name="Place" ID="13217">
        <definition>&lt;def-root&gt;The place where the &lt;fen&gt;Judicial_body&lt;/fen&gt; is located.&lt;/def-root&gt;</definition>
    </FE>
    <frameRelation type="Inherits from">
        <relatedFrame ID="1604">Institutions</relatedFrame>
    </frameRelation>
    <frameRelation type="Is Inherited by"/>
    <frameRelation type="Perspective on"/>
    <frameRelation type="Is Perspectivized in"/>
    <frameRelation type="Uses"/>
    <frameRelation type="Is Used by"/>
    <frameRelation type="Subframe of"/>
    <frameRelation type="Has Subframe(s)"/>
    <frameRelation type="Precedes"/>
    <frameRelation type="Is Preceded by"/>
    <frameRelation type="Is Inchoative of"/>
    <frameRelation type="Is Causative of"/>
    <frameRelation type="See also"/>
    <lexUnit status="Finished_Initial" POS="N" name="court.n" ID="12625" lemmaID="8650" cBy="JKR" cDate="08/12/2005 04:02:16 PDT Fri">
        <definition>COD: a body of people before whom judicial cases are heard.</definition>
        <sentenceCount annotated="35" total="198"/>
        <lexeme order="1" headword="false" breakBefore="false" POS="N" name="court"/>
    </lexUnit>
    <lexUnit status="Created" POS="N" name="tribunal.n" ID="12626" lemmaID="41198" cBy="JKR" cDate="08/12/2005 04:06:05 PDT Fri">
        <definition>COD: a body established to settle certain types of dispute.</definition>
        <sentenceCount annotated="0" total="0"/>
        <lexeme order="1" headword="false" breakBefore="false" POS="N" name="tribunal"/>
    </lexUnit>
    <lexUnit status="Created" POS="N" name="judiciary.n" ID="12627" lemmaID="21107" cBy="JKR" cDate="08/12/2005 04:06:54 PDT Fri">
        <definition>COD: the judicial authorities of a country.</definition>
        <sentenceCount annotated="0" total="0"/>
        <lexeme order="1" headword="false" breakBefore="false" POS="N" name="judiciary"/>
    </lexUnit>
    <lexUnit status="Created" POS="A" name="judicial.a" ID="12628" lemmaID="21105" cBy="JKR" cDate="08/12/2005 04:07:25 PDT Fri">
        <definition>COD: of, by, or appropriate to a law court or judge.</definition>
        <sentenceCount annotated="1" total="1"/>
        <lexeme order="1" headword="false" breakBefore="false" POS="A" name="judicial"/>
    </lexUnit>
</frame>