<?xml version="1.0" encoding="UTF-8" standalone="yes"?>
<?xml-stylesheet type="text/xsl" href="frame.xsl"?>
<frame cBy="JKR" cDate="01/16/2003 07:36:12 PST Thu" name="Justifying" ID="512" xsi:schemaLocation="../schema/frame.xsd" xmlns="http://framenet.icsi.berkeley.edu" xmlns:xsi="http://www.w3.org/2001/XMLSchema-instance">
    <definition>&lt;def-root&gt;An &lt;fen&gt;Agent&lt;/fen&gt; has done or omitted to do an &lt;fen&gt;Act&lt;/fen&gt; or is responsible for the obtaining of a &lt;fen&gt;State_of_affairs&lt;/fen&gt;, which a &lt;fen&gt;Judge&lt;/fen&gt; deems to constitute a violation of an obligation or a moral guideline. The &lt;fen&gt;Agent&lt;/fen&gt; gives a &lt;fen&gt;Reason&lt;/fen&gt; why the &lt;fen&gt;Act&lt;/fen&gt; or omission or &lt;fen&gt;State_of_affairs&lt;/fen&gt; was licit despite appearances.

NOTE: There is a consistent metaphorical conception of justifying as defending.  Words in the defending frame can also be used in the justifying frame.

&lt;ex&gt;&lt;fex name="Agent"&gt;Kim&lt;/fex&gt; failed to &lt;fex name="Degree"&gt;fully&lt;/fex&gt; &lt;t&gt;justify&lt;/t&gt; &lt;fex name="Act"&gt;his decision&lt;/fex&gt;.&lt;/ex&gt;&lt;/def-root&gt;</definition>
    <FE bgColor="FF0000" fgColor="FFFFFF" coreType="Core" cBy="JKR" cDate="10/02/2003 05:12:57 PDT Thu" abbrev="" name="Agent" ID="5480">
        <definition>&lt;def-root&gt;The person or organization that  is held responsible for a prior &lt;fen&gt;Act&lt;/fen&gt; or for a &lt;fen&gt;State_of_affairs&lt;/fen&gt;.

&lt;ex&gt;&lt;fex name="Agent"&gt;Smithers&lt;/fex&gt;  &lt;t&gt;defended&lt;/t&gt; his decision by insisting that he had used his best judgment&lt;/ex&gt;&lt;/def-root&gt;</definition>
        <semType name="Sentient" ID="5"/>
    </FE>
    <FE bgColor="90876C" fgColor="FFFFFF" coreType="Extra-Thematic" cBy="JKR" cDate="10/02/2003 05:18:35 PDT Thu" abbrev="exp" name="Explanation" ID="5481">
        <definition>&lt;def-root&gt;The set of facts or circumstances that the &lt;fen&gt;Agent&lt;/fen&gt; offers in explanation of their earlier &lt;fen&gt;Act&lt;/fen&gt; or of the &lt;fen&gt;State_of_affairs&lt;/fen&gt;

&lt;ex&gt;Mr De Klerk &lt;t&gt;justified&lt;/t&gt; his decision &lt;fex name="exp"&gt;on the curious grounds that an
inquiry would take too long&lt;/fex&gt;&lt;/ex&gt;&lt;/def-root&gt;</definition>
        <semType name="State_of_affairs" ID="177"/>
    </FE>
    <FE bgColor="008000" fgColor="FFFFFF" coreType="Core" cBy="JKR" cDate="10/02/2003 05:26:29 PDT Thu" abbrev="" name="Act" ID="5482">
        <definition>&lt;def-root&gt;An action  for which the &lt;fen&gt;Agent&lt;/fen&gt; is held responsible, frequently one that the &lt;fen&gt;Agent&lt;/fen&gt; has taken themself.

&lt;ex&gt;Kim failed  to fully &lt;t&gt;justify&lt;/t&gt; &lt;fex name="Act"&gt;his decision&lt;/fex&gt;.&lt;/ex&gt;&lt;/def-root&gt;</definition>
        <semType name="State_of_affairs" ID="177"/>
    </FE>
    <FE bgColor="00BFFF" fgColor="FFFFFF" coreType="Core" cBy="JKR" cDate="10/02/2003 05:32:00 PDT Thu" abbrev="" name="State_of_affairs" ID="5483">
        <definition>&lt;def-root&gt;A &lt;fen&gt;State_of_affairs&lt;/fen&gt; that the Agent is held responsible for.

&lt;ex&gt; The lawyers tried  to &lt;t&gt;justify&lt;/t&gt; &lt;fex name="State_of_affairs"&gt;enormous punitive damages being paid to victims on a first-past-the-post system&lt;/fex&gt; .&lt;/ex&gt;&lt;/def-root&gt;</definition>
    </FE>
    <FE bgColor="800080" fgColor="FFFFFF" coreType="Peripheral" cBy="JKR" cDate="10/02/2003 05:37:09 PDT Thu" abbrev="" name="Judge" ID="5484">
        <definition>&lt;def-root&gt;The person or institution that holds the &lt;fen&gt;Agent&lt;/fen&gt; responsible for an &lt;fen&gt;Act&lt;/fen&gt; or &lt;fen&gt;State_of_affairs&lt;/fen&gt;.

&lt;ex&gt; Any decision that preparation and presentation should be separate would
have to be &lt;t&gt;justified&lt;/t&gt; &lt;fex name="Judge"&gt;to the public&lt;/fex&gt; and be open in the last resort to judicial review&lt;/ex&gt;&lt;/def-root&gt;</definition>
        <semType name="Sentient" ID="5"/>
    </FE>
    <FE bgColor="A52A2A" fgColor="FFFFFF" coreType="Peripheral" cBy="JKR" cDate="10/02/2003 06:10:04 PDT Thu" abbrev="" name="Means" ID="5490">
        <definition>&lt;def-root&gt;An intentional action, typically an act of speaking, which the &lt;fen&gt;Agent&lt;/fen&gt; performs in order to justify an &lt;fen&gt;Act&lt;/fen&gt; or &lt;fen&gt;State_of_affairs&lt;/fen&gt;.&lt;/def-root&gt;</definition>
        <semType name="State_of_affairs" ID="177"/>
    </FE>
    <FE bgColor="FFA500" fgColor="000000" coreType="Extra-Thematic" cBy="JKs" cDate="05/20/2008 11:46:36 PDT Tue" abbrev="" name="Frequency" ID="12662">
        <definition>&lt;def-root&gt;This FE denotes the number of times the &lt;fen&gt;Act&lt;/fen&gt; or &lt;fen&gt;State_of_affairs&lt;/fen&gt; are justified.&lt;/def-root&gt;</definition>
    </FE>
    <FE bgColor="7FFF00" fgColor="FFFFFF" coreType="Peripheral" cBy="AlK" cDate="07/27/2010 12:16:26 PDT Tue" abbrev="" name="Domain" ID="14083">
        <definition>&lt;def-root&gt;The general spectrum of reasoning that the &lt;fen&gt;Agent&lt;/fen&gt; uses to explain the &lt;fen&gt;Act&lt;/fen&gt; or &lt;fen&gt;State_of_affairs&lt;/fen&gt;.&lt;/def-root&gt;</definition>
    </FE>
    <FE bgColor="808080" fgColor="FFFFFF" coreType="Peripheral" cBy="AnW" cDate="08/04/2010 02:24:36 PDT Wed" abbrev="" name="Time" ID="14129">
        <definition>&lt;def-root&gt;The &lt;fen&gt;Time&lt;/fen&gt; of the justifying event.&lt;/def-root&gt;</definition>
        <semType name="Time" ID="141"/>
    </FE>
    <FE bgColor="FFFF00" fgColor="000000" coreType="Peripheral" cBy="PKe" cDate="12/20/2012 04:09:31 PST Thu" abbrev="" name="Degree" ID="15834">
        <definition>&lt;def-root&gt;The extent to which the justification was adequate.

&lt;ex&gt;He &lt;fex name="Degree"&gt;barely&lt;/fex&gt; &lt;t&gt;justified&lt;/t&gt; his actions.&lt;/ex&gt;&lt;/def-root&gt;</definition>
    </FE>
    <FEcoreSet>
        <memberFE name="State_of_affairs" ID="5483"/>
        <memberFE name="Act" ID="5482"/>
    </FEcoreSet>
    <frameRelation type="Inherits from"/>
    <frameRelation type="Is Inherited by"/>
    <frameRelation type="Perspective on"/>
    <frameRelation type="Is Perspectivized in"/>
    <frameRelation type="Uses">
        <relatedFrame ID="6">Communication</relatedFrame>
    </frameRelation>
    <frameRelation type="Is Used by"/>
    <frameRelation type="Subframe of"/>
    <frameRelation type="Has Subframe(s)"/>
    <frameRelation type="Precedes"/>
    <frameRelation type="Is Preceded by"/>
    <frameRelation type="Is Inchoative of"/>
    <frameRelation type="Is Causative of"/>
    <frameRelation type="See also"/>
    <lexUnit status="Finished_Initial" POS="V" name="justify.v" ID="8034" lemmaID="21188" cBy="JKR" cDate="01/16/2003 07:51:59 PST Thu">
        <definition>COD: prove to be right or reasonable</definition>
        <sentenceCount annotated="77" total="217"/>
        <lexeme order="1" headword="false" breakBefore="false" POS="V" name="justify"/>
    </lexUnit>
    <lexUnit status="Finished_Initial" POS="N" name="justification.n" ID="8035" lemmaID="21185" cBy="JKR" cDate="01/16/2003 07:53:15 PST Thu">
        <definition>FN: the act of proving something to be right or reasonable</definition>
        <sentenceCount annotated="20" total="162"/>
        <lexeme order="1" headword="false" breakBefore="false" POS="N" name="justification"/>
    </lexUnit>
    <lexUnit status="Created" POS="V" name="defend.v" ID="8036" lemmaID="9918" cBy="JKR" cDate="01/16/2003 07:57:05 PST Thu">
        <definition>COD: attempt to justify</definition>
        <sentenceCount annotated="2" total="2"/>
        <lexeme order="1" headword="false" breakBefore="false" POS="V" name="defend"/>
    </lexUnit>
    <lexUnit status="Created" POS="V" name="account.v" ID="8038" lemmaID="302" cBy="JKR" cDate="01/16/2003 08:12:48 PST Thu">
        <definition>COD: give a satisfactory record or explanation of.</definition>
        <sentenceCount annotated="1" total="1"/>
        <lexeme order="1" headword="false" breakBefore="false" POS="V" name="account"/>
    </lexUnit>
    <lexUnit status="Created" POS="V" name="explain.v" ID="8039" lemmaID="13555" cBy="JKR" cDate="01/16/2003 08:14:47 PST Thu">
        <definition>COD: excuse or justify one's motives or conduct</definition>
        <sentenceCount annotated="0" total="0"/>
        <lexeme order="1" headword="false" breakBefore="false" POS="V" name="explain"/>
    </lexUnit>
    <lexUnit status="Finished_Initial" POS="V" name="rationalize.v" ID="9580" lemmaID="31887" cBy="JKR" cDate="10/02/2003 05:42:06 PDT Thu">
        <definition>COD: attempt to justify (an action or attitude) with logical reasoning</definition>
        <sentenceCount annotated="24" total="94"/>
        <lexeme order="1" headword="false" breakBefore="false" POS="V" name="rationalize"/>
    </lexUnit>
</frame>