<?xml version="1.0" encoding="UTF-8" standalone="yes"?>
<?xml-stylesheet type="text/xsl" href="frame.xsl"?>
<frame cBy="KmG" cDate="04/09/2008 04:10:44 PDT Wed" name="Just_found_out" ID="2050" xsi:schemaLocation="../schema/frame.xsd" xmlns="http://framenet.icsi.berkeley.edu" xmlns:xsi="http://www.w3.org/2001/XMLSchema-instance">
    <definition>&lt;def-root&gt;An &lt;fen&gt;Experiencer&lt;/fen&gt;, &lt;fen&gt;Expressor&lt;/fen&gt;, or &lt;fen&gt;State&lt;/fen&gt; can be described as having a surprised emotion as evoked by a &lt;fen&gt;Stimulus&lt;/fen&gt; or concerning a &lt;fen&gt;Topic&lt;/fen&gt;.

&lt;ex&gt;&lt;fex name="Experiencer"&gt;I&lt;/fex&gt; was &lt;fex name="Degree"&gt;more&lt;/fex&gt; &lt;t&gt;shocked&lt;/t&gt; &lt;fex name="Topic"&gt;about the child&lt;/fex&gt; &lt;fex name="Degree"&gt;than she was&lt;/fex&gt;.&lt;/ex&gt;

&lt;ex&gt;&lt;fex name="Experiencer"&gt;Mrs Nowak&lt;/fex&gt; was &lt;t&gt;surprised&lt;/t&gt; &lt;fex name="Stimulus"&gt;by the amount of money Mills left her&lt;/fex&gt;.&lt;/ex&gt;

&lt;ex&gt;I think the &lt;t&gt;shock&lt;/t&gt; &lt;fex name="Stimulus"&gt;of that recognition&lt;/fex&gt; drove me a little crazy.&lt;/ex&gt;&lt;/def-root&gt;</definition>
    <FE bgColor="800080" fgColor="FFFFFF" coreType="Core" cBy="KmG" cDate="04/09/2008 04:10:44 PDT Wed" abbrev="Exp" name="Experiencer" ID="12497">
        <definition>&lt;def-root&gt;The &lt;fen&gt;Experiencer&lt;/fen&gt; is the person or sentient entity that experiences or feels the emotions.

&lt;/def-root&gt;</definition>
        <semType name="Sentient" ID="5"/>
    </FE>
    <FE bgColor="FFA500" fgColor="FFFFFF" coreType="Core" cBy="KmG" cDate="04/09/2008 04:10:44 PDT Wed" abbrev="Top" name="Topic" ID="12498">
        <definition>&lt;def-root&gt;The &lt;fen&gt;Topic&lt;/fen&gt; is the general area in which the emotion occurs.  It indicates a range of possible &lt;fen&gt;Stimulus&lt;/fen&gt;.


&lt;/def-root&gt;</definition>
    </FE>
    <FE bgColor="FF0000" fgColor="FFFFFF" coreType="Core" cBy="KmG" cDate="04/09/2008 04:10:44 PDT Wed" abbrev="Stim" name="Stimulus" ID="12499">
        <definition>&lt;def-root&gt;The &lt;fen&gt;Stimulus&lt;/fen&gt; is the person, event, or state of affairs that evokes the emotional response in the &lt;fen&gt;Experiencer&lt;/fen&gt;.



&lt;/def-root&gt;</definition>
    </FE>
    <FE bgColor="FF69B4" fgColor="FFFFFF" coreType="Peripheral" cBy="KmG" cDate="04/09/2008 04:10:44 PDT Wed" abbrev="Degr" name="Degree" ID="12500">
        <definition>&lt;def-root&gt;The extent to which the &lt;fen&gt;Experiencer&lt;/fen&gt;'s emotion deviates from the norm for the emotion.
&lt;/def-root&gt;</definition>
        <semType name="Degree" ID="172"/>
    </FE>
    <FE bgColor="0000FF" fgColor="FFFFFF" coreType="Extra-Thematic" cBy="KmG" cDate="04/09/2008 04:10:44 PDT Wed" abbrev="ET" name="Empathy_target" ID="12501">
        <definition>&lt;def-root&gt;The &lt;fen&gt;Empathy_target&lt;/fen&gt; is the individual or individuals with which the &lt;fen&gt;Experiencer&lt;/fen&gt; identifies emotionally and thus shares their emotional response.
&lt;/def-root&gt;</definition>
    </FE>
    <FE bgColor="008000" fgColor="FFFFFF" coreType="Core" cBy="KmG" cDate="04/09/2008 04:10:44 PDT Wed" abbrev="Exr" name="Expressor" ID="12502">
        <definition>&lt;def-root&gt;The body part, gesture, or other expression of the &lt;fen&gt;Experiencer&lt;/fen&gt; that reflects his or her emotional state.  They describe a presentation of the experience or emotion denoted by the adjective or noun.



&lt;/def-root&gt;</definition>
    </FE>
    <FE bgColor="00008B" fgColor="FFFFFF" coreType="Extra-Thematic" cBy="KmG" cDate="04/09/2008 04:10:44 PDT Wed" abbrev="Exp" name="Explanation" ID="12503">
        <definition>&lt;def-root&gt;The &lt;fen&gt;Explanation&lt;/fen&gt; is the explanation for why the &lt;fen&gt;Stimulus&lt;/fen&gt; evokes a certain emotional response.
&lt;/def-root&gt;</definition>
        <semType name="State_of_affairs" ID="177"/>
    </FE>
    <FE bgColor="00BFFF" fgColor="FFFFFF" coreType="Extra-Thematic" cBy="KmG" cDate="04/09/2008 04:10:44 PDT Wed" abbrev="cir" name="Circumstances" ID="12504">
        <definition>&lt;def-root&gt;The &lt;fen&gt;Circumstances&lt;/fen&gt; is the condition(s) under which the &lt;fen&gt;Stimulus&lt;/fen&gt; evokes its response.  In some cases it may appear without an explicit &lt;fen&gt;Stimulus&lt;/fen&gt;.  Quite often in such cases, the &lt;fen&gt;Stimulus&lt;/fen&gt; can be inferred from the &lt;fen&gt;Circumstances&lt;/fen&gt; 
&lt;/def-root&gt;</definition>
    </FE>
    <FE bgColor="9F79EE" fgColor="FFFFFF" coreType="Core" cBy="KmG" cDate="04/09/2008 04:10:44 PDT Wed" abbrev="State" name="State" ID="12505">
        <definition>&lt;def-root&gt;The &lt;fen&gt;State&lt;/fen&gt; is the abstract noun that describes a more lasting experience by the &lt;fen&gt;Experiencer&lt;/fen&gt;.


&lt;/def-root&gt;</definition>
    </FE>
    <FE bgColor="2E8B57" fgColor="FFFFFF" coreType="Peripheral" cBy="KmG" cDate="04/09/2008 04:10:44 PDT Wed" abbrev="Par" name="Parameter" ID="12507">
        <definition>&lt;def-root&gt;The &lt;fen&gt;Parameter&lt;/fen&gt; is a domain in which the &lt;fen&gt;Experiencer&lt;/fen&gt; experiences the &lt;fen&gt;Stimulus&lt;/fen&gt;.&lt;/def-root&gt;</definition>
    </FE>
    <FE bgColor="FF00FF" fgColor="FFFFFF" coreType="Peripheral" cBy="KmG" cDate="04/09/2008 04:10:44 PDT Wed" abbrev="Man" name="Manner" ID="12508">
        <definition>&lt;def-root&gt;Any description of the way in which the &lt;fen&gt;Experiencer&lt;/fen&gt; experiences the &lt;fen&gt;Stimulus&lt;/fen&gt; which is not covered by more specific FEs, including secondary effects (&lt;ment&gt;quietly, loudly&lt;/ment&gt;), and general descriptions comparing events (&lt;ment&gt;the same way&lt;/ment&gt;).  &lt;fen&gt;Manner&lt;/fen&gt; may also describe a state of the &lt;fen&gt;Experiencer&lt;/fen&gt; that affects the details of the emotional experience.

&lt;/def-root&gt;</definition>
        <semType name="Manner" ID="173"/>
    </FE>
    <FE bgColor="FFFF00" fgColor="00008B" coreType="Peripheral" cBy="KmG" cDate="04/09/2008 04:10:44 PDT Wed" abbrev="Tim" name="Time" ID="12509">
        <definition>&lt;def-root&gt;The &lt;fen&gt;Time&lt;/fen&gt; when the &lt;fen&gt;Experiencer&lt;/fen&gt;, &lt;fen&gt;Expressor&lt;/fen&gt;, or &lt;fen&gt;State&lt;/fen&gt; can be described as having said emotion.&lt;/def-root&gt;</definition>
    </FE>
    <FE bgColor="FF00FF" fgColor="000000" coreType="Extra-Thematic" cBy="JKs" cDate="04/21/2008 02:40:39 PDT Mon" abbrev="" name="Type" ID="12563">
        <definition>&lt;def-root&gt;&lt;fen&gt;Type&lt;/fen&gt; describes the kind of response the &lt;fen&gt;Stimulus&lt;/fen&gt; or &lt;fen&gt;Topic&lt;/fen&gt; invoke in the &lt;fen&gt;Experiencer&lt;/fen&gt;.&lt;/def-root&gt;</definition>
    </FE>
    <FE bgColor="A9A9A9" fgColor="000000" coreType="Peripheral" cBy="JKs" cDate="04/21/2008 03:17:16 PDT Mon" abbrev="" name="Medium" ID="12564">
        <definition>&lt;def-root&gt;&lt;fen&gt;Medium&lt;/fen&gt; is the physical entity or channel used to transmit the experience invoked by the &lt;fen&gt;Stimulus&lt;/fen&gt;.&lt;/def-root&gt;</definition>
    </FE>
    <frameRelation type="Inherits from">
        <relatedFrame ID="2042">Emotions_by_stimulus</relatedFrame>
    </frameRelation>
    <frameRelation type="Is Inherited by"/>
    <frameRelation type="Perspective on"/>
    <frameRelation type="Is Perspectivized in"/>
    <frameRelation type="Uses"/>
    <frameRelation type="Is Used by"/>
    <frameRelation type="Subframe of"/>
    <frameRelation type="Has Subframe(s)"/>
    <frameRelation type="Precedes"/>
    <frameRelation type="Is Preceded by"/>
    <frameRelation type="Is Inchoative of"/>
    <frameRelation type="Is Causative of"/>
    <frameRelation type="See also"/>
    <lexUnit status="Finished_Initial" POS="A" name="surprised.a" ID="14936" lemmaID="38997" cBy="KmG" cDate="04/09/2008 04:16:08 PDT Wed">
        <definition>FN: characterized as feeling taken by the occurence of something unexpected</definition>
        <sentenceCount annotated="14" total="198"/>
        <lexeme order="1" headword="false" breakBefore="false" POS="A" name="surprised"/>
    </lexUnit>
    <lexUnit status="Needs_SCs" POS="A" name="shocked.a" ID="14937" lemmaID="45945" cBy="KmG" cDate="04/09/2008 04:16:19 PDT Wed">
        <definition>FN: characterized by being struck with a big and very unexpected surprise</definition>
        <sentenceCount annotated="18" total="64"/>
        <lexeme order="1" headword="false" breakBefore="false" POS="A" name="shocked"/>
    </lexUnit>
    <lexUnit status="In_Use" POS="N" name="shock.n" ID="14939" lemmaID="35586" cBy="KmG" cDate="04/09/2008 04:16:39 PDT Wed">
        <definition>Fn: the state of surprise</definition>
        <sentenceCount annotated="11" total="36"/>
        <lexeme order="1" headword="false" breakBefore="false" POS="N" name="shock"/>
    </lexUnit>
    <lexUnit status="Finished_Initial" POS="N" name="surprise.n" ID="14940" lemmaID="38995" cBy="KmG" cDate="04/09/2008 04:16:49 PDT Wed">
        <definition>FN: the occurence of something unexpected</definition>
        <sentenceCount annotated="11" total="170"/>
        <lexeme order="1" headword="false" breakBefore="false" POS="N" name="surprise"/>
    </lexUnit>
</frame>