<?xml version="1.0" encoding="UTF-8" standalone="yes"?>
<?xml-stylesheet type="text/xsl" href="frame.xsl"?>
<frame cBy="MJE" cDate="12/12/2001 07:50:58 PST Wed" name="Knot_creation" ID="247" xsi:schemaLocation="../schema/frame.xsd" xmlns="http://framenet.icsi.berkeley.edu" xmlns:xsi="http://www.w3.org/2001/XMLSchema-instance">
    <definition>&lt;def-root&gt;An &lt;fen&gt;Agent&lt;/fen&gt; creates a &lt;fen&gt;Knot&lt;/fen&gt; (possibly in a &lt;fen&gt;Place&lt;/fen&gt; and/or with an &lt;fen&gt;Instrument&lt;/fen&gt;).&lt;ex&gt;&lt;fex name="Agent"&gt;Loretta&lt;/fex&gt; &lt;t&gt;ties&lt;/t&gt; &lt;fex name="Knot"&gt;the most beautiful bowline I've ever seen&lt;/fex&gt;.&lt;/ex&gt;&lt;ex&gt;If &lt;fex name="Agent"&gt;you&lt;/fex&gt; can  &lt;t&gt;tie&lt;/t&gt;  &lt;fex name="Knot"&gt;a half-hitch&lt;/fex&gt; &lt;fex name="Place"&gt;around the table leg&lt;/fex&gt; &lt;fex name="Instrument"&gt;with only that much string&lt;/fex&gt;...&lt;/ex&gt;&lt;/def-root&gt;</definition>
    <FE bgColor="800080" fgColor="FFFF00" coreType="Core" cBy="MJE" cDate="12/14/2001 02:00:04 PST Fri" abbrev="Agt" name="Agent" ID="2165">
        <definition>&lt;def-root&gt;The Agent is the person performing the intentional act.&lt;/def-root&gt;</definition>
        <semType name="Sentient" ID="5"/>
    </FE>
    <FE bgColor="A9A9A9" fgColor="FFFFFF" coreType="Peripheral" cBy="MJE" cDate="12/14/2001 02:00:06 PST Fri" abbrev="Ins" name="Instrument" ID="2166">
        <definition>&lt;def-root&gt;The &lt;fen&gt;Instrument&lt;/fen&gt; with which a &lt;fen&gt;Knot&lt;/fen&gt; is produced..&lt;/def-root&gt;</definition>
        <semType name="Physical_entity" ID="70"/>
    </FE>
    <FE bgColor="EEE8AA" fgColor="000000" coreType="Peripheral" cBy="MJE" cDate="12/14/2001 02:00:10 PST Fri" abbrev="Place" name="Place" ID="2167">
        <definition>&lt;def-root&gt;Where the event takes place.&lt;/def-root&gt;</definition>
        <semType name="Locative_relation" ID="182"/>
    </FE>
    <FE bgColor="000000" fgColor="FF69B4" coreType="Peripheral" cBy="MJE" cDate="12/14/2001 02:00:15 PST Fri" abbrev="Purp" name="Purpose" ID="2168">
        <definition>&lt;def-root&gt;The purpose for which an intentional act is performed.
John &lt;t&gt;flattered&lt;/t&gt; her &lt;fex name="Purpose"&gt;to receive a raise&lt;/fex&gt;.&lt;/def-root&gt;</definition>
        <semType name="State_of_affairs" ID="177"/>
    </FE>
    <FE bgColor="FFA500" fgColor="000000" coreType="Peripheral" cBy="MJE" cDate="12/14/2001 02:00:17 PST Fri" abbrev="Time" name="Time" ID="2169">
        <definition>&lt;def-root&gt;When the event occurs.&lt;/def-root&gt;</definition>
        <semType name="Time" ID="141"/>
    </FE>
    <FE bgColor="0000FF" fgColor="FFFFFF" coreType="Peripheral" cBy="MJE" cDate="12/14/2001 02:00:19 PST Fri" abbrev="Mns" name="Means" ID="2170">
        <definition>&lt;def-root&gt;An act performed by the &lt;fen&gt;Agent&lt;/fen&gt; by which the creation of the &lt;fen&gt;Knot&lt;/fen&gt; is accomplished.&lt;/def-root&gt;</definition>
        <semType name="State_of_affairs" ID="177"/>
    </FE>
    <FE bgColor="A52A2A" fgColor="FFFFFF" coreType="Core" cBy="MJE" cDate="12/14/2001 02:07:46 PST Fri" abbrev="Knot" name="Knot" ID="2172">
        <definition>&lt;def-root&gt;The stable configuration of a String which results from tying.&lt;/def-root&gt;</definition>
    </FE>
    <FE bgColor="FF00FF" fgColor="FFFFFF" coreType="Peripheral" cBy="MJE" cDate="12/14/2001 02:07:55 PST Fri" abbrev="Manr" name="Manner" ID="2173">
        <definition>&lt;def-root&gt;Manner of performing an action&lt;/def-root&gt;</definition>
        <semType name="Manner" ID="173"/>
    </FE>
    <FE bgColor="9400D3" fgColor="FFFFFF" coreType="Extra-Thematic" cBy="MJE" cDate="07/01/2002 03:31:45 PDT Mon" abbrev="Depict" name="Depictive" ID="3318">
        <definition>&lt;def-root&gt;This FE identifies a depictive phrase describing the actor or undergoer of an action.
We &lt;t&gt;wandered&lt;/t&gt; around &lt;fex name="Depictive"&gt;naked&lt;/fex&gt;.
Cicadas &lt;t&gt;screech&lt;/t&gt; &lt;fex name="Depictive"&gt;unseen from within&lt;/fex&gt;.&lt;/def-root&gt;</definition>
    </FE>
    <frameRelation type="Inherits from">
        <relatedFrame ID="280">Intentionally_create</relatedFrame>
    </frameRelation>
    <frameRelation type="Is Inherited by"/>
    <frameRelation type="Perspective on">
        <relatedFrame ID="1700">Knot_creation_scenario</relatedFrame>
    </frameRelation>
    <frameRelation type="Is Perspectivized in"/>
    <frameRelation type="Uses"/>
    <frameRelation type="Is Used by"/>
    <frameRelation type="Subframe of"/>
    <frameRelation type="Has Subframe(s)"/>
    <frameRelation type="Precedes"/>
    <frameRelation type="Is Preceded by"/>
    <frameRelation type="Is Inchoative of"/>
    <frameRelation type="Is Causative of"/>
    <frameRelation type="See also"/>
    <lexUnit status="Finished_Initial" POS="V" name="tie.v" ID="4509" lemmaID="40394" cBy="MJE" cDate="12/12/2001 07:51:32 PST Wed">
        <definition>FN: to form (a knot)</definition>
        <sentenceCount annotated="27" total="469"/>
        <lexeme order="1" headword="false" breakBefore="false" POS="V" name="tie"/>
    </lexUnit>
</frame>