<?xml version="1.0" encoding="UTF-8" standalone="yes"?>
<?xml-stylesheet type="text/xsl" href="frame.xsl"?>
<frame cBy="JKR" cDate="11/18/2004 08:37:21 PST Thu" name="Labeling" ID="1250" xsi:schemaLocation="../schema/frame.xsd" xmlns="http://framenet.icsi.berkeley.edu" xmlns:xsi="http://www.w3.org/2001/XMLSchema-instance">
    <definition>&lt;def-root&gt;A &lt;fen&gt;Speaker&lt;/fen&gt; uses as a &lt;fen&gt;Label&lt;/fen&gt; to refer to an &lt;fen&gt;Entity&lt;/fen&gt;. The &lt;fen&gt;Label&lt;/fen&gt; is not a conventional name for the &lt;fen&gt;Entity&lt;/fen&gt; but a description categorizing the &lt;fen&gt;Entity&lt;/fen&gt; and thereby  expressing a judgment.

&lt;ex&gt;&lt;fex name="spe"&gt;Some&lt;/fex&gt; &lt;t&gt;labeled&lt;/t&gt; &lt;fex name="ent"&gt;him&lt;/fex&gt; &lt;fex name="lab"&gt;a womanizer&lt;/fex&gt;.&lt;/ex&gt;

&lt;ex&gt;During her lifetime, &lt;fex name="Speaker"&gt;her enemies&lt;/fex&gt; &lt;t&gt;branded&lt;/t&gt; &lt;fex name="Entity"&gt;her&lt;/fex&gt; &lt;fex name="Label"&gt;as a prostitute&lt;/fex&gt;. &lt;/ex&gt;

&lt;/def-root&gt;</definition>
    <FE bgColor="FF0000" fgColor="FFFFFF" coreType="Core" cBy="JKR" cDate="11/18/2004 08:41:28 PST Thu" abbrev="spe" name="Speaker" ID="7242">
        <definition>&lt;def-root&gt;The &lt;fen&gt;Speaker&lt;/fen&gt; is the person who conventionally uses a linguistic sign to refer to an &lt;fen&gt;Entity&lt;/fen&gt;.

&lt;ex&gt;&lt;fex name="spe"&gt;They&lt;/fex&gt; &lt;t&gt;call&lt;/t&gt; it a Mutt Mitt.&lt;/ex&gt;&lt;/def-root&gt;</definition>
        <semType name="Sentient" ID="5"/>
    </FE>
    <FE bgColor="800080" fgColor="FFFFFF" coreType="Core" cBy="JKR" cDate="11/18/2004 08:43:45 PST Thu" abbrev="ent" name="Entity" ID="7243">
        <definition>&lt;def-root&gt;The concrete or abstract thing with which the &lt;fen&gt;Speaker&lt;/fen&gt; has associated a particular linguistic sign.

&lt;ex&gt;He &lt;t&gt;termed&lt;/t&gt; &lt;fex name="ent"&gt;it&lt;/fex&gt; "a pretty incredible discovery" on par with two other 10,000-
to 11,000-year-old specimens&lt;/ex&gt;&lt;/def-root&gt;</definition>
    </FE>
    <FE bgColor="1E90FF" fgColor="FFFFFF" coreType="Core" cBy="JKR" cDate="11/18/2004 08:46:43 PST Thu" abbrev="lab" name="Label" ID="7244">
        <definition>&lt;def-root&gt;The linguistic sign that the &lt;fen&gt;Speaker&lt;/fen&gt; uses to designate the &lt;fen&gt;Entity&lt;/fen&gt;. 

&lt;ex&gt;In Texas, we &lt;t&gt;call&lt;/t&gt; it &lt;fex name="lab"&gt;walking"&lt;/fex&gt;.&lt;/ex&gt;
&lt;ex&gt;Americans &lt;t&gt;call&lt;/t&gt; it &lt;fex name="lab"&gt;a faucet&lt;/fex&gt;. What do the British call it ?&lt;/ex&gt;&lt;/def-root&gt;</definition>
    </FE>
    <FE bgColor="006400" fgColor="FFFFFF" coreType="Peripheral" cBy="JKR" cDate="11/18/2004 08:55:05 PST Thu" abbrev="tim" name="Time" ID="7245">
        <definition>&lt;def-root&gt;A time period in which a &lt;fen&gt;Speaker&lt;/fen&gt; uses the &lt;fen&gt;Label&lt;/fen&gt;.

&lt;ex&gt;&lt;fex name="tim"&gt;Back in the olden days&lt;/fex&gt;, they &lt;t&gt;called&lt;/t&gt; it "Bohemian people."&lt;/ex&gt;&lt;/def-root&gt;</definition>
        <semType name="Time" ID="141"/>
    </FE>
    <FE bgColor="9400D3" fgColor="FFFFFF" coreType="Peripheral" cBy="JKR" cDate="11/18/2004 08:58:10 PST Thu" abbrev="pla" name="Place" ID="7246">
        <definition>&lt;def-root&gt;A physical space whose occupants use the &lt;fen&gt;Label&lt;/fen&gt; to refer to the &lt;fen&gt;Entity&lt;/fen&gt;. 

&lt;ex&gt;I really loved this movie. &lt;fex name="Place"&gt;In France&lt;/fex&gt;, they &lt;t&gt;called&lt;/t&gt; it "Turbo Interceptor".&lt;/ex&gt;&lt;/def-root&gt;</definition>
        <semType name="Locative_relation" ID="182"/>
    </FE>
    <FE bgColor="FFA500" fgColor="FFFFFF" coreType="Core" cBy="JKR" cDate="11/19/2004 09:19:18 PST Fri" abbrev="med" name="Medium" ID="7260">
        <definition>&lt;def-root&gt;A text whose author applies a particular &lt;fen&gt;Label&lt;/fen&gt; to an &lt;fen&gt;Entity&lt;/fen&gt;.

&lt;ex&gt;&lt;fex name="med"&gt;Your article&lt;/fex&gt; &lt;t&gt;labels&lt;/t&gt; him "Republican Senator Jim Exon".&lt;/ex&gt;&lt;/def-root&gt;</definition>
    </FE>
    <FE bgColor="FF69B4" fgColor="000000" coreType="Extra-Thematic" cBy="DYo" cDate="05/26/2009 10:47:28 PDT Tue" abbrev="part" name="Particular_iteration" ID="13176">
        <definition>&lt;def-root&gt;Expressions marked with this extra-thematic FE modify a non-iterative use of the target, and indicate that it is conceived as embedded within an iterated series of similar events or states.&lt;/def-root&gt;</definition>
    </FE>
    <FE bgColor="00BFFF" fgColor="000000" coreType="Extra-Thematic" cBy="DYo" cDate="05/26/2009 02:41:49 PDT Tue" abbrev="" name="Explanation" ID="13177">
        <definition>&lt;def-root&gt;The Explanation denotes a proposition from which the main clause (headed by the target) logically follows.&lt;/def-root&gt;</definition>
    </FE>
    <FE bgColor="90876C" fgColor="000000" coreType="Extra-Thematic" cBy="DYo" cDate="05/26/2009 03:57:56 PDT Tue" abbrev="dura" name="Duration_of_final_state" ID="13178">
        <definition>&lt;def-root&gt;Duration_of_final_state denotes the length of time from the beginning of a state resulting from the activity denoted by the target until the state no longer holds. &lt;/def-root&gt;</definition>
    </FE>
    <FEcoreSet>
        <memberFE name="Medium" ID="7260"/>
        <memberFE name="Speaker" ID="7242"/>
    </FEcoreSet>
    <frameRelation type="Inherits from">
        <relatedFrame ID="1253">Referring_by_name</relatedFrame>
    </frameRelation>
    <frameRelation type="Is Inherited by"/>
    <frameRelation type="Perspective on"/>
    <frameRelation type="Is Perspectivized in"/>
    <frameRelation type="Uses">
        <relatedFrame ID="219">Judgment_communication</relatedFrame>
    </frameRelation>
    <frameRelation type="Is Used by"/>
    <frameRelation type="Subframe of"/>
    <frameRelation type="Has Subframe(s)"/>
    <frameRelation type="Precedes"/>
    <frameRelation type="Is Preceded by"/>
    <frameRelation type="Is Inchoative of"/>
    <frameRelation type="Is Causative of"/>
    <frameRelation type="See also"/>
    <lexUnit status="Finished_Initial" POS="V" name="label.v" ID="11194" lemmaID="21521" cBy="JKR" cDate="11/18/2004 09:01:41 PST Thu">
        <definition>COD: assign to a category, especially inaccurately.</definition>
        <sentenceCount annotated="55" total="138"/>
        <lexeme order="1" headword="false" breakBefore="false" POS="V" name="label"/>
    </lexUnit>
    <lexUnit status="Created" POS="V" name="call.v" ID="11195" lemmaID="5229" cBy="JKR" cDate="11/18/2004 09:02:33 PST Thu">
        <definition>FN: use a particular name or description to refer to</definition>
        <sentenceCount annotated="9" total="10"/>
        <lexeme order="1" headword="false" breakBefore="false" POS="V" name="call"/>
    </lexUnit>
    <lexUnit status="Created" POS="V" name="term.v" ID="11196" lemmaID="39897" cBy="JKR" cDate="11/18/2004 09:05:37 PST Thu">
        <definition>FN: apply a specified label to</definition>
        <sentenceCount annotated="2" total="2"/>
        <lexeme order="1" headword="false" breakBefore="false" POS="V" name="term"/>
    </lexUnit>
    <lexUnit status="Finished_Initial" POS="V" name="brand.v" ID="11229" lemmaID="4435" cBy="JKR" cDate="11/19/2004 02:13:06 PST Fri">
        <definition>COD: mark out as having a particular shameful quality:</definition>
        <sentenceCount annotated="21" total="140"/>
        <lexeme order="1" headword="false" breakBefore="false" POS="V" name="brand"/>
    </lexUnit>
</frame>