<?xml version="1.0" encoding="UTF-8" standalone="yes"?>
<?xml-stylesheet type="text/xsl" href="frame.xsl"?>
<frame cBy="MJE" cDate="02/12/2004 06:41:22 PST Thu" name="Law" ID="950" xsi:schemaLocation="../schema/frame.xsd" xmlns="http://framenet.icsi.berkeley.edu" xmlns:xsi="http://www.w3.org/2001/XMLSchema-instance">
    <definition>&lt;def-root&gt;A &lt;fen&gt;Law&lt;/fen&gt; regulates activities or states of affairs within a &lt;fen&gt;Jurisdiction&lt;/fen&gt;, dictating what &lt;fen&gt;Required&lt;/fen&gt; states should be the case and what &lt;fen&gt;Forbidden&lt;/fen&gt; states should not.  Often it also indicates negative consequences for individuals that violate it, and these negative consequences are generally enforced by some official authority.  They may or may not be created by some official legislative body.

&lt;ex&gt;The new &lt;t&gt;act&lt;/t&gt; &lt;fex name="Forbidden"&gt;banning smoking in public&lt;/fex&gt; will pass soon.&lt;/ex&gt;&lt;/def-root&gt;</definition>
    <FE bgColor="FF69B4" fgColor="FFFFFF" coreType="Core" cBy="MJE" cDate="02/12/2004 06:41:22 PST Thu" abbrev="Law" name="Law" ID="5865">
        <definition>&lt;def-root&gt;This FE identifies the rule designed to guide activity, deprecating some types of activity and/or requiring other types of activity. This FE is incorporated into each LU in this frame.&lt;/def-root&gt;</definition>
        <semType name="Artifact" ID="61"/>
    </FE>
    <FE bgColor="9400D3" fgColor="FFFFFF" coreType="Peripheral" cBy="MJE" cDate="02/12/2004 06:41:22 PST Thu" abbrev="Use" name="Use" ID="5866">
        <definition>&lt;def-root&gt;The use for which a law is intended.

&lt;ex&gt;We brought back a &lt;t&gt;law&lt;/t&gt; &lt;fex name="Use"&gt;to forbid the use of profanity&lt;/fex&gt;.&lt;/ex&gt;&lt;/def-root&gt;</definition>
    </FE>
    <FE bgColor="FF0000" fgColor="FFFFFF" coreType="Peripheral" cBy="MJE" cDate="02/12/2004 06:41:22 PST Thu" abbrev="" name="Creator" ID="5867">
        <definition>&lt;def-root&gt;An individual or individuals that bring the &lt;fen&gt;Law&lt;/fen&gt; into existence.

&lt;ex&gt;But this was forbidden by the &lt;fex name="Creator"&gt;King's&lt;/fex&gt; &lt;t&gt;Law&lt;/t&gt; of 1665.&lt;/ex&gt;&lt;/def-root&gt;</definition>
    </FE>
    <FE bgColor="FFA500" fgColor="FFFFFF" coreType="Peripheral" cBy="MJE" cDate="02/12/2004 06:41:22 PST Thu" abbrev="Time" name="Time_of_creation" ID="5868">
        <definition>&lt;def-root&gt;The time at which a &lt;fen&gt;Law&lt;/fen&gt; comes into existence.

&lt;ex&gt;The &lt;fex name="Time"&gt;1996&lt;/fex&gt; welfare reform &lt;t&gt;act&lt;/t&gt; was a sham.&lt;/ex&gt;&lt;/def-root&gt;</definition>
    </FE>
    <FE bgColor="008000" fgColor="FFFFFF" coreType="Peripheral" cBy="MJE" cDate="02/12/2004 06:41:22 PST Thu" abbrev="" name="Name" ID="5869">
        <definition>&lt;def-root&gt;The term used to refer to a &lt;fen&gt;Law&lt;/fen&gt;.

&lt;ex&gt;Well, they're still in violation of the &lt;fex name="Name"&gt;Sarbanes-Oxley&lt;/fex&gt; &lt;t&gt;Act&lt;/t&gt;.&lt;/ex&gt;&lt;/def-root&gt;</definition>
    </FE>
    <FE bgColor="00008B" fgColor="FFFFFF" coreType="Peripheral" cBy="MJE" cDate="02/12/2004 06:41:22 PST Thu" abbrev="" name="Type" ID="5870">
        <definition>&lt;def-root&gt;An indication of the subtype of &lt;fen&gt;Law&lt;/fen&gt;.

&lt;ex&gt;According to &lt;fex name="Type"&gt;Canon&lt;/fex&gt; &lt;t&gt;Law&lt;/t&gt;, priests may not marry.&lt;/ex&gt;&lt;/def-root&gt;</definition>
    </FE>
    <FE bgColor="A9A9A9" fgColor="FFFFFF" coreType="Peripheral" cBy="MJE" cDate="02/12/2004 06:41:22 PST Thu" abbrev="" name="Part" ID="5871">
        <definition>&lt;def-root&gt;Any indication of what makes up the &lt;fen&gt;Law&lt;/fen&gt;.

&lt;ex&gt;We don't need another &lt;t&gt;law&lt;/t&gt; &lt;fex name="Part"&gt;with 300 subsections&lt;/fex&gt;.&lt;/ex&gt;&lt;/def-root&gt;</definition>
    </FE>
    <FE bgColor="1E90FF" fgColor="FFFFFF" coreType="Core" cBy="MJE" cDate="12/06/2005 03:18:17 PST Tue" abbrev="for" name="Forbidden" ID="9570">
        <definition>&lt;def-root&gt;The state-of-affairs which is disallowed by the &lt;fen&gt;Law&lt;/fen&gt;.

&lt;ex&gt;I think we need a &lt;t&gt;law&lt;/t&gt; &lt;fex name="for"&gt;against all firearms within city limits&lt;/fex&gt;.&lt;/ex&gt;&lt;/def-root&gt;</definition>
    </FE>
    <FE bgColor="800080" fgColor="FFFFFF" coreType="Core" cBy="MJE" cDate="12/06/2005 03:22:52 PST Tue" abbrev="req" name="Required" ID="9571">
        <definition>&lt;def-root&gt;A state-of-affairs which the &lt;fen&gt;Law&lt;/fen&gt; declares must be maintained.

&lt;ex&gt;The &lt;t&gt;law&lt;/t&gt; &lt;fex name="req"&gt;that all minors must be accompanied by an adult&lt;/fex&gt; is a laughingstock.&lt;/ex&gt;&lt;/def-root&gt;</definition>
    </FE>
    <FE bgColor="00BFFF" fgColor="FFFFFF" coreType="Peripheral" cBy="MJE" cDate="12/06/2005 03:28:02 PST Tue" abbrev="jur" name="Jurisdiction" ID="9572">
        <definition>&lt;def-root&gt;The location where a given &lt;fen&gt;Law&lt;/fen&gt; is in force.

&lt;ex&gt;According to &lt;fex name="jur"&gt;Fijian&lt;/fex&gt; &lt;t&gt;law&lt;/t&gt;, no-one may enter the park after sunset.&lt;/ex&gt;

&lt;/def-root&gt;</definition>
    </FE>
    <FE bgColor="EEE8AA" fgColor="000000" coreType="Extra-Thematic" cBy="CVa" cDate="02/10/2012 02:19:28 PST Fri" abbrev="" name="Descriptor" ID="15461">
        <definition>&lt;def-root&gt;Any description of the &lt;fen&gt;Law&lt;/fen&gt; not covered by a more specific frame element.&lt;/def-root&gt;</definition>
    </FE>
    <FEcoreSet>
        <memberFE name="Forbidden" ID="9570"/>
        <memberFE name="Required" ID="9571"/>
    </FEcoreSet>
    <frameRelation type="Inherits from">
        <relatedFrame ID="421">Artifact</relatedFrame>
    </frameRelation>
    <frameRelation type="Is Inherited by"/>
    <frameRelation type="Perspective on"/>
    <frameRelation type="Is Perspectivized in"/>
    <frameRelation type="Uses">
        <relatedFrame ID="298">Text</relatedFrame>
    </frameRelation>
    <frameRelation type="Is Used by">
        <relatedFrame ID="501">Legality</relatedFrame>
        <relatedFrame ID="521">Prohibiting_or_licensing</relatedFrame>
    </frameRelation>
    <frameRelation type="Subframe of"/>
    <frameRelation type="Has Subframe(s)"/>
    <frameRelation type="Precedes"/>
    <frameRelation type="Is Preceded by"/>
    <frameRelation type="Is Inchoative of"/>
    <frameRelation type="Is Causative of"/>
    <frameRelation type="See also"/>
    <lexUnit status="Finished_Initial" incorporatedFE="Law" POS="N" name="law.n" ID="10020" lemmaID="21852" cBy="JKR" cDate="02/13/2004 02:54:52 PST Fri">
        <definition>FN: a rule  recognized by a country or community as regulating the actions of its members and enforced by the imposition of penalties</definition>
        <sentenceCount annotated="27" total="207"/>
        <lexeme order="1" headword="false" breakBefore="false" POS="N" name="law"/>
    </lexUnit>
    <lexUnit status="Created" incorporatedFE="Law" POS="N" name="code.n" ID="10021" lemmaID="7041" cBy="JKR" cDate="02/13/2004 03:07:22 PST Fri">
        <definition>COD: a systematic collection of laws or statutes</definition>
        <sentenceCount annotated="0" total="0"/>
        <lexeme order="1" headword="false" breakBefore="false" POS="N" name="code"/>
    </lexUnit>
    <lexUnit status="Created" incorporatedFE="Law" POS="N" name="protocol.n" ID="10023" lemmaID="48643" cBy="JKR" cDate="02/13/2004 03:22:44 PST Fri">
        <definition>COD: the official procedure or system of rules governing affairs of state or diplomatic occasions</definition>
        <sentenceCount annotated="5" total="6"/>
        <lexeme order="1" headword="true" breakBefore="false" POS="N" name="protocol"/>
    </lexUnit>
    <lexUnit status="Created" incorporatedFE="Law" POS="N" name="act.n" ID="11222" lemmaID="402" cBy="MiL" cDate="11/19/2004 01:27:21 PST Fri">
        <definition>COD: a written ordinance of Parliament, Congress, etc.</definition>
        <sentenceCount annotated="0" total="0"/>
        <lexeme order="1" headword="false" breakBefore="false" POS="N" name="act"/>
    </lexUnit>
    <lexUnit status="Created" incorporatedFE="Law" POS="N" name="statute.n" ID="13056" lemmaID="37890" cBy="MJE" cDate="12/07/2005 10:49:00 PST Wed">
        <definition>COD: a written law passed by a legislative body.</definition>
        <sentenceCount annotated="0" total="0"/>
        <lexeme order="1" headword="false" breakBefore="false" POS="N" name="statute"/>
    </lexUnit>
    <lexUnit status="Finished_Initial" incorporatedFE="Law" POS="N" name="regulation.n" ID="13755" lemmaID="32431" cBy="KmG" cDate="02/22/2007 12:58:00 PST Thu">
        <definition>COD: a rule or directive made and maintained by an authority.</definition>
        <sentenceCount annotated="25" total="190"/>
        <lexeme order="1" headword="false" breakBefore="false" POS="N" name="regulation"/>
    </lexUnit>
    <lexUnit status="Created" incorporatedFE="Law" POS="N" name="regime.n" ID="14028" lemmaID="32394" cBy="KmG" cDate="03/22/2007 02:37:44 PDT Thu">
        <definition>FN: treaty. </definition>
        <sentenceCount annotated="2" total="2"/>
        <lexeme order="1" headword="false" breakBefore="false" POS="N" name="regime"/>
    </lexUnit>
    <lexUnit status="Created" incorporatedFE="Law" POS="N" name="policy.n" ID="14353" lemmaID="29595" cBy="MJE" cDate="04/04/2007 06:34:54 PDT Wed">
        <definition>COD: a course or principle of action adopted or proposed by an organization or individual.</definition>
        <sentenceCount annotated="12" total="12"/>
        <lexeme order="1" headword="false" breakBefore="false" POS="N" name="policy"/>
    </lexUnit>
    <lexUnit status="Created" incorporatedFE="Law" POS="N" name="order.n" ID="16881" lemmaID="26907" cBy="CVa" cDate="02/08/2012 10:36:04 PST Wed">
        <definition>FN: a rule or body of rules which govern an assembly</definition>
        <sentenceCount annotated="3" total="3"/>
        <lexeme order="1" headword="false" breakBefore="false" POS="N" name="order"/>
    </lexUnit>
</frame>