<?xml version="1.0" encoding="UTF-8" standalone="yes"?>
<?xml-stylesheet type="text/xsl" href="frame.xsl"?>
<frame cBy="RLG" cDate="09/21/2011 01:49:56 PDT Wed" name="Law_enforcement_agency" ID="2656" xsi:schemaLocation="../schema/frame.xsd" xmlns="http://framenet.icsi.berkeley.edu" xmlns:xsi="http://www.w3.org/2001/XMLSchema-instance">
    <definition>&lt;def-root&gt;A law enforcement &lt;fen&gt;Agency&lt;/fen&gt; is tasked by a government with guaranteeing compliance with the laws in a particular Jurisdiction.

&lt;ex&gt;She works for the &lt;fex name="Jurisdiction"&gt;Oakland&lt;/fex&gt; &lt;fex name="Agency"&gt;&lt;t&gt;police&lt;/t&gt;&lt;/fex&gt;.&lt;/ex&gt;&lt;/def-root&gt;</definition>
    <FE bgColor="0000FF" fgColor="FFFFFF" coreType="Core" cBy="RLG" cDate="09/21/2011 01:49:56 PDT Wed" abbrev="age" name="Agency" ID="15016">
        <definition>&lt;def-root&gt;The &lt;fen&gt;Agency&lt;/fen&gt; is a part of the government dedicated to enforcing the laws of the government's jurisdiction.&lt;/def-root&gt;</definition>
        <semType name="Group" ID="76"/>
    </FE>
    <FE bgColor="FF0000" fgColor="FFFFFF" coreType="Peripheral" cBy="RLG" cDate="09/21/2011 01:49:56 PDT Wed" abbrev="mem" name="Members" ID="15017">
        <definition>&lt;def-root&gt;A person belonging to the &lt;fen&gt;Agency&lt;/fen&gt;.&lt;/def-root&gt;</definition>
        <semType name="Human" ID="80"/>
    </FE>
    <FE bgColor="2E8B57" fgColor="FFFFFF" coreType="Peripheral" cBy="RLG" cDate="09/21/2011 01:49:56 PDT Wed" abbrev="pur" name="Purpose" ID="15018">
        <definition>&lt;def-root&gt;The reason for which the &lt;fen&gt;Agency&lt;/fen&gt; is formed or the purpose to which it is dedicated. This FE is for expressions that indicate more specific purposes than the general one(s) indicated by the target itself.&lt;/def-root&gt;</definition>
        <semType name="State_of_affairs" ID="177"/>
    </FE>
    <FE bgColor="800080" fgColor="FFFFFF" coreType="Extra-Thematic" cBy="RLG" cDate="09/21/2011 01:49:56 PDT Wed" abbrev="per" name="Period_of_existence" ID="15019">
        <definition>&lt;def-root&gt;The interval during which the &lt;fen&gt;Agency&lt;/fen&gt; exists.&lt;/def-root&gt;</definition>
    </FE>
    <FE bgColor="FFFF00" fgColor="000000" coreType="Extra-Thematic" cBy="RLG" cDate="09/21/2011 01:49:56 PDT Wed" abbrev="nam" name="Name" ID="15020">
        <definition>&lt;def-root&gt;A name given to the &lt;fen&gt;Agency&lt;/fen&gt; for identification.&lt;/def-root&gt;</definition>
    </FE>
    <FE bgColor="FF69B4" fgColor="FFFFFF" coreType="Peripheral" cBy="RLG" cDate="09/21/2011 01:49:56 PDT Wed" abbrev="pl" name="Place" ID="15021">
        <definition>&lt;def-root&gt;This FE describes the general location where the &lt;fen&gt;Agency&lt;/fen&gt; operates, but does not indicate the jurisdiction of the &lt;fen&gt;Agency&lt;/fen&gt;.&lt;/def-root&gt;</definition>
        <semType name="Locative_relation" ID="182"/>
    </FE>
    <FE bgColor="FFA500" fgColor="000000" coreType="Extra-Thematic" cBy="RLG" cDate="09/21/2011 01:49:56 PDT Wed" abbrev="des" name="Descriptor" ID="15022">
        <definition>&lt;def-root&gt;Any description of the &lt;fen&gt;Agency&lt;/fen&gt; not covered by a more specific frame element.&lt;/def-root&gt;</definition>
    </FE>
    <FE bgColor="808080" fgColor="FFFFFF" coreType="Core" cBy="RLG" cDate="09/21/2011 02:10:07 PDT Wed" abbrev="jur" name="Jurisdiction" ID="15024">
        <definition>&lt;def-root&gt;The &lt;fen&gt;Agency&lt;/fen&gt; is charged with enforcing the laws of and within a particular &lt;fen&gt;Jurisdiction&lt;/fen&gt;.&lt;/def-root&gt;</definition>
    </FE>
    <frameRelation type="Inherits from">
        <relatedFrame ID="2655">Government_institution</relatedFrame>
    </frameRelation>
    <frameRelation type="Is Inherited by"/>
    <frameRelation type="Perspective on"/>
    <frameRelation type="Is Perspectivized in"/>
    <frameRelation type="Uses"/>
    <frameRelation type="Is Used by"/>
    <frameRelation type="Subframe of"/>
    <frameRelation type="Has Subframe(s)"/>
    <frameRelation type="Precedes"/>
    <frameRelation type="Is Preceded by"/>
    <frameRelation type="Is Inchoative of"/>
    <frameRelation type="Is Causative of"/>
    <frameRelation type="See also"/>
    <lexUnit status="Created" POS="N" name="police.n" ID="16626" lemmaID="29590" cBy="RLG" cDate="09/21/2011 02:11:24 PDT Wed">
        <definition>FN: an organization that enforces the law.</definition>
        <sentenceCount annotated="2" total="2"/>
        <lexeme order="1" headword="false" breakBefore="false" POS="N" name="police"/>
    </lexUnit>
    <lexUnit status="Created" POS="N" name="police department.n" ID="16627" lemmaID="51409" cBy="RLG" cDate="09/21/2011 02:12:21 PDT Wed">
        <definition>FN: a policing organization.</definition>
        <sentenceCount annotated="0" total="0"/>
        <lexeme order="1" headword="false" breakBefore="false" POS="N" name="police"/>
        <lexeme order="2" headword="true" breakBefore="false" POS="N" name="department"/>
    </lexUnit>
    <lexUnit status="Created" POS="N" name="fire department.n" ID="17520" lemmaID="51701" cBy="WMcQ" cDate="07/07/2014 11:33:08 PDT Mon">
        <definition>FN: a department in charge of enforcing public fire safety, response, and protection law</definition>
        <sentenceCount annotated="2" total="2"/>
        <lexeme order="1" headword="false" breakBefore="false" POS="N" name="fire"/>
        <lexeme order="2" headword="true" breakBefore="false" POS="N" name="department"/>
    </lexUnit>
</frame>