<?xml version="1.0" encoding="UTF-8" standalone="yes"?>
<?xml-stylesheet type="text/xsl" href="frame.xsl"?>
<frame cBy="ChW" cDate="02/07/2001 04:12:24 PST Wed" name="Leadership" ID="73" xsi:schemaLocation="../schema/frame.xsd" xmlns="http://framenet.icsi.berkeley.edu" xmlns:xsi="http://www.w3.org/2001/XMLSchema-instance">
    <definition>&lt;def-root&gt;These are words referring to control by a &lt;fen&gt;Leader&lt;/fen&gt; over a particular entity  or group (the &lt;fen&gt;Governed&lt;/fen&gt;) or an &lt;fen&gt;Activity&lt;/fen&gt;. The frame contains both nouns referring to a title or position (e.g. &lt;ment&gt;director, king, president&lt;/ment&gt;), and verbs describing the action of leadership (e.g. &lt;ment&gt;rule, reign&lt;/ment&gt;). With verbs, it is possible to mention the &lt;fen&gt;Role&lt;/fen&gt; played by the &lt;fen&gt;Leader&lt;/fen&gt; (often a name of a leading position, e.g., &lt;ment&gt;king&lt;/ment&gt;)

&lt;ex&gt;&lt;fex name="lea"&gt;Sebek em hat&lt;/fex&gt; &lt;m&gt;was&lt;/m&gt; a &lt;t&gt;Leader&lt;/t&gt; &lt;fex name="gov"&gt;of Priests&lt;/fex&gt;. ca. 1780 BC&lt;/ex&gt;
&lt;ex&gt;&lt;fex name="Time"&gt;In 1789&lt;/fex&gt; &lt;fex name="Leader"&gt;Fletcher Christian&lt;/fex&gt; &lt;t&gt;led&lt;/t&gt; &lt;fex name="Activity"&gt;the mutiny on HMS Bounty&lt;/fex&gt;&lt;/ex&gt;
&lt;ex&gt;&lt;fex name="Leader"&gt;Louis XIV&lt;/fex&gt; &lt;t&gt;ruled&lt;/t&gt; &lt;fex name="Governed"&gt;over his people&lt;/fex&gt; &lt;fex name="Role"&gt;as king&lt;/fex&gt; &lt;fex name="Duration"&gt;for the longest period of any European monarch&lt;/fex&gt;.&lt;/ex&gt;
Compare to: Appellations. &lt;/def-root&gt;</definition>
    <FE bgColor="FF0000" fgColor="FFFFFF" coreType="Core" cBy="ChW" cDate="02/07/2001 04:12:24 PST Wed" abbrev="lea" name="Leader" ID="347">
        <definition>&lt;def-root&gt;The &lt;fen&gt;Leader&lt;/fen&gt; is the one who has the role of leading.  With verbs, and with predicate nominals linking an individual to a &lt;fen&gt;Role&lt;/fen&gt;, the &lt;fen&gt;Leader&lt;/fen&gt; is usually the External Argument: 
&lt;ex&gt;&lt;fex name="Leader"&gt;King Hussein&lt;/fex&gt; &lt;t&gt;ruled&lt;/t&gt; Jordan.&lt;/ex&gt; 
&lt;ex&gt;&lt;fex name="Leader"&gt;Hussein&lt;/fex&gt; was &lt;t&gt;King&lt;/t&gt; of Jordan.&lt;/ex&gt; 
With leadership nouns, the frame element &lt;fen&gt;Leader&lt;/fen&gt; is most frequently instantiated by the target itself.
&lt;ex&gt;The &lt;fex name="Leader"&gt;&lt;t&gt;queen&lt;/t&gt;&lt;/fex&gt; announced her upcoming visit to Belgium.&lt;/ex&gt; &lt;/def-root&gt;</definition>
    </FE>
    <FE bgColor="00BFFF" fgColor="FFFFFF" coreType="Core" cBy="ChW" cDate="02/07/2001 04:12:25 PST Wed" abbrev="Role" name="Role" ID="349">
        <definition>&lt;def-root&gt;The role played by the &lt;fen&gt;Leader&lt;/fen&gt; in a given situation, often an official title; incorporated in most noun LUsin this frame. When expressed separately from the target, &lt;fen&gt;Role&lt;/fen&gt; usually occurs in a PP Complement headed by &lt;ment&gt;as&lt;/ment&gt;.

&lt;ex&gt;Hussein &lt;t&gt;reigned&lt;/t&gt; &lt;fex name="Role"&gt;as King of Jordan&lt;/fex&gt;&lt;/ex&gt;&lt;/def-root&gt;</definition>
    </FE>
    <FE bgColor="7FFF00" fgColor="000000" coreType="Peripheral" cBy="ChW" cDate="02/07/2001 04:12:25 PST Wed" abbrev="Dur" name="Duration" ID="350">
        <definition>&lt;def-root&gt;Leadership by any particular individual is frequently limited in time, which is noted here as &lt;fen&gt;Duration&lt;/fen&gt;.   &lt;fen&gt;Duration&lt;/fen&gt; usually occurs in a PP Complement.
&lt;ex&gt;She &lt;t&gt;reigned&lt;/t&gt; &lt;fex name="Duration"&gt;for 3 years&lt;/fex&gt;.&lt;/ex&gt; &lt;/def-root&gt;</definition>
        <semType name="Duration" ID="142"/>
    </FE>
    <FE bgColor="9400D3" fgColor="FFFFFF" coreType="Extra-Thematic" cBy="MJE" cDate="07/17/2001 02:10:29 PDT Tue" abbrev="Dep" name="Depictive" ID="1470">
        <definition>&lt;def-root&gt;&lt;fen&gt;Depictive&lt;/fen&gt; refers to that which describes one of the participants in the leadership relationship.

&lt;ex&gt;He &lt;t&gt;led&lt;/t&gt; them for a thousand years, &lt;fex name="Dep"&gt;strong, bold, and deathless&lt;/fex&gt;.&lt;/ex&gt;&lt;/def-root&gt;</definition>
    </FE>
    <FE bgColor="FF00FF" fgColor="FFFFFF" coreType="Peripheral" cBy="MJE" cDate="07/17/2001 02:10:29 PDT Tue" abbrev="Manr" name="Manner" ID="1471">
        <definition>&lt;def-root&gt;&lt;fen&gt;Manner&lt;/fen&gt; refers to the style/way in which the leadership is asserted.

&lt;ex&gt;Alternative and orthodox practitioners &lt;t&gt;reign&lt;/t&gt; &lt;fex name="Manner"&gt;harmoniously&lt;/fex&gt; &lt;fex name="Manner"&gt;side by side&lt;/fex&gt;.&lt;/ex&gt;&lt;/def-root&gt;</definition>
        <semType name="Manner" ID="173"/>
    </FE>
    <FE bgColor="A52A2A" fgColor="FFFFFF" coreType="Peripheral" cBy="MJE" cDate="07/17/2001 02:10:29 PDT Tue" abbrev="Mns" name="Means" ID="1472">
        <definition>&lt;def-root&gt;&lt;fen&gt;Means&lt;/fen&gt; identifies act(s) performed by the &lt;fen&gt;Leader&lt;/fen&gt; through which leadership is maintained.
&lt;ex&gt;He &lt;t&gt;ruled&lt;/t&gt; &lt;fex name="Mns"&gt;by sheer brutality and intimidation&lt;/fex&gt;.&lt;/ex&gt;
&lt;ex&gt;Napolean &lt;t&gt;reigned&lt;/t&gt; &lt;fex name="Mns"&gt;by the grace of God and the will of the people&lt;/fex&gt;.&lt;/ex&gt;&lt;/def-root&gt;</definition>
        <semType name="State_of_affairs" ID="177"/>
    </FE>
    <FE bgColor="FF69B4" fgColor="FFFFFF" coreType="Peripheral" cBy="MJE" cDate="07/17/2001 02:20:28 PDT Tue" abbrev="Degr" name="Degree" ID="1479">
        <definition>&lt;def-root&gt;The &lt;fen&gt;Degree&lt;/fen&gt; to which leadership is asserted.&lt;/def-root&gt;</definition>
        <semType name="Degree" ID="172"/>
    </FE>
    <FE bgColor="FFA500" fgColor="FFFFFF" coreType="Peripheral" cBy="hmC" cDate="05/28/2003 12:04:11 PDT Wed" abbrev="Tim" name="Time" ID="4506">
        <definition>&lt;def-root&gt;&lt;fen&gt;Time&lt;/fen&gt; refers to the point in time that the leadership took place.

&lt;ex&gt;The general &lt;t&gt;led&lt;/t&gt; his troops into battle &lt;fex name="Time"&gt;on June 22, 1883&lt;/fex&gt;.&lt;/ex&gt;

&lt;/def-root&gt;</definition>
        <semType name="Time" ID="141"/>
    </FE>
    <FE bgColor="0000FF" fgColor="FFFFFF" coreType="Core" cBy="JKR" cDate="05/13/2004 01:49:28 PDT Thu" abbrev="gov" name="Governed" ID="6431">
        <definition>&lt;def-root&gt;The entity whose actions or beliefs the &lt;fen&gt;Leader&lt;/fen&gt; directs in the context of a joint activity or movement.  This entity can be a political body, a person, or a group of people.

&lt;ex&gt;Cyprus Turks turn against &lt;fex name="gov"&gt;their&lt;/fex&gt; &lt;t&gt;leader&lt;/t&gt;&lt;/ex&gt;
&lt;ex&gt;Naoto Kan is the new &lt;t&gt;leader&lt;/t&gt; &lt;fex name="gov"&gt;of the Democratic Party of Japan&lt;/fex&gt;.&lt;/ex&gt;
&lt;ex&gt;King Hussein &lt;t&gt;ruled&lt;/t&gt; &lt;fex name="gov"&gt;Jordan&lt;/fex&gt;.&lt;/ex&gt;&lt;/def-root&gt;</definition>
    </FE>
    <FE bgColor="008000" fgColor="FFFFFF" coreType="Peripheral" cBy="JKR" cDate="07/19/2004 05:06:50 PDT Mon" abbrev="des" name="Descriptor" ID="6967">
        <definition>&lt;def-root&gt;The &lt;fen&gt;Descriptor&lt;/fen&gt; is a temporary condition of the &lt;fen&gt;Leader&lt;/fen&gt;.

&lt;ex&gt;A &lt;fex name="des"&gt;nervous&lt;/fex&gt; &lt;t&gt;governor&lt;/t&gt; stepped up to the lectern to give his speech.&lt;/ex&gt;&lt;/def-root&gt;</definition>
    </FE>
    <FE bgColor="00008B" fgColor="FFFFFF" coreType="Peripheral" cBy="KmG" cDate="08/25/2006 12:20:31 PDT Fri" abbrev="Typ" name="Type" ID="10582">
        <definition>&lt;def-root&gt;This FE indicates what subtype of the general category the &lt;fen&gt;Leader&lt;/fen&gt; belongs to.&lt;/def-root&gt;</definition>
    </FE>
    <FE bgColor="2E8B57" fgColor="FFFFFF" coreType="Extra-Thematic" cBy="KmG" cDate="10/30/2007 11:56:57 PDT Tue" abbrev="Dom" name="Domain" ID="12033">
        <definition>&lt;def-root&gt;The relevant &lt;fen&gt;Domain&lt;/fen&gt; within which the &lt;fen&gt;Leader&lt;/fen&gt; rules.  This includes a specification of a country that the &lt;fen&gt;Leader&lt;/fen&gt; serves (Iranian &lt;t&gt;officials&lt;/t&gt;) or any other organizations that the &lt;fen&gt;Leader&lt;/fen&gt; acts as part of (congressional &lt;t&gt;representative&lt;/t&gt;; several &lt;t&gt;directors&lt;/t&gt; from UNHCR).&lt;/def-root&gt;</definition>
    </FE>
    <FE bgColor="808080" fgColor="FFFFFF" coreType="Core" cBy="JKs" cDate="08/27/2008 10:44:38 PDT Wed" abbrev="act" name="Activity" ID="13068">
        <definition>&lt;def-root&gt;The &lt;fen&gt;Leader&lt;/fen&gt; directs the &lt;fen&gt;Activity&lt;/fen&gt;.

&lt;ex&gt;The captain's cousin &lt;t&gt;led&lt;/t&gt; &lt;fex name="Activity"&gt;the mutiny&lt;/fex&gt;.&lt;/ex&gt;
&lt;ex&gt;John Cage is one of the &lt;t&gt;leaders&lt;/t&gt; &lt;fex name="Activity"&gt;of the minimalist music movement&lt;/fex&gt;.&lt;/ex&gt;&lt;/def-root&gt;</definition>
        <semType name="Activity" ID="8"/>
    </FE>
    <FE bgColor="d0d0d0" fgColor="000000" coreType="Peripheral" cBy="CVa" cDate="01/17/2012 11:00:46 PST Tue" abbrev="Place" name="Place" ID="15408">
        <definition>&lt;def-root&gt;The locale from which the &lt;fen&gt;Leader&lt;/fen&gt; leads the &lt;fen&gt;Governed&lt;/fen&gt; or the &lt;fen&gt;Activity&lt;/fen&gt;.

&lt;ex&gt;He &lt;t&gt;ruled&lt;/t&gt; the west &lt;fex name="Place"&gt;from his palace in Milan&lt;/fex&gt;.&lt;/ex&gt;&lt;/def-root&gt;</definition>
    </FE>
    <FEcoreSet>
        <memberFE name="Activity" ID="13068"/>
        <memberFE name="Governed" ID="6431"/>
    </FEcoreSet>
    <FEcoreSet>
        <memberFE name="Role" ID="349"/>
        <memberFE name="Leader" ID="347"/>
    </FEcoreSet>
    <frameRelation type="Inherits from"/>
    <frameRelation type="Is Inherited by"/>
    <frameRelation type="Perspective on"/>
    <frameRelation type="Is Perspectivized in"/>
    <frameRelation type="Uses"/>
    <frameRelation type="Is Used by">
        <relatedFrame ID="195">Political_locales</relatedFrame>
    </frameRelation>
    <frameRelation type="Subframe of"/>
    <frameRelation type="Has Subframe(s)"/>
    <frameRelation type="Precedes"/>
    <frameRelation type="Is Preceded by"/>
    <frameRelation type="Is Inchoative of"/>
    <frameRelation type="Is Causative of"/>
    <frameRelation type="See also">
        <relatedFrame ID="2390">Appellations</relatedFrame>
    </frameRelation>
    <lexUnit status="FN1_Sent" incorporatedFE="Role" POS="N" name="bishop.n" ID="1573" lemmaID="3673" cBy="ChW" cDate="02/08/2001 01:30:05 PST Thu">
        <definition>COD: a senior member of the Christian clergy, usually in charge of a diocese and empowered to confer holy orders.</definition>
        <sentenceCount annotated="17" total="123"/>
        <lexeme order="1" headword="false" breakBefore="false" POS="N" name="bishop"/>
    </lexUnit>
    <lexUnit status="FN1_Sent" incorporatedFE="Role" POS="N" name="boss.n" ID="1574" lemmaID="4257" cBy="ChW" cDate="02/08/2001 01:30:05 PST Thu">
        <definition>COD: a person who is in charge of an employee or organization. </definition>
        <sentenceCount annotated="33" total="190"/>
        <lexeme order="1" headword="false" breakBefore="false" POS="N" name="boss"/>
    </lexUnit>
    <lexUnit status="FN1_Sent" incorporatedFE="Role" POS="N" name="captain.n" ID="1575" lemmaID="5472" cBy="ChW" cDate="02/08/2001 01:30:05 PST Thu">
        <definition>FN: the person in command (of a ship, airplane, sports team, etc).</definition>
        <sentenceCount annotated="28" total="173"/>
        <lexeme order="1" headword="false" breakBefore="false" POS="N" name="captain"/>
    </lexUnit>
    <lexUnit status="FN1_Sent" incorporatedFE="Role" POS="N" name="chairman.n" ID="1576" lemmaID="5992" cBy="ChW" cDate="02/08/2001 01:30:05 PST Thu">
        <definition>COD: a person in charge of a meeting, committee, company, or other organization. </definition>
        <sentenceCount annotated="30" total="177"/>
        <lexeme order="1" headword="false" breakBefore="false" POS="N" name="chairman"/>
    </lexUnit>
    <lexUnit status="FN1_Sent" incorporatedFE="Role" POS="N" name="chairperson.n" ID="1577" lemmaID="5994" cBy="ChW" cDate="02/08/2001 01:30:05 PST Thu">
        <definition>COD: a chairman or chairwoman (used as a neutral alternative). </definition>
        <sentenceCount annotated="13" total="52"/>
        <lexeme order="1" headword="false" breakBefore="false" POS="N" name="chairperson"/>
    </lexUnit>
    <lexUnit status="FN1_Sent" incorporatedFE="Role" POS="N" name="chief.n" ID="1578" lemmaID="6280" cBy="ChW" cDate="02/08/2001 01:30:05 PST Thu">
        <definition>COD: the head of an organization. </definition>
        <sentenceCount annotated="45" total="185"/>
        <lexeme order="1" headword="false" breakBefore="false" POS="N" name="chief"/>
    </lexUnit>
    <lexUnit status="FN1_Sent" incorporatedFE="Role" POS="N" name="chieftain.n" ID="1579" lemmaID="6283" cBy="ChW" cDate="02/08/2001 01:30:05 PST Thu">
        <definition>COD: the leader of a people or clan. </definition>
        <sentenceCount annotated="16" total="57"/>
        <lexeme order="1" headword="false" breakBefore="false" POS="N" name="chieftain"/>
    </lexUnit>
    <lexUnit status="FN1_Sent" POS="V" name="command.v" ID="1580" lemmaID="7320" cBy="ChW" cDate="02/08/2001 01:30:05 PST Thu">
        <definition>COD: be in charge of.</definition>
        <sentenceCount annotated="21" total="213"/>
        <lexeme order="1" headword="false" breakBefore="false" POS="V" name="command"/>
    </lexUnit>
    <lexUnit status="FN1_Sent" incorporatedFE="Role" POS="N" name="commandant.n" ID="1581" lemmaID="7321" cBy="ChW" cDate="02/08/2001 01:30:06 PST Thu">
        <definition>COD: an officer in charge of a particular force or institution. </definition>
        <sentenceCount annotated="17" total="54"/>
        <lexeme order="1" headword="false" breakBefore="false" POS="N" name="commandant"/>
    </lexUnit>
    <lexUnit status="FN1_Sent" incorporatedFE="Role" POS="N" name="commander.n" ID="1582" lemmaID="7323" cBy="ChW" cDate="02/08/2001 01:30:06 PST Thu">
        <definition>COD: a person in authority, especially in a military context. </definition>
        <sentenceCount annotated="31" total="176"/>
        <lexeme order="1" headword="false" breakBefore="false" POS="N" name="commander"/>
    </lexUnit>
    <lexUnit status="Finished_Initial" incorporatedFE="Role" POS="N" name="director.n" ID="1583" lemmaID="10759" cBy="ChW" cDate="02/08/2001 01:30:06 PST Thu">
        <definition>COD:  person who is in charge of an activity, department, or organization. </definition>
        <sentenceCount annotated="39" total="224"/>
        <lexeme order="1" headword="false" breakBefore="false" POS="N" name="director"/>
    </lexUnit>
    <lexUnit status="FN1_Sent" incorporatedFE="Role" POS="N" name="emperor.n" ID="1584" lemmaID="12616" cBy="ChW" cDate="02/08/2001 01:30:06 PST Thu">
        <definition>COD: the ruler of an empire.</definition>
        <sentenceCount annotated="24" total="107"/>
        <lexeme order="1" headword="false" breakBefore="false" POS="N" name="emperor"/>
    </lexUnit>
    <lexUnit status="Finished_Initial" incorporatedFE="Role" POS="N" name="general.n" ID="1585" lemmaID="16059" cBy="ChW" cDate="02/08/2001 01:30:06 PST Thu">
        <definition>COD: a commander of an army, or an army officer ranking above lieutenant general.</definition>
        <sentenceCount annotated="8" total="148"/>
        <lexeme order="1" headword="false" breakBefore="false" POS="N" name="general"/>
    </lexUnit>
    <lexUnit status="FN1_Sent" POS="V" name="govern.v" ID="1586" lemmaID="16607" cBy="ChW" cDate="02/08/2001 01:30:06 PST Thu">
        <definition>COD: conduct the policy and affairs of (a state, organization, or people). </definition>
        <sentenceCount annotated="17" total="215"/>
        <lexeme order="1" headword="false" breakBefore="false" POS="V" name="govern"/>
    </lexUnit>
    <lexUnit status="FN1_Sent" incorporatedFE="Role" POS="N" name="governor.n" ID="1587" lemmaID="16614" cBy="ChW" cDate="02/08/2001 01:30:06 PST Thu">
        <definition>FN: head of a public institution or a state, district, etc.</definition>
        <sentenceCount annotated="38" total="185"/>
        <lexeme order="1" headword="false" breakBefore="false" POS="N" name="governor"/>
    </lexUnit>
    <lexUnit status="FN1_Sent" incorporatedFE="Role" POS="N" name="head.n" ID="1588" lemmaID="17624" cBy="ChW" cDate="02/08/2001 01:30:06 PST Thu">
        <definition>COD: a person in charge; a director or leader. </definition>
        <sentenceCount annotated="24" total="209"/>
        <lexeme order="1" headword="false" breakBefore="false" POS="N" name="head"/>
    </lexUnit>
    <lexUnit status="FN1_Sent" POS="V" name="head.v" ID="1589" lemmaID="17625" cBy="ChW" cDate="02/08/2001 01:30:06 PST Thu">
        <definition>COD: be or act as the head of. </definition>
        <sentenceCount annotated="19" total="192"/>
        <lexeme order="1" headword="false" breakBefore="false" POS="V" name="head"/>
    </lexUnit>
    <lexUnit status="FN1_Sent" incorporatedFE="Role" POS="N" name="imam.n" ID="1590" lemmaID="19017" cBy="ChW" cDate="02/08/2001 01:30:06 PST Thu">
        <definition>COD: the person who leads prayers in a mosque. </definition>
        <sentenceCount annotated="11" total="36"/>
        <lexeme order="1" headword="false" breakBefore="false" POS="N" name="imam"/>
    </lexUnit>
    <lexUnit status="FN1_Sent" incorporatedFE="Role" POS="N" name="king.n" ID="1591" lemmaID="21340" cBy="ChW" cDate="02/08/2001 01:30:06 PST Thu">
        <definition>COD: the male ruler of an independent state, especially one who inherits the position by right of birth.</definition>
        <sentenceCount annotated="21" total="144"/>
        <lexeme order="1" headword="false" breakBefore="false" POS="N" name="king"/>
    </lexUnit>
    <lexUnit status="FN1_Sent" POS="V" name="lead.v" ID="1592" lemmaID="21907" cBy="ChW" cDate="02/08/2001 01:30:07 PST Thu">
        <definition>COD: be in charge or command of.</definition>
        <sentenceCount annotated="39" total="362"/>
        <lexeme order="1" headword="false" breakBefore="false" POS="V" name="lead"/>
    </lexUnit>
    <lexUnit status="FN1_Sent" POS="N" name="leader.n" ID="1593" lemmaID="21910" cBy="ChW" cDate="02/08/2001 01:30:07 PST Thu">
        <definition>COD: the person who leads, commands, or precedes a group, organization, or country.</definition>
        <sentenceCount annotated="52" total="226"/>
        <lexeme order="1" headword="false" breakBefore="false" POS="N" name="leader"/>
    </lexUnit>
    <lexUnit status="FN1_Sent" incorporatedFE="Role" POS="N" name="mayor.n" ID="1594" lemmaID="23769" cBy="ChW" cDate="02/08/2001 01:30:07 PST Thu">
        <definition>COD: the elected head of the municipal corporation of a city or borough. </definition>
        <sentenceCount annotated="25" total="142"/>
        <lexeme order="1" headword="false" breakBefore="false" POS="N" name="mayor"/>
    </lexUnit>
    <lexUnit status="FN1_Sent" incorporatedFE="Role" POS="N" name="minister.n" ID="1595" lemmaID="24400" cBy="ChW" cDate="02/08/2001 01:30:07 PST Thu">
        <definition>COD: a head of a government department. </definition>
        <sentenceCount annotated="33" total="215"/>
        <lexeme order="1" headword="false" breakBefore="false" POS="N" name="minister"/>
    </lexUnit>
    <lexUnit status="FN1_Sent" incorporatedFE="Role" POS="N" name="monarch.n" ID="1596" lemmaID="24752" cBy="ChW" cDate="02/08/2001 01:30:07 PST Thu">
        <definition>COD: a sovereign head of state, especially a king, queen, or emperor. </definition>
        <sentenceCount annotated="12" total="93"/>
        <lexeme order="1" headword="false" breakBefore="false" POS="N" name="monarch"/>
    </lexUnit>
    <lexUnit status="FN1_Sent" incorporatedFE="Role" POS="N" name="premier.n" ID="1597" lemmaID="30212" cBy="ChW" cDate="02/08/2001 01:30:07 PST Thu">
        <definition>COD: a Prime Minister or other head of government. </definition>
        <sentenceCount annotated="14" total="126"/>
        <lexeme order="1" headword="false" breakBefore="false" POS="N" name="premier"/>
    </lexUnit>
    <lexUnit status="FN1_Sent" POS="V" name="preside.v" ID="1598" lemmaID="30307" cBy="ChW" cDate="02/08/2001 01:30:07 PST Thu">
        <definition>COD: be in a position of authority in a meeting, court, etc; be in charge of (a situation).</definition>
        <sentenceCount annotated="22" total="124"/>
        <lexeme order="1" headword="false" breakBefore="false" POS="V" name="preside"/>
    </lexUnit>
    <lexUnit status="FN1_Sent" incorporatedFE="Role" POS="N" name="president [political].n" ID="1599" lemmaID="30309" cBy="ChW" cDate="02/08/2001 01:30:07 PST Thu">
        <definition>COD: the elected head of a republican state. </definition>
        <sentenceCount annotated="86" total="231"/>
        <lexeme order="1" headword="false" breakBefore="false" POS="N" name="president"/>
    </lexUnit>
    <lexUnit status="FN1_Sent" incorporatedFE="Role" POS="N" name="principal.n" ID="1600" lemmaID="30461" cBy="ChW" cDate="02/08/2001 01:30:07 PST Thu">
        <definition>FN: the head or senior person in an organization or group, especially a school or collge.</definition>
        <sentenceCount annotated="22" total="123"/>
        <lexeme order="1" headword="false" breakBefore="false" POS="N" name="principal"/>
    </lexUnit>
    <lexUnit status="FN1_Sent" incorporatedFE="Role" POS="N" name="queen.n" ID="1601" lemmaID="31466" cBy="ChW" cDate="02/08/2001 01:30:07 PST Thu">
        <definition>COD: the female ruler of an independent state, especially one who inherits the position by right of birth. </definition>
        <sentenceCount annotated="15" total="123"/>
        <lexeme order="1" headword="false" breakBefore="false" POS="N" name="queen"/>
    </lexUnit>
    <lexUnit status="FN1_Sent" POS="V" name="reign.v" ID="1602" lemmaID="32450" cBy="ChW" cDate="02/08/2001 01:30:07 PST Thu">
        <definition>COD: rule as monarch. </definition>
        <sentenceCount annotated="25" total="155"/>
        <lexeme order="1" headword="false" breakBefore="false" POS="V" name="reign"/>
    </lexUnit>
    <lexUnit status="FN1_Sent" POS="V" name="rule.v" ID="1603" lemmaID="33744" cBy="ChW" cDate="02/08/2001 01:30:08 PST Thu">
        <definition>COD: exercise ultimate power over (a people or nation). </definition>
        <sentenceCount annotated="83" total="307"/>
        <lexeme order="1" headword="false" breakBefore="false" POS="V" name="rule"/>
    </lexUnit>
    <lexUnit status="FN1_Sent" incorporatedFE="Role" POS="N" name="ruler.n" ID="1604" lemmaID="33746" cBy="ChW" cDate="02/08/2001 01:30:08 PST Thu">
        <definition>COD: a person or agent exercising government or dominion. </definition>
        <sentenceCount annotated="37" total="145"/>
        <lexeme order="1" headword="false" breakBefore="false" POS="N" name="ruler"/>
    </lexUnit>
    <lexUnit status="FN1_Sent" POS="V" name="run.v" ID="1605" lemmaID="33776" cBy="ChW" cDate="02/08/2001 01:30:08 PST Thu">
        <definition>COD: be in charge of; manage or organize. </definition>
        <sentenceCount annotated="22" total="262"/>
        <lexeme order="1" headword="false" breakBefore="false" POS="V" name="run"/>
    </lexUnit>
    <lexUnit status="FN1_Sent" incorporatedFE="Role" POS="N" name="shah.n" ID="1606" lemmaID="35333" cBy="ChW" cDate="02/08/2001 01:30:08 PST Thu">
        <definition>COD: a title of the former monarch of Iran. </definition>
        <sentenceCount annotated="10" total="58"/>
        <lexeme order="1" headword="false" breakBefore="false" POS="N" name="shah"/>
    </lexUnit>
    <lexUnit status="FN1_Sent" incorporatedFE="Role" POS="N" name="sovereign.n" ID="1607" lemmaID="37104" cBy="ChW" cDate="02/08/2001 01:30:08 PST Thu">
        <definition>COD: a supreme ruler, especially a monarch. </definition>
        <sentenceCount annotated="9" total="93"/>
        <lexeme order="1" headword="false" breakBefore="false" POS="N" name="sovereign"/>
    </lexUnit>
    <lexUnit status="FN1_Sent" incorporatedFE="Role" POS="N" name="sultan.n" ID="1608" lemmaID="38751" cBy="ChW" cDate="02/08/2001 01:30:08 PST Thu">
        <definition>COD: a Muslim sovereign. .</definition>
        <sentenceCount annotated="11" total="68"/>
        <lexeme order="1" headword="false" breakBefore="false" POS="N" name="sultan"/>
    </lexUnit>
    <lexUnit status="FN1_Sent" incorporatedFE="Role" POS="N" name="vice-captain.n" ID="1609" lemmaID="57" cBy="ChW" cDate="02/08/2001 01:30:08 PST Thu">
        <definition>FN: a person serving in the place of or as a deputy for the captain</definition>
        <sentenceCount annotated="7" total="34"/>
        <lexeme order="1" headword="false" breakBefore="false" POS="N" name="vice-captain"/>
    </lexUnit>
    <lexUnit status="FN1_Sent" incorporatedFE="Role" POS="N" name="vice-chairman.n" ID="1610" lemmaID="58" cBy="ChW" cDate="02/08/2001 01:30:08 PST Thu">
        <definition>FN: a person deputizing for a chairman and serving in his place during his absence or indisposition</definition>
        <sentenceCount annotated="21" total="93"/>
        <lexeme order="1" headword="false" breakBefore="false" POS="N" name="vice-chairman"/>
    </lexUnit>
    <lexUnit status="FN1_Sent" incorporatedFE="Role" POS="N" name="vice-president [political].n" ID="1611" lemmaID="59" cBy="ChW" cDate="02/08/2001 01:30:08 PST Thu">
        <definition>COD: an official or executive ranking below and deputizing for a president.</definition>
        <sentenceCount annotated="22" total="110"/>
        <lexeme order="1" headword="false" breakBefore="false" POS="N" name="vice-president"/>
    </lexUnit>
    <lexUnit status="FN1_Sent" incorporatedFE="Role" POS="N" name="vice-principal.n" ID="1612" lemmaID="60" cBy="ChW" cDate="02/08/2001 01:30:09 PST Thu">
        <definition>FN: an officer ranking immediately below a principal and serving as his/her deputy</definition>
        <sentenceCount annotated="8" total="12"/>
        <lexeme order="1" headword="false" breakBefore="false" POS="N" name="vice-principal"/>
    </lexUnit>
    <lexUnit status="FN1_Sent" incorporatedFE="Role" POS="N" name="viceroy.n" ID="1613" lemmaID="42984" cBy="ChW" cDate="02/08/2001 01:30:09 PST Thu">
        <definition>COD: a ruler exercising authority in a colony on behalf of a sovereign.</definition>
        <sentenceCount annotated="12" total="47"/>
        <lexeme order="1" headword="false" breakBefore="false" POS="N" name="viceroy"/>
    </lexUnit>
    <lexUnit status="Finished_Initial" incorporatedFE="Role" POS="N" name="caliph.n" ID="4099" lemmaID="45225" cBy="JKR" cDate="09/28/2001 08:12:07 PDT Fri">
        <definition>COD: the chief Muslim civil and religious ruler, regarded as the successor of Muhammad</definition>
        <sentenceCount annotated="5" total="32"/>
        <lexeme order="1" headword="false" breakBefore="false" POS="N" name="caliph"/>
    </lexUnit>
    <lexUnit status="Insufficient_Attestations" incorporatedFE="Role" POS="N" name="suzerain.n" ID="4100" lemmaID="39046" cBy="JKR" cDate="09/28/2001 08:15:01 PDT Fri">
        <definition>COD: a sovereign or state having some control over another state that is internally autonomous</definition>
        <sentenceCount annotated="2" total="4"/>
        <lexeme order="1" headword="false" breakBefore="false" POS="N" name="suzerain"/>
    </lexUnit>
    <lexUnit status="Finished_Initial" incorporatedFE="Role" POS="N" name="satrap.n" ID="4101" lemmaID="34200" cBy="JKR" cDate="09/28/2001 08:17:39 PDT Fri">
        <definition>COD:  a subordinate or local ruler</definition>
        <sentenceCount annotated="5" total="22"/>
        <lexeme order="1" headword="false" breakBefore="false" POS="N" name="satrap"/>
    </lexUnit>
    <lexUnit status="Created" incorporatedFE="Role" POS="N" name="rector.n" ID="4102" lemmaID="32207" cBy="JKR" cDate="09/28/2001 08:20:56 PDT Fri">
        <definition>FN: a leader in charge of a church or other institution</definition>
        <sentenceCount annotated="0" total="0"/>
        <lexeme order="1" headword="false" breakBefore="false" POS="N" name="rector"/>
    </lexUnit>
    <lexUnit status="Finished_Initial" incorporatedFE="Role" POS="N" name="headmaster.n" ID="4103" lemmaID="17647" cBy="JKR" cDate="09/28/2001 08:23:05 PDT Fri">
        <definition>COD: chiefly Brit. a male head teacher.</definition>
        <sentenceCount annotated="14" total="113"/>
        <lexeme order="1" headword="false" breakBefore="false" POS="N" name="headmaster"/>
    </lexUnit>
    <lexUnit status="Finished_Initial" incorporatedFE="Role" POS="N" name="doyen.n" ID="4104" lemmaID="11654" cBy="JKR" cDate="09/28/2001 08:33:49 PDT Fri">
        <definition>COD: the most respected or prominent person in a particular field.</definition>
        <sentenceCount annotated="5" total="35"/>
        <lexeme order="1" headword="false" breakBefore="false" POS="N" name="doyen"/>
    </lexUnit>
    <lexUnit status="Finished_Initial" incorporatedFE="Role" POS="N" name="doyenne.n" ID="4105" lemmaID="11655" cBy="JKR" cDate="09/28/2001 08:34:43 PDT Fri">
        <definition>COD: (feminine) the most  respected or prominent person in a particular field </definition>
        <sentenceCount annotated="11" total="25"/>
        <lexeme order="1" headword="false" breakBefore="false" POS="N" name="doyenne"/>
    </lexUnit>
    <lexUnit status="Finished_Initial" incorporatedFE="Role" POS="N" name="empress.n" ID="4106" lemmaID="12639" cBy="JKR" cDate="09/28/2001 08:39:42 PDT Fri">
        <definition>COD: the female ruler of an empire, or the wife/widow of an emperor</definition>
        <sentenceCount annotated="10" total="72"/>
        <lexeme order="1" headword="false" breakBefore="false" POS="N" name="empress"/>
    </lexUnit>
    <lexUnit status="Finished_Initial" incorporatedFE="Role" POS="N" name="maharaja.n" ID="4107" lemmaID="23161" cBy="JKR" cDate="09/28/2001 08:46:13 PDT Fri">
        <definition>COD: historical an Indian prince</definition>
        <sentenceCount annotated="7" total="51"/>
        <lexeme order="1" headword="false" breakBefore="false" POS="N" name="maharaja"/>
    </lexUnit>
    <lexUnit status="Finished_Initial" incorporatedFE="Role" POS="N" name="tsar.n" ID="4108" lemmaID="41416" cBy="JKR" cDate="09/28/2001 09:00:30 PDT Fri">
        <definition>COD: an emperor of Russia before 1917</definition>
        <sentenceCount annotated="9" total="44"/>
        <lexeme order="1" headword="false" breakBefore="false" POS="N" name="tsar"/>
    </lexUnit>
    <lexUnit status="Finished_Initial" incorporatedFE="Role" POS="N" name="tsarina.n" ID="4109" lemmaID="41417" cBy="JKR" cDate="09/28/2001 09:07:23 PDT Fri">
        <definition>COD: an empress of Russia before 1917</definition>
        <sentenceCount annotated="6" total="27"/>
        <lexeme order="1" headword="false" breakBefore="false" POS="N" name="tsarina"/>
    </lexUnit>
    <lexUnit status="Finished_Initial" incorporatedFE="Role" POS="N" name="sheik.n" ID="4110" lemmaID="35463" cBy="JKR" cDate="09/28/2001 09:14:17 PDT Fri">
        <definition>COD: an Arab leader, especially the chief or head of a tribe, family, or village</definition>
        <sentenceCount annotated="25" total="71"/>
        <lexeme order="1" headword="false" breakBefore="false" POS="N" name="sheik"/>
    </lexUnit>
    <lexUnit status="Finished_Initial" incorporatedFE="Role" POS="N" name="vizier.n" ID="4111" lemmaID="43179" cBy="JKR" cDate="09/28/2001 09:18:52 PDT Fri">
        <definition>COD: high official in some Muslim countries, especially in Turkey under Ottoman rule</definition>
        <sentenceCount annotated="4" total="16"/>
        <lexeme order="1" headword="false" breakBefore="false" POS="N" name="vizier"/>
    </lexUnit>
    <lexUnit status="Finished_Initial" incorporatedFE="Role" POS="N" name="duchess.n" ID="4112" lemmaID="11892" cBy="JKR" cDate="09/28/2001 09:19:35 PDT Fri">
        <definition>FN: the wife/widow of a duke, or a woman holding a rank equivalent to duke </definition>
        <sentenceCount annotated="15" total="130"/>
        <lexeme order="1" headword="false" breakBefore="false" POS="N" name="duchess"/>
    </lexUnit>
    <lexUnit status="Finished_Initial" incorporatedFE="Role" POS="N" name="khan.n" ID="4113" lemmaID="21281" cBy="JKR" cDate="09/28/2001 09:23:46 PDT Fri">
        <definition>COD: a title given to rulers and officials in central Asia, Afghanistan, and certain other Muslim countries. </definition>
        <sentenceCount annotated="7" total="69"/>
        <lexeme order="1" headword="false" breakBefore="false" POS="N" name="khan"/>
    </lexUnit>
    <lexUnit status="Finished_Initial" incorporatedFE="Role" POS="N" name="khedive.n" ID="4114" lemmaID="45226" cBy="JKR" cDate="09/28/2001 09:25:15 PDT Fri">
        <definition>COD: the title of the viceroy of Egypt under Turkish rule 1867-1914</definition>
        <sentenceCount annotated="6" total="57"/>
        <lexeme order="1" headword="false" breakBefore="false" POS="N" name="khedive"/>
    </lexUnit>
    <lexUnit status="Needs_SCs" incorporatedFE="Role" POS="N" name="kaiser.n" ID="4115" lemmaID="21200" cBy="JKR" cDate="09/28/2001 09:27:59 PDT Fri">
        <definition>COD: the German Emperor, the Emperor of Austria, or the head of the Holy Roman Empire.</definition>
        <sentenceCount annotated="2" total="3"/>
        <lexeme order="1" headword="false" breakBefore="false" POS="N" name="kaiser"/>
    </lexUnit>
    <lexUnit status="Finished_Initial" incorporatedFE="Role" POS="N" name="pasha.n" ID="4205" lemmaID="27943" cBy="KCo" cDate="10/08/2001 05:35:04 PDT Mon">
        <definition>COD: The title of a Turkish officer of high rank. </definition>
        <sentenceCount annotated="4" total="21"/>
        <lexeme order="1" headword="false" breakBefore="false" POS="N" name="pasha"/>
    </lexUnit>
    <lexUnit status="Finished_Initial" incorporatedFE="Role" POS="N" name="overlord.n" ID="4206" lemmaID="27315" cBy="KCo" cDate="10/08/2001 05:39:40 PDT Mon">
        <definition>COD:  A ruler, especially a feudal lord. </definition>
        <sentenceCount annotated="12" total="93"/>
        <lexeme order="1" headword="false" breakBefore="false" POS="N" name="overlord"/>
    </lexUnit>
    <lexUnit status="Finished_Initial" incorporatedFE="Role" POS="N" name="baron.n" ID="4207" lemmaID="2932" cBy="KCo" cDate="10/08/2001 05:49:25 PDT Mon">
        <definition>FN: a member of the lowest order in British nobility, or a powerful person in business or industry</definition>
        <sentenceCount annotated="14" total="164"/>
        <lexeme order="1" headword="false" breakBefore="false" POS="N" name="baron"/>
    </lexUnit>
    <lexUnit status="Finished_Initial" incorporatedFE="Role" POS="N" name="dictator.n" ID="7466" lemmaID="10605" cBy="MJE" cDate="09/26/2002 12:19:06 PDT Thu">
        <definition>COD: a ruler with total power over a country</definition>
        <sentenceCount annotated="19" total="145"/>
        <lexeme order="1" headword="false" breakBefore="false" POS="N" name="dictator"/>
    </lexUnit>
    <lexUnit status="Finished_Initial" incorporatedFE="Role" POS="N" name="official.n" ID="10625" lemmaID="26575" cBy="JKR" cDate="06/28/2004 05:41:43 PDT Mon">
        <definition>COD: a person holding public office or having official duties.</definition>
        <sentenceCount annotated="88" total="252"/>
        <lexeme order="1" headword="false" breakBefore="false" POS="N" name="official"/>
    </lexUnit>
    <lexUnit status="Rules_Defined" incorporatedFE="Role" POS="N" name="prime minister.n" ID="10822" lemmaID="49411" cBy="JKR" cDate="07/19/2004 08:14:49 PDT Mon">
        <definition>COD: the head of an elected government; the principal minister of a sovereign or state.</definition>
        <sentenceCount annotated="7" total="8"/>
        <lexeme order="1" headword="false" breakBefore="false" POS="A" name="prime"/>
        <lexeme order="2" headword="true" breakBefore="false" POS="N" name="minister"/>
    </lexUnit>
    <lexUnit status="Created" POS="N" name="authority.n" ID="11420" lemmaID="2411" cBy="Pam" cDate="12/13/2004 03:15:42 PST Mon">
        <definition>COD: a person or organization exerting control in a particular political or administrative sphere.</definition>
        <sentenceCount annotated="24" total="24"/>
        <lexeme order="1" headword="false" breakBefore="false" POS="N" name="authority"/>
    </lexUnit>
    <lexUnit status="Created" incorporatedFE="Role" POS="N" name="drug lord.n" ID="11805" lemmaID="49924" cBy="CFB" cDate="04/10/2005 02:13:01 PDT Sun">
        <definition>FN: The leader of a criminal organization which traffics in illegal drugs</definition>
        <sentenceCount annotated="2" total="3"/>
        <lexeme order="1" headword="false" breakBefore="false" POS="N" name="drug"/>
        <lexeme order="2" headword="true" breakBefore="false" POS="N" name="lord"/>
    </lexUnit>
    <lexUnit status="Created" POS="N" name="government.n" ID="12182" lemmaID="16612" cBy="MJE" cDate="06/03/2005 11:40:34 PDT Fri">
        <definition>FN: the collective powers that govern a political entity, conceptualized as a legal person.</definition>
        <sentenceCount annotated="72" total="73"/>
        <lexeme order="1" headword="false" breakBefore="false" POS="N" name="government"/>
    </lexUnit>
    <lexUnit status="Created" POS="N" name="power [govt].n" ID="12183" lemmaID="29988" cBy="MJE" cDate="06/03/2005 11:44:35 PDT Fri">
        <definition>COD: a country viewed in terms of its international influence and military strength</definition>
        <sentenceCount annotated="8" total="10"/>
        <lexeme order="1" headword="false" breakBefore="false" POS="N" name="power"/>
    </lexUnit>
    <lexUnit status="Created" incorporatedFE="Role" POS="A" name="presidential.a" ID="12433" lemmaID="30310" cBy="JKR" cDate="07/13/2005 12:49:07 PDT Wed">
        <definition>FN: of or pertaining to a president</definition>
        <sentenceCount annotated="6" total="6"/>
        <lexeme order="1" headword="false" breakBefore="false" POS="A" name="presidential"/>
    </lexUnit>
    <lexUnit status="Finished_Initial" POS="N" name="regime.n" ID="13153" lemmaID="32394" cBy="RLG" cDate="03/29/2006 03:02:28 PST Wed">
        <definition>COD: a government, especially an authoritarian one.</definition>
        <sentenceCount annotated="44" total="285"/>
        <lexeme order="1" headword="false" breakBefore="false" POS="N" name="regime"/>
    </lexUnit>
    <lexUnit status="Created" incorporatedFE="Role" POS="N" name="director general.n" ID="13371" lemmaID="50405" cBy="RLG" cDate="07/14/2006 04:36:45 PDT Fri">
        <definition>COD: the chief executive of a large organization.</definition>
        <sentenceCount annotated="1" total="1"/>
        <lexeme order="1" headword="true" breakBefore="false" POS="N" name="director"/>
        <lexeme order="2" headword="false" breakBefore="false" POS="A" name="general"/>
    </lexUnit>
    <lexUnit status="Created" POS="N" name="command.n" ID="13589" lemmaID="7319" cBy="RLG" cDate="09/29/2006 06:09:13 PDT Fri">
        <definition>COD: authority, especially over armed forces.</definition>
        <sentenceCount annotated="1" total="1"/>
        <lexeme order="1" headword="false" breakBefore="false" POS="N" name="command"/>
    </lexUnit>
    <lexUnit status="Created" POS="N" name="charge.n" ID="13590" lemmaID="50451" cBy="RLG" cDate="09/29/2006 06:10:20 PDT Fri">
        <definition>FN: command, control.</definition>
        <sentenceCount annotated="2" total="2"/>
        <lexeme order="1" headword="true" breakBefore="false" POS="N" name="charge"/>
    </lexUnit>
    <lexUnit status="Created" POS="N" name="power [rule].n" ID="13595" lemmaID="50116" cBy="RLG" cDate="10/02/2006 11:39:24 PDT Mon">
        <definition>COD: political authority or control.</definition>
        <sentenceCount annotated="14" total="15"/>
        <lexeme order="1" headword="true" breakBefore="false" POS="N" name="power"/>
    </lexUnit>
    <lexUnit status="Created" POS="N" name="rule.n" ID="13654" lemmaID="50465" cBy="RLG" cDate="11/02/2006 01:40:57 PST Thu">
        <definition>COD: control or government.</definition>
        <sentenceCount annotated="10" total="10"/>
        <lexeme order="1" headword="true" breakBefore="false" POS="N" name="rule"/>
    </lexUnit>
    <lexUnit status="Created" incorporatedFE="Role" POS="N" name="high-priest.n" ID="13833" lemmaID="50516" cBy="MJE" cDate="02/25/2007 02:44:23 PST Sun">
        <definition>FN: a priest with authority over a large number of people.</definition>
        <sentenceCount annotated="1" total="1"/>
        <lexeme order="1" headword="false" breakBefore="false" POS="N" name="high"/>
        <lexeme order="2" headword="true" breakBefore="false" POS="N" name="priest"/>
    </lexUnit>
    <lexUnit status="Created" incorporatedFE="Role" POS="N" name="diplomat.n" ID="13964" lemmaID="10737" cBy="KmG" cDate="03/13/2007 12:01:39 PDT Tue">
        <definition>COD: an official representing a country abroad.</definition>
        <sentenceCount annotated="5" total="5"/>
        <lexeme order="1" headword="false" breakBefore="false" POS="N" name="diplomat"/>
    </lexUnit>
    <lexUnit status="Created" POS="N" name="legislature.n" ID="14509" lemmaID="22049" cBy="KmG" cDate="08/02/2007 06:22:08 PDT Thu">
        <definition>FN: the group within government that makes laws.</definition>
        <sentenceCount annotated="4" total="4"/>
        <lexeme order="1" headword="false" breakBefore="false" POS="N" name="legislature"/>
    </lexUnit>
    <lexUnit status="Finished_Initial" incorporatedFE="Role" POS="N" name="congressman.n" ID="14529" lemmaID="7807" cBy="KmG" cDate="08/15/2007 04:12:20 PDT Wed">
        <definition>FN: a male official who is a member of congress, and especially of the US House of Representatives</definition>
        <sentenceCount annotated="27" total="102"/>
        <lexeme order="1" headword="false" breakBefore="false" POS="N" name="congressman"/>
    </lexUnit>
    <lexUnit status="Created" POS="N" name="leadership.n" ID="14592" lemmaID="21912" cBy="KmG" cDate="10/26/2007 12:16:32 PDT Fri">
        <definition>FN: the elected official or officials</definition>
        <sentenceCount annotated="1" total="1"/>
        <lexeme order="1" headword="false" breakBefore="false" POS="N" name="leadership"/>
    </lexUnit>
    <lexUnit status="Created" POS="N" name="senate.n" ID="14597" lemmaID="35047" cBy="KmG" cDate="10/26/2007 12:26:43 PDT Fri">
        <definition>FN: a legislative body of governement officials</definition>
        <sentenceCount annotated="3" total="3"/>
        <lexeme order="1" headword="false" breakBefore="false" POS="N" name="senate"/>
    </lexUnit>
    <lexUnit status="Created" incorporatedFE="Role" POS="N" name="mogul.n" ID="14611" lemmaID="24704" cBy="KmG" cDate="10/30/2007 11:50:03 PDT Tue">
        <definition>FN: a powerful head of a major company, especially with respect to a particular industry</definition>
        <sentenceCount annotated="1" total="1"/>
        <lexeme order="1" headword="false" breakBefore="false" POS="N" name="mogul"/>
    </lexUnit>
    <lexUnit status="Created" incorporatedFE="Role" POS="N" name="prince.n" ID="14635" lemmaID="30457" cBy="KmG" cDate="11/09/2007 03:55:43 PST Fri">
        <definition>FN: In terms of a monarchical government, the royal heir to kingship</definition>
        <sentenceCount annotated="0" total="0"/>
        <lexeme order="1" headword="false" breakBefore="false" POS="N" name="prince"/>
    </lexUnit>
    <lexUnit status="Created" POS="N" name="administration.n" ID="14687" lemmaID="518" cBy="JKs" cDate="01/23/2008 03:25:26 PST Wed">
        <definition>FN: the government under a given leader</definition>
        <sentenceCount annotated="0" total="0"/>
        <lexeme order="1" headword="false" breakBefore="false" POS="N" name="administration"/>
    </lexUnit>
    <lexUnit status="Created" incorporatedFE="Role" POS="A" name="major general.a" ID="14715" lemmaID="50806" cBy="JKs" cDate="01/25/2008 02:38:52 PST Fri">
        <definition>FN: a ranking within various militaries around the world</definition>
        <sentenceCount annotated="0" total="0"/>
        <lexeme order="1" headword="true" breakBefore="false" POS="A" name="major"/>
        <lexeme order="2" headword="false" breakBefore="false" POS="N" name="general"/>
    </lexUnit>
    <lexUnit status="Created" incorporatedFE="Role" POS="N" name="representative.n" ID="14724" lemmaID="50812" cBy="JKs" cDate="01/25/2008 04:10:13 PST Fri">
        <definition>FN: a politician that represents a constituent in a democratic government</definition>
        <sentenceCount annotated="3" total="3"/>
        <lexeme order="1" headword="true" breakBefore="false" POS="N" name="representative"/>
    </lexUnit>
    <lexUnit status="Created" incorporatedFE="Role" POS="N" name="executive.n" ID="14768" lemmaID="13424" cBy="JKs" cDate="02/05/2008 02:15:03 PST Tue">
        <definition>FN: the head of a business, law, or government agency</definition>
        <sentenceCount annotated="0" total="0"/>
        <lexeme order="1" headword="false" breakBefore="false" POS="N" name="executive"/>
    </lexUnit>
    <lexUnit status="Created" incorporatedFE="Role" POS="N" name="crown prince.n" ID="14771" lemmaID="50824" cBy="JKs" cDate="02/05/2008 02:37:48 PST Tue">
        <definition>FN: a prince</definition>
        <sentenceCount annotated="0" total="0"/>
        <lexeme order="1" headword="false" breakBefore="false" POS="N" name="crown"/>
        <lexeme order="2" headword="true" breakBefore="false" POS="N" name="prince"/>
    </lexUnit>
    <lexUnit status="Created" incorporatedFE="Role" POS="N" name="legislator.n" ID="14820" lemmaID="22048" cBy="KmG" cDate="03/04/2008 03:17:07 PST Tue">
        <definition>FN: an elected official working in the legislature; one who makes the laws</definition>
        <sentenceCount annotated="12" total="12"/>
        <lexeme order="1" headword="false" breakBefore="false" POS="N" name="legislator"/>
    </lexUnit>
    <lexUnit status="Created" incorporatedFE="Role" POS="V" name="administer.v" ID="14862" lemmaID="517" cBy="KmG" cDate="03/13/2008 04:24:47 PDT Thu">
        <definition>FN: supervise in the administrative funtions of</definition>
        <sentenceCount annotated="2" total="2"/>
        <lexeme order="1" headword="false" breakBefore="false" POS="V" name="administer"/>
    </lexUnit>
    <lexUnit status="Created" incorporatedFE="Role" POS="N" name="secretary.n" ID="14879" lemmaID="34782" cBy="JKs" cDate="03/19/2008 01:17:18 PDT Wed">
        <definition>FN: the person in charge of a subsection of the government, i.e. the Secretary of Defense</definition>
        <sentenceCount annotated="0" total="0"/>
        <lexeme order="1" headword="false" breakBefore="false" POS="N" name="secretary"/>
    </lexUnit>
    <lexUnit status="Created" incorporatedFE="Role" POS="N" name="lawmaker.n" ID="14927" lemmaID="50863" cBy="JKs" cDate="04/03/2008 02:43:08 PDT Thu">
        <definition>FN: An official who works to create legislation</definition>
        <sentenceCount annotated="3" total="3"/>
        <lexeme order="1" headword="true" breakBefore="false" POS="N" name="lawmaker"/>
    </lexUnit>
    <lexUnit status="Finished_Initial" POS="V" name="spearhead.v" ID="15240" lemmaID="37211" cBy="JKs" cDate="08/27/2008 10:45:35 PDT Wed">
        <definition>FN: to lead  (usually used metaphorically, with effort, plan, project, etc. as the direct object).</definition>
        <sentenceCount annotated="20" total="117"/>
        <lexeme order="1" headword="false" breakBefore="false" POS="V" name="spearhead"/>
    </lexUnit>
    <lexUnit status="Created" incorporatedFE="Role" POS="N" name="CEO.n" ID="15845" lemmaID="51143" cBy="MLC" cDate="06/28/2010 03:13:41 PDT Mon">
        <definition>See: chief executive officer.n</definition>
        <sentenceCount annotated="0" total="0"/>
        <lexeme order="1" headword="true" breakBefore="false" POS="N" name="CEO"/>
    </lexUnit>
    <lexUnit status="Created" incorporatedFE="Role" POS="N" name="chief executive officer.n" ID="15847" lemmaID="51145" cBy="MLC" cDate="06/28/2010 03:27:35 PDT Mon">
        <definition>FN: the highest ranking executive in charge of total management of a company or organization.</definition>
        <sentenceCount annotated="0" total="0"/>
        <lexeme order="1" headword="false" breakBefore="true" POS="A" name="chief"/>
        <lexeme order="2" headword="false" breakBefore="true" POS="A" name="executive"/>
        <lexeme order="3" headword="true" breakBefore="false" POS="N" name="officer"/>
    </lexUnit>
    <lexUnit status="Finished_Initial" incorporatedFE="Role" POS="N" name="officer.n" ID="16013" lemmaID="26573" cBy="AlK" cDate="08/12/2010 11:34:32 PDT Thu">
        <definition>FN: a person who is in a role of authority in an institution</definition>
        <sentenceCount annotated="42" total="42"/>
        <lexeme order="1" headword="false" breakBefore="false" POS="N" name="officer"/>
    </lexUnit>
    <lexUnit status="Created" POS="N" name="state.n" ID="16331" lemmaID="37851" cBy="MLC" cDate="05/18/2011 03:38:30 PDT Wed">
        <definition>FN: a metonymic term for governmental actions, departments, and personnel </definition>
        <sentenceCount annotated="15" total="15"/>
        <lexeme order="1" headword="false" breakBefore="false" POS="N" name="state"/>
    </lexUnit>
    <lexUnit status="Created" POS="N" name="despot.n" ID="17272" lemmaID="10383" cBy="CVa" cDate="01/23/2013 01:00:44 PST Wed">
        <definition>FN: a rule who holds absolute power</definition>
        <sentenceCount annotated="1" total="1"/>
        <lexeme order="1" headword="false" breakBefore="false" POS="N" name="despot"/>
    </lexUnit>
    <lexUnit status="Created" POS="N" name="tyrant.n" ID="17311" lemmaID="41708" cBy="CVa" cDate="01/29/2013 07:11:01 PST Tue">
        <definition>FN: a cruel ruler</definition>
        <sentenceCount annotated="2" total="2"/>
        <lexeme order="1" headword="false" breakBefore="false" POS="N" name="tyrant"/>
    </lexUnit>
    <lexUnit status="New" incorporatedFE="Role" POS="V" name="chair.v" ID="17600" lemmaID="5991" cBy="CVa" cDate="07/14/2014 04:13:39 PDT Mon">
        <definition>FN: to preside over an organization, usually a committee, as the chair person</definition>
        <sentenceCount annotated="14" total="50"/>
        <lexeme order="1" headword="false" breakBefore="false" POS="V" name="chair"/>
    </lexUnit>
    <lexUnit status="Created" POS="N" name="superintendent.n" ID="17622" lemmaID="38869" cBy="MJE" cDate="07/18/2014 12:00:07 PDT Fri">
        <definition>FN: middle rank person in charge of a public institution.</definition>
        <sentenceCount annotated="1" total="1"/>
        <lexeme order="1" headword="false" breakBefore="false" POS="N" name="superintendent"/>
    </lexUnit>
    <lexUnit status="Created" incorporatedFE="Role" POS="N" name="commissioner.n" ID="17638" lemmaID="7362" cBy="CVa" cDate="07/21/2014 10:28:27 PDT Mon">
        <definition>FN: the head of a public organization </definition>
        <sentenceCount annotated="1" total="1"/>
        <lexeme order="1" headword="false" breakBefore="false" POS="N" name="commissioner"/>
    </lexUnit>
    <lexUnit status="Created" POS="N" name="supervisor.n" ID="17661" lemmaID="38901" cBy="MJE" cDate="07/29/2014 02:18:20 PDT Tue">
        <definition>FN: person in charge of a limited jurisdiction, often a county or city.</definition>
        <sentenceCount annotated="1" total="1"/>
        <lexeme order="1" headword="false" breakBefore="false" POS="N" name="supervisor"/>
    </lexUnit>
    <lexUnit status="Created" POS="N" name="congresswoman.n" ID="18074" lemmaID="7808" cBy="HPh" cDate="06/23/2015 03:17:24 PDT Tue">
        <definition>FN: a female official who is a member of congress, and especially of the US House of Representatives</definition>
        <sentenceCount annotated="0" total="0"/>
        <lexeme order="1" headword="false" breakBefore="false" POS="N" name="congresswoman"/>
    </lexUnit>
    <lexUnit status="Created" POS="N" name="president [non-political].n" ID="18329" lemmaID="30309" cBy="WMcQ" cDate="09/23/2015 02:02:53 PDT Wed">
        <definition>FN: the head of an organization, company, university, or trade union. </definition>
        <sentenceCount annotated="1" total="1"/>
        <lexeme order="1" headword="false" breakBefore="false" POS="N" name="president"/>
    </lexUnit>
    <lexUnit status="Created" POS="N" name="vice-president [non-political].n" ID="18330" lemmaID="59" cBy="WMcQ" cDate="09/23/2015 02:04:26 PDT Wed">
        <definition>FN: second to the president of an organzation, company, university, or trade union. </definition>
        <sentenceCount annotated="0" total="0"/>
        <lexeme order="1" headword="false" breakBefore="false" POS="N" name="vice-president"/>
    </lexUnit>
</frame>