<?xml version="1.0" encoding="UTF-8" standalone="yes"?>
<?xml-stylesheet type="text/xsl" href="frame.xsl"?>
<frame cBy="KmG" cDate="06/04/2008 03:09:43 PDT Wed" name="Level_of_force_resistance" ID="2061" xsi:schemaLocation="../schema/frame.xsd" xmlns="http://framenet.icsi.berkeley.edu" xmlns:xsi="http://www.w3.org/2001/XMLSchema-instance">
    <definition>&lt;def-root&gt;A &lt;fen&gt;Resisting_entity&lt;/fen&gt; is capable of resisting or does resist a physical &lt;fen&gt;Opposing_force&lt;/fen&gt; to a level specified by the target. With certain LUs (e.g. &lt;m&gt;impregnable.a&lt;/m&gt;), the &lt;fen&gt;Opposing_force&lt;/fen&gt; FE is incorporated, and with many LUs, it is mostly null instantiated. This frame covers both individual-level/static uses ("the DURABILITY of jade") as well as stage-level/dynamic uses ("the shoulder is PLIABLE after stretching"), although the individual-level meaning is the more basic and is much more prominent in the data. 

&lt;ex&gt;The great and &lt;t&gt;impregnable&lt;/t&gt; &lt;fex name="Ent"&gt;fortress&lt;/fex&gt; still stands today.&lt;/ex&gt;

&lt;ex&gt;&lt;fex name="Ent"&gt;His heart&lt;/fex&gt; is &lt;fex name="Degree"&gt;by no means&lt;/fex&gt; &lt;t&gt;strong&lt;/t&gt;, so he should ease into his exercise regime. &lt;fex name="Opp"&gt;INI&lt;/fex&gt;&lt;/ex&gt;	

&lt;ex&gt;They were strapping athletic lads with fine belts and &lt;t&gt;sturdy&lt;/t&gt; &lt;fex name="Ent"&gt;boots&lt;/fex&gt;. &lt;fex name="Opp"&gt;INI&lt;/fex&gt;&lt;/ex&gt;

&lt;ex&gt;&lt;fex name="Ent"&gt;The staircase&lt;/fex&gt; &lt;m&gt;remained&lt;/m&gt; &lt;t&gt;robust&lt;/t&gt; &lt;fex name="Opp"&gt;under decades of heavy use&lt;/fex&gt;.&lt;/ex&gt; 

Productive metaphors include cases where the social resistance of an entity to (an) opposing social force(s) is conceptualized as the physical resistance of an entity to an opposing physical force. More specifically, the ‘resistance’ is an entity’s propensity to resist change in social realms such as the economic, political, and cultural:
&lt;ex&gt;California has had (until now) a &lt;t&gt;robust&lt;/t&gt; &lt;fex name="Ent"&gt;property market&lt;/fex&gt;. &lt;fex name="Opp"&gt;INI&lt;/fex&gt;&lt;/ex&gt;
&lt;ex&gt;The &lt;t&gt;durability&lt;/t&gt; &lt;fex name="Ent"&gt;of the peace&lt;/fex&gt; will soon be tested. &lt;fex name="Opp"&gt;INI&lt;/fex&gt;&lt;/ex&gt;

Similarly, there are instances where the entity’s resistance is psychological instead of social, where ‘psychological’ subsumes emotional and other mental properties:
&lt;ex&gt;&lt;fex name="Ent"&gt;The idea&lt;/fex&gt; &lt;m&gt;proved&lt;/m&gt; &lt;fex name="Desc"&gt;remarkably&lt;/fex&gt; &lt;t&gt;durable&lt;/t&gt;.&lt;/ex&gt;
&lt;ex&gt;We should remember the &lt;t&gt;fragility&lt;/t&gt; &lt;fex name="Ent"&gt;of the human psyche&lt;/fex&gt;. &lt;fex name="Opp"&gt;INI&lt;/fex&gt;&lt;/ex&gt;
&lt;ex&gt;His &lt;t&gt;sturdy&lt;/t&gt; &lt;fex name="Ent"&gt;resilience&lt;/fex&gt; to knocks and setbacks was impressive. &lt;fex name="Opp"&gt;INI&lt;/fex&gt;&lt;/ex&gt;

&lt;ex&gt;&lt;/ex&gt;

Compare to: Level_of_force_exertion. &lt;/def-root&gt;</definition>
    <FE bgColor="0000FF" fgColor="FFFFFF" coreType="Core" cBy="KmG" cDate="06/04/2008 03:09:43 PDT Wed" abbrev="Ent" name="Resisting_entity" ID="12707">
        <definition>&lt;def-root&gt;The &lt;fen&gt;Resisting_entity&lt;/fen&gt; is the item that resists the &lt;fen&gt;Opposing_force&lt;/fen&gt; to the level specified by the target. 

&lt;ex&gt;These are made from a &lt;t&gt;tough&lt;/t&gt; &lt;fex name="Ent"&gt;plastic foam&lt;/fex&gt; and are very light to wear.&lt;/ex&gt;

&lt;ex&gt;A great number of &lt;t&gt;hardy&lt;/t&gt; &lt;fex name="Ent"&gt;plants&lt;/fex&gt; usually succeed in blooming even in the severest season.&lt;/ex&gt; 

&lt;ex&gt;The &lt;t&gt;fragile&lt;/t&gt; &lt;fex name="Ent"&gt;canoe&lt;/fex&gt; did not capsize!&lt;/ex&gt;&lt;/def-root&gt;</definition>
    </FE>
    <FE bgColor="FF69B4" fgColor="FFFFFF" coreType="Peripheral" cBy="KmG" cDate="06/04/2008 03:09:43 PDT Wed" abbrev="Deg" name="Degree" ID="12708">
        <definition>&lt;def-root&gt;The &lt;fen&gt;Degree&lt;/fen&gt; to which the &lt;fen&gt;Resisting_entity&lt;/fen&gt; resists.

&lt;ex&gt;Their colonial structures turned out to be &lt;fex name="Deg"&gt;very&lt;/fex&gt; &lt;t&gt;durable&lt;/t&gt;.&lt;/ex&gt;

Where &lt;fen&gt;Degree&lt;/fen&gt; is expressed by a comparative or superlative form of the target, the FE is marked on the target (as well as on the rest of the comparative/superlative expression, if present):
&lt;ex&gt;On the whole, triticale is &lt;t&gt;&lt;fex name="Deg"&gt;hardier&lt;/fex&gt;&lt;/t&gt; &lt;fex name="Deg"&gt;than wheat&lt;/fex&gt;.&lt;/ex&gt;
&lt;/def-root&gt;</definition>
        <semType name="Degree" ID="172"/>
    </FE>
    <FE bgColor="008000" fgColor="FFFFFF" coreType="Peripheral" cBy="KmG" cDate="06/04/2008 03:09:43 PDT Wed" abbrev="Pla" name="Place" ID="12711">
        <definition>&lt;def-root&gt;The location where the &lt;fen&gt;Resisting_entity&lt;/fen&gt; resists an external force.

&lt;ex&gt;They decided the tree-house would be &lt;t&gt;sturdiest&lt;/t&gt; &lt;fex name="Pla"&gt;in the big old backyard oak&lt;/fex&gt;.&lt;/ex&gt;&lt;/def-root&gt;</definition>
        <semType name="Location" ID="54"/>
    </FE>
    <FE bgColor="FFA500" fgColor="FFFFFF" coreType="Peripheral" cBy="KmG" cDate="06/04/2008 03:09:43 PDT Wed" abbrev="Tim" name="Time" ID="12712">
        <definition>&lt;def-root&gt;The &lt;fen&gt;Time&lt;/fen&gt; when the &lt;fen&gt;Resisting_entity&lt;/fen&gt; resists an external force. 

&lt;ex&gt;The retaining wall was even &lt;t&gt;weaker&lt;/t&gt; &lt;fex name="Tim"&gt;yesterday&lt;/fex&gt;, and had begun to crumble.&lt;/ex&gt;&lt;/def-root&gt;</definition>
        <semType name="Time" ID="141"/>
    </FE>
    <FE bgColor="808080" fgColor="FFFFFF" coreType="Extra-Thematic" cBy="KmG" cDate="06/04/2008 04:53:35 PDT Wed" abbrev="Cir" name="Circumstances" ID="12719">
        <definition>&lt;def-root&gt;The &lt;fen&gt;Circumstances&lt;/fen&gt; under which the &lt;fen&gt;Resisting_entity&lt;/fen&gt; resists an external force. 

&lt;ex&gt;Wexford thought the yellow chair felt &lt;t&gt;flimsy&lt;/t&gt; &lt;fex name="Cir"&gt;as he lowered his heavy body into it&lt;/fex&gt;.&lt;/ex&gt;&lt;/def-root&gt;</definition>
    </FE>
    <FE bgColor="9F79EE" fgColor="FFFFFF" coreType="Peripheral" cBy="HPh" cDate="09/10/2015 07:57:02 PDT Thu" abbrev="Desc" name="Descriptor" ID="16712">
        <definition>&lt;def-root&gt;This FE describes the force resistance of the &lt;fen&gt;Resisting_entity&lt;/fen&gt;. 

&lt;ex&gt;Scottish ancestors had given her an &lt;fex name="Desc"&gt;amazing&lt;/fex&gt; &lt;t&gt;toughness&lt;/t&gt; which enabled her to endure the hardships of life.&lt;/ex&gt;&lt;/def-root&gt;</definition>
    </FE>
    <FE bgColor="7CCD7C" fgColor="000000" coreType="Peripheral" cBy="HPh" cDate="10/22/2015 06:55:01 PDT Thu" abbrev="Dom" name="Domain" ID="16751">
        <definition>&lt;def-root&gt;The &lt;fen&gt;Domain&lt;/fen&gt; is the field in which the &lt;fen&gt;Resisting_entity&lt;/fen&gt; resists an external force. 

&lt;ex&gt;Factors that determine the choice of materials include &lt;fex name="Dom"&gt;physical&lt;/fex&gt; &lt;t&gt;robustness&lt;/t&gt;.&lt;/ex&gt;&lt;/def-root&gt;</definition>
    </FE>
    <FE bgColor="FF0000" fgColor="FFFFFF" coreType="Core" cBy="HPh" cDate="10/27/2015 06:17:49 PDT Tue" abbrev="Opp" name="Opposing_force" ID="16760">
        <definition>&lt;def-root&gt;The &lt;fen&gt;Opposing_force&lt;/fen&gt; is the item placed in opposition to the &lt;fen&gt;Resisting_entity&lt;/fen&gt;. &lt;fen&gt;Opposing_force&lt;/fen&gt; hinders, blocks, helps, or allows (lets) the &lt;fen&gt;Resisting_entity&lt;/fen&gt; to resist at the level specified by the target. Sometimes this Core FE is incorporated in the target; otherwise, it is often null instantiated in example sentences. 

&lt;ex&gt;The fortress was &lt;t&gt;impregnable&lt;/t&gt; &lt;fex name="Opp"&gt;to attack by hostile invaders&lt;/fex&gt;.&lt;/ex&gt; 

&lt;ex&gt;Its best-known feature is its soft and &lt;t&gt;pliable&lt;/t&gt; duck-like beak. &lt;fex name="Opp"&gt;INI&lt;/fex&gt; &lt;/ex&gt; 
&lt;/def-root&gt;</definition>
    </FE>
    <frameRelation type="Inherits from">
        <relatedFrame ID="1015">Gradable_attributes</relatedFrame>
    </frameRelation>
    <frameRelation type="Is Inherited by"/>
    <frameRelation type="Perspective on"/>
    <frameRelation type="Is Perspectivized in"/>
    <frameRelation type="Uses">
        <relatedFrame ID="516">Preventing_or_letting</relatedFrame>
    </frameRelation>
    <frameRelation type="Is Used by">
        <relatedFrame ID="2026">Repel</relatedFrame>
    </frameRelation>
    <frameRelation type="Subframe of"/>
    <frameRelation type="Has Subframe(s)"/>
    <frameRelation type="Precedes"/>
    <frameRelation type="Is Preceded by"/>
    <frameRelation type="Is Inchoative of"/>
    <frameRelation type="Is Causative of"/>
    <frameRelation type="See also">
        <relatedFrame ID="1563">Level_of_force_exertion</relatedFrame>
    </frameRelation>
    <lexUnit status="Finished_Initial" POS="A" name="strong.a" ID="15029" lemmaID="38383" cBy="KmG" cDate="06/04/2008 03:15:15 PDT Wed">
        <definition>FN: capable of resisting great force</definition>
        <sentenceCount annotated="46" total="540"/>
        <lexeme order="1" headword="false" breakBefore="false" POS="A" name="strong"/>
    </lexUnit>
    <lexUnit status="Finished_Initial" incorporatedFE="Opposing_force" POS="A" name="impregnable.a" ID="15030" lemmaID="19241" cBy="KmG" cDate="06/04/2008 03:15:37 PDT Wed">
        <definition>FN: strong enough to resist or withstand attack; unconquerable</definition>
        <sentenceCount annotated="30" total="164"/>
        <lexeme order="1" headword="false" breakBefore="false" POS="A" name="impregnable"/>
    </lexUnit>
    <lexUnit status="Finished_Initial" POS="A" name="tough.a" ID="17309" lemmaID="40836" cBy="CVa" cDate="01/29/2013 06:54:44 PST Tue">
        <definition>FN: strong and durable</definition>
        <sentenceCount annotated="18" total="387"/>
        <lexeme order="1" headword="false" breakBefore="false" POS="A" name="tough"/>
    </lexUnit>
    <lexUnit status="Finished_Initial" POS="N" name="strength.n" ID="18269" lemmaID="38313" cBy="HPh" cDate="09/10/2015 04:51:43 PDT Thu">
        <definition>FN: the quality or state of being strong, and/or the capability to resist great force</definition>
        <sentenceCount annotated="19" total="422"/>
        <lexeme order="1" headword="false" breakBefore="false" POS="N" name="strength"/>
    </lexUnit>
    <lexUnit status="Finished_Initial" POS="A" name="weak.a" ID="18270" lemmaID="43615" cBy="HPh" cDate="09/10/2015 04:59:52 PDT Thu">
        <definition>FN: not (capable of) resisting great force</definition>
        <sentenceCount annotated="22" total="296"/>
        <lexeme order="1" headword="false" breakBefore="false" POS="A" name="weak"/>
    </lexUnit>
    <lexUnit status="Finished_Initial" POS="N" name="weakness.n" ID="18271" lemmaID="43621" cBy="HPh" cDate="09/10/2015 05:01:56 PDT Thu">
        <definition>FN: the quality or state of being weak, and/or the incapability to resist great force</definition>
        <sentenceCount annotated="18" total="393"/>
        <lexeme order="1" headword="false" breakBefore="false" POS="N" name="weakness"/>
    </lexUnit>
    <lexUnit status="Finished_Initial" POS="A" name="hardy.a" ID="18273" lemmaID="17465" cBy="HPh" cDate="09/10/2015 05:04:54 PDT Thu">
        <definition>FN: capable of enduring great force; sturdy; strong</definition>
        <sentenceCount annotated="25" total="196"/>
        <lexeme order="1" headword="false" breakBefore="false" POS="A" name="hardy"/>
    </lexUnit>
    <lexUnit status="Finished_Initial" POS="N" name="hardiness.n" ID="18274" lemmaID="17453" cBy="HPh" cDate="09/10/2015 05:06:04 PDT Thu">
        <definition>FN: the quality or state of being hardy</definition>
        <sentenceCount annotated="9" total="19"/>
        <lexeme order="1" headword="false" breakBefore="false" POS="N" name="hardiness"/>
    </lexUnit>
    <lexUnit status="Finished_Initial" POS="A" name="sturdy.a" ID="18275" lemmaID="38467" cBy="HPh" cDate="09/10/2015 05:07:51 PDT Thu">
        <definition>FN: strongly built; robust</definition>
        <sentenceCount annotated="40" total="152"/>
        <lexeme order="1" headword="false" breakBefore="false" POS="A" name="sturdy"/>
    </lexUnit>
    <lexUnit status="Finished_Initial" POS="N" name="sturdiness.n" ID="18276" lemmaID="38466" cBy="HPh" cDate="09/10/2015 05:08:28 PDT Thu">
        <definition>FN: the quality or state of being sturdy</definition>
        <sentenceCount annotated="4" total="7"/>
        <lexeme order="1" headword="false" breakBefore="false" POS="N" name="sturdiness"/>
    </lexUnit>
    <lexUnit status="Finished_Initial" POS="N" name="toughness.n" ID="18277" lemmaID="40840" cBy="HPh" cDate="09/10/2015 05:12:11 PDT Thu">
        <definition>FN: the quality or state of being tough</definition>
        <sentenceCount annotated="16" total="100"/>
        <lexeme order="1" headword="false" breakBefore="false" POS="N" name="toughness"/>
    </lexUnit>
    <lexUnit status="Finished_Initial" POS="A" name="durable.a" ID="18278" lemmaID="11985" cBy="HPh" cDate="09/10/2015 05:17:14 PDT Thu">
        <definition>FN: the capability to resist wear, decay, etc.; enduring</definition>
        <sentenceCount annotated="15" total="122"/>
        <lexeme order="1" headword="false" breakBefore="false" POS="A" name="durable"/>
    </lexUnit>
    <lexUnit status="Finished_Initial" POS="N" name="durability.n" ID="18279" lemmaID="11984" cBy="HPh" cDate="09/10/2015 05:18:16 PDT Thu">
        <definition>FN: the quality or state of being durable</definition>
        <sentenceCount annotated="14" total="139"/>
        <lexeme order="1" headword="false" breakBefore="false" POS="N" name="durability"/>
    </lexUnit>
    <lexUnit status="Finished_Initial" POS="A" name="fragile.a" ID="18280" lemmaID="15299" cBy="HPh" cDate="09/10/2015 05:18:54 PDT Thu">
        <definition>FN: easily broken, shattered, or damaged</definition>
        <sentenceCount annotated="41" total="250"/>
        <lexeme order="1" headword="false" breakBefore="false" POS="A" name="fragile"/>
    </lexUnit>
    <lexUnit status="Finished_Initial" POS="N" name="fragility.n" ID="18281" lemmaID="15300" cBy="HPh" cDate="09/10/2015 05:20:34 PDT Thu">
        <definition>FN: the quality or state of being fragile</definition>
        <sentenceCount annotated="19" total="100"/>
        <lexeme order="1" headword="false" breakBefore="false" POS="N" name="fragility"/>
    </lexUnit>
    <lexUnit status="Finished_Initial" POS="A" name="flimsy.a" ID="18282" lemmaID="14715" cBy="HPh" cDate="09/10/2015 05:23:09 PDT Thu">
        <definition>FN: without material strength or solidity</definition>
        <sentenceCount annotated="25" total="142"/>
        <lexeme order="1" headword="false" breakBefore="false" POS="A" name="flimsy"/>
    </lexUnit>
    <lexUnit status="Finished_Initial" POS="N" name="flimsiness.n" ID="18283" lemmaID="14713" cBy="HPh" cDate="09/10/2015 05:24:18 PDT Thu">
        <definition>FN: the quality or state of being flimsy</definition>
        <sentenceCount annotated="3" total="5"/>
        <lexeme order="1" headword="false" breakBefore="false" POS="N" name="flimsiness"/>
    </lexUnit>
    <lexUnit status="Finished_Initial" POS="A" name="robust.a" ID="18284" lemmaID="33415" cBy="HPh" cDate="09/10/2015 05:24:37 PDT Thu">
        <definition>FN: sturdily built; strong; hardy</definition>
        <sentenceCount annotated="27" total="262"/>
        <lexeme order="1" headword="false" breakBefore="false" POS="A" name="robust"/>
    </lexUnit>
    <lexUnit status="Finished_Initial" POS="N" name="robustness.n" ID="18285" lemmaID="33417" cBy="HPh" cDate="09/10/2015 05:25:37 PDT Thu">
        <definition>FN: the quality or state of being robust</definition>
        <sentenceCount annotated="7" total="45"/>
        <lexeme order="1" headword="false" breakBefore="false" POS="N" name="robustness"/>
    </lexUnit>
    <lexUnit status="Finished_Initial" POS="A" name="pliable.a" ID="18286" lemmaID="29391" cBy="HPh" cDate="09/10/2015 05:26:45 PDT Thu">
        <definition>FN: easily bent; flexible</definition>
        <sentenceCount annotated="8" total="53"/>
        <lexeme order="1" headword="false" breakBefore="false" POS="A" name="pliable"/>
    </lexUnit>
    <lexUnit status="Insufficient_Attestations" POS="N" name="pliability.n" ID="18287" lemmaID="29390" cBy="HPh" cDate="09/10/2015 05:27:55 PDT Thu">
        <definition>FN: the quality or state of being pliable</definition>
        <sentenceCount annotated="0" total="2"/>
        <lexeme order="1" headword="false" breakBefore="false" POS="N" name="pliability"/>
    </lexUnit>
    <lexUnit status="Finished_Initial" POS="A" name="flexible.a" ID="18288" lemmaID="14697" cBy="HPh" cDate="09/10/2015 05:28:53 PDT Thu">
        <definition>FN: capable of being bent (usually without breaking)</definition>
        <sentenceCount annotated="20" total="269"/>
        <lexeme order="1" headword="false" breakBefore="false" POS="A" name="flexible"/>
    </lexUnit>
    <lexUnit status="Finished_Initial" POS="N" name="flexibility.n" ID="18289" lemmaID="14696" cBy="HPh" cDate="09/10/2015 05:29:39 PDT Thu">
        <definition>FN: the quality or state of being flexible</definition>
        <sentenceCount annotated="11" total="305"/>
        <lexeme order="1" headword="false" breakBefore="false" POS="N" name="flexibility"/>
    </lexUnit>
    <lexUnit status="Created" POS="A" name="frail.a" ID="18707" lemmaID="15309" cBy="CFB" cDate="06/07/2016 03:22:46 PDT Tue">
        <definition>FN: not strong or hardy; having a low level or force resistance. Usually said of people.</definition>
        <sentenceCount annotated="1" total="1"/>
        <lexeme order="1" headword="false" breakBefore="false" POS="A" name="frail"/>
    </lexUnit>
</frame>