<?xml version="1.0" encoding="UTF-8" standalone="yes"?>
<?xml-stylesheet type="text/xsl" href="frame.xsl"?>
<frame cBy="JKR" cDate="07/15/2005 12:19:29 PDT Fri" name="Level_of_force_exertion" ID="1563" xsi:schemaLocation="../schema/frame.xsd" xmlns="http://framenet.icsi.berkeley.edu" xmlns:xsi="http://www.w3.org/2001/XMLSchema-instance">
    <definition>&lt;def-root&gt;An &lt;fen&gt;Exerter&lt;/fen&gt;, &lt;fen&gt;Action&lt;/fen&gt;, or &lt;fen&gt;Force&lt;/fen&gt; is capable of exerting or does exert a physical force at a level specified by the target. That physical force may cause deformation or breakage of, or simply motion in the receiving entity. The receiving entity is conceptually present (even if remotely), but is usually not lexically explicit. This frame covers both individual-level/static uses ("a STRONG person") as well as stage-level/dynamic uses ("a STRONG push"). However, the durative, individual-level meaning appears more frequently in the data and seems more basic. 

&lt;ex&gt;Eugenie loved the sea and was a &lt;t&gt;strong&lt;/t&gt; &lt;fex name="Exer"&gt;swimmer&lt;/fex&gt;.&lt;/ex&gt;

&lt;ex&gt;Spartacus dealt the Roman soldier a &lt;t&gt;mighty&lt;/t&gt; &lt;fex name="Act"&gt;blow&lt;/fex&gt;.&lt;/ex&gt;

&lt;ex&gt;A &lt;t&gt;powerful&lt;/t&gt; &lt;fex name="For"&gt;force&lt;/fex&gt; tore off the tree's branches.&lt;/ex&gt;

&lt;fen&gt;Exerter&lt;/fen&gt;, &lt;fen&gt;Action&lt;/fen&gt;, and &lt;fen&gt;Force&lt;/fen&gt; belong to a Core set.
&lt;ex&gt;&lt;/ex&gt;

There are several productive metaphors covered by this frame. The first and most common is one in which social influence or control is conceptualized as the physical exertion of force. The social influence/control is more specifically a propensity to cause change in social realms such as the economic, political, militaristic, cultural, or intimate:
&lt;ex&gt;There were theoretical limits to the &lt;t&gt;power&lt;/t&gt; &lt;fex name="Exer"&gt;of the king&lt;/fex&gt;.&lt;/ex&gt;
&lt;ex&gt;Voters in the South have a &lt;t&gt;strong&lt;/t&gt; &lt;fex name="Exer"&gt;incentive&lt;/fex&gt; to keep such Democrats in office.&lt;/ex&gt;

Another similar metaphor is one in which psychological influence or control is understood as the physical exertion of force. The psychological influence/control includes the emotional as well:
&lt;ex&gt;&lt;fex name="Exer"&gt;Poetic words in a text&lt;/fex&gt; can be &lt;m&gt;given&lt;/m&gt; &lt;fex name="Deg"&gt;more&lt;/fex&gt; &lt;fex name="Dom"&gt;emotive&lt;/fex&gt; &lt;t&gt;power&lt;/t&gt; by using melisma.&lt;/ex&gt;
&lt;ex&gt;He was a &lt;t&gt;forceful&lt;/t&gt; &lt;fex name="Exer"&gt;speaker&lt;/fex&gt;.&lt;/ex&gt;

A third metaphor involves the amount of an entity construed as the physical force exertion of said entity. Depending on context, amount could be volume, etc. (“STRONGEST critics”; “MIGHTY uproar”).

&lt;ex&gt;&lt;/ex&gt;

Two related physical force dynamic frames are Level_of_force_resistance and Dynamism. 
This frame is distinguished from the Level_of_force_resistance frame in that it describes the level of force &lt;m&gt;exertion&lt;/m&gt; instead of the level of &lt;m&gt;resistance&lt;/m&gt;, and also in that there are three categories of Core FE available to the target (i.e &lt;fen&gt;Exerter&lt;/fen&gt;, &lt;fen&gt;Action&lt;/fen&gt;, or &lt;fen&gt;Force&lt;/fen&gt;), whereas in Level_of_force_resistance there are only two Core FEs (i.e. Resisting_entity and Opposing_force). Of the latter frame's FEs, Opposing_force specifies the thing that the main entity resists to a level desginated by the target. Its parallel in Level_of_force_exertion is implied but backgrounded to the extent that it rarely appears as explicit lexical material; thus there is no corresponding Core FE. 

This frame differs from Dynamism with regard to individual-level cases; targets here express the FE's &lt;m&gt;capability&lt;/m&gt;. In contrast, Dynamism targets express the FE's &lt;m&gt;tendency&lt;/m&gt;. For example, "a STRONG person" is generally construed as a person who is &lt;m&gt;capable&lt;/m&gt; of strength, while "an ENERGETIC person" (energetic.a from the Dynamism frame) is construed as a person who &lt;m&gt;tends&lt;/m&gt; to be energetic. 

However, there is overlap between the two frames in stage-level cases - "a STRONG push" and "an ENERGETIC push" seem rather comparable. &lt;/def-root&gt;</definition>
    <FE bgColor="FF0000" fgColor="FFFFFF" coreType="Core" cBy="JKR" cDate="07/15/2005 12:19:29 PDT Fri" abbrev="Exer" name="Exerter" ID="8505">
        <definition>&lt;def-root&gt;The &lt;fen&gt;Exerter&lt;/fen&gt; that can or does exert a force of the level specified by the target. 

&lt;ex&gt;Salesmen touted the &lt;t&gt;power&lt;/t&gt; &lt;fex name="Exer"&gt;of the engine's motor&lt;/fex&gt;.&lt;/ex&gt;
&lt;/def-root&gt;</definition>
    </FE>
    <FE bgColor="1E90FF" fgColor="FFFFFF" coreType="Core" cBy="JKR" cDate="07/15/2005 12:19:29 PDT Fri" abbrev="For" name="Force" ID="8507">
        <definition>&lt;def-root&gt;The &lt;fen&gt;Force&lt;/fen&gt; that can or does exert a force of the level specified by the target. 

&lt;ex&gt;No one should underestimate the &lt;t&gt;mighty&lt;/t&gt; &lt;fex name="For"&gt;strength&lt;/fex&gt; of the dung beetle.&lt;/ex&gt;&lt;/def-root&gt;</definition>
    </FE>
    <FE bgColor="FFA500" fgColor="FFFFFF" coreType="Peripheral" cBy="JKR" cDate="07/15/2005 12:19:29 PDT Fri" abbrev="Tim" name="Time" ID="8508">
        <definition>&lt;def-root&gt;The &lt;fen&gt;Time&lt;/fen&gt; during which the &lt;fen&gt;Exerter&lt;/fen&gt;, &lt;fen&gt;Action&lt;/fen&gt;, or &lt;fen&gt;Force&lt;/fen&gt; can or does exert its force. 

&lt;ex&gt;My quads feel particularly &lt;t&gt;weak&lt;/t&gt; &lt;fex name="Tim"&gt;after 100 squats&lt;/fex&gt;.&lt;/ex&gt;&lt;/def-root&gt;</definition>
        <semType name="Time" ID="141"/>
    </FE>
    <FE bgColor="808080" fgColor="FFFFFF" coreType="Extra-Thematic" cBy="JKR" cDate="07/15/2005 12:19:29 PDT Fri" abbrev="Cir" name="Circumstances" ID="8509">
        <definition>&lt;def-root&gt;The &lt;fen&gt;Circumstances&lt;/fen&gt; under which the &lt;fen&gt;Exerter&lt;/fen&gt;, &lt;fen&gt;Action&lt;/fen&gt;, or &lt;fen&gt;Force&lt;/fen&gt; can or does exert a force. 

&lt;ex&gt;The winds were &lt;t&gt;strongest&lt;/t&gt; &lt;fex name="Cir"&gt;during the hurricane&lt;/fex&gt;.&lt;/ex&gt; &lt;/def-root&gt;</definition>
    </FE>
    <FE bgColor="800080" fgColor="FFFFFF" coreType="Core" cBy="JKR" cDate="07/15/2005 12:31:39 PDT Fri" abbrev="Act" name="Action" ID="8511">
        <definition>&lt;def-root&gt;The &lt;fen&gt;Action&lt;/fen&gt; that can or does exert a force of the level specified by the target. 

&lt;ex&gt;She gave him a playful, &lt;t&gt;weak&lt;/t&gt; &lt;fex name="Act"&gt;punch&lt;/fex&gt; in the arm.&lt;/ex&gt;&lt;/def-root&gt;</definition>
    </FE>
    <FE bgColor="FF69B4" fgColor="FFFFFF" coreType="Peripheral" cBy="HPh" cDate="09/10/2015 12:31:27 PDT Thu" abbrev="Deg" name="Degree" ID="16704">
        <definition>&lt;def-root&gt;The &lt;fen&gt;Degree&lt;/fen&gt; to which the &lt;fen&gt;Exerter&lt;/fen&gt;, &lt;fen&gt;Action&lt;/fen&gt;, or &lt;fen&gt;Force&lt;/fen&gt; can or does exert a force. 

&lt;ex&gt;After being in space for six months, his muscles were &lt;fex name="Deg"&gt;extremely&lt;/fex&gt; &lt;t&gt;weak&lt;/t&gt;.&lt;/ex&gt;

Where &lt;fen&gt;Degree&lt;/fen&gt; is expressed by a comparative or superlative form of the target, the FE is marked on the target (as well as on the rest of the comparative/superlative expression, if present):
&lt;ex&gt;Years of lifting had made him a &lt;t&gt;&lt;fex name="Deg"&gt;stronger&lt;/fex&gt;&lt;/t&gt; man.&lt;/ex&gt;
&lt;ex&gt;Years of lifting had made him &lt;t&gt;&lt;fex name="Deg"&gt;stronger&lt;/fex&gt;&lt;/t&gt; &lt;fex name="Deg"&gt;than any of his peers&lt;/fex&gt;.&lt;/ex&gt; &lt;/def-root&gt;</definition>
        <semType name="Degree" ID="172"/>
    </FE>
    <FE bgColor="008000" fgColor="FFFFFF" coreType="Peripheral" cBy="HPh" cDate="09/10/2015 07:07:03 PDT Thu" abbrev="Pla" name="Place" ID="16707">
        <definition>&lt;def-root&gt;The location where the &lt;fen&gt;Exerter&lt;/fen&gt;, &lt;fen&gt;Action&lt;/fen&gt;, or &lt;fen&gt;Force&lt;/fen&gt; can or does exert its force. 
&lt;ex&gt;Muhammad Ali's &lt;t&gt;force&lt;/t&gt; &lt;fex name="Pla"&gt;in the ring&lt;/fex&gt; was indisputable.&lt;/ex&gt;&lt;/def-root&gt;</definition>
        <semType name="Location" ID="54"/>
    </FE>
    <FE bgColor="9F79EE" fgColor="FFFFFF" coreType="Peripheral" cBy="HPh" cDate="09/10/2015 07:45:36 PDT Thu" abbrev="Desc" name="Descriptor" ID="16711">
        <definition>&lt;def-root&gt;This FE describes the force exertion of the &lt;fen&gt;Exerter&lt;/fen&gt;, &lt;fen&gt;Action&lt;/fen&gt;, or &lt;fen&gt;Force&lt;/fen&gt;.

&lt;ex&gt;Henry's &lt;fex name="Desc"&gt;longstanding&lt;/fex&gt; &lt;t&gt;powerlessness&lt;/t&gt; against the school bully made him fearful and withdrawn.&lt;/ex&gt; &lt;/def-root&gt;</definition>
    </FE>
    <FE bgColor="7CCD7C" fgColor="000000" coreType="Peripheral" cBy="HPh" cDate="10/22/2015 06:47:19 PDT Thu" abbrev="Dom" name="Domain" ID="16750">
        <definition>&lt;def-root&gt;The &lt;fen&gt;Domain&lt;/fen&gt; is the field in which the &lt;fen&gt;Exerter&lt;/fen&gt;, &lt;fen&gt;Action&lt;/fen&gt;, or &lt;fen&gt;Force&lt;/fen&gt; can or does exert its force. 

&lt;ex&gt;The U.S. possesses great &lt;fex name="Dom"&gt;military&lt;/fex&gt; &lt;t&gt;strength&lt;/t&gt;.&lt;/ex&gt; &lt;/def-root&gt;</definition>
    </FE>
    <FEcoreSet>
        <memberFE name="Force" ID="8507"/>
        <memberFE name="Exerter" ID="8505"/>
        <memberFE name="Action" ID="8511"/>
    </FEcoreSet>
    <frameRelation type="Inherits from">
        <relatedFrame ID="1015">Gradable_attributes</relatedFrame>
    </frameRelation>
    <frameRelation type="Is Inherited by"/>
    <frameRelation type="Perspective on"/>
    <frameRelation type="Is Perspectivized in"/>
    <frameRelation type="Uses">
        <relatedFrame ID="5">Causation</relatedFrame>
    </frameRelation>
    <frameRelation type="Is Used by"/>
    <frameRelation type="Subframe of"/>
    <frameRelation type="Has Subframe(s)"/>
    <frameRelation type="Precedes"/>
    <frameRelation type="Is Preceded by"/>
    <frameRelation type="Is Inchoative of"/>
    <frameRelation type="Is Causative of"/>
    <frameRelation type="See also">
        <relatedFrame ID="2440">Dynamism</relatedFrame>
        <relatedFrame ID="2061">Level_of_force_resistance</relatedFrame>
    </frameRelation>
    <lexUnit status="Finished_Initial" POS="A" name="strong.a" ID="12473" lemmaID="38383" cBy="JKR" cDate="07/18/2005 08:45:38 PDT Mon">
        <definition>FN: (capable of) exerting great force</definition>
        <sentenceCount annotated="100" total="622"/>
        <lexeme order="1" headword="false" breakBefore="false" POS="A" name="strong"/>
    </lexUnit>
    <lexUnit status="Finished_Initial" POS="A" name="weak.a" ID="12474" lemmaID="43615" cBy="JKR" cDate="07/18/2005 08:48:25 PDT Mon">
        <definition>FN: not (capable of) exerting great force</definition>
        <sentenceCount annotated="41" total="357"/>
        <lexeme order="1" headword="false" breakBefore="false" POS="A" name="weak"/>
        <semType name="Negative" ID="99"/>
    </lexUnit>
    <lexUnit status="Finished_Initial" POS="A" name="mighty.a" ID="12851" lemmaID="24256" cBy="Amy" cDate="10/26/2005 01:46:03 PDT Wed">
        <definition>FN: possessing great power, strength, or force</definition>
        <sentenceCount annotated="39" total="268"/>
        <lexeme order="1" headword="false" breakBefore="false" POS="A" name="mighty"/>
        <semType name="Positive_judgment" ID="13"/>
    </lexUnit>
    <lexUnit status="Finished_Initial" POS="N" name="power.n" ID="16153" lemmaID="50116" cBy="AlK" cDate="11/11/2010 10:47:42 PST Thu">
        <definition>FN: the possession of great physical strength</definition>
        <sentenceCount annotated="46" total="911"/>
        <lexeme order="1" headword="true" breakBefore="false" POS="N" name="power"/>
    </lexUnit>
    <lexUnit status="Finished_Initial" POS="N" name="might.n" ID="18261" lemmaID="24251" cBy="HPh" cDate="09/10/2015 01:55:54 PDT Thu">
        <definition>FN: the possession of great power, strength, or force</definition>
        <sentenceCount annotated="24" total="187"/>
        <lexeme order="1" headword="false" breakBefore="false" POS="N" name="might"/>
    </lexUnit>
    <lexUnit status="Finished_Initial" POS="A" name="forceful.a" ID="18262" lemmaID="15024" cBy="HPh" cDate="09/10/2015 01:57:12 PDT Thu">
        <definition>FN: full of force; powerful</definition>
        <sentenceCount annotated="21" total="122"/>
        <lexeme order="1" headword="false" breakBefore="false" POS="A" name="forceful"/>
    </lexUnit>
    <lexUnit status="Finished_Initial" POS="N" name="force.n" ID="18263" lemmaID="15020" cBy="HPh" cDate="09/10/2015 01:58:09 PDT Thu">
        <definition>FN: physical power or strength</definition>
        <sentenceCount annotated="48" total="637"/>
        <lexeme order="1" headword="false" breakBefore="false" POS="N" name="force"/>
    </lexUnit>
    <lexUnit status="Finished_Initial" POS="N" name="strength.n" ID="18264" lemmaID="38313" cBy="HPh" cDate="09/10/2015 01:59:23 PDT Thu">
        <definition>FN: the quality or state of being strong, and/or the capability to exert great force</definition>
        <sentenceCount annotated="42" total="621"/>
        <lexeme order="1" headword="false" breakBefore="false" POS="N" name="strength"/>
    </lexUnit>
    <lexUnit status="Finished_Initial" POS="N" name="weakness.n" ID="18265" lemmaID="43621" cBy="HPh" cDate="09/10/2015 02:02:15 PDT Thu">
        <definition>FN: the quality or state of being weak, and/or the incapability to exert great force</definition>
        <sentenceCount annotated="37" total="475"/>
        <lexeme order="1" headword="false" breakBefore="false" POS="N" name="weakness"/>
        <semType name="Negative" ID="99"/>
    </lexUnit>
    <lexUnit status="Finished_Initial" POS="A" name="powerful.a" ID="18266" lemmaID="29993" cBy="HPh" cDate="09/10/2015 02:04:57 PDT Thu">
        <definition>FN: possessing great physical strength</definition>
        <sentenceCount annotated="71" total="644"/>
        <lexeme order="1" headword="false" breakBefore="false" POS="A" name="powerful"/>
    </lexUnit>
    <lexUnit status="In_Use" POS="A" name="powerless.a" ID="18267" lemmaID="29996" cBy="HPh" cDate="09/10/2015 02:05:40 PDT Thu">
        <definition>FN: lacking physical strength</definition>
        <sentenceCount annotated="39" total="292"/>
        <lexeme order="1" headword="false" breakBefore="false" POS="A" name="powerless"/>
    </lexUnit>
</frame>