<?xml version="1.0" encoding="UTF-8" standalone="yes"?>
<?xml-stylesheet type="text/xsl" href="frame.xsl"?>
<frame cBy="RLG" cDate="12/14/2011 04:00:38 PST Wed" name="Locale_by_characteristic_entity" ID="2687" xsi:schemaLocation="../schema/frame.xsd" xmlns="http://framenet.icsi.berkeley.edu" xmlns:xsi="http://www.w3.org/2001/XMLSchema-instance">
    <definition>&lt;def-root&gt;A &lt;fen&gt;Locale&lt;/fen&gt; is characterized by the type of entity associated with the &lt;fen&gt;Locale&lt;/fen&gt;. Some words specifically denote regions characterized by the individuals who typically live or work there. Typcial such &lt;fen&gt;Characteristic&lt;/fen&gt;s include ethnicity, national origin, language, and other shared cultural traits.

&lt;ex&gt;This neighborhood started out as a &lt;fex name="cha"&gt;Russian&lt;/fex&gt; &lt;t&gt;&lt;fex name="loc"&gt;enclave&lt;/fex&gt;&lt;/t&gt;.&lt;/ex&gt;

&lt;ex&gt;A twenty-minute walk will take you to the &lt;fex name="cha"&gt;Dutch-speaking&lt;/fex&gt; &lt;t&gt;&lt;fex name="loc"&gt;quarter&lt;/fex&gt;&lt;/t&gt; &lt;fex name="Container_possessor"&gt;of the city&lt;/fex&gt;.&lt;/ex&gt;&lt;/def-root&gt;</definition>
    <FE bgColor="FF0000" fgColor="FFFFFF" coreType="Core" cBy="RLG" cDate="12/14/2011 04:00:38 PST Wed" abbrev="loc" name="Locale" ID="15355">
        <definition>&lt;def-root&gt;A stable bounded area characterized by properties of the entities who are typically located there (e.g., work and/or live there).

&lt;ex&gt;A twenty-minute walk will take you to the Dutch-speaking &lt;t&gt;&lt;fex name="loc"&gt;quarter&lt;/fex&gt;&lt;/t&gt; of the city.&lt;/ex&gt;&lt;/def-root&gt;</definition>
        <semType name="Location" ID="54"/>
    </FE>
    <FE bgColor="1E90FF" fgColor="FFFFFF" coreType="Extra-Thematic" cBy="RLG" cDate="12/14/2011 04:00:38 PST Wed" abbrev="Cnst" name="Constituent_parts" ID="15356">
        <definition>&lt;def-root&gt;Salient parts that make up a &lt;fen&gt;Locale&lt;/fen&gt;.&lt;/def-root&gt;</definition>
    </FE>
    <FE bgColor="800080" fgColor="FFFFFF" coreType="Peripheral" cBy="RLG" cDate="12/14/2011 04:00:38 PST Wed" abbrev="rel" name="Relative_location" ID="15357">
        <definition>&lt;def-root&gt;A place that a &lt;fen&gt;Locale&lt;/fen&gt; is located with respect to.

&lt;ex&gt;Residents of the suburban &lt;t&gt;enclave&lt;/t&gt; &lt;fex name="rel"&gt;near downtown&lt;/fex&gt; have started their own little rebellion.&lt;/ex&gt;&lt;/def-root&gt;</definition>
        <semType name="Locative_relation" ID="182"/>
    </FE>
    <FE bgColor="0000FF" fgColor="FFFFFF" coreType="Extra-Thematic" cBy="RLG" cDate="12/14/2011 04:00:38 PST Wed" abbrev="for" name="Formational_cause" ID="15358">
        <definition>&lt;def-root&gt;Indicates the action (or causer) which brings the features of the &lt;fen&gt;Locale&lt;/fen&gt; about.  This FE should also include words that indicate that there was no salient formation.&lt;/def-root&gt;</definition>
    </FE>
    <FE bgColor="808080" fgColor="FFFFFF" coreType="Peripheral" cBy="RLG" cDate="12/14/2011 04:00:38 PST Wed" abbrev="ContP" name="Container_possessor" ID="15359">
        <definition>&lt;def-root&gt;The larger area within which the &lt;fen&gt;Locale&lt;/fen&gt; is located.

&lt;ex&gt;A twenty-minute walk will take you to the Dutch-speaking &lt;t&gt;quarter&lt;/t&gt; &lt;fex name="ContP"&gt;of the city&lt;/fex&gt;.&lt;/ex&gt;&lt;/def-root&gt;</definition>
    </FE>
    <FE bgColor="008000" fgColor="FFFFFF" coreType="Extra-Thematic" cBy="RLG" cDate="12/14/2011 04:00:38 PST Wed" abbrev="des" name="Descriptor" ID="15361">
        <definition>&lt;def-root&gt;The Descriptor is a temporary condition of the &lt;fen&gt;Locale&lt;/fen&gt;.&lt;/def-root&gt;</definition>
    </FE>
    <FE bgColor="FFFF00" fgColor="A52A2A" coreType="Extra-Thematic" cBy="RLG" cDate="12/14/2011 04:00:38 PST Wed" abbrev="RelEvnt" name="Related_event" ID="15362">
        <definition>&lt;def-root&gt;An event related to the locale in some way other than (1) Formational_cause (which is a separate FE) or an intended use (which would place the instance in Locale_by_use), or (3) a defining event (which would place the instance in Locale_by_event).&lt;/def-root&gt;</definition>
        <semType name="Event" ID="75"/>
    </FE>
    <FE bgColor="A52A2A" fgColor="FFFFFF" coreType="Extra-Thematic" cBy="RLG" cDate="12/14/2011 04:00:38 PST Wed" abbrev="Inh" name="Inherent_purpose" ID="15363">
        <definition>&lt;def-root&gt;The activity that is carried out in the &lt;fen&gt;Locale&lt;/fen&gt;.&lt;/def-root&gt;</definition>
    </FE>
    <FE bgColor="FFA500" fgColor="FFFFFF" coreType="Core" cBy="RLG" cDate="12/14/2011 04:07:45 PST Wed" abbrev="cha" name="Characteristic" ID="15364">
        <definition>&lt;def-root&gt;A property or characteristic of the entities in the &lt;fen&gt;Locale&lt;/fen&gt;.

&lt;ex&gt;A twenty-minute walk will take you to the &lt;fex name="cha"&gt;Dutch-speaking&lt;/fex&gt; &lt;t&gt;quarter&lt;/t&gt; of the city.&lt;/ex&gt;&lt;/def-root&gt;</definition>
    </FE>
    <frameRelation type="Inherits from">
        <relatedFrame ID="192">Locale</relatedFrame>
    </frameRelation>
    <frameRelation type="Is Inherited by"/>
    <frameRelation type="Perspective on"/>
    <frameRelation type="Is Perspectivized in"/>
    <frameRelation type="Uses"/>
    <frameRelation type="Is Used by"/>
    <frameRelation type="Subframe of"/>
    <frameRelation type="Has Subframe(s)"/>
    <frameRelation type="Precedes"/>
    <frameRelation type="Is Preceded by"/>
    <frameRelation type="Is Inchoative of"/>
    <frameRelation type="Is Causative of"/>
    <frameRelation type="See also"/>
    <lexUnit status="Created" POS="N" name="quarter.n" ID="16824" lemmaID="31435" cBy="RLG" cDate="12/14/2011 04:18:44 PST Wed">
        <definition>FN: a part of town characterized by the people who live or work there.</definition>
        <sentenceCount annotated="0" total="0"/>
        <lexeme order="1" headword="false" breakBefore="false" POS="N" name="quarter"/>
    </lexUnit>
    <lexUnit status="In_Use" POS="N" name="enclave.n" ID="16825" lemmaID="12687" cBy="RLG" cDate="12/14/2011 04:19:04 PST Wed">
        <definition>FN: a region relatively separated from surrounding regions, characterized by the presence of certain types of people.</definition>
        <sentenceCount annotated="30" total="45"/>
        <lexeme order="1" headword="false" breakBefore="false" POS="N" name="enclave"/>
    </lexUnit>
    <lexUnit status="Created" POS="N" name="belt.n" ID="16826" lemmaID="3336" cBy="RLG" cDate="12/14/2011 04:29:25 PST Wed">
        <definition>FN: an elongated region characterized by the entities or activities carried out in the region.</definition>
        <sentenceCount annotated="0" total="0"/>
        <lexeme order="1" headword="false" breakBefore="false" POS="N" name="belt"/>
    </lexUnit>
</frame>