<?xml version="1.0" encoding="UTF-8" standalone="yes"?>
<?xml-stylesheet type="text/xsl" href="frame.xsl"?>
<frame cBy="JKs" cDate="07/06/2009 03:32:33 PDT Mon" name="Location_in_time" ID="2141" xsi:schemaLocation="../schema/frame.xsd" xmlns="http://framenet.icsi.berkeley.edu" xmlns:xsi="http://www.w3.org/2001/XMLSchema-instance">
    <definition>&lt;def-root&gt;The word(s) in this frame detail a particular moment in time.These often occur with demonstratives such as this and that.

&lt;ex&gt;&lt;fex name="Relative_time"&gt;Late&lt;/fex&gt; that &lt;fex name="Focal_time"&gt;&lt;t&gt;day&lt;/t&gt;&lt;/fex&gt;, &lt;fex name="Whole"&gt;1776&lt;/fex&gt;, America declared sovereignty.&lt;/ex&gt;&lt;/def-root&gt;</definition>
    <FE bgColor="FFA500" fgColor="FFFFFF" coreType="Peripheral" cBy="JKs" cDate="07/06/2009 03:32:33 PDT Mon" abbrev="RelT" name="Relative_time" ID="13274">
        <definition>&lt;def-root&gt;&lt;fen&gt;Relative_time&lt;/fen&gt; denotes words that locate the time with respect to an identifiable reference point.
&lt;ex&gt;&lt;/ex&gt;
&lt;ex&gt;The &lt;fex name="Relative_time"&gt;last&lt;/fex&gt; &lt;t&gt;day&lt;/t&gt; &lt;fex name="Whole"&gt;of June&lt;/fex&gt;, market crashed.&lt;/ex&gt;&lt;/def-root&gt;</definition>
    </FE>
    <FE bgColor="9400D3" fgColor="FFFFFF" coreType="Peripheral" cBy="JKs" cDate="07/06/2009 03:32:33 PDT Mon" abbrev="Name" name="Name" ID="13275">
        <definition>&lt;def-root&gt;&lt;fen&gt;Name&lt;/fen&gt; denotes the name of the particular point in time.
&lt;ex&gt;&lt;/ex&gt;
&lt;ex&gt;Make sure you lock the doors at &lt;fex name="Name"&gt;closing&lt;/fex&gt; &lt;t&gt;time&lt;/t&gt;.&lt;/ex&gt;&lt;/def-root&gt;</definition>
    </FE>
    <FE bgColor="FF69B4" fgColor="FFFFFF" coreType="Peripheral" cBy="JKs" cDate="07/06/2009 03:32:33 PDT Mon" abbrev="Whole" name="Whole" ID="13276">
        <definition>&lt;def-root&gt;The &lt;fen&gt;Whole&lt;/fen&gt; describes the larger unit of which the target word describes one part. If there is an appositive that is necessarily larger, it's the &lt;fen&gt;Whole&lt;/fen&gt;.
&lt;ex&gt;&lt;/ex&gt;
&lt;ex&gt;What &lt;t&gt;time&lt;/t&gt; &lt;fex name="Whole"&gt;of day&lt;/fex&gt; is it?&lt;/ex&gt;

&lt;ex&gt; On that &lt;t&gt;day&lt;/t&gt;, &lt;fex name="Whole"&gt;1449&lt;/fex&gt;, a battle raged.&lt;/ex&gt;&lt;/def-root&gt;</definition>
    </FE>
    <FE bgColor="FF0000" fgColor="FFFFFF" coreType="Core" cBy="JKs" cDate="07/06/2009 03:32:33 PDT Mon" abbrev="foc" name="Focal_time" ID="13278">
        <definition>&lt;def-root&gt;The particular, salient point in time. If a specified time is present, it is the focal time. Otherwise, the unit is the focal time. If there is an appositive that specifies an entity that it not necessarily larger than the target, both the unit and the specification are the FE.
&lt;ex&gt;&lt;/ex&gt;
&lt;ex&gt;I didn't see it at that &lt;fex name="Focal_time"&gt;&lt;t&gt;time&lt;/t&gt;&lt;/fex&gt;.&lt;/ex&gt;

&lt;ex&gt;The &lt;t&gt;time&lt;/t&gt; is &lt;fex name="Focal_time"&gt;10:00&lt;/fex&gt;.&lt;/ex&gt;

&lt;ex&gt;That &lt;fex name="Focal_time"&gt;&lt;t&gt;day&lt;/t&gt;&lt;/fex&gt;, &lt;fex name="Focal_time"&gt;Dec. 7th&lt;/fex&gt;, will live in infamy.&lt;/ex&gt;&lt;/def-root&gt;</definition>
    </FE>
    <FE bgColor="0000FF" fgColor="FFFFFF" coreType="Extra-Thematic" cBy="JKs" cDate="07/06/2009 03:32:33 PDT Mon" abbrev="sal_eve" name="Salient_event" ID="13279">
        <definition>&lt;def-root&gt;&lt;fen&gt;Salient_event&lt;/fen&gt; is an event that is associated with the given point in time.
&lt;ex&gt;&lt;/ex&gt;
&lt;ex&gt;It is &lt;t&gt;time&lt;/t&gt; &lt;fex name="Salient_event"&gt;to go&lt;/fex&gt;.&lt;/ex&gt;&lt;/def-root&gt;</definition>
    </FE>
    <FE bgColor="A52A2A" fgColor="FFFFFF" coreType="Extra-Thematic" cBy="AnW" cDate="10/06/2009 03:14:48 PDT Tue" abbrev="" name="Descriptor" ID="13457">
        <definition>&lt;def-root&gt;A &lt;fen&gt;Descriptor&lt;/fen&gt; is any characterization or description of the point in time that is not covered by a more specific FE.
&lt;ex&gt;&lt;/ex&gt;
&lt;ex&gt; &lt;fex name="Focal_time"&gt;WWII&lt;/fex&gt; was a &lt;fex name="Descriptor"&gt;strange&lt;/fex&gt; &lt;t&gt;time&lt;/t&gt; to be an American.&lt;/ex&gt;&lt;/def-root&gt;</definition>
    </FE>
    <frameRelation type="Inherits from"/>
    <frameRelation type="Is Inherited by">
        <relatedFrame ID="229">Calendric_unit</relatedFrame>
    </frameRelation>
    <frameRelation type="Perspective on">
        <relatedFrame ID="1897">Simultaneity</relatedFrame>
    </frameRelation>
    <frameRelation type="Is Perspectivized in"/>
    <frameRelation type="Uses"/>
    <frameRelation type="Is Used by"/>
    <frameRelation type="Subframe of"/>
    <frameRelation type="Has Subframe(s)"/>
    <frameRelation type="Precedes"/>
    <frameRelation type="Is Preceded by"/>
    <frameRelation type="Is Inchoative of"/>
    <frameRelation type="Is Causative of"/>
    <frameRelation type="See also"/>
    <lexUnit status="Finished_Initial" POS="N" name="time.n" ID="15399" lemmaID="40441" cBy="JKs" cDate="07/06/2009 03:43:01 PDT Mon">
        <definition>FN: a particular moment in time</definition>
        <sentenceCount annotated="14" total="14"/>
        <lexeme order="1" headword="false" breakBefore="false" POS="N" name="time"/>
    </lexUnit>
    <lexUnit status="Created" POS="N" name="date.n" ID="15730" lemmaID="9604" cBy="AnW" cDate="03/25/2010 12:28:19 PDT Thu">
        <definition>FN: a particular combination of a day, month, and year, possibly connected to an event happening at that time</definition>
        <sentenceCount annotated="32" total="32"/>
        <lexeme order="1" headword="false" breakBefore="false" POS="N" name="date"/>
    </lexUnit>
    <lexUnit status="Created" POS="N" name="day.n" ID="16915" lemmaID="51033" cBy="PKe" cDate="02/27/2012 11:15:41 PST Mon">
        <definition>FN: An unspecified date in time.</definition>
        <sentenceCount annotated="1" total="1"/>
        <lexeme order="1" headword="true" breakBefore="false" POS="N" name="Day"/>
    </lexUnit>
</frame>