<?xml version="1.0" encoding="UTF-8" standalone="yes"?>
<?xml-stylesheet type="text/xsl" href="frame.xsl"?>
<frame cBy="PKe" cDate="08/17/2011 03:55:46 PDT Wed" name="Locale_closure" ID="2620" xsi:schemaLocation="../schema/frame.xsd" xmlns="http://framenet.icsi.berkeley.edu" xmlns:xsi="http://www.w3.org/2001/XMLSchema-instance">
    <definition>&lt;def-root&gt;A building or location that can be sealed to prevent entrance, the &lt;fen&gt;Locale&lt;/fen&gt;, ceases to be open for use.

&lt;ex&gt;&lt;fex name="loc"&gt;That park&lt;/fex&gt; &lt;t&gt;closed&lt;/t&gt; last year.&lt;/ex&gt;&lt;/def-root&gt;</definition>
    <FE bgColor="FF0000" fgColor="FFFFFF" coreType="Core" cBy="PKe" cDate="08/17/2011 04:00:21 PDT Wed" abbrev="loc" name="Locale" ID="14790">
        <definition>&lt;def-root&gt;The &lt;fen&gt;Locale&lt;/fen&gt; is the entity that ceases to be available for use.

&lt;ex&gt;&lt;fex name="loc"&gt;The other post office&lt;/fex&gt; &lt;t&gt;closed&lt;/t&gt; so they could build a new one.&lt;/ex&gt;&lt;/def-root&gt;</definition>
    </FE>
    <FE bgColor="9400D3" fgColor="FFFFFF" coreType="Extra-Thematic" cBy="PKe" cDate="08/17/2011 04:04:41 PDT Wed" abbrev="exp" name="Explanation" ID="14791">
        <definition>&lt;def-root&gt;The &lt;fen&gt;Explanation&lt;/fen&gt; for the closure, if any.

&lt;ex&gt;&lt;fex name="loc"&gt;The oldpost office&lt;/fex&gt; &lt;t&gt;closed&lt;/t&gt; &lt;fex name="exp"&gt;so they could build a new one&lt;/fex&gt;.&lt;/ex&gt;&lt;/def-root&gt;</definition>
    </FE>
    <FE bgColor="FF00FF" fgColor="FFFFFF" coreType="Extra-Thematic" cBy="PKe" cDate="08/17/2011 04:08:56 PDT Wed" abbrev="conta" name="Containing_event" ID="14792">
        <definition>&lt;def-root&gt;The &lt;fen&gt;Containing_event&lt;/fen&gt; describes some event in which the closure occurs.

&lt;ex&gt;&lt;fex name="loc"&gt;Yosemite&lt;/fex&gt; swiftly &lt;t&gt;closed&lt;/t&gt; &lt;fex name="Containing_event"&gt;when the wildfires were sweeping through&lt;/fex&gt;.&lt;/ex&gt;&lt;/def-root&gt;</definition>
    </FE>
    <FE bgColor="FFA500" fgColor="000000" coreType="Extra-Thematic" cBy="PKe" cDate="08/17/2011 04:20:43 PDT Wed" abbrev="dep" name="Depictive" ID="14793">
        <definition>&lt;def-root&gt;A &lt;fen&gt;Depictive&lt;/fen&gt; describes something about the &lt;fen&gt;Locale&lt;/fen&gt;.

&lt;ex&gt;&lt;fex name="loc"&gt;The police department&lt;/fex&gt;, &lt;fex name="dep"&gt;suffering from 100 years of wear and tear&lt;/fex&gt;, &lt;t&gt;closed its doors&lt;/t&gt; &lt;fex name="tim"&gt;in 2003&lt;/fex&gt;.&lt;/ex&gt;&lt;/def-root&gt;</definition>
    </FE>
    <FE bgColor="00008B" fgColor="FFFFFF" coreType="Peripheral" cBy="PKe" cDate="08/17/2011 04:22:24 PDT Wed" abbrev="tim" name="Time" ID="14794">
        <definition>&lt;def-root&gt;The &lt;fen&gt;Time&lt;/fen&gt; of the closure.

&lt;ex&gt;&lt;fex name="loc"&gt;The fire department&lt;/fex&gt; &lt;t&gt;closed&lt;/t&gt; &lt;fex name="tim"&gt;in 2008 &lt;/fex&gt; after the city ceased to be incorporated.&lt;/ex&gt;&lt;/def-root&gt;</definition>
    </FE>
    <FE bgColor="7FFF00" fgColor="000000" coreType="Peripheral" cBy="PKe" cDate="08/17/2011 04:48:16 PDT Wed" abbrev="man" name="Manner" ID="14795">
        <definition>&lt;def-root&gt;The &lt;fen&gt;Manner&lt;/fen&gt; describes the way in which the &lt;fen&gt;Locale&lt;/fen&gt; closed.

&lt;ex&gt;&lt;fex name="loc"&gt;Yosemite&lt;/fex&gt; &lt;fex name="man"&gt;swiftly&lt;/fex&gt; &lt;t&gt;closed&lt;/t&gt; when the wildfires swept through.&lt;/ex&gt;&lt;/def-root&gt;</definition>
    </FE>
    <FE bgColor="1E90FF" fgColor="FFFFFF" coreType="Extra-Thematic" cBy="PKe" cDate="08/17/2011 04:51:56 PDT Wed" abbrev="cir" name="Circumstances" ID="14796">
        <definition>&lt;def-root&gt;The &lt;fen&gt;Circumstances&lt;/fen&gt; that caused closure. Compared to &lt;fen&gt;Explanation&lt;/fen&gt;, this describes situations or environments that lead to failure, not a specific reason for failure.

&lt;ex&gt;&lt;fex name="loc"&gt;Public spaces&lt;/fex&gt; often &lt;t&gt;close&lt;/t&gt; &lt;fex name="cir"&gt;amid political or economic chaos&lt;/fex&gt;.&lt;/ex&gt;&lt;/def-root&gt;</definition>
    </FE>
    <FE bgColor="008000" fgColor="FFFFFF" coreType="Peripheral" cBy="PKe" cDate="08/17/2011 05:14:49 PDT Wed" abbrev="pla" name="Place" ID="14797">
        <definition>&lt;def-root&gt;The &lt;fen&gt;Place&lt;/fen&gt; of the failing locale.

&lt;ex&gt;&lt;fex name="loc"&gt;Every park&lt;/fex&gt; &lt;t&gt;closed&lt;/t&gt; &lt;fex name="pla"&gt;in New York City&lt;/fex&gt; &lt;fex name="tim"&gt;last week&lt;/fex&gt; &lt;fex name="exp"&gt;for the fireworks&lt;/fex&gt;.&lt;/ex&gt;&lt;/def-root&gt;</definition>
    </FE>
    <FE bgColor="808080" fgColor="FFFFFF" coreType="Peripheral" cBy="RLG" cDate="06/19/2012 10:24:19 PDT Tue" abbrev="dur" name="Duration" ID="15749">
        <definition>&lt;def-root&gt;The length of time that the &lt;fen&gt;Locale&lt;/fen&gt; remains closed.

&lt;ex&gt;The shop &lt;t&gt;closed&lt;/t&gt; &lt;fex name="dur"&gt;for three hours&lt;/fex&gt; while police did their investigation.&lt;/ex&gt;&lt;/def-root&gt;</definition>
    </FE>
    <frameRelation type="Inherits from"/>
    <frameRelation type="Is Inherited by">
        <relatedFrame ID="2590">Business_closure</relatedFrame>
    </frameRelation>
    <frameRelation type="Perspective on"/>
    <frameRelation type="Is Perspectivized in"/>
    <frameRelation type="Uses"/>
    <frameRelation type="Is Used by"/>
    <frameRelation type="Subframe of"/>
    <frameRelation type="Has Subframe(s)"/>
    <frameRelation type="Precedes"/>
    <frameRelation type="Is Preceded by"/>
    <frameRelation type="Is Inchoative of"/>
    <frameRelation type="Is Causative of"/>
    <frameRelation type="See also">
        <relatedFrame ID="2622">Endeavor_failure</relatedFrame>
    </frameRelation>
    <lexUnit status="Needs_SCs" POS="V" name="close.v" ID="16506" lemmaID="6856" cBy="PKe" cDate="08/17/2011 06:01:57 PDT Wed">
        <definition>FN: A locale ceases to be available for use.</definition>
        <sentenceCount annotated="5" total="70"/>
        <lexeme order="1" headword="false" breakBefore="false" POS="V" name="close"/>
    </lexUnit>
    <lexUnit status="Created" POS="V" name="shut down.v" ID="16525" lemmaID="51370" cBy="PKe" cDate="08/23/2011 04:44:17 PDT Tue">
        <definition>FN: Close a locale permanently.</definition>
        <sentenceCount annotated="0" total="0"/>
        <lexeme order="1" headword="true" breakBefore="false" POS="V" name="shut"/>
        <lexeme order="2" headword="false" breakBefore="false" POS="ADV" name="down"/>
    </lexUnit>
</frame>