<?xml version="1.0" encoding="UTF-8" standalone="yes"?>
<?xml-stylesheet type="text/xsl" href="frame.xsl"?>
<frame cBy="AnW" cDate="08/14/2009 10:40:38 PDT Fri" name="Locale_by_ownership" ID="2171" xsi:schemaLocation="../schema/frame.xsd" xmlns="http://framenet.icsi.berkeley.edu" xmlns:xsi="http://www.w3.org/2001/XMLSchema-instance">
    <definition>&lt;def-root&gt;A place defined by an &lt;fen&gt;Owner&lt;/fen&gt;.

&lt;ex&gt;Get off &lt;fex name="Owner"&gt;my&lt;/fex&gt; &lt;fex name="Locale"&gt;property&lt;/fex&gt;!&lt;/ex&gt;&lt;/def-root&gt;</definition>
    <FE bgColor="800080" fgColor="FFFFFF" coreType="Core" cBy="AnW" cDate="08/14/2009 10:48:00 PDT Fri" abbrev="" name="Locale" ID="13373">
        <definition>&lt;def-root&gt;A stable bounded area.  It is typically the designation of the nouns of Locale-derived frames.&lt;/def-root&gt;</definition>
    </FE>
    <FE bgColor="A52A2A" fgColor="FFFFFF" coreType="Peripheral" cBy="AnW" cDate="08/14/2009 10:49:38 PDT Fri" abbrev="" name="Relative_location" ID="13374">
        <definition>&lt;def-root&gt;A place that a &lt;fen&gt;Locale&lt;/fen&gt; is located with respect to.&lt;/def-root&gt;</definition>
    </FE>
    <FE bgColor="0000FF" fgColor="FFFFFF" coreType="Core-Unexpressed" cBy="AnW" cDate="08/14/2009 10:51:54 PDT Fri" abbrev="" name="Owner" ID="13375">
        <definition>&lt;def-root&gt;The individual or group of individuals who hold posses the &lt;fen&gt;Locale&lt;/fen&gt;.&lt;/def-root&gt;</definition>
    </FE>
    <FE bgColor="FF0000" fgColor="FFFFFF" coreType="Extra-Thematic" cBy="AnW" cDate="08/14/2009 10:56:05 PDT Fri" abbrev="" name="Constituent_parts" ID="13376">
        <definition>&lt;def-root&gt;Salient parts that make up a &lt;fen&gt;Locale&lt;/fen&gt;.&lt;/def-root&gt;</definition>
    </FE>
    <FE bgColor="EEE8AA" fgColor="000000" coreType="Extra-Thematic" cBy="AnW" cDate="08/14/2009 10:57:04 PDT Fri" abbrev="" name="Descriptor" ID="13378">
        <definition>&lt;def-root&gt;Any feature or characteristic of the &lt;fen&gt;Locale&lt;/fen&gt; not covered by more specific FEs.&lt;/def-root&gt;</definition>
    </FE>
    <FE bgColor="FFFF00" fgColor="000000" coreType="Extra-Thematic" cBy="AnW" cDate="08/14/2009 10:58:40 PDT Fri" abbrev="" name="Container_possessor" ID="13379">
        <definition>&lt;def-root&gt;The location that the &lt;fen&gt;Locale&lt;/fen&gt; is a part of.&lt;/def-root&gt;</definition>
    </FE>
    <FE bgColor="008000" fgColor="FFFFFF" coreType="Extra-Thematic" cBy="AnW" cDate="08/14/2009 10:59:17 PDT Fri" abbrev="" name="Name" ID="13380">
        <definition>&lt;def-root&gt;The name of the &lt;fen&gt;Locale&lt;/fen&gt;.&lt;/def-root&gt;</definition>
    </FE>
    <FE bgColor="FFA500" fgColor="FFFFFF" coreType="Extra-Thematic" cBy="AnW" cDate="08/19/2009 03:01:20 PDT Wed" abbrev="Inh" name="Inherent_purpose" ID="13425">
        <definition>&lt;def-root&gt;The activity that is carried out in the &lt;fen&gt;Locale&lt;/fen&gt;.&lt;/def-root&gt;</definition>
    </FE>
    <frameRelation type="Inherits from">
        <relatedFrame ID="192">Locale</relatedFrame>
    </frameRelation>
    <frameRelation type="Is Inherited by">
        <relatedFrame ID="195">Political_locales</relatedFrame>
    </frameRelation>
    <frameRelation type="Perspective on"/>
    <frameRelation type="Is Perspectivized in"/>
    <frameRelation type="Uses">
        <relatedFrame ID="118">Possession</relatedFrame>
    </frameRelation>
    <frameRelation type="Is Used by"/>
    <frameRelation type="Subframe of"/>
    <frameRelation type="Has Subframe(s)"/>
    <frameRelation type="Precedes"/>
    <frameRelation type="Is Preceded by"/>
    <frameRelation type="Is Inchoative of"/>
    <frameRelation type="Is Causative of"/>
    <frameRelation type="See also"/>
    <lexUnit status="Finished_Initial" POS="N" name="land.n" ID="15472" lemmaID="21646" cBy="AnW" cDate="08/14/2009 11:24:06 PDT Fri">
        <definition>FN: a location that is someone's or something's property (e.g. real estate land, stewardship land, etc.)</definition>
        <sentenceCount annotated="50" total="196"/>
        <lexeme order="1" headword="false" breakBefore="false" POS="N" name="land"/>
    </lexUnit>
    <lexUnit status="Created" POS="N" name="property.n" ID="15493" lemmaID="51021" cBy="AnW" cDate="08/19/2009 12:53:21 PDT Wed">
        <definition>COD: a building and the land belonging to it</definition>
        <sentenceCount annotated="2" total="2"/>
        <lexeme order="1" headword="true" breakBefore="false" POS="N" name="property"/>
    </lexUnit>
    <lexUnit status="Created" POS="N" name="estate.n" ID="15494" lemmaID="13137" cBy="AnW" cDate="08/19/2009 01:32:02 PDT Wed">
        <definition>COD: a property consisting of a large house and extensive grounds</definition>
        <sentenceCount annotated="0" total="0"/>
        <lexeme order="1" headword="false" breakBefore="false" POS="N" name="estate"/>
    </lexUnit>
</frame>