<?xml version="1.0" encoding="UTF-8" standalone="yes"?>
<?xml-stylesheet type="text/xsl" href="frame.xsl"?>
<frame cBy="PKe" cDate="01/08/2013 02:58:16 PST Tue" name="Locative_scenario" ID="2790" xsi:schemaLocation="../schema/frame.xsd" xmlns="http://framenet.icsi.berkeley.edu" xmlns:xsi="http://www.w3.org/2001/XMLSchema-instance">
    <definition>&lt;def-root&gt;A &lt;fen&gt;Figure&lt;/fen&gt; is located with respect to a &lt;fen&gt;Ground&lt;/fen&gt;, whose location is (generally) better known. This is accomplished by identifying the &lt;fen&gt;Figure&lt;/fen&gt; as within a &lt;fen&gt;Profiled_region&lt;/fen&gt;--a shape defined by an Image Schema, located at, on, or in the &lt;fen&gt;Ground&lt;/fen&gt;, and scaled by context. Alternatively, a group of &lt;fen&gt;Figures&lt;/fen&gt; is described within a symmetrical &lt;fen&gt;Profiled_region&lt;/fen&gt; located simultaneously with respect to each of the &lt;fen&gt;Figures&lt;/fen&gt;.&lt;/def-root&gt;</definition>
    <semType name="Non-Lexical Frame" ID="16"/>
    <FE bgColor="FF0000" fgColor="FFFFFF" coreType="Core" cBy="PKe" cDate="01/08/2013 02:59:29 PST Tue" abbrev="fig" name="Figure" ID="15843">
        <definition>&lt;def-root&gt;The entity that is located with respect to the &lt;fen&gt;Ground&lt;/fen&gt;.&lt;/def-root&gt;</definition>
        <excludesFE name="Figures" ID="15845"/>
    </FE>
    <FE bgColor="008000" fgColor="FFFFFF" coreType="Core" cBy="PKe" cDate="01/08/2013 02:59:44 PST Tue" abbrev="gro" name="Ground" ID="15844">
        <definition>&lt;def-root&gt;The entity with respect to which the &lt;fen&gt;Figure&lt;/fen&gt; is located.&lt;/def-root&gt;</definition>
        <excludesFE name="Figures" ID="15845"/>
    </FE>
    <FE bgColor="800080" fgColor="FFFFFF" coreType="Core" cBy="PKe" cDate="01/08/2013 02:59:51 PST Tue" abbrev="figs" name="Figures" ID="15845">
        <definition>&lt;def-root&gt;The entities that are located with respect to each other.&lt;/def-root&gt;</definition>
    </FE>
    <FE bgColor="0000FF" fgColor="FFFFFF" coreType="Core-Unexpressed" cBy="PKe" cDate="01/08/2013 03:00:04 PST Tue" abbrev="pro" name="Profiled_region" ID="15846">
        <definition>&lt;def-root&gt;The area with respect to the &lt;fen&gt;Ground&lt;/fen&gt; or &lt;fen&gt;Figures&lt;/fen&gt; in which the &lt;fen&gt;Figure&lt;/fen&gt; or &lt;fen&gt;Figures&lt;/fen&gt; reside.&lt;/def-root&gt;</definition>
    </FE>
    <frameRelation type="Inherits from"/>
    <frameRelation type="Is Inherited by"/>
    <frameRelation type="Perspective on"/>
    <frameRelation type="Is Perspectivized in">
        <relatedFrame ID="199">Locative_relation</relatedFrame>
    </frameRelation>
    <frameRelation type="Uses"/>
    <frameRelation type="Is Used by"/>
    <frameRelation type="Subframe of"/>
    <frameRelation type="Has Subframe(s)"/>
    <frameRelation type="Precedes"/>
    <frameRelation type="Is Preceded by"/>
    <frameRelation type="Is Inchoative of"/>
    <frameRelation type="Is Causative of"/>
    <frameRelation type="See also"/>
</frame>