<?xml version="1.0" encoding="UTF-8" standalone="yes"?>
<?xml-stylesheet type="text/xsl" href="frame.xsl"?>
<frame cBy="AnW" cDate="02/01/2010 02:25:19 PST Mon" name="Losing_track_of" ID="2198" xsi:schemaLocation="../schema/frame.xsd" xmlns="http://framenet.icsi.berkeley.edu" xmlns:xsi="http://www.w3.org/2001/XMLSchema-instance">
    <definition>&lt;def-root&gt;This non-lexical frame describes a scenario in which a &lt;fen&gt;Perceiver&lt;/fen&gt; fails to keep sight of a &lt;fen&gt;Theme&lt;/fen&gt;.  &lt;/def-root&gt;</definition>
    <semType name="Non-Lexical Frame" ID="16"/>
    <FE bgColor="FF0000" fgColor="FFFFFF" coreType="Core" cBy="AnW" cDate="02/01/2010 02:52:37 PST Mon" abbrev="" name="Perceiver" ID="13509">
        <definition>&lt;def-root&gt;The &lt;fen&gt;Perceiver&lt;/fen&gt; is the entity who fails to keep the &lt;fen&gt;Theme&lt;/fen&gt; in sight.&lt;/def-root&gt;</definition>
        <semType name="Sentient" ID="5"/>
    </FE>
    <FE bgColor="0000FF" fgColor="FFFFFF" coreType="Core" cBy="AnW" cDate="02/01/2010 02:56:46 PST Mon" abbrev="" name="Theme" ID="13510">
        <definition>&lt;def-root&gt;The &lt;fen&gt;Theme&lt;/fen&gt; is the object that becomes unperceivable.&lt;/def-root&gt;</definition>
        <semType name="Physical_object" ID="68"/>
    </FE>
    <FE bgColor="FFD700" fgColor="000000" coreType="Peripheral" cBy="AnW" cDate="02/01/2010 02:58:57 PST Mon" abbrev="" name="Time" ID="13511">
        <definition>&lt;def-root&gt;The &lt;fen&gt;Time&lt;/fen&gt; when the &lt;fen&gt;Perceiver&lt;/fen&gt; loses perception of the &lt;fen&gt;Theme&lt;/fen&gt;.&lt;/def-root&gt;</definition>
        <semType name="Time" ID="141"/>
    </FE>
    <FE bgColor="9400D3" fgColor="FFFFFF" coreType="Peripheral" cBy="AnW" cDate="02/01/2010 02:59:49 PST Mon" abbrev="" name="Place" ID="13512">
        <definition>&lt;def-root&gt;The &lt;fen&gt;Place&lt;/fen&gt; where the &lt;fen&gt;Perceiver&lt;/fen&gt; loses perception of the &lt;fen&gt;Theme&lt;/fen&gt;.&lt;/def-root&gt;</definition>
        <semType name="Locative_relation" ID="182"/>
    </FE>
    <FE bgColor="FF69B4" fgColor="FFFFFF" coreType="Extra-Thematic" cBy="AnW" cDate="02/01/2010 03:36:34 PST Mon" abbrev="" name="Explanation" ID="13517">
        <definition>&lt;def-root&gt;This FE denotes a proposition from which the loss of perception logically follows.&lt;/def-root&gt;</definition>
    </FE>
    <frameRelation type="Inherits from"/>
    <frameRelation type="Is Inherited by"/>
    <frameRelation type="Perspective on"/>
    <frameRelation type="Is Perspectivized in">
        <relatedFrame ID="2199">Losing_track_of_theme</relatedFrame>
        <relatedFrame ID="2200">Losing_track_of_perceiver</relatedFrame>
    </frameRelation>
    <frameRelation type="Uses"/>
    <frameRelation type="Is Used by"/>
    <frameRelation type="Subframe of"/>
    <frameRelation type="Has Subframe(s)"/>
    <frameRelation type="Precedes"/>
    <frameRelation type="Is Preceded by"/>
    <frameRelation type="Is Inchoative of"/>
    <frameRelation type="Is Causative of"/>
    <frameRelation type="See also"/>
</frame>