<?xml version="1.0" encoding="UTF-8" standalone="yes"?>
<?xml-stylesheet type="text/xsl" href="frame.xsl"?>
<frame cBy="AnW" cDate="02/01/2010 03:09:43 PST Mon" name="Losing_track_of_theme" ID="2199" xsi:schemaLocation="../schema/frame.xsd" xmlns="http://framenet.icsi.berkeley.edu" xmlns:xsi="http://www.w3.org/2001/XMLSchema-instance">
    <definition>&lt;def-root&gt;This frames describes a &lt;fen&gt;Perceiver&lt;/fen&gt; who fails to keep sight of a &lt;fen&gt;Theme&lt;/fen&gt;.  The focus of this frame is the &lt;fen&gt;Perceiver&lt;/fen&gt;, which appears in subject position.  This frame contrasts with the opposing perspective in Losing_track_of_perceiver, where the &lt;fen&gt;Perceiver&lt;/fen&gt; is the object and the &lt;fen&gt;Theme&lt;/fen&gt; is the subject.
&lt;ex&gt;&lt;fex name="Perceiver"&gt;The police&lt;/fex&gt; &lt;t&gt;lost&lt;/t&gt; &lt;fex name="Theme"&gt;the burglar&lt;/fex&gt; &lt;fex name="Explanation"&gt;as the thief turned the corner&lt;/fex&gt;.&lt;/ex&gt;  &lt;/def-root&gt;</definition>
    <FE bgColor="FF0000" fgColor="FFFFFF" coreType="Core" cBy="AnW" cDate="02/01/2010 03:26:18 PST Mon" abbrev="" name="Perceiver" ID="13513">
        <definition>&lt;def-root&gt;The &lt;fen&gt;Perceiver&lt;/fen&gt; is the entity who fails to keep the &lt;fen&gt;Theme&lt;/fen&gt; in sight.&lt;/def-root&gt;</definition>
        <semType name="Sentient" ID="5"/>
    </FE>
    <FE bgColor="0000FF" fgColor="FFFFFF" coreType="Core" cBy="AnW" cDate="02/01/2010 03:29:10 PST Mon" abbrev="" name="Theme" ID="13514">
        <definition>&lt;def-root&gt;The &lt;fen&gt;Theme&lt;/fen&gt; is the object that becomes unperceivable.&lt;/def-root&gt;</definition>
        <semType name="Physical_object" ID="68"/>
    </FE>
    <FE bgColor="1E90FF" fgColor="FFFFFF" coreType="Peripheral" cBy="AnW" cDate="02/01/2010 03:30:35 PST Mon" abbrev="" name="Place" ID="13515">
        <definition>&lt;def-root&gt;The &lt;fen&gt;Place&lt;/fen&gt; where the &lt;fen&gt;Perceiver&lt;/fen&gt; loses perception of the &lt;fen&gt;Theme&lt;/fen&gt;.&lt;/def-root&gt;</definition>
        <semType name="Locative_relation" ID="182"/>
    </FE>
    <FE bgColor="008000" fgColor="FFFFFF" coreType="Peripheral" cBy="AnW" cDate="02/01/2010 03:31:49 PST Mon" abbrev="" name="Time" ID="13516">
        <definition>&lt;def-root&gt;The &lt;fen&gt;Time&lt;/fen&gt; when the &lt;fen&gt;Perceiver&lt;/fen&gt; loses perception of the &lt;fen&gt;Theme&lt;/fen&gt;.&lt;/def-root&gt;</definition>
        <semType name="Time" ID="141"/>
    </FE>
    <FE bgColor="FFA500" fgColor="000000" coreType="Extra-Thematic" cBy="AnW" cDate="02/01/2010 03:39:20 PST Mon" abbrev="" name="Explanation" ID="13518">
        <definition>&lt;def-root&gt;This FE denotes a proposition from which the loss of perception logically follows.&lt;/def-root&gt;</definition>
    </FE>
    <frameRelation type="Inherits from"/>
    <frameRelation type="Is Inherited by">
        <relatedFrame ID="2197">Losing</relatedFrame>
    </frameRelation>
    <frameRelation type="Perspective on">
        <relatedFrame ID="2198">Losing_track_of</relatedFrame>
    </frameRelation>
    <frameRelation type="Is Perspectivized in"/>
    <frameRelation type="Uses"/>
    <frameRelation type="Is Used by"/>
    <frameRelation type="Subframe of"/>
    <frameRelation type="Has Subframe(s)"/>
    <frameRelation type="Precedes"/>
    <frameRelation type="Is Preceded by"/>
    <frameRelation type="Is Inchoative of"/>
    <frameRelation type="Is Causative of"/>
    <frameRelation type="See also"/>
    <lexUnit status="Needs_SCs" POS="V" name="lose.v" ID="15600" lemmaID="22797" cBy="AnW" cDate="02/01/2010 03:22:08 PST Mon">
        <definition>FN: fail to keep sight of (something)</definition>
        <sentenceCount annotated="2" total="170"/>
        <lexeme order="1" headword="false" breakBefore="false" POS="V" name="lose"/>
    </lexUnit>
</frame>