<?xml version="1.0" encoding="UTF-8" standalone="yes"?>
<?xml-stylesheet type="text/xsl" href="frame.xsl"?>
<frame cBy="JKR" cDate="02/23/2004 04:28:57 PST Mon" name="Losing_it" ID="978" xsi:schemaLocation="../schema/frame.xsd" xmlns="http://framenet.icsi.berkeley.edu" xmlns:xsi="http://www.w3.org/2001/XMLSchema-instance">
    <definition>&lt;def-root&gt;An &lt;fen&gt;Protagonist&lt;/fen&gt; goes from a default state of mental and emotional equilibrium into a temporary state of disequilibrium, often a state of anger. A &lt;fen&gt;Reason&lt;/fen&gt; for the change of state may be given. Likewise, &lt;fen&gt;Action&lt;/fen&gt;s that the Experiencer takes as a result of their new emotional state may be expressed. Both &lt;fen&gt;Reason&lt;/fen&gt;s and &lt;fen&gt;Action&lt;/fen&gt;s may be introduced just as coordinated clauses. The lexical units also are frequently accompanied by expressions of an &lt;fen&gt;Affected_party&lt;/fen&gt;. 
This frame is populated by many lexical units that are based on the emotion-heat/pressure metaphor.  Note also that many phrases with equivalent meaning to targets of this frame are compositional, e.g. 'go insane', which we treat as the LU insane.a (of the Mental_property frame) plus the inchoative support go.v.

&lt;ex&gt;&lt;fex name="Protagonist"&gt;You&lt;/fex&gt; &lt;fex name="Degree"&gt;totally&lt;/fex&gt; &lt;t&gt;flipped&lt;/t&gt; &lt;t&gt;out&lt;/t&gt; &lt;fex name="Affected_party"&gt;on our waiter&lt;/fex&gt; &lt;fex name="Reason"&gt;because of the mix-up with the bill&lt;/fex&gt;.&lt;/ex&gt;&lt;/def-root&gt;</definition>
    <FE bgColor="FF0000" fgColor="FFFFFF" coreType="Core" cBy="JKR" cDate="02/23/2004 04:28:57 PST Mon" abbrev="Prot" name="Protagonist" ID="5952">
        <definition>&lt;def-root&gt;This is the person (or people) whose mental state changes.

&lt;ex&gt;&lt;fex name="Protagonist"&gt;Kim&lt;/fex&gt; &lt;t&gt;went&lt;/t&gt; &lt;t&gt;ballistic&lt;/t&gt;.&lt;/ex&gt;&lt;/def-root&gt;</definition>
        <semType name="Sentient" ID="5"/>
    </FE>
    <FE bgColor="006400" fgColor="FFFFFF" coreType="Core" cBy="JKR" cDate="02/23/2004 04:28:57 PST Mon" abbrev="act" name="Action" ID="5953">
        <definition>&lt;def-root&gt;Something done by the &lt;fen&gt;Protagonist&lt;/fen&gt; as a result of losing mental equilibrium.

&lt;ex&gt;You totally &lt;t&gt;lost&lt;/t&gt; &lt;t&gt;it&lt;/t&gt; &lt;fex name="act"&gt;with that speech you just gave to the Principal&lt;/fex&gt;.&lt;/ex&gt;&lt;/def-root&gt;</definition>
    </FE>
    <FE bgColor="FF69B4" fgColor="FFFFFF" coreType="Peripheral" cBy="JKR" cDate="02/23/2004 04:28:58 PST Mon" abbrev="Degr" name="Degree" ID="5955">
        <definition>&lt;def-root&gt;&lt;fen&gt;Degree&lt;/fen&gt; marks the extent to which the &lt;fen&gt;Protagonist&lt;/fen&gt;'s mental state changes.

&lt;ex&gt;John &lt;fex name="Degree"&gt;totally&lt;/fex&gt; &lt;t&gt;lost&lt;/t&gt; &lt;t&gt;it&lt;/t&gt;&lt;/ex&gt;

&lt;/def-root&gt;</definition>
        <semType name="Degree" ID="172"/>
    </FE>
    <FE bgColor="FF00FF" fgColor="FFFFFF" coreType="Peripheral" cBy="JKR" cDate="02/23/2004 04:28:58 PST Mon" abbrev="Manr" name="Manner" ID="5956">
        <definition>&lt;def-root&gt;Any description of the event which is not covered by more specific FEs, especially general descriptions comparing events.

&lt;ex&gt;He &lt;t&gt;flipped&lt;/t&gt; &lt;t&gt;out&lt;/t&gt; &lt;fex name="Manner"&gt;like my dad did last year&lt;/fex&gt;.&lt;/ex&gt;&lt;/def-root&gt;</definition>
        <semType name="Manner" ID="173"/>
    </FE>
    <FE bgColor="00008B" fgColor="FFFFFF" coreType="Extra-Thematic" cBy="JKR" cDate="02/23/2004 04:49:55 PST Mon" abbrev="Aff_par" name="Affected_party" ID="5958">
        <definition>&lt;def-root&gt;A person (or persons) who is saliently affected by the &lt;fen&gt;Protagonist&lt;/fen&gt; 's &lt;fen&gt;Action&lt;/fen&gt;s.  &lt;ex&gt;I'm sorry, but every time I try to sneak out she &lt;t&gt;goes&lt;/t&gt; &lt;t&gt;apeshit&lt;/t&gt; &lt;fex name="Aff_par"&gt;on me&lt;/fex&gt;.&lt;/ex&gt;&lt;/def-root&gt;</definition>
    </FE>
    <FE bgColor="90876C" fgColor="FFFFFF" coreType="Extra-Thematic" cBy="MJE" cDate="02/23/2004 07:11:55 PST Mon" abbrev="exp" name="Explanation" ID="5966">
        <definition>&lt;def-root&gt;The cause for the &lt;fen&gt;Protagonist&lt;/fen&gt; to go crazy.

&lt;ex&gt;She &lt;t&gt;went&lt;/t&gt; &lt;t&gt;ballistic&lt;/t&gt; &lt;fex name="exp"&gt;because of the pizzas&lt;/fex&gt;, man.&lt;/ex&gt;&lt;/def-root&gt;</definition>
        <semType name="State_of_affairs" ID="177"/>
    </FE>
    <frameRelation type="Inherits from"/>
    <frameRelation type="Is Inherited by"/>
    <frameRelation type="Perspective on"/>
    <frameRelation type="Is Perspectivized in"/>
    <frameRelation type="Uses">
        <relatedFrame ID="29">Mental_property</relatedFrame>
    </frameRelation>
    <frameRelation type="Is Used by"/>
    <frameRelation type="Subframe of"/>
    <frameRelation type="Has Subframe(s)"/>
    <frameRelation type="Precedes"/>
    <frameRelation type="Is Preceded by"/>
    <frameRelation type="Is Inchoative of"/>
    <frameRelation type="Is Causative of"/>
    <frameRelation type="See also"/>
    <lexUnit status="Created" POS="V" name="go apeshit.v" ID="10101" lemmaID="48710" cBy="JKR" cDate="02/23/2004 05:00:32 PST Mon">
        <definition>FN: (slang) lose control and move (or speak) wildly and violently, usually due to a perceived intolerable situation.</definition>
        <sentenceCount annotated="0" total="0"/>
        <lexeme order="1" headword="true" breakBefore="false" POS="V" name="go"/>
        <lexeme order="2" headword="false" breakBefore="false" POS="N" name="apeshit"/>
    </lexUnit>
    <lexUnit status="Created" POS="V" name="lose it.v" ID="11130" lemmaID="49670" cBy="MJE" cDate="11/12/2004 12:26:31 PST Fri">
        <definition>FN: lose control, generally due to frustration and anger or fear.</definition>
        <sentenceCount annotated="0" total="0"/>
        <lexeme order="1" headword="true" breakBefore="false" POS="V" name="lose"/>
        <lexeme order="2" headword="false" breakBefore="false" POS="N" name="it"/>
    </lexUnit>
    <lexUnit status="Created" POS="V" name="go ballistic.v" ID="11131" lemmaID="49671" cBy="MJE" cDate="11/12/2004 12:27:42 PST Fri">
        <definition>FN: act in a fashion indicating extreme frustration.</definition>
        <sentenceCount annotated="0" total="0"/>
        <lexeme order="1" headword="true" breakBefore="false" POS="V" name="go"/>
        <lexeme order="2" headword="false" breakBefore="true" POS="A" name="ballistic"/>
    </lexUnit>
    <lexUnit status="Created" POS="V" name="flip out.v" ID="11132" lemmaID="49672" cBy="MJE" cDate="11/12/2004 12:28:56 PST Fri">
        <definition>FN: suddenly become visibly deranged..</definition>
        <sentenceCount annotated="0" total="0"/>
        <lexeme order="1" headword="true" breakBefore="false" POS="V" name="flip"/>
        <lexeme order="2" headword="false" breakBefore="false" POS="ADV" name="out"/>
    </lexUnit>
    <lexUnit status="Created" POS="V" name="blow cool.v" ID="11133" lemmaID="49673" cBy="MJE" cDate="11/12/2004 12:33:14 PST Fri">
        <definition>FN: lose one's detachment out of anger, resulting in confrontational interaction.</definition>
        <sentenceCount annotated="0" total="0"/>
        <lexeme order="1" headword="true" breakBefore="false" POS="V" name="blow"/>
        <lexeme order="2" headword="false" breakBefore="false" POS="A" name="cool"/>
    </lexUnit>
    <lexUnit status="Needs_SCs" POS="V" name="freak out.v" ID="11134" lemmaID="49674" cBy="MJE" cDate="11/12/2004 12:37:20 PST Fri">
        <definition>FN: behave in an irrational fashion due to excessive fear</definition>
        <sentenceCount annotated="1" total="28"/>
        <lexeme order="1" headword="true" breakBefore="false" POS="V" name="freak"/>
        <lexeme order="2" headword="false" breakBefore="false" POS="ADV" name="out"/>
    </lexUnit>
</frame>