<?xml version="1.0" encoding="UTF-8" standalone="yes"?>
<?xml-stylesheet type="text/xsl" href="frame.xsl"?>
<frame cBy="RLG" cDate="12/15/2011 12:46:18 PST Thu" name="Make_compromise" ID="2688" xsi:schemaLocation="../schema/frame.xsd" xmlns="http://framenet.icsi.berkeley.edu" xmlns:xsi="http://www.w3.org/2001/XMLSchema-instance">
    <definition>&lt;def-root&gt;Two (or more) people (the &lt;fen&gt;Parties&lt;/fen&gt;, also encodable as &lt;fen&gt;Party_1&lt;/fen&gt; and &lt;fen&gt;Party_2&lt;/fen&gt;) come to an agreement committing them to carrying out an &lt;fen&gt;Obligation&lt;/fen&gt;. The agreement is construed as non-ideal for both parties but necessary to end a dispute. The process is understood to be symmetrical or reciprocal. Instead of a specific mention of the &lt;fen&gt;Obligation&lt;/fen&gt;, a &lt;fen&gt;Topic&lt;/fen&gt; expression may be used to indicate the domain covered.

&lt;ex&gt;No &lt;fex name="Topic"&gt;arms&lt;/fex&gt; &lt;t&gt;compromise&lt;/t&gt; &lt;fex name="Parties"&gt;between the two parties&lt;/fex&gt; is expected before the end of 2012.&lt;/ex&gt;

&lt;ex&gt;So &lt;fex name="Party_1"&gt;you&lt;/fex&gt;'ll &lt;t&gt;compromise&lt;/t&gt; &lt;fex name="Party_2"&gt;with us&lt;/fex&gt; &lt;fex name="Obligation"&gt;to continue the project for at least another year&lt;/fex&gt;?&lt;/ex&gt;&lt;/def-root&gt;</definition>
    <FE bgColor="FF0000" fgColor="FFFFFF" coreType="Core" cBy="RLG" cDate="12/15/2011 12:46:18 PST Thu" abbrev="par1" name="Party_1" ID="15365">
        <definition>&lt;def-root&gt;The individual or individuals that form the more prominent (i.e., agentive) party to the compromise, as compared with &lt;fen&gt;Party_2&lt;/fen&gt;. That is, &lt;fen&gt;Party_1&lt;/fen&gt; is generally encoded as the External Argument of verbs, and peripheral FEs that do not make reference to the event itself generally make reference to &lt;fen&gt;Party_1&lt;/fen&gt;. Thus &lt;fen&gt;Manner&lt;/fen&gt; is construed to be that of &lt;fen&gt;Party_1&lt;/fen&gt;, not necessarily that of &lt;fen&gt;Party_2&lt;/fen&gt; or the group of &lt;fen&gt;Parties&lt;/fen&gt; as a whole.

&lt;ex&gt;On Monday, &lt;fex name="par1"&gt;the airline&lt;/fex&gt; &lt;t&gt;compromised&lt;/t&gt; with the Canadian Auto Workers. on a contract for salary and benefits.&lt;/ex&gt;&lt;/def-root&gt;</definition>
        <semType name="Sentient" ID="5"/>
    </FE>
    <FE bgColor="006400" fgColor="FFFFFF" coreType="Core" cBy="RLG" cDate="12/15/2011 12:46:19 PST Thu" abbrev="par2" name="Party_2" ID="15366">
        <definition>&lt;def-root&gt;The semantically (and grammatically) less prominent participant (or group of participants) in the compromise. It is generally encoded within a prepositional phrase (e.g. headed by &lt;m&gt;with&lt;/m&gt;).

&lt;ex&gt;Parenthetical Foundation has finally reached a &lt;t&gt;compromise&lt;/t&gt; &lt;fex name="par2"&gt;with The Bracket Fund&lt;/fex&gt;.&lt;/ex&gt;&lt;/def-root&gt;</definition>
        <semType name="Sentient" ID="5"/>
    </FE>
    <FE bgColor="0000FF" fgColor="FFFFFF" coreType="Core" cBy="RLG" cDate="12/15/2011 12:46:19 PST Thu" abbrev="obl" name="Obligation" ID="15367">
        <definition>&lt;def-root&gt;An expression of the commitment made by the &lt;fen&gt;Parties&lt;/fen&gt; .

&lt;ex&gt;The US and Russia have &lt;t&gt;compromised&lt;/t&gt; &lt;fex name="obl"&gt;to share a portion of early warning data on missile launches&lt;/fex&gt;.&lt;/ex&gt;
&lt;/def-root&gt;</definition>
    </FE>
    <FE bgColor="9F79EE" fgColor="FFFFFF" coreType="Core" cBy="RLG" cDate="12/15/2011 12:46:19 PST Thu" abbrev="top" name="Topic" ID="15368">
        <definition>&lt;def-root&gt;&lt;fen&gt;Topic&lt;/fen&gt; is a description of the domain covered by the compromise.

&lt;ex&gt;They'll never &lt;t&gt;compromise&lt;/t&gt; &lt;fex name="Topic"&gt;on salary&lt;/fex&gt;.&lt;/ex&gt;&lt;/def-root&gt;</definition>
    </FE>
    <FE bgColor="800080" fgColor="FFFFFF" coreType="Peripheral" cBy="RLG" cDate="12/15/2011 12:46:19 PST Thu" abbrev="med" name="Medium" ID="15369">
        <definition>&lt;def-root&gt;As with other frames in the Communication domain, the &lt;fen&gt;Medium&lt;/fen&gt; of communication may be expressed. &lt;fen&gt;Medium&lt;/fen&gt; is the physical entity or channel used to record or negotiate the &lt;fen&gt;Obligation&lt;/fen&gt;. 

&lt;ex&gt;The parties entered into an &lt;fex name="med"&gt;oral&lt;/fex&gt; &lt;t&gt;compromise&lt;/t&gt; to arbitrate disputes arising in connection with the contract.&lt;/ex&gt;
&lt;/def-root&gt;</definition>
    </FE>
    <FE bgColor="FF69B4" fgColor="FFFFFF" coreType="Peripheral" cBy="RLG" cDate="12/15/2011 12:46:19 PST Thu" abbrev="man" name="Manner" ID="15370">
        <definition>&lt;def-root&gt;Any description of the act of making an agreement which is not covered by more specific FEs, including secondary effects (&lt;ment&gt;quietly, loudly&lt;/ment&gt;), and general descriptions comparing events (&lt;ment&gt;the same way&lt;/ment&gt;). In addition, it may indicate salient characteristics of either &lt;fen&gt;Party_1&lt;/fen&gt; or &lt;fen&gt;Parties&lt;/fen&gt; that also affect the action (&lt;ment&gt;presumptuously, coldly, deliberately, eagerly, carefully&lt;/ment&gt;). 

&lt;ex&gt;I &lt;fex name="man"&gt;readily&lt;/fex&gt; &lt;t&gt;compromised&lt;/t&gt; with her to end our wrestling match.&lt;/ex&gt;
&lt;/def-root&gt;</definition>
        <semType name="Manner" ID="173"/>
    </FE>
    <FE bgColor="A52A2A" fgColor="FFFFFF" coreType="Core" cBy="RLG" cDate="12/15/2011 12:46:19 PST Thu" abbrev="pars" name="Parties" ID="15371">
        <definition>&lt;def-root&gt;The group of individuals portrayed as equally involved in reaching a compromise.

&lt;ex&gt;&lt;fex name="pars"&gt;The US and Russia&lt;/fex&gt; have &lt;t&gt;compromised&lt;/t&gt; on a plan to destroy surplus portable anti-aircraft missiles.&lt;/ex&gt;&lt;/def-root&gt;</definition>
    </FE>
    <FE bgColor="008000" fgColor="FFFFFF" coreType="Peripheral" cBy="RLG" cDate="12/15/2011 12:46:19 PST Thu" abbrev="P" name="Place" ID="15372">
        <definition>&lt;def-root&gt;This FE identifies the &lt;fen&gt;Place&lt;/fen&gt; where the compromise occurs.

&lt;ex&gt;The town coucil members reached a &lt;t&gt;compromise&lt;/t&gt; &lt;fex name="Place"&gt;at the City Hall plenary session&lt;/fex&gt;.&lt;/ex&gt;&lt;/def-root&gt;</definition>
        <semType name="Locative_relation" ID="182"/>
    </FE>
    <FE bgColor="FFA500" fgColor="FFFFFF" coreType="Peripheral" cBy="RLG" cDate="12/15/2011 12:46:19 PST Thu" abbrev="T" name="Time" ID="15373">
        <definition>&lt;def-root&gt;This FE identifies the &lt;fen&gt;Place&lt;/fen&gt; where the compromise occurs.

&lt;ex&gt;The town coucil members finally reached a &lt;t&gt;compromise&lt;/t&gt; &lt;fex name="Place"&gt;at midnight&lt;/fex&gt;.&lt;/ex&gt;&lt;/def-root&gt;</definition>
        <semType name="Time" ID="141"/>
    </FE>
    <FE bgColor="00BFFF" fgColor="FFFFFF" coreType="Extra-Thematic" cBy="RLG" cDate="12/15/2011 12:46:19 PST Thu" abbrev="" name="Descriptor" ID="15374">
        <definition>&lt;def-root&gt;This FE describes a characteristic of the &lt;fen&gt;Obligation&lt;/fen&gt;, &lt;fen&gt;Party_1&lt;/fen&gt;, or &lt;fen&gt;Parties&lt;/fen&gt;.

&lt;ex&gt;They &lt;t&gt;compromised&lt;/t&gt;, &lt;fex name="Descriptor"&gt;unaware that we would have given in to any of their demands had the simply kept at it for another week&lt;/fex&gt;.&lt;/ex&gt;&lt;/def-root&gt;</definition>
    </FE>
    <FE bgColor="A9A9A9" fgColor="FFFFFF" coreType="Peripheral" cBy="RLG" cDate="06/19/2012 10:56:25 PDT Tue" abbrev="pur" name="Purpose" ID="15750">
        <definition>&lt;def-root&gt;The &lt;fen&gt;Purpose&lt;/fen&gt; for which the &lt;fen&gt;Parties&lt;/fen&gt; make the compromise.\

&lt;ex&gt;We're making &lt;t&gt;compromises&lt;/t&gt; &lt;fex name="pur"&gt;to head off potentially larger conflicts down the road&lt;/fex&gt;.&lt;/ex&gt;&lt;/def-root&gt;</definition>
    </FE>
    <frameRelation type="Inherits from">
        <relatedFrame ID="1342">Make_agreement_on_action</relatedFrame>
    </frameRelation>
    <frameRelation type="Is Inherited by"/>
    <frameRelation type="Perspective on"/>
    <frameRelation type="Is Perspectivized in"/>
    <frameRelation type="Uses"/>
    <frameRelation type="Is Used by"/>
    <frameRelation type="Subframe of"/>
    <frameRelation type="Has Subframe(s)"/>
    <frameRelation type="Precedes"/>
    <frameRelation type="Is Preceded by"/>
    <frameRelation type="Is Inchoative of"/>
    <frameRelation type="Is Causative of"/>
    <frameRelation type="See also"/>
    <lexUnit status="Needs_SCs" POS="V" name="compromise.v" ID="16827" lemmaID="7553" cBy="RLG" cDate="12/15/2011 01:12:27 PST Thu">
        <definition>FN: reach an agreement by conceding items of interest.</definition>
        <sentenceCount annotated="3" total="8"/>
        <lexeme order="1" headword="false" breakBefore="false" POS="V" name="compromise"/>
    </lexUnit>
    <lexUnit status="Needs_SCs" POS="N" name="compromise.n" ID="16828" lemmaID="7552" cBy="RLG" cDate="12/15/2011 01:12:54 PST Thu">
        <definition>FN: an agreement reached by both parties conceding some number of points.</definition>
        <sentenceCount annotated="8" total="26"/>
        <lexeme order="1" headword="false" breakBefore="false" POS="N" name="compromise"/>
    </lexUnit>
    <lexUnit status="Created" POS="V" name="meet half-way.v" ID="16829" lemmaID="51479" cBy="RLG" cDate="12/15/2011 01:41:17 PST Thu">
        <definition>FN: come to an agreement by mutual concession.</definition>
        <sentenceCount annotated="0" total="0"/>
        <lexeme order="1" headword="true" breakBefore="false" POS="V" name="meet"/>
        <lexeme order="2" headword="false" breakBefore="true" POS="A" name="half-way"/>
    </lexUnit>
</frame>