<?xml version="1.0" encoding="UTF-8" standalone="yes"?>
<?xml-stylesheet type="text/xsl" href="frame.xsl"?>
<frame cBy="RLG" cDate="06/18/2009 01:12:38 PDT Thu" name="Manipulate_into_shape" ID="2136" xsi:schemaLocation="../schema/frame.xsd" xmlns="http://framenet.icsi.berkeley.edu" xmlns:xsi="http://www.w3.org/2001/XMLSchema-instance">
    <definition>&lt;def-root&gt;An &lt;fen&gt;Agent&lt;/fen&gt; manipulates a &lt;fen&gt;Theme&lt;/fen&gt; so that it ends up in a particular shape or configuration denoted by a &lt;fen&gt;Resultant_configuration&lt;/fen&gt;.

&lt;ex&gt;&lt;fex name="Agent"&gt;She&lt;/fex&gt; &lt;t&gt;molded&lt;/t&gt; &lt;fex name="Theme"&gt;the playdough&lt;/fex&gt; &lt;fex name="Resultant_configuration"&gt;into a ball&lt;/fex&gt;.&lt;/ex&gt;&lt;/def-root&gt;</definition>
    <FE bgColor="FF0000" fgColor="FFFFFF" coreType="Core" cBy="RLG" cDate="06/18/2009 01:12:38 PDT Thu" abbrev="Agt" name="Agent" ID="13224">
        <definition>&lt;def-root&gt;The &lt;fen&gt;Agent&lt;/fen&gt; is the volitional actor who manipulates the &lt;fen&gt;Theme&lt;/fen&gt;.
&lt;/def-root&gt;</definition>
        <semType name="Sentient" ID="5"/>
    </FE>
    <FE bgColor="A9A9A9" fgColor="FFFFFF" coreType="Peripheral" cBy="RLG" cDate="06/18/2009 01:12:38 PDT Thu" abbrev="Ins" name="Instrument" ID="13225">
        <definition>&lt;def-root&gt;The &lt;fen&gt;Instrument&lt;/fen&gt; with which the &lt;fen&gt;Theme&lt;/fen&gt; is manipulated.&lt;/def-root&gt;</definition>
        <semType name="Physical_entity" ID="70"/>
    </FE>
    <FE bgColor="008000" fgColor="FFFFFF" coreType="Peripheral" cBy="RLG" cDate="06/18/2009 01:12:38 PDT Thu" abbrev="Place" name="Place" ID="13226">
        <definition>&lt;def-root&gt;Where the manipulation of the &lt;fen&gt;Theme&lt;/fen&gt; takes place.&lt;/def-root&gt;</definition>
        <semType name="Locative_relation" ID="182"/>
    </FE>
    <FE bgColor="800080" fgColor="FFFFFF" coreType="Peripheral" cBy="RLG" cDate="06/18/2009 01:12:39 PDT Thu" abbrev="Purp" name="Purpose" ID="13227">
        <definition>&lt;def-root&gt;The &lt;fen&gt;Purpose&lt;/fen&gt; for which the manipulation of the &lt;fen&gt;Theme&lt;/fen&gt; takes place. &lt;/def-root&gt;</definition>
        <semType name="State_of_affairs" ID="177"/>
    </FE>
    <FE bgColor="FFA500" fgColor="FFFFFF" coreType="Peripheral" cBy="RLG" cDate="06/18/2009 01:12:39 PDT Thu" abbrev="Time" name="Time" ID="13228">
        <definition>&lt;def-root&gt;When the manipulation of the &lt;fen&gt;Theme&lt;/fen&gt; takes place.&lt;/def-root&gt;</definition>
        <semType name="Time" ID="141"/>
    </FE>
    <FE bgColor="FF69B4" fgColor="FFFFFF" coreType="Peripheral" cBy="RLG" cDate="06/18/2009 01:12:39 PDT Thu" abbrev="Mns" name="Means" ID="13229">
        <definition>&lt;def-root&gt;The &lt;fen&gt;Means&lt;/fen&gt; by which the manipulation of the &lt;fen&gt;Theme&lt;/fen&gt; takes place.&lt;/def-root&gt;</definition>
        <semType name="State_of_affairs" ID="177"/>
    </FE>
    <FE bgColor="00BFFF" fgColor="FFFFFF" coreType="Extra-Thematic" cBy="RLG" cDate="06/18/2009 01:12:39 PDT Thu" abbrev="Exp" name="Explanation" ID="13230">
        <definition>&lt;def-root&gt;The &lt;fen&gt;Explanation&lt;/fen&gt; for which the manipulation of the &lt;fen&gt;Theme&lt;/fen&gt; takes place.

&lt;/def-root&gt;</definition>
        <semType name="State_of_affairs" ID="177"/>
    </FE>
    <FE bgColor="9400D3" fgColor="FFFFFF" coreType="Core" cBy="RLG" cDate="06/18/2009 01:12:39 PDT Thu" abbrev="Rope" name="Theme" ID="13231">
        <definition>&lt;def-root&gt;The object which is manipulated by the &lt;fen&gt;Agent&lt;/fen&gt; into a particular shape.&lt;/def-root&gt;</definition>
    </FE>
    <FE bgColor="FF00FF" fgColor="FFFFFF" coreType="Peripheral" cBy="RLG" cDate="06/18/2009 01:12:39 PDT Thu" abbrev="Manr" name="Manner" ID="13233">
        <definition>&lt;def-root&gt;The &lt;fen&gt;Manner&lt;/fen&gt; in which the manipulation of the &lt;fen&gt;Theme&lt;/fen&gt; takes place.

&lt;ex&gt;John &lt;t&gt;coiled&lt;/t&gt; the wire &lt;fex name="Manr"&gt;tightly&lt;/fex&gt; around the spool.&lt;/ex&gt;&lt;/def-root&gt;</definition>
        <semType name="Manner" ID="173"/>
    </FE>
    <FE bgColor="0000FF" fgColor="FFFFFF" coreType="Extra-Thematic" cBy="RLG" cDate="06/18/2009 01:12:39 PDT Thu" abbrev="Locu" name="Locus" ID="13234">
        <definition>&lt;def-root&gt;Where the manipulation of the &lt;fen&gt;Theme&lt;/fen&gt; takes place.

&lt;ex&gt;Kelly &lt;t&gt;wound&lt;/t&gt; the laces &lt;fex name="Locus"&gt;around the back of her heel&lt;/fex&gt; to combat loose shoes.&lt;/ex&gt;&lt;/def-root&gt;</definition>
        <semType name="Location" ID="54"/>
    </FE>
    <FE bgColor="7FFF00" fgColor="000000" coreType="Peripheral" cBy="PKe" cDate="12/20/2012 05:06:13 PST Thu" abbrev="" name="Resultant_configuration" ID="15835">
        <definition>&lt;def-root&gt;The shape or configuration of the &lt;fen&gt;Theme&lt;/fen&gt; after being manipulated by the &lt;fen&gt;Agent&lt;/fen&gt;.

&lt;ex&gt;&lt;fex name="Agent"&gt;He&lt;/fex&gt; &lt;t&gt;twisted&lt;/t&gt; &lt;fex name="Theme"&gt;the wire&lt;/fex&gt; &lt;fex name="Resultant_configuration"&gt;into a hook&lt;/fex&gt;.&lt;/ex&gt;&lt;/def-root&gt;</definition>
    </FE>
    <frameRelation type="Inherits from">
        <relatedFrame ID="230">Intentionally_affect</relatedFrame>
    </frameRelation>
    <frameRelation type="Is Inherited by">
        <relatedFrame ID="246">Rope_manipulation</relatedFrame>
    </frameRelation>
    <frameRelation type="Perspective on"/>
    <frameRelation type="Is Perspectivized in"/>
    <frameRelation type="Uses"/>
    <frameRelation type="Is Used by"/>
    <frameRelation type="Subframe of"/>
    <frameRelation type="Has Subframe(s)"/>
    <frameRelation type="Precedes"/>
    <frameRelation type="Is Preceded by"/>
    <frameRelation type="Is Inchoative of"/>
    <frameRelation type="Is Causative of"/>
    <frameRelation type="See also"/>
    <lexUnit status="Created" POS="V" name="wind.v" ID="15373" lemmaID="44208" cBy="RLG" cDate="06/18/2009 01:24:26 PDT Thu">
        <definition>FN: put a long, thin object into a roughly circular configuration, often by encircling another object.</definition>
        <sentenceCount annotated="0" total="0"/>
        <lexeme order="1" headword="false" breakBefore="false" POS="V" name="wind"/>
    </lexUnit>
    <lexUnit status="Needs_SCs" POS="V" name="loop.v" ID="15374" lemmaID="22754" cBy="RLG" cDate="06/18/2009 01:27:31 PDT Thu">
        <definition>FN: arrange an object into a loop or a shape approximating a loop.</definition>
        <sentenceCount annotated="1" total="89"/>
        <lexeme order="1" headword="false" breakBefore="false" POS="V" name="loop"/>
    </lexUnit>
    <lexUnit status="Created" POS="V" name="coil.v" ID="15375" lemmaID="7117" cBy="RLG" cDate="06/18/2009 01:28:06 PDT Thu">
        <definition>FN: make into a coiled shape.</definition>
        <sentenceCount annotated="0" total="0"/>
        <lexeme order="1" headword="false" breakBefore="false" POS="V" name="coil"/>
    </lexUnit>
    <lexUnit status="Created" POS="V" name="twist.v" ID="15377" lemmaID="41638" cBy="RLG" cDate="06/18/2009 03:46:36 PDT Thu">
        <definition>FN: turn or bend.</definition>
        <sentenceCount annotated="0" total="0"/>
        <lexeme order="1" headword="false" breakBefore="false" POS="V" name="twist"/>
    </lexUnit>
    <lexUnit status="Created" POS="V" name="curl.v" ID="15573" lemmaID="9288" cBy="RLG" cDate="01/19/2010 09:57:06 PST Tue">
        <definition>FN: shape into a curl.</definition>
        <sentenceCount annotated="0" total="0"/>
        <lexeme order="1" headword="false" breakBefore="false" POS="V" name="curl"/>
    </lexUnit>
    <lexUnit status="Created" POS="V" name="mold.v" ID="17202" lemmaID="25052" cBy="PKe" cDate="12/20/2012 05:10:59 PST Thu">
        <definition>FN: To cause to change shape.</definition>
        <sentenceCount annotated="0" total="0"/>
        <lexeme order="1" headword="false" breakBefore="false" POS="V" name="mold"/>
    </lexUnit>
    <lexUnit status="Created" POS="V" name="roll (into).v" ID="17203" lemmaID="33454" cBy="PKe" cDate="12/20/2012 05:11:39 PST Thu">
        <definition>FN: To roll a Theme against a surface to create a new shape or configuration.</definition>
        <sentenceCount annotated="0" total="0"/>
        <lexeme order="1" headword="false" breakBefore="false" POS="V" name="roll"/>
    </lexUnit>
</frame>