<?xml version="1.0" encoding="UTF-8" standalone="yes"?>
<?xml-stylesheet type="text/xsl" href="frame.xsl"?>
<frame cBy="JKR" cDate="03/12/2001 05:07:13 PST Mon" name="Manipulate_into_doing" ID="92" xsi:schemaLocation="../schema/frame.xsd" xmlns="http://framenet.icsi.berkeley.edu" xmlns:xsi="http://www.w3.org/2001/XMLSchema-instance">
    <definition>&lt;def-root&gt;A &lt;fen&gt;Manipulator&lt;/fen&gt; gets his &lt;fen&gt;Victim&lt;/fen&gt; to perform a &lt;fen&gt;Resulting_action&lt;/fen&gt; against what their better judgment would have been at the time. The means by which the &lt;fen&gt;Manipulator&lt;/fen&gt; overcomes or bypasses the &lt;fen&gt;Victim&lt;/fen&gt;'s resistance to act need not be linguistic expression.  In some cases, the &lt;fen&gt;Goods&lt;/fen&gt; may stand in for a &lt;fen&gt;Resulting_action&lt;/fen&gt; of the &lt;fen&gt;Victim&lt;/fen&gt; giving the &lt;fen&gt;Manipulator&lt;/fen&gt; the &lt;fen&gt;Goods&lt;/fen&gt;.
&lt;ex&gt;&lt;/ex&gt;
&lt;ex&gt;Are you trying to tell me that &lt;fex name="Manipulator"&gt;Ace&lt;/fex&gt; &lt;t&gt;blackmailed&lt;/t&gt; &lt;fex name="Victim"&gt;you&lt;/fex&gt; &lt;fex name="Resulting_action"&gt;into becoming his lover&lt;/fex&gt;?&lt;/ex&gt;

&lt;ex&gt;&lt;fex name="Manipulator"&gt;Stephanopoulos&lt;/fex&gt; &lt;fex name="Manner"&gt;skillfully&lt;/fex&gt; &lt;t&gt;cajoles&lt;/t&gt; &lt;fex name="Victim"&gt;him&lt;/fex&gt; &lt;fex name="Resulting_action"&gt;into keeping quiet&lt;/fex&gt;.&lt;/ex&gt;&lt;/def-root&gt;</definition>
    <FE bgColor="FF0000" fgColor="FFFFFF" coreType="Core" cBy="JKR" cDate="03/12/2001 05:08:36 PST Mon" abbrev="Manip" name="Manipulator" ID="436">
        <definition>&lt;def-root&gt;The person who gets the Victim to act against their interest.
&lt;/def-root&gt;</definition>
    </FE>
    <FE bgColor="008000" fgColor="FFFFFF" coreType="Core" cBy="JKR" cDate="03/12/2001 05:10:53 PST Mon" abbrev="Victim" name="Victim" ID="437">
        <definition>&lt;def-root&gt;The person who the Manipulator gets to do something they would not have done had no pressure or deception been applied.&lt;/def-root&gt;</definition>
        <semType name="Sentient" ID="5"/>
    </FE>
    <FE bgColor="00BFFF" fgColor="FFFFFF" coreType="Core" cBy="JKR" cDate="03/12/2001 05:12:25 PST Mon" abbrev="Action" name="Resulting_action" ID="438">
        <definition>&lt;def-root&gt;What the &lt;fen&gt;Manipulator&lt;/fen&gt; intends to make the &lt;fen&gt;Victim&lt;/fen&gt; do and the &lt;fen&gt;Victim&lt;/fen&gt; actually does.&lt;/def-root&gt;</definition>
    </FE>
    <FE bgColor="FF69B4" fgColor="FFFFFF" coreType="Extra-Thematic" cBy="BoC" cDate="07/02/2001 09:42:59 PDT Mon" abbrev="Degr" name="Degree" ID="1258">
        <definition>&lt;def-root&gt;This FE identifies the &lt;fen&gt;Degree&lt;/fen&gt; to which an event occurs.&lt;/def-root&gt;</definition>
        <semType name="Degree" ID="172"/>
    </FE>
    <FE bgColor="A52A2A" fgColor="FFFFFF" coreType="Peripheral" cBy="BoC" cDate="07/02/2001 09:43:01 PDT Mon" abbrev="Mns" name="Means" ID="1259">
        <definition>&lt;def-root&gt;An act of the &lt;fen&gt;Manipulator&lt;/fen&gt; that enables them to alter the action of the &lt;fen&gt;Victim&lt;/fen&gt;.
&lt;ex&gt;I &lt;t&gt;badgered&lt;/t&gt; her into coming &lt;fex name="Mns"&gt;by calling her every five minutes&lt;/fex&gt;.&lt;/ex&gt;&lt;/def-root&gt;</definition>
        <semType name="State_of_affairs" ID="177"/>
    </FE>
    <FE bgColor="0000FF" fgColor="FFFFFF" coreType="Core" cBy="MJE" cDate="07/18/2001 07:19:16 PDT Wed" abbrev="Goods" name="Goods" ID="1541">
        <definition>&lt;def-root&gt;The FE goods is anything (including labor, time, or legal rights) that can be taken away. 
&lt;ex&gt;Leslie &lt;t&gt;blackmailed&lt;/t&gt; &lt;fex name="Goods"&gt;the watch&lt;/fex&gt; out of John.&lt;/ex&gt;&lt;/def-root&gt;</definition>
    </FE>
    <FE bgColor="FFA500" fgColor="FFFFFF" coreType="Peripheral" cBy="MJE" cDate="12/09/2005 12:52:04 PST Fri" abbrev="ins" name="Instrument" ID="9757">
        <definition>&lt;def-root&gt;An entity that the &lt;fen&gt;Manipulator&lt;/fen&gt; uses to get the &lt;fen&gt;Victim&lt;/fen&gt; to perform the &lt;fen&gt;Resulting_action&lt;/fen&gt;.&lt;/def-root&gt;</definition>
    </FE>
    <FE bgColor="9F79EE" fgColor="FFFFFF" coreType="Peripheral" cBy="MJE" cDate="12/09/2005 12:53:10 PST Fri" abbrev="pur" name="Purpose" ID="9758">
        <definition>&lt;def-root&gt;A state-of-affairs that the &lt;fen&gt;Manipulator&lt;/fen&gt; is hoping to bring about by manipulating the &lt;fen&gt;Victim&lt;/fen&gt;.&lt;/def-root&gt;</definition>
        <semType name="State_of_affairs" ID="177"/>
    </FE>
    <FE bgColor="A52A2A" fgColor="FFFFFF" coreType="Peripheral" cBy="MJE" cDate="12/09/2005 12:54:04 PST Fri" abbrev="tim" name="Time" ID="9759">
        <definition>&lt;def-root&gt;The time when the manipulation occurs.&lt;/def-root&gt;</definition>
        <semType name="Time" ID="141"/>
    </FE>
    <FE bgColor="808080" fgColor="FFFFFF" coreType="Peripheral" cBy="MJE" cDate="12/09/2005 12:54:33 PST Fri" abbrev="pla" name="Place" ID="9760">
        <definition>&lt;def-root&gt;The location where the &lt;fen&gt;Manipulator&lt;/fen&gt; manipulates the &lt;fen&gt;Victim&lt;/fen&gt;.&lt;/def-root&gt;</definition>
        <semType name="Locative_relation" ID="182"/>
    </FE>
    <FE bgColor="9400D3" fgColor="FFFFFF" coreType="Peripheral" cBy="MJE" cDate="01/31/2006 02:07:50 PST Tue" abbrev="Mann" name="Manner" ID="9895">
        <definition>&lt;def-root&gt;Any description of the event which is not covered by more specific FEs, including metaphorical force (hard, softly), secondary effects (quietly, loudly), and general descriptions comparing events (the same way). It may also indicate salient characteristics of a &lt;fen&gt;Manipulator&lt;/fen&gt; that also affect the action (presumptuously, coldly, deliberately, eagerly, carefully). &lt;/def-root&gt;</definition>
        <semType name="Manner" ID="173"/>
    </FE>
    <FEcoreSet>
        <memberFE name="Goods" ID="1541"/>
        <memberFE name="Resulting_action" ID="438"/>
    </FEcoreSet>
    <frameRelation type="Inherits from">
        <relatedFrame ID="230">Intentionally_affect</relatedFrame>
    </frameRelation>
    <frameRelation type="Is Inherited by">
        <relatedFrame ID="90">Talking_into</relatedFrame>
    </frameRelation>
    <frameRelation type="Perspective on"/>
    <frameRelation type="Is Perspectivized in"/>
    <frameRelation type="Uses">
        <relatedFrame ID="2450">Influencing_potential</relatedFrame>
    </frameRelation>
    <frameRelation type="Is Used by"/>
    <frameRelation type="Subframe of"/>
    <frameRelation type="Has Subframe(s)"/>
    <frameRelation type="Precedes"/>
    <frameRelation type="Is Preceded by"/>
    <frameRelation type="Is Inchoative of"/>
    <frameRelation type="Is Causative of"/>
    <frameRelation type="See also"/>
    <lexUnit status="Finished_Initial" POS="V" name="deceive.v" ID="1895" lemmaID="9766" cBy="JKR" cDate="03/12/2001 05:13:35 PST Mon">
        <definition>COD: deliberately mislead or misrepresent the truth to</definition>
        <sentenceCount annotated="7" total="142"/>
        <lexeme order="1" headword="false" breakBefore="false" POS="V" name="deceive"/>
    </lexUnit>
    <lexUnit status="Finished_Initial" POS="V" name="defraud.v" ID="1896" lemmaID="9965" cBy="JKR" cDate="03/12/2001 05:14:24 PST Mon">
        <definition>COD: llegally obtain money from (someone) by deception</definition>
        <sentenceCount annotated="0" total="0"/>
        <lexeme order="1" headword="false" breakBefore="false" POS="V" name="defraud"/>
    </lexUnit>
    <lexUnit status="Finished_Initial" POS="V" name="con.v" ID="1897" lemmaID="7571" cBy="JKR" cDate="03/12/2001 05:16:14 PST Mon">
        <definition>COD: deceive (someone) into doing or believing something by lying to them</definition>
        <sentenceCount annotated="20" total="139"/>
        <lexeme order="1" headword="false" breakBefore="false" POS="V" name="con"/>
    </lexUnit>
    <lexUnit status="Finished_Initial" POS="V" name="badger.v" ID="1898" lemmaID="2667" cBy="JKR" cDate="03/12/2001 05:17:05 PST Mon">
        <definition>COD: repeatedly and annoyingly ask (someone) to do something</definition>
        <sentenceCount annotated="2" total="72"/>
        <lexeme order="1" headword="false" breakBefore="false" POS="V" name="badger"/>
    </lexUnit>
    <lexUnit status="Finished_Initial" POS="V" name="trick.v" ID="1899" lemmaID="41207" cBy="JKR" cDate="03/12/2001 05:18:02 PST Mon">
        <definition>COD: deceive or outwit with cunning or skill</definition>
        <sentenceCount annotated="3" total="158"/>
        <lexeme order="1" headword="false" breakBefore="false" POS="V" name="trick"/>
    </lexUnit>
    <lexUnit status="Created" POS="V" name="flatter.v" ID="1951" lemmaID="14645" cBy="JKR" cDate="03/19/2001 02:13:54 PST Mon">
        <definition>COD: avish compliments on, especially in order to further one's own interests</definition>
        <sentenceCount annotated="0" total="0"/>
        <lexeme order="1" headword="false" breakBefore="false" POS="V" name="flatter"/>
    </lexUnit>
    <lexUnit status="Finished_Initial" POS="V" name="lure.v" ID="1952" lemmaID="22984" cBy="JKR" cDate="03/19/2001 02:14:46 PST Mon">
        <definition>COD: tempt to do something or to go somewhere</definition>
        <sentenceCount annotated="1" total="1"/>
        <lexeme order="1" headword="false" breakBefore="false" POS="V" name="lure"/>
    </lexUnit>
    <lexUnit status="Finished_Initial" POS="V" name="cheat.v" ID="1953" lemmaID="6172" cBy="JKR" cDate="03/19/2001 02:15:34 PST Mon">
        <definition>COD: act dishonestly or unfairly in order to gain an advantage</definition>
        <sentenceCount annotated="0" total="0"/>
        <lexeme order="1" headword="false" breakBefore="false" POS="V" name="cheat"/>
    </lexUnit>
    <lexUnit status="Finished_Initial" POS="V" name="manipulate.v" ID="1955" lemmaID="23380" cBy="JKR" cDate="03/19/2001 07:28:52 PST Mon">
        <definition>COD: control or influence cleverly or unscrupulously</definition>
        <sentenceCount annotated="8" total="148"/>
        <lexeme order="1" headword="false" breakBefore="false" POS="V" name="manipulate"/>
    </lexUnit>
    <lexUnit status="Finished_Initial" POS="V" name="harass.v" ID="1956" lemmaID="17424" cBy="JKR" cDate="03/19/2001 07:29:32 PST Mon">
        <definition>COD: torment by subjecting to constant interference or intimidation</definition>
        <sentenceCount annotated="7" total="209"/>
        <lexeme order="1" headword="false" breakBefore="false" POS="V" name="harass"/>
    </lexUnit>
    <lexUnit status="Finished_Initial" POS="V" name="blackmail.v" ID="1957" lemmaID="3737" cBy="JKR" cDate="03/19/2001 07:30:29 PST Mon">
        <definition>COD: use threats or unfair manipulation in an attempt to influence someone's actions</definition>
        <sentenceCount annotated="12" total="113"/>
        <lexeme order="1" headword="false" breakBefore="false" POS="V" name="blackmail"/>
    </lexUnit>
    <lexUnit status="Finished_Initial" POS="V" name="cajole.v" ID="1958" lemmaID="5191" cBy="JKR" cDate="03/19/2001 07:31:06 PST Mon">
        <definition>COD: persuade (someone) to do something by sustained coaxing or flattery</definition>
        <sentenceCount annotated="11" total="54"/>
        <lexeme order="1" headword="false" breakBefore="false" POS="V" name="cajole"/>
    </lexUnit>
    <lexUnit status="Finished_Initial" POS="V" name="bully.v" ID="1959" lemmaID="4891" cBy="JKR" cDate="03/19/2001 07:31:45 PST Mon">
        <definition>COD: intimidate</definition>
        <sentenceCount annotated="21" total="147"/>
        <lexeme order="1" headword="false" breakBefore="false" POS="V" name="bully"/>
    </lexUnit>
    <lexUnit status="Created" POS="V" name="fool.v" ID="13105" lemmaID="14953" cBy="MJE" cDate="01/31/2006 02:04:36 PST Tue">
        <definition>COD: trick, deceive, or dupe.</definition>
        <sentenceCount annotated="0" total="0"/>
        <lexeme order="1" headword="false" breakBefore="false" POS="V" name="fool"/>
    </lexUnit>
    <lexUnit status="Created" POS="V" name="dupe.v" ID="13106" lemmaID="11976" cBy="MJE" cDate="01/31/2006 02:05:49 PST Tue">
        <definition>COD: deceive; trick.</definition>
        <sentenceCount annotated="0" total="0"/>
        <lexeme order="1" headword="false" breakBefore="false" POS="V" name="dupe"/>
    </lexUnit>
    <lexUnit status="Add_Annotation" POS="V" name="hustle.v" ID="18509" lemmaID="18731" cBy="HPh" cDate="11/30/2015 01:22:29 PST Mon">
        <definition>FN: to pressure or coerce (someone) to buy or do something</definition>
        <sentenceCount annotated="0" total="86"/>
        <lexeme order="1" headword="false" breakBefore="false" POS="V" name="hustle"/>
    </lexUnit>
</frame>