<?xml version="1.0" encoding="UTF-8" standalone="yes"?>
<?xml-stylesheet type="text/xsl" href="frame.xsl"?>
<frame cBy="AlK" cDate="06/09/2011 10:23:06 PDT Thu" name="Manner_of_life" ID="2562" xsi:schemaLocation="../schema/frame.xsd" xmlns="http://framenet.icsi.berkeley.edu" xmlns:xsi="http://www.w3.org/2001/XMLSchema-instance">
    <definition>&lt;def-root&gt;An &lt;fen&gt;Experiencer&lt;/fen&gt; actualizes a certain pattern of behavior, a &lt;fen&gt;Lifestyle&lt;/fen&gt;, which persists for a significant period of time in the &lt;fen&gt;Experiencer&lt;/fen&gt;'s life and is recognized as part of his character or normal routine. The &lt;fen&gt;Lifestyle&lt;/fen&gt; is not necessarily realized intentionally, and may just be the result of circumstance.

&lt;ex&gt;&lt;fex name="Experiencer"&gt;He&lt;/fex&gt; &lt;t&gt;lived&lt;/t&gt; &lt;fex name="Lifestyle"&gt;a hedonistic life&lt;/fex&gt; &lt;fex name="Time"&gt;before he settled down&lt;/fex&gt;.&lt;/ex&gt;
&lt;ex&gt;&lt;fex name="Time"&gt;When she graduated&lt;/fex&gt;, &lt;fex name="Experiencer"&gt;she&lt;/fex&gt; had to &lt;t&gt;live&lt;/t&gt; &lt;fex name="Degree"&gt;extremeley&lt;/fex&gt; &lt;fex name="Manner"&gt;frugally&lt;/fex&gt; because there were no jobs.&lt;/ex&gt;&lt;/def-root&gt;</definition>
    <FE bgColor="FF0000" fgColor="FFFFFF" coreType="Core" cBy="AlK" cDate="06/09/2011 12:22:03 PDT Thu" abbrev="" name="Experiencer" ID="14448">
        <definition>&lt;def-root&gt;The person who actualizes a pattern of behavior.

&lt;ex&gt;&lt;fex name="Experiencer"&gt;John&lt;/fex&gt; was &lt;t&gt;living&lt;/t&gt; the dream.&lt;/ex&gt;&lt;/def-root&gt;</definition>
    </FE>
    <FE bgColor="0000FF" fgColor="FFFFFF" coreType="Core" cBy="AlK" cDate="06/09/2011 12:22:49 PDT Thu" abbrev="" name="Lifestyle" ID="14449">
        <definition>&lt;def-root&gt;A pattern of behavior which the actions of the &lt;fen&gt;Experiencer&lt;/fen&gt; matches for a significant period of time.

&lt;ex&gt;He &lt;t&gt;lived&lt;/t&gt; &lt;fex name="Lifestyle"&gt;the life of a beggar&lt;/fex&gt;.&lt;/ex&gt;&lt;/def-root&gt;</definition>
    </FE>
    <FE bgColor="FF00FF" fgColor="FFFFFF" coreType="Core" cBy="AlK" cDate="06/09/2011 12:23:37 PDT Thu" abbrev="" name="Manner" ID="14450">
        <definition>&lt;def-root&gt;The &lt;fen&gt;Lifestyle&lt;/fen&gt; may be characterized by a &lt;fen&gt;Manner&lt;/fen&gt;, which is often expressed adverbially.

&lt;ex&gt;He &lt;t&gt;lived&lt;/t&gt; &lt;fex name="Manner"&gt;dangerously&lt;/fex&gt;.&lt;/ex&gt;&lt;/def-root&gt;</definition>
    </FE>
    <FE bgColor="FFA500" fgColor="FFFFFF" coreType="Peripheral" cBy="AlK" cDate="06/09/2011 12:24:08 PDT Thu" abbrev="" name="Time" ID="14451">
        <definition>&lt;def-root&gt;A temporal description of when the &lt;fen&gt;Experiencer&lt;/fen&gt; adopts a &lt;fen&gt;Lifestyle&lt;/fen&gt;.

&lt;/def-root&gt;</definition>
    </FE>
    <FE bgColor="FF69B4" fgColor="FFFFFF" coreType="Peripheral" cBy="AlK" cDate="06/09/2011 12:24:36 PDT Thu" abbrev="" name="Degree" ID="14452">
        <definition>&lt;def-root&gt;The degree to which the &lt;fen&gt;Experiencer&lt;/fen&gt; is carrying out the expected patterns of behavior of the &lt;fen&gt;Lifestyle&lt;/fen&gt;.

&lt;ex&gt;Jeremy is &lt;t&gt;living&lt;/t&gt; &lt;fex name="Degree"&gt;very&lt;/fex&gt; adventurously these days.&lt;/ex&gt;&lt;/def-root&gt;</definition>
    </FE>
    <FE bgColor="008000" fgColor="FFFFFF" coreType="Peripheral" cBy="AlK" cDate="06/09/2011 02:42:31 PDT Thu" abbrev="" name="Place" ID="14454">
        <definition>&lt;def-root&gt;The spatial location where the &lt;fen&gt;Experiencer&lt;/fen&gt; carries out a &lt;fen&gt;Lifestyle&lt;/fen&gt;.&lt;/def-root&gt;</definition>
    </FE>
    <FE bgColor="A52A2A" fgColor="FFFFFF" coreType="Peripheral" cBy="AlK" cDate="06/30/2011 02:48:15 PDT Thu" abbrev="" name="Domain" ID="14476">
        <definition>&lt;def-root&gt;The general category under which the &lt;fen&gt;Lifestyle&lt;/fen&gt; can be categorized.&lt;/def-root&gt;</definition>
    </FE>
    <FE bgColor="2E8B57" fgColor="FFFFFF" coreType="Peripheral" cBy="AlK" cDate="06/30/2011 03:27:25 PDT Thu" abbrev="" name="Descriptor" ID="14477">
        <definition>&lt;def-root&gt;This FE covers characterizations of the &lt;fen&gt;Lifestyle&lt;/fen&gt; that are not covered by other frame elements.&lt;/def-root&gt;</definition>
    </FE>
    <FEcoreSet>
        <memberFE name="Lifestyle" ID="14449"/>
        <memberFE name="Manner" ID="14450"/>
    </FEcoreSet>
    <frameRelation type="Inherits from"/>
    <frameRelation type="Is Inherited by"/>
    <frameRelation type="Perspective on"/>
    <frameRelation type="Is Perspectivized in"/>
    <frameRelation type="Uses">
        <relatedFrame ID="380">Custom</relatedFrame>
    </frameRelation>
    <frameRelation type="Is Used by"/>
    <frameRelation type="Subframe of"/>
    <frameRelation type="Has Subframe(s)"/>
    <frameRelation type="Precedes"/>
    <frameRelation type="Is Preceded by"/>
    <frameRelation type="Is Inchoative of"/>
    <frameRelation type="Is Causative of"/>
    <frameRelation type="See also"/>
    <lexUnit status="New" POS="V" name="live.v" ID="16359" lemmaID="22551" cBy="AlK" cDate="06/09/2011 02:37:21 PDT Thu">
        <definition>FN: to carry out actions for a long time (in accordance to some manner or style)</definition>
        <sentenceCount annotated="15" total="133"/>
        <lexeme order="1" headword="false" breakBefore="false" POS="V" name="live"/>
    </lexUnit>
    <lexUnit status="Created" POS="N" name="lifestyle.n" ID="16363" lemmaID="51322" cBy="AlK" cDate="06/15/2011 11:38:34 PDT Wed">
        <definition>FN: a regular pattern of behaviors and environment that a person carries out for a period of time</definition>
        <sentenceCount annotated="0" total="0"/>
        <lexeme order="1" headword="true" breakBefore="false" POS="N" name="lifestyle"/>
    </lexUnit>
    <lexUnit status="Finished_Initial" POS="N" name="life.n" ID="16377" lemmaID="22269" cBy="AlK" cDate="06/22/2011 04:25:23 PDT Wed">
        <definition>FN: the general set of behaviors and experiences that characterize a person's existence over a period of time.</definition>
        <sentenceCount annotated="93" total="184"/>
        <lexeme order="1" headword="false" breakBefore="false" POS="N" name="life"/>
    </lexUnit>
</frame>