<?xml version="1.0" encoding="UTF-8" standalone="yes"?>
<?xml-stylesheet type="text/xsl" href="frame.xsl"?>
<frame cBy="JKR" cDate="06/30/2001 10:12:38 PDT Sat" name="Measure_linear_extent" ID="154" xsi:schemaLocation="../schema/frame.xsd" xmlns="http://framenet.icsi.berkeley.edu" xmlns:xsi="http://www.w3.org/2001/XMLSchema-instance">
    <definition>&lt;def-root&gt;This frame is concerned with nouns that denote &lt;fen&gt;Unit&lt;/fen&gt;s of measurement for linear extent. The Frame Elements are &lt;fen&gt;Unit&lt;/fen&gt;, &lt;fen&gt;Count&lt;/fen&gt;,  and &lt;fen&gt;Stuff&lt;/fen&gt;.&lt;ex&gt;The shirt is made from &lt;fex name="Count"&gt;12&lt;/fex&gt; &lt;t&gt;&lt;fex name="Unit"&gt;miles&lt;/fex&gt;&lt;/t&gt; &lt;fex name="Stuff"&gt;of pure cotton&lt;/fex&gt;.&lt;/ex&gt;&lt;ex&gt;&lt;fex name="Count"&gt;81&lt;/fex&gt; &lt;t&gt;&lt;fex name="Unit"&gt;miles&lt;/fex&gt;&lt;/t&gt; &lt;fex name="Stuff"&gt;of dyke&lt;/fex&gt; are still visible from this point.&lt;/ex&gt;&lt;/def-root&gt;</definition>
    <semType name="Transparent Noun" ID="9"/>
    <FE bgColor="0000FF" fgColor="FFFFFF" coreType="Core" cBy="JKR" cDate="06/30/2001 10:12:38 PDT Sat" abbrev="Cou" name="Count" ID="1193">
        <definition>&lt;def-root&gt;The number of &lt;fen&gt;Unit&lt;/fen&gt;s of the linear extent.&lt;ex&gt;&lt;fex name="Count"&gt;Five&lt;/fex&gt; &lt;t&gt;&lt;fex name="Unit"&gt;miles&lt;/fex&gt;&lt;/t&gt; &lt;fex name="Stuff"&gt;of pipework&lt;/fex&gt; were necessary.&lt;/ex&gt;&lt;/def-root&gt;</definition>
    </FE>
    <FE bgColor="FF0000" fgColor="FFFFFF" coreType="Core" cBy="JKR" cDate="06/30/2001 10:12:38 PDT Sat" abbrev="Stu" name="Stuff" ID="1194">
        <definition>&lt;def-root&gt;The &lt;fen&gt;Stuff&lt;/fen&gt; whose linear extent is being measured.&lt;ex&gt;&lt;t&gt;&lt;fex name="Unit"&gt;Miles&lt;/fex&gt;&lt;/t&gt; &lt;fex name="Stuff"&gt;of wiring&lt;/fex&gt; were necessary.&lt;/ex&gt;
&lt;/def-root&gt;</definition>
    </FE>
    <FE bgColor="006400" fgColor="FFFFFF" coreType="Core" cBy="JKR" cDate="06/30/2001 10:12:38 PDT Sat" abbrev="Uni" name="Unit" ID="1195">
        <definition>&lt;def-root&gt;The standardized quantity in terms of which other quantities of the same kind are  measured.&lt;ex&gt;&lt;t&gt;&lt;fex name="Unit"&gt;Miles&lt;/fex&gt;&lt;/t&gt; &lt;fex name="Stuff"&gt;of telephone cables&lt;/fex&gt; had to be replaced.&lt;/ex&gt;&lt;/def-root&gt;</definition>
    </FE>
    <FE bgColor="800080" fgColor="FFFFFF" coreType="Peripheral" cBy="KmG" cDate="07/24/2008 04:39:51 PDT Thu" abbrev="Dim" name="Dimension" ID="13036">
        <definition>&lt;def-root&gt;This FE marks constituents which express what property is being measured.&lt;/def-root&gt;</definition>
    </FE>
    <frameRelation type="Inherits from">
        <relatedFrame ID="1686">Measures</relatedFrame>
    </frameRelation>
    <frameRelation type="Is Inherited by"/>
    <frameRelation type="Perspective on"/>
    <frameRelation type="Is Perspectivized in"/>
    <frameRelation type="Uses"/>
    <frameRelation type="Is Used by"/>
    <frameRelation type="Subframe of"/>
    <frameRelation type="Has Subframe(s)"/>
    <frameRelation type="Precedes"/>
    <frameRelation type="Is Preceded by"/>
    <frameRelation type="Is Inchoative of"/>
    <frameRelation type="Is Causative of"/>
    <frameRelation type="See also"/>
    <lexUnit status="Finished_Initial" POS="N" name="inch.n" ID="2812" lemmaID="19400" cBy="JKR" cDate="06/30/2001 10:32:39 PDT Sat">
        <definition>COD: a unit of linear measure equal to one twelfth of a foot (2.54 cm)</definition>
        <sentenceCount annotated="21" total="158"/>
        <lexeme order="1" headword="false" breakBefore="false" POS="N" name="inch"/>
        <semType name="Transparent Noun" ID="9"/>
    </lexUnit>
    <lexUnit status="Finished_Initial" POS="N" name="mile.n" ID="2813" lemmaID="24275" cBy="JKR" cDate="06/30/2001 10:32:50 PDT Sat">
        <definition>COD: a unit of linear measure equal to 1,760 yards (approximately 1.609 kilometres). </definition>
        <sentenceCount annotated="43" total="210"/>
        <lexeme order="1" headword="false" breakBefore="false" POS="N" name="mile"/>
        <semType name="Transparent Noun" ID="9"/>
    </lexUnit>
    <lexUnit status="Finished_Initial" POS="N" name="yard.n" ID="2814" lemmaID="44658" cBy="JKR" cDate="06/30/2001 10:33:03 PDT Sat">
        <definition>COD: a unit of linear measure equal to 3 feet (0.9144 metre).</definition>
        <sentenceCount annotated="19" total="120"/>
        <lexeme order="1" headword="false" breakBefore="false" POS="N" name="yard"/>
        <semType name="Transparent Noun" ID="9"/>
    </lexUnit>
    <lexUnit status="Finished_Initial" POS="N" name="foot.n" ID="2815" lemmaID="14963" cBy="JKR" cDate="06/30/2001 10:33:39 PDT Sat">
        <definition>COD: a unit of linear measure equal to 12 inches (30.48 cm). </definition>
        <sentenceCount annotated="18" total="252"/>
        <lexeme order="1" headword="false" breakBefore="false" POS="N" name="foot"/>
        <semType name="Transparent Noun" ID="9"/>
    </lexUnit>
    <lexUnit status="Finished_Initial" POS="N" name="meter.n" ID="2816" lemmaID="24111" cBy="JKR" cDate="06/30/2001 10:34:33 PDT Sat">
        <definition>COD: the fundamental unit of length in the metric system, equal to 100 centimetres (approx. 39.37 inches). </definition>
        <sentenceCount annotated="24" total="135"/>
        <lexeme order="1" headword="false" breakBefore="false" POS="N" name="meter"/>
        <semType name="Transparent Noun" ID="9"/>
    </lexUnit>
    <lexUnit status="Finished_Initial" POS="N" name="kilometer.n" ID="2817" lemmaID="21316" cBy="JKR" cDate="06/30/2001 10:34:55 PDT Sat">
        <definition>COD: a metric unit of measurement equal to 1,000 metres (approximately 0.62 miles). </definition>
        <sentenceCount annotated="23" total="161"/>
        <lexeme order="1" headword="false" breakBefore="false" POS="N" name="kilometer"/>
        <semType name="Transparent Noun" ID="9"/>
    </lexUnit>
    <lexUnit status="Finished_Initial" POS="N" name="centimeter.n" ID="2818" lemmaID="5908" cBy="JKR" cDate="06/30/2001 10:35:09 PDT Sat">
        <definition>COD: a metric unit of length equal to one hundredth of a metre</definition>
        <sentenceCount annotated="17" total="104"/>
        <lexeme order="1" headword="false" breakBefore="false" POS="N" name="centimeter"/>
        <semType name="Transparent Noun" ID="9"/>
    </lexUnit>
    <lexUnit status="Finished_Initial" POS="N" name="millimeter.n" ID="2819" lemmaID="24321" cBy="JKR" cDate="06/30/2001 10:35:19 PDT Sat">
        <definition>COD:  one thousandth of a metre (0.039 in.)</definition>
        <sentenceCount annotated="11" total="67"/>
        <lexeme order="1" headword="false" breakBefore="false" POS="N" name="millimeter"/>
        <semType name="Transparent Noun" ID="9"/>
    </lexUnit>
    <lexUnit status="Created" POS="N" name="furlong.n" ID="13486" lemmaID="15721" cBy="RLG" cDate="08/16/2006 04:50:20 PDT Wed">
        <definition>COD: an eighth of a mile, 220 yards.</definition>
        <sentenceCount annotated="0" total="0"/>
        <lexeme order="1" headword="false" breakBefore="false" POS="N" name="furlong"/>
    </lexUnit>
    <lexUnit status="Created" POS="N" name="light-year.n" ID="13487" lemmaID="50426" cBy="RLG" cDate="08/16/2006 04:55:31 PDT Wed">
        <definition>COD: a unit of distance equivalent to the distance that light travels in one year, 9.4607E12 km (nearly 6 million million miles).</definition>
        <sentenceCount annotated="0" total="0"/>
        <lexeme order="1" headword="true" breakBefore="false" POS="N" name="light-year"/>
    </lexUnit>
    <lexUnit status="Created" POS="N" name="block.n" ID="14502" lemmaID="3869" cBy="KmG" cDate="08/01/2007 03:27:14 PDT Wed">
        <definition>FN: one city street length</definition>
        <sentenceCount annotated="2" total="2"/>
        <lexeme order="1" headword="false" breakBefore="false" POS="N" name="block"/>
    </lexUnit>
</frame>