<?xml version="1.0" encoding="UTF-8" standalone="yes"?>
<?xml-stylesheet type="text/xsl" href="frame.xsl"?>
<frame cBy="MJE" cDate="12/08/2005 03:12:47 PST Thu" name="Measures" ID="1686" xsi:schemaLocation="../schema/frame.xsd" xmlns="http://framenet.icsi.berkeley.edu" xmlns:xsi="http://www.w3.org/2001/XMLSchema-instance">
    <definition>&lt;def-root&gt;An &lt;fen&gt;Entity&lt;/fen&gt; is measured in some (implicit) &lt;fen&gt;Attribute&lt;/fen&gt; by quantifying the &lt;fen&gt;Count&lt;/fen&gt; of a particular &lt;fen&gt;Unit&lt;/fen&gt; whose value for the &lt;fen&gt;Attribute&lt;/fen&gt; is known.  LUs and constructions whose meanings inherit from Measures are used in a relatively small, delimitable set of constructions.  They may be complements of particular lexical constructions (a &lt;ment&gt;length&lt;/ment&gt;of 20 ft., &lt;ment&gt;measures&lt;/ment&gt; 20 ft.) or parts of non-lexical constructions (including Transparent Noun constructions and Measurement_plus_adjective and Measurement_plus_PP).&lt;/def-root&gt;</definition>
    <semType name="Non-Lexical Frame" ID="16"/>
    <FE bgColor="0000FF" fgColor="FFFFFF" coreType="Core" cBy="MJE" cDate="12/08/2005 03:12:47 PST Thu" abbrev="" name="Count" ID="9684">
        <definition>&lt;def-root&gt;The number of &lt;fen&gt;Unit&lt;/fen&gt;s of the measured &lt;fen&gt;Entity&lt;/fen&gt; . &lt;ex&gt;The ads had been absorbed into her brain during &lt;fex name="Count"&gt;many&lt;/fex&gt; &lt;t&gt;&lt;fex name="Unit"&gt;hours&lt;/fex&gt;&lt;/t&gt; &lt;fex name="Entity"&gt;of television watching&lt;/fex&gt;.&lt;/ex&gt;&lt;/def-root&gt;</definition>
    </FE>
    <FE bgColor="FF0000" fgColor="FFFFFF" coreType="Core" cBy="MJE" cDate="12/08/2005 03:12:47 PST Thu" abbrev="" name="Unit" ID="9686">
        <definition>&lt;def-root&gt;The known quantity with respect to an &lt;fen&gt;Attribute&lt;/fen&gt;.&lt;/def-root&gt;</definition>
    </FE>
    <FE bgColor="008000" fgColor="FFFFFF" coreType="Core" cBy="MJE" cDate="12/08/2005 03:21:07 PST Thu" abbrev="ent" name="Entity" ID="9688">
        <definition>&lt;def-root&gt;The item which is quantified in terms of the &lt;fen&gt;Attribute&lt;/fen&gt;.&lt;/def-root&gt;</definition>
    </FE>
    <FE bgColor="800080" fgColor="FFFFFF" coreType="Core-Unexpressed" cBy="MJE" cDate="12/08/2005 03:22:07 PST Thu" abbrev="att" name="Attribute" ID="9689">
        <definition>&lt;def-root&gt;The aspect of the &lt;fen&gt;Entity&lt;/fen&gt; which is being described and quantified.&lt;/def-root&gt;</definition>
    </FE>
    <frameRelation type="Inherits from"/>
    <frameRelation type="Is Inherited by">
        <relatedFrame ID="156">Measure_area</relatedFrame>
        <relatedFrame ID="810">Measure_by_action</relatedFrame>
        <relatedFrame ID="224">Measure_duration</relatedFrame>
        <relatedFrame ID="154">Measure_linear_extent</relatedFrame>
        <relatedFrame ID="147">Measure_mass</relatedFrame>
        <relatedFrame ID="155">Measure_volume</relatedFrame>
    </frameRelation>
    <frameRelation type="Perspective on">
        <relatedFrame ID="1687">Measure_scenario</relatedFrame>
    </frameRelation>
    <frameRelation type="Is Perspectivized in"/>
    <frameRelation type="Uses"/>
    <frameRelation type="Is Used by"/>
    <frameRelation type="Subframe of"/>
    <frameRelation type="Has Subframe(s)"/>
    <frameRelation type="Precedes"/>
    <frameRelation type="Is Preceded by"/>
    <frameRelation type="Is Inchoative of"/>
    <frameRelation type="Is Causative of"/>
    <frameRelation type="See also"/>
</frame>