<?xml version="1.0" encoding="UTF-8" standalone="yes"?>
<?xml-stylesheet type="text/xsl" href="frame.xsl"?>
<frame cBy="MRLP" cDate="12/17/2001 06:08:32 PST Mon" name="Medical_professionals" ID="255" xsi:schemaLocation="../schema/frame.xsd" xmlns="http://framenet.icsi.berkeley.edu" xmlns:xsi="http://www.w3.org/2001/XMLSchema-instance">
    <definition>&lt;def-root&gt;This frame includes words that name medical professionals and is closely related to the Medical_specialties frame. The FE &lt;fen&gt;Type&lt;/fen&gt; characterizing a &lt;fen&gt;Professional&lt;/fen&gt;'s sub-specialty may also be expressed.

&lt;ex&gt;Ralph is a &lt;fex name="Prof"&gt;&lt;t&gt;paediatrician&lt;/t&gt;&lt;/fex&gt;.&lt;/ex&gt;
&lt;ex&gt;&lt;x&gt;&lt;fex name="Type"&gt;Paediatric&lt;/fex&gt; &lt;fex name="Prof"&gt;&lt;t&gt;oncologists&lt;/t&gt;&lt;/fex&gt;&lt;/x&gt; &lt;gov&gt;treat&lt;/gov&gt; children with leukemia.&lt;/ex&gt;&lt;/def-root&gt;</definition>
    <FE bgColor="A52A2A" fgColor="FFFFFF" coreType="Peripheral" cBy="MRLP" cDate="08/26/2002 05:29:06 PDT Mon" abbrev="Type" name="Type" ID="3616">
        <definition>&lt;def-root&gt;This FE identifies the &lt;fen&gt;Type&lt;/fen&gt; of medical professional.
&lt;ex&gt;&lt;x&gt;&lt;fex name="Type"&gt;Paediatric&lt;/fex&gt; &lt;t&gt;oncologists&lt;/t&gt;&lt;/x&gt; &lt;gov&gt;treat&lt;/gov&gt; children with leukemia.&lt;/ex&gt;&lt;/def-root&gt;</definition>
    </FE>
    <FE bgColor="FF0000" fgColor="FFFFFF" coreType="Core" cBy="MRLP" cDate="08/26/2002 05:36:15 PDT Mon" abbrev="Prof" name="Professional" ID="3617">
        <definition>&lt;def-root&gt;This FE identifies the medical &lt;fen&gt;Professional&lt;/fen&gt;.
&lt;ex&gt;&lt;x&gt;Paediatric &lt;fex name="Prof"&gt;&lt;t&gt;oncologists&lt;/t&gt;&lt;/fex&gt;&lt;/x&gt; &lt;gov&gt;treat&lt;/gov&gt; children with leukemia.&lt;/ex&gt;
&lt;/def-root&gt;</definition>
    </FE>
    <FE bgColor="0000FF" fgColor="FFFFFF" coreType="Peripheral" cBy="MJE" cDate="01/23/2006 11:02:51 PST Mon" abbrev="aff" name="Affliction" ID="9874">
        <definition>&lt;def-root&gt;The particular disorder that the medical &lt;fen&gt;Professional&lt;/fen&gt; treats.  Most words in the frame inherently indicate this information.

&lt;ex&gt;&lt;fex name="aff"&gt;Cardiac&lt;/fex&gt; &lt;t&gt;gerontologists&lt;/t&gt; can make more money in a year than I 'll see in my life !&lt;/ex&gt;

&lt;/def-root&gt;</definition>
    </FE>
    <FE bgColor="008000" fgColor="FFFFFF" coreType="Peripheral" cBy="MJE" cDate="01/23/2006 11:07:50 PST Mon" abbrev="bod" name="Body_system" ID="9875">
        <definition>&lt;def-root&gt;The part of the body that the medical &lt;fen&gt;Professional&lt;/fen&gt; treats.  This is usually indicated by the Lexical Unit itself.

&lt;ex&gt;&lt;/ex&gt;&lt;/def-root&gt;</definition>
    </FE>
    <FE bgColor="00008B" fgColor="FFFFFF" coreType="Peripheral" cBy="RLG" cDate="07/10/2006 04:19:33 PDT Mon" abbrev="age" name="Age" ID="10351">
        <definition>&lt;def-root&gt;The length of time the &lt;fen&gt;Professional&lt;/fen&gt; has been alive.&lt;/def-root&gt;</definition>
    </FE>
    <FE bgColor="d0d0d0" fgColor="000000" coreType="Peripheral" cBy="RLG" cDate="07/10/2006 04:20:21 PDT Mon" abbrev="com" name="Compensation" ID="10352">
        <definition>&lt;def-root&gt;The payment that the &lt;fen&gt;Professional&lt;/fen&gt; recieves for working.&lt;/def-root&gt;</definition>
    </FE>
    <FE bgColor="800080" fgColor="FFFFFF" coreType="Peripheral" cBy="RLG" cDate="07/10/2006 04:21:00 PDT Mon" abbrev="con" name="Contract_basis" ID="10353">
        <definition>&lt;def-root&gt;The &lt;fen&gt;Contract_basis&lt;/fen&gt; describes the conditions of employment with respect to permanency, hours per time period, or payment basis.&lt;/def-root&gt;</definition>
    </FE>
    <FE bgColor="FFA500" fgColor="FFFFFF" coreType="Peripheral" cBy="RLG" cDate="07/10/2006 04:21:53 PDT Mon" abbrev="emp" name="Employer" ID="10354">
        <definition>&lt;def-root&gt;The &lt;fen&gt;Employer&lt;/fen&gt; gives compensation to the &lt;fen&gt;Professional&lt;/fen&gt; for working.&lt;/def-root&gt;</definition>
    </FE>
    <FE bgColor="9400D3" fgColor="FFFFFF" coreType="Peripheral" cBy="RLG" cDate="07/10/2006 04:23:07 PDT Mon" abbrev="eth" name="Ethnicity" ID="10355">
        <definition>&lt;def-root&gt;The &lt;fen&gt;Ethnicity&lt;/fen&gt; is the religious, racial, national, socio-economic or cultural group to which the &lt;fen&gt;Professional&lt;/fen&gt; belongs.&lt;/def-root&gt;</definition>
    </FE>
    <FE bgColor="2E8B57" fgColor="FFFFFF" coreType="Peripheral" cBy="RLG" cDate="07/10/2006 04:23:44 PDT Mon" abbrev="pla" name="Place_of_employment" ID="10356">
        <definition>&lt;def-root&gt;The place where the &lt;fen&gt;Professional&lt;/fen&gt; works.&lt;/def-root&gt;</definition>
    </FE>
    <FE bgColor="FF69B4" fgColor="FFFFFF" coreType="Peripheral" cBy="RLG" cDate="07/10/2006 04:24:24 PDT Mon" abbrev="ran" name="Rank" ID="10357">
        <definition>&lt;def-root&gt;&lt;fen&gt;Rank&lt;/fen&gt; is the position in a hierarchy that the &lt;fen&gt;Professional&lt;/fen&gt; occupies within an organization.&lt;/def-root&gt;</definition>
    </FE>
    <FE bgColor="00BFFF" fgColor="FFFFFF" coreType="Peripheral" cBy="RLG" cDate="07/10/2006 04:36:48 PDT Mon" abbrev="ori" name="Origin" ID="10359">
        <definition>&lt;def-root&gt;The &lt;fen&gt;Origin&lt;/fen&gt; is the place where the &lt;fen&gt;Professional&lt;/fen&gt; was born or lived a salient part of her or his life.&lt;/def-root&gt;</definition>
    </FE>
    <frameRelation type="Inherits from">
        <relatedFrame ID="1071">People_by_vocation</relatedFrame>
    </frameRelation>
    <frameRelation type="Is Inherited by"/>
    <frameRelation type="Perspective on"/>
    <frameRelation type="Is Perspectivized in"/>
    <frameRelation type="Uses">
        <relatedFrame ID="2708">Medical_interaction_scenario</relatedFrame>
    </frameRelation>
    <frameRelation type="Is Used by"/>
    <frameRelation type="Subframe of"/>
    <frameRelation type="Has Subframe(s)"/>
    <frameRelation type="Precedes"/>
    <frameRelation type="Is Preceded by"/>
    <frameRelation type="Is Inchoative of"/>
    <frameRelation type="Is Causative of"/>
    <frameRelation type="See also"/>
    <lexUnit status="Created" POS="N" name="physician.n" ID="4561" lemmaID="28859" cBy="MRLP" cDate="12/19/2001 09:54:12 PST Wed">
        <definition>COD: a person qualified to practise medicine, especially one who specializes in diagnosis and medical treatment as distinct from surgery</definition>
        <sentenceCount annotated="1" total="1"/>
        <lexeme order="1" headword="false" breakBefore="false" POS="N" name="physician"/>
    </lexUnit>
    <lexUnit status="Created" POS="N" name="surgeon.n" ID="4562" lemmaID="38976" cBy="MRLP" cDate="12/19/2001 09:58:33 PST Wed">
        <definition>COD: a medical practitioner qualified to practise surgery</definition>
        <sentenceCount annotated="0" total="0"/>
        <lexeme order="1" headword="false" breakBefore="false" POS="N" name="surgeon"/>
    </lexUnit>
    <lexUnit status="Created" POS="N" name="allergist.n" ID="4563" lemmaID="45304" cBy="MRLP" cDate="12/19/2001 09:59:52 PST Wed">
        <definition>FN: a doctor who specializes in the diagnosis and treatment of allergies.</definition>
        <sentenceCount annotated="0" total="0"/>
        <lexeme order="1" headword="false" breakBefore="false" POS="N" name="allergist"/>
    </lexUnit>
    <lexUnit status="Finished_Initial" POS="N" name="doctor.n" ID="4564" lemmaID="11360" cBy="MRLP" cDate="12/19/2001 10:32:59 PST Wed">
        <definition>COD: a person who is qualified to practice medicine</definition>
        <sentenceCount annotated="26" total="309"/>
        <lexeme order="1" headword="false" breakBefore="false" POS="N" name="doctor"/>
    </lexUnit>
    <lexUnit status="Created" POS="N" name="cardiologist.n" ID="4566" lemmaID="45305" cBy="MRLP" cDate="12/19/2001 10:46:47 PST Wed">
        <definition>FN: a doctor who specializes in the diseases and abnormalities of the heart</definition>
        <sentenceCount annotated="0" total="0"/>
        <lexeme order="1" headword="false" breakBefore="false" POS="N" name="cardiologist"/>
    </lexUnit>
    <lexUnit status="Created" POS="N" name="anesthesiologist.n" ID="4567" lemmaID="45308" cBy="MRLP" cDate="12/20/2001 02:34:09 PST Thu">
        <definition>FN: a doctor who specializes in anesthesiology</definition>
        <sentenceCount annotated="0" total="0"/>
        <lexeme order="1" headword="false" breakBefore="false" POS="N" name="anesthesiologist"/>
    </lexUnit>
    <lexUnit status="Created" POS="N" name="chiropractor.n" ID="4568" lemmaID="6362" cBy="MRLP" cDate="12/20/2001 02:44:13 PST Thu">
        <definition>FN: a practitioner of chiropractics</definition>
        <sentenceCount annotated="0" total="0"/>
        <lexeme order="1" headword="false" breakBefore="false" POS="N" name="chiropractor"/>
    </lexUnit>
    <lexUnit status="Created" POS="N" name="dermatologist.n" ID="4569" lemmaID="10296" cBy="MRLP" cDate="12/20/2001 03:22:42 PST Thu">
        <definition>FN: a doctor who specializes in diseases of the skin</definition>
        <sentenceCount annotated="0" total="0"/>
        <lexeme order="1" headword="false" breakBefore="false" POS="N" name="dermatologist"/>
    </lexUnit>
    <lexUnit status="Created" POS="N" name="endocrinologist.n" ID="4570" lemmaID="45309" cBy="MRLP" cDate="12/20/2001 03:25:23 PST Thu">
        <definition>FN: a doctor who specializes in the glands and hormones of the body and their related disorders</definition>
        <sentenceCount annotated="0" total="0"/>
        <lexeme order="1" headword="false" breakBefore="false" POS="N" name="endocrinologist"/>
    </lexUnit>
    <lexUnit status="Created" POS="N" name="gastroenterologist.n" ID="4571" lemmaID="45310" cBy="MRLP" cDate="12/20/2001 03:31:11 PST Thu">
        <definition>FN: a doctor who specializes in diorders of the stormach, intestines, and related organs</definition>
        <sentenceCount annotated="0" total="0"/>
        <lexeme order="1" headword="false" breakBefore="false" POS="N" name="gastroenterologist"/>
    </lexUnit>
    <lexUnit status="Created" POS="N" name="gerontologist.n" ID="4572" lemmaID="45311" cBy="MRLP" cDate="12/20/2001 03:35:27 PST Thu">
        <definition>FN: a doctor who specializes in the phenomena associated with old age and aging</definition>
        <sentenceCount annotated="0" total="0"/>
        <lexeme order="1" headword="false" breakBefore="false" POS="N" name="gerontologist"/>
    </lexUnit>
    <lexUnit status="Created" POS="N" name="homeopathist.n" ID="4573" lemmaID="45312" cBy="MRLP" cDate="12/20/2001 03:37:54 PST Thu">
        <definition>FN: a healthcare provider who practices homeopathy</definition>
        <sentenceCount annotated="0" total="0"/>
        <lexeme order="1" headword="false" breakBefore="false" POS="N" name="homeopathist"/>
    </lexUnit>
    <lexUnit status="Created" POS="N" name="immunologist.n" ID="4574" lemmaID="45313" cBy="MRLP" cDate="12/20/2001 03:40:26 PST Thu">
        <definition>FN: a doctor who specializes in the disorders and the functioning of the immune system</definition>
        <sentenceCount annotated="0" total="0"/>
        <lexeme order="1" headword="false" breakBefore="false" POS="N" name="immunologist"/>
    </lexUnit>
    <lexUnit status="Created" POS="N" name="neonatologist.n" ID="4575" lemmaID="45314" cBy="MRLP" cDate="12/20/2001 03:47:03 PST Thu">
        <definition>FN: a doctor who specializes in conditions and disorders of newborns</definition>
        <sentenceCount annotated="0" total="0"/>
        <lexeme order="1" headword="false" breakBefore="false" POS="N" name="neonatologist"/>
    </lexUnit>
    <lexUnit status="Created" POS="N" name="nephrologist.n" ID="4576" lemmaID="45315" cBy="MRLP" cDate="12/20/2001 03:49:25 PST Thu">
        <definition>FN: a doctor who specializes in the disorders and functioning of the kidneys</definition>
        <sentenceCount annotated="0" total="0"/>
        <lexeme order="1" headword="false" breakBefore="false" POS="N" name="nephrologist"/>
    </lexUnit>
    <lexUnit status="Created" POS="N" name="neurologist.n" ID="4577" lemmaID="25728" cBy="MRLP" cDate="12/20/2001 03:53:06 PST Thu">
        <definition>FN: a doctor who specializes in the nervous system and disorders affecting it</definition>
        <sentenceCount annotated="0" total="0"/>
        <lexeme order="1" headword="false" breakBefore="false" POS="N" name="neurologist"/>
    </lexUnit>
    <lexUnit status="Created" POS="N" name="obstetrician.n" ID="4578" lemmaID="26452" cBy="MRLP" cDate="12/20/2001 03:57:03 PST Thu">
        <definition>FN: a physician or surgeon qualified to practise in obstetrics</definition>
        <sentenceCount annotated="0" total="0"/>
        <lexeme order="1" headword="false" breakBefore="false" POS="N" name="obstetrician"/>
    </lexUnit>
    <lexUnit status="Created" POS="N" name="gynaecologist.n" ID="4579" lemmaID="17146" cBy="MRLP" cDate="12/20/2001 03:59:36 PST Thu">
        <definition>FN: a physician or surgeon who deals with women's sexual and reproductive systems and the disorders associated with them</definition>
        <sentenceCount annotated="0" total="0"/>
        <lexeme order="1" headword="false" breakBefore="false" POS="N" name="gynaecologist"/>
    </lexUnit>
    <lexUnit status="Created" POS="N" name="oncologist.n" ID="4580" lemmaID="45316" cBy="MRLP" cDate="12/20/2001 04:03:42 PST Thu">
        <definition>FN: a physician or surgeon who specializes in cancer</definition>
        <sentenceCount annotated="0" total="0"/>
        <lexeme order="1" headword="false" breakBefore="false" POS="N" name="oncologist"/>
    </lexUnit>
    <lexUnit status="Created" POS="N" name="orthopaedist.n" ID="4581" lemmaID="45317" cBy="MRLP" cDate="12/20/2001 04:08:02 PST Thu">
        <definition>FN: a physician or surgeon who specializes in the skeletal system and conditions and disorders affecting it</definition>
        <sentenceCount annotated="0" total="0"/>
        <lexeme order="1" headword="false" breakBefore="false" POS="N" name="orthopaedist"/>
    </lexUnit>
    <lexUnit status="Created" POS="N" name="pediatrician.n" ID="4582" lemmaID="27511" cBy="MRLP" cDate="12/20/2001 04:11:58 PST Thu">
        <definition>FN: a physician or surgeon who deals with children's health and illnesses</definition>
        <sentenceCount annotated="0" total="0"/>
        <lexeme order="1" headword="false" breakBefore="false" POS="N" name="pediatrician"/>
    </lexUnit>
    <lexUnit status="Created" POS="N" name="proctologist.n" ID="4583" lemmaID="45318" cBy="MRLP" cDate="12/20/2001 04:16:12 PST Thu">
        <definition>FN: a physician or surgeon who specializes in diseases affecting the rectum, colon, and anus</definition>
        <sentenceCount annotated="0" total="0"/>
        <lexeme order="1" headword="false" breakBefore="false" POS="N" name="proctologist"/>
    </lexUnit>
    <lexUnit status="Created" POS="N" name="psychiatrist.n" ID="4584" lemmaID="30997" cBy="MRLP" cDate="12/20/2001 04:18:48 PST Thu">
        <definition>COD: a medical practitioner specializing in the diagnosis and treatment of mental illness</definition>
        <sentenceCount annotated="0" total="0"/>
        <lexeme order="1" headword="false" breakBefore="false" POS="N" name="psychiatrist"/>
    </lexUnit>
    <lexUnit status="Created" POS="N" name="psychoanalyst.n" ID="4585" lemmaID="45319" cBy="MRLP" cDate="12/20/2001 04:20:23 PST Thu">
        <definition>FN: a medical professional who practices psychoanalysis</definition>
        <sentenceCount annotated="0" total="0"/>
        <lexeme order="1" headword="false" breakBefore="false" POS="N" name="psychoanalyst"/>
    </lexUnit>
    <lexUnit status="Created" POS="N" name="radiologist.n" ID="4586" lemmaID="31671" cBy="MRLP" cDate="12/20/2001 04:23:12 PST Thu">
        <definition>FN: a physician or surgeon who specializes in radiology</definition>
        <sentenceCount annotated="0" total="0"/>
        <lexeme order="1" headword="false" breakBefore="false" POS="N" name="radiologist"/>
    </lexUnit>
    <lexUnit status="Created" POS="N" name="rheumatologist.n" ID="4587" lemmaID="45320" cBy="MRLP" cDate="12/20/2001 04:23:43 PST Thu">
        <definition>FN: a physician or surgeon who deals with the treatment of rheumatic disease</definition>
        <sentenceCount annotated="0" total="0"/>
        <lexeme order="1" headword="false" breakBefore="false" POS="N" name="rheumatologist"/>
    </lexUnit>
    <lexUnit status="Created" POS="N" name="family practitioner.n" ID="4589" lemmaID="45321" cBy="MRLP" cDate="12/20/2001 04:40:42 PST Thu">
        <definition>FN: a medical doctor who specializes in the care of people of all ages</definition>
        <sentenceCount annotated="0" total="0"/>
        <lexeme order="1" headword="false" breakBefore="false" POS="N" name="family"/>
        <lexeme order="2" headword="true" breakBefore="false" POS="N" name="practitioner"/>
    </lexUnit>
    <lexUnit status="Created" POS="N" name="therapist.n" ID="4626" lemmaID="40069" cBy="MRLP" cDate="01/07/2002 05:32:56 PST Mon">
        <definition>FN: a medicial practitioner trained in methods of diagnosis and rehabilitation other than the use of drugs or surgery</definition>
        <sentenceCount annotated="0" total="0"/>
        <lexeme order="1" headword="false" breakBefore="false" POS="N" name="therapist"/>
    </lexUnit>
    <lexUnit status="Created" POS="N" name="ophthalmologist.n" ID="4641" lemmaID="26821" cBy="MRLP" cDate="01/09/2002 03:11:19 PST Wed">
        <definition>FN: a physician who specializes in the structure, functions and diseases of the eye</definition>
        <sentenceCount annotated="0" total="0"/>
        <lexeme order="1" headword="false" breakBefore="false" POS="N" name="ophthalmologist"/>
    </lexUnit>
    <lexUnit status="Created" POS="N" name="radiation oncologist.n" ID="4668" lemmaID="45373" cBy="MRLP" cDate="01/10/2002 02:20:32 PST Thu">
        <definition>FN: a physician or surgeon who specializes in radiology for the treatment of cancer</definition>
        <sentenceCount annotated="0" total="0"/>
        <lexeme order="1" headword="false" breakBefore="false" POS="N" name="radiation"/>
        <lexeme order="2" headword="true" breakBefore="false" POS="N" name="oncologist"/>
    </lexUnit>
    <lexUnit status="Created" POS="N" name="midwife.n" ID="5206" lemmaID="24246" cBy="MRLP" cDate="03/12/2002 01:33:16 PST Tue">
        <definition>COD: a nurse who is trained to assist women in childbirth.</definition>
        <sentenceCount annotated="0" total="0"/>
        <lexeme order="1" headword="false" breakBefore="false" POS="N" name="midwife"/>
    </lexUnit>
    <lexUnit status="Created" POS="N" name="psychologist.n" ID="5207" lemmaID="31015" cBy="MRLP" cDate="03/12/2002 01:33:47 PST Tue">
        <definition>FN: a person trained and educated to perform psychological research, testing, and theraphy</definition>
        <sentenceCount annotated="0" total="0"/>
        <lexeme order="1" headword="false" breakBefore="false" POS="N" name="psychologist"/>
    </lexUnit>
    <lexUnit status="Created" POS="N" name="psychotherapist.n" ID="5208" lemmaID="31023" cBy="MRLP" cDate="03/12/2002 01:34:33 PST Tue">
        <definition>FN: a medical practitioner specializing in the diagnosis and treatment of a mental or emotional condition </definition>
        <sentenceCount annotated="0" total="0"/>
        <lexeme order="1" headword="false" breakBefore="false" POS="N" name="psychotherapist"/>
    </lexUnit>
    <lexUnit status="Created" POS="N" name="shaman.n" ID="5209" lemmaID="35360" cBy="MRLP" cDate="03/12/2002 01:34:56 PST Tue">
        <definition>COD: a person regarded as having access to, and influence in, the world of good and evil spirits, especially among some peoples of northern Asia and North America. </definition>
        <sentenceCount annotated="0" total="0"/>
        <lexeme order="1" headword="false" breakBefore="false" POS="N" name="shaman"/>
    </lexUnit>
    <lexUnit status="Created" POS="N" name="urologist.n" ID="7717" lemmaID="46195" cBy="CFB" cDate="11/18/2002 11:59:58 PST Mon">
        <definition>FN: a physician who deals with problems and diseases of the urogenital tract</definition>
        <sentenceCount annotated="0" total="0"/>
        <lexeme order="1" headword="false" breakBefore="false" POS="N" name="urologist"/>
    </lexUnit>
    <lexUnit status="Created" POS="N" name="speech therapist.n" ID="9851" lemmaID="48511" cBy="JKR" cDate="10/20/2003 04:46:29 PDT Mon">
        <definition>FN: a medical professional specializing in the diagnosis and rehabilitation for development of and disorders in speech, language and the organs used in speech</definition>
        <sentenceCount annotated="0" total="0"/>
        <lexeme order="1" headword="true" breakBefore="false" POS="N" name="speech"/>
        <lexeme order="2" headword="false" breakBefore="false" POS="N" name="therapist"/>
    </lexUnit>
    <lexUnit status="Finished_Initial" POS="N" name="nurse.n" ID="13342" lemmaID="26292" cBy="RLG" cDate="07/06/2006 05:41:44 PDT Thu">
        <definition>COD: a person trained to care for the sick or infirm.</definition>
        <sentenceCount annotated="22" total="162"/>
        <lexeme order="1" headword="false" breakBefore="false" POS="N" name="nurse"/>
    </lexUnit>
</frame>