<?xml version="1.0" encoding="UTF-8" standalone="yes"?>
<?xml-stylesheet type="text/xsl" href="frame.xsl"?>
<frame cBy="AnW" cDate="03/03/2010 01:32:09 PST Wed" name="Meet_specifications" ID="2235" xsi:schemaLocation="../schema/frame.xsd" xmlns="http://framenet.icsi.berkeley.edu" xmlns:xsi="http://www.w3.org/2001/XMLSchema-instance">
    <definition>&lt;def-root&gt;An &lt;fen&gt;Agent&lt;/fen&gt; or &lt;fen&gt;Entity&lt;/fen&gt; becomes sufficient enough to meet a &lt;fen&gt;Standard&lt;/fen&gt;.  Alternatively, an action or occurrence can be thought of as &lt;fen&gt;Event&lt;/fen&gt; that fulfills a &lt;fen&gt;Standard&lt;/fen&gt;.  In this frame, the &lt;fen&gt;Agent&lt;/fen&gt;, &lt;fen&gt;Entity&lt;/fen&gt;, or &lt;fen&gt;Event&lt;/fen&gt; can be conceptualized as being on a scale where a change of value or circumstances brings it in line with the position of the &lt;fen&gt;Standard&lt;/fen&gt; on the scale.
&lt;ex&gt;&lt;fex name="Entity"&gt;This paper&lt;/fex&gt; does not &lt;t&gt;meet&lt;/t&gt; &lt;fex name="Standard"&gt;the requirements for graduation&lt;/fex&gt;.&lt;/ex&gt;
&lt;ex&gt;Will &lt;fex name="Agent"&gt;Ben&lt;/fex&gt; &lt;t&gt;fulfill&lt;/t&gt; &lt;fex name="Standard"&gt;his obligation to Margaret &lt;/fex&gt;?&lt;/ex&gt;
&lt;/def-root&gt;</definition>
    <FE bgColor="FF0000" fgColor="FFFFFF" coreType="Core" cBy="AnW" cDate="03/03/2010 01:44:58 PST Wed" abbrev="" name="Agent" ID="13627">
        <definition>&lt;def-root&gt;The intentional &lt;fen&gt;Agent&lt;/fen&gt; acts to meet to a &lt;fen&gt;Standard&lt;/fen&gt;.&lt;/def-root&gt;</definition>
        <semType name="Sentient" ID="5"/>
    </FE>
    <FE bgColor="A52A2A" fgColor="FFFFFF" coreType="Core" cBy="AnW" cDate="03/03/2010 01:45:28 PST Wed" abbrev="" name="Entity" ID="13628">
        <definition>&lt;def-root&gt;The non-intentional &lt;fen&gt;Entity&lt;/fen&gt; becomes sufficient enough to meet a &lt;fen&gt;Standard&lt;/fen&gt;.&lt;/def-root&gt;</definition>
    </FE>
    <FE bgColor="FFFF00" fgColor="000000" coreType="Core" cBy="AnW" cDate="03/03/2010 01:45:43 PST Wed" abbrev="" name="Event" ID="13629">
        <definition>&lt;def-root&gt;An act or occurence that changes circumstances sufficiently so as to meet a &lt;fen&gt;Standard&lt;/fen&gt;.&lt;/def-root&gt;</definition>
    </FE>
    <FE bgColor="0000FF" fgColor="FFFFFF" coreType="Core" cBy="AnW" cDate="03/03/2010 01:45:58 PST Wed" abbrev="" name="Standard" ID="13630">
        <definition>&lt;def-root&gt;A condition or requirement that the &lt;fen&gt;Agent&lt;/fen&gt;, &lt;fen&gt;Entity&lt;/fen&gt;, or &lt;fen&gt;Event&lt;/fen&gt; attempt to meet.&lt;/def-root&gt;</definition>
    </FE>
    <FE bgColor="008000" fgColor="FFFFFF" coreType="Peripheral" cBy="AnW" cDate="03/03/2010 02:05:34 PST Wed" abbrev="" name="Manner" ID="13632">
        <definition>&lt;def-root&gt;The &lt;fen&gt;Manner&lt;/fen&gt; in which the &lt;fen&gt;Agent&lt;/fen&gt; or &lt;fen&gt;Entity&lt;/fen&gt; become sufficient in regards to the &lt;fen&gt;Standard&lt;/fen&gt;.&lt;/def-root&gt;</definition>
        <semType name="Manner" ID="173"/>
    </FE>
    <FE bgColor="FFA500" fgColor="000000" coreType="Peripheral" cBy="AnW" cDate="03/03/2010 02:05:44 PST Wed" abbrev="" name="Means" ID="13633">
        <definition>&lt;def-root&gt;The &lt;fen&gt;Means&lt;/fen&gt; by which the &lt;fen&gt;Agent&lt;/fen&gt; or &lt;fen&gt;Entity&lt;/fen&gt; become sufficient in regards in to the &lt;fen&gt;Standard&lt;/fen&gt;.&lt;/def-root&gt;</definition>
        <semType name="State_of_affairs" ID="177"/>
    </FE>
    <FE bgColor="800080" fgColor="FFFFFF" coreType="Peripheral" cBy="AnW" cDate="03/03/2010 02:05:49 PST Wed" abbrev="" name="Time" ID="13634">
        <definition>&lt;def-root&gt;The &lt;fen&gt;Time&lt;/fen&gt; when the &lt;fen&gt;Agent&lt;/fen&gt;, &lt;fen&gt;Entity&lt;/fen&gt;, or &lt;fen&gt;Event&lt;/fen&gt; becomes sufficient in regards to the &lt;fen&gt;Standard&lt;/fen&gt;.&lt;/def-root&gt;</definition>
        <semType name="Time" ID="141"/>
    </FE>
    <FE bgColor="FF69B4" fgColor="FFFFFF" coreType="Peripheral" cBy="AnW" cDate="03/30/2010 02:42:28 PDT Tue" abbrev="" name="Degree" ID="13770">
        <definition>&lt;def-root&gt;The extent to which the &lt;fen&gt;Standard&lt;/fen&gt; is exceeded or not by &lt;fen&gt;Agent&lt;/fen&gt;, &lt;fen&gt;Entity&lt;/fen&gt; or &lt;fen&gt;Event&lt;/fen&gt;.&lt;/def-root&gt;</definition>
        <semType name="Degree" ID="172"/>
    </FE>
    <FEcoreSet>
        <memberFE name="Agent" ID="13627"/>
        <memberFE name="Entity" ID="13628"/>
        <memberFE name="Event" ID="13629"/>
    </FEcoreSet>
    <frameRelation type="Inherits from">
        <relatedFrame ID="2233">Satisfying</relatedFrame>
    </frameRelation>
    <frameRelation type="Is Inherited by">
        <relatedFrame ID="1441">Rising_to_a_challenge</relatedFrame>
    </frameRelation>
    <frameRelation type="Perspective on"/>
    <frameRelation type="Is Perspectivized in"/>
    <frameRelation type="Uses">
        <relatedFrame ID="342">Sufficiency</relatedFrame>
    </frameRelation>
    <frameRelation type="Is Used by"/>
    <frameRelation type="Subframe of"/>
    <frameRelation type="Has Subframe(s)"/>
    <frameRelation type="Precedes"/>
    <frameRelation type="Is Preceded by"/>
    <frameRelation type="Is Inchoative of"/>
    <frameRelation type="Is Causative of"/>
    <frameRelation type="See also"/>
    <lexUnit status="Finished_Initial" POS="V" name="meet.v" ID="15657" lemmaID="23890" cBy="AnW" cDate="03/03/2010 03:11:04 PST Wed">
        <definition>FN: to satisfy a condition or requirement</definition>
        <sentenceCount annotated="31" total="31"/>
        <lexeme order="1" headword="false" breakBefore="false" POS="V" name="meet"/>
    </lexUnit>
    <lexUnit status="Needs_SCs" POS="V" name="fulfill.v" ID="15658" lemmaID="50881" cBy="AnW" cDate="03/03/2010 03:12:34 PST Wed">
        <definition>COD: satisfy or meet a requirement (or condition)</definition>
        <sentenceCount annotated="11" total="18"/>
        <lexeme order="1" headword="true" breakBefore="false" POS="V" name="fulfill"/>
    </lexUnit>
</frame>