<?xml version="1.0" encoding="UTF-8" standalone="yes"?>
<?xml-stylesheet type="text/xsl" href="frame.xsl"?>
<frame cBy="AnW" cDate="02/26/2010 02:21:06 PST Fri" name="Meet_with_response" ID="2232" xsi:schemaLocation="../schema/frame.xsd" xmlns="http://framenet.icsi.berkeley.edu" xmlns:xsi="http://www.w3.org/2001/XMLSchema-instance">
    <definition>&lt;def-root&gt;A &lt;fen&gt;Trigger&lt;/fen&gt; elicits a &lt;fen&gt;Response&lt;/fen&gt;.  The &lt;fen&gt;Response&lt;/fen&gt; may either be some kind of action meant to address the &lt;fen&gt;Trigger&lt;/fen&gt; event or an expressed judgment of the &lt;fen&gt;Trigger&lt;/fen&gt; event.
&lt;ex&gt;&lt;fex name="Trigger"&gt;Our proposal&lt;/fex&gt; &lt;t&gt;met&lt;/t&gt; &lt;fex name="Response"&gt;with harsh criticism&lt;/fex&gt;.&lt;/ex&gt;
&lt;/def-root&gt;</definition>
    <FE bgColor="FFFF00" fgColor="000000" coreType="Core" cBy="AnW" cDate="02/26/2010 02:53:20 PST Fri" abbrev="" name="Trigger" ID="13604">
        <definition>&lt;def-root&gt;The event that elicits a &lt;fen&gt;Response&lt;/fen&gt;.&lt;/def-root&gt;</definition>
    </FE>
    <FE bgColor="FF0000" fgColor="FFFFFF" coreType="Core" cBy="AnW" cDate="02/26/2010 03:00:18 PST Fri" abbrev="" name="Response" ID="13606">
        <definition>&lt;def-root&gt;The means action or judgement in response to the &lt;fen&gt;Trigger&lt;/fen&gt;.&lt;/def-root&gt;</definition>
    </FE>
    <FE bgColor="0000FF" fgColor="FFFFFF" coreType="Peripheral" cBy="AnW" cDate="02/26/2010 03:06:20 PST Fri" abbrev="" name="Manner" ID="13608">
        <definition>&lt;def-root&gt;A characterization of the &lt;fen&gt;Response&lt;/fen&gt; action.&lt;/def-root&gt;</definition>
        <semType name="Manner" ID="173"/>
    </FE>
    <FE bgColor="FF00FF" fgColor="FFFFFF" coreType="Peripheral" cBy="AnW" cDate="02/26/2010 03:06:29 PST Fri" abbrev="" name="Place" ID="13609">
        <definition>&lt;def-root&gt;The location in which the &lt;fen&gt;Response&lt;/fen&gt; action takes place.&lt;/def-root&gt;</definition>
        <semType name="Locative_relation" ID="182"/>
    </FE>
    <FE bgColor="EEE8AA" fgColor="000000" coreType="Peripheral" cBy="AnW" cDate="02/26/2010 03:06:40 PST Fri" abbrev="" name="Time" ID="13611">
        <definition>&lt;def-root&gt;The point in time when &lt;fen&gt;Response&lt;/fen&gt; is made to the &lt;fen&gt;Trigger&lt;/fen&gt;.&lt;/def-root&gt;</definition>
        <semType name="Time" ID="141"/>
    </FE>
    <frameRelation type="Inherits from"/>
    <frameRelation type="Is Inherited by"/>
    <frameRelation type="Perspective on">
        <relatedFrame ID="2231">Response_scenario</relatedFrame>
    </frameRelation>
    <frameRelation type="Is Perspectivized in"/>
    <frameRelation type="Uses"/>
    <frameRelation type="Is Used by"/>
    <frameRelation type="Subframe of"/>
    <frameRelation type="Has Subframe(s)"/>
    <frameRelation type="Precedes"/>
    <frameRelation type="Is Preceded by"/>
    <frameRelation type="Is Inchoative of"/>
    <frameRelation type="Is Causative of"/>
    <frameRelation type="See also"/>
    <lexUnit status="Add_Annotation" POS="V" name="meet.v" ID="15652" lemmaID="23890" cBy="AnW" cDate="02/26/2010 03:35:12 PST Fri">
        <definition>FN: experience as a reaction</definition>
        <sentenceCount annotated="16" total="184"/>
        <lexeme order="1" headword="false" breakBefore="false" POS="V" name="meet"/>
    </lexUnit>
</frame>