<?xml version="1.0" encoding="UTF-8" standalone="yes"?>
<?xml-stylesheet type="text/xsl" href="frame.xsl"?>
<frame cBy="RLG" cDate="10/12/2011 03:22:00 PDT Wed" name="Member_of_military" ID="2670" xsi:schemaLocation="../schema/frame.xsd" xmlns="http://framenet.icsi.berkeley.edu" xmlns:xsi="http://www.w3.org/2001/XMLSchema-instance">
    <definition>&lt;def-root&gt;A &lt;fen&gt;Person&lt;/fen&gt; is a member of an organized military organization belonging to a nation-state or similar body. The military membership may be part-time, but is considered a job. This is in opposition to combatants who may be loyal to a particular cause but are not part of the military arm of a government.

&lt;ex&gt;The British at one point had an occupying army of over a million &lt;fex name="Descriptor"&gt;well-trained&lt;/fex&gt; &lt;t&gt;&lt;fex name="Person"&gt;soldiers&lt;/fex&gt;&lt;/t&gt;.&lt;/ex&gt;

&lt;ex&gt;After 9/11 she decided to become a &lt;fex name="Contract_basis"&gt;full-time&lt;/fex&gt; &lt;t&gt;&lt;fex name="Person"&gt;airman&lt;/fex&gt;&lt;/t&gt;&lt;/ex&gt;.

&lt;ex&gt;&lt;fex name="Loyal_side"&gt;US&lt;/fex&gt; &lt;t&gt;&lt;fex name="Person"&gt;soldiers&lt;/fex&gt;&lt;/t&gt; have fought in the region for the past twenty years with no end in sight.&lt;/ex&gt;&lt;/def-root&gt;</definition>
    <FE bgColor="0000FF" fgColor="FFFFFF" coreType="Peripheral" cBy="RLG" cDate="10/12/2011 03:22:00 PDT Wed" abbrev="Ori" name="Origin" ID="15140">
        <definition>&lt;def-root&gt;The &lt;fen&gt;Origin&lt;/fen&gt; is the place where the &lt;fen&gt;Person&lt;/fen&gt; was born or lived a salient part of her or his life.&lt;/def-root&gt;</definition>
    </FE>
    <FE bgColor="FF0000" fgColor="FFFFFF" coreType="Core" cBy="RLG" cDate="10/12/2011 03:22:00 PDT Wed" abbrev="Person" name="Person" ID="15141">
        <definition>&lt;def-root&gt;The &lt;fen&gt;Person&lt;/fen&gt; is the member of the military.&lt;/def-root&gt;</definition>
        <semType name="Human" ID="80"/>
    </FE>
    <FE bgColor="006400" fgColor="FFFFFF" coreType="Extra-Thematic" cBy="RLG" cDate="10/12/2011 03:22:00 PDT Wed" abbrev="Pers_char" name="Persistent_characteristic" ID="15142">
        <definition>&lt;def-root&gt;The &lt;fen&gt;Persistent_characteristic&lt;/fen&gt; is a physiological characteristic or personality trait of the &lt;fen&gt;Person&lt;/fen&gt; which is concieved of as persisting over time.&lt;/def-root&gt;</definition>
    </FE>
    <FE bgColor="00BFFF" fgColor="FFFFFF" coreType="Extra-Thematic" cBy="RLG" cDate="10/12/2011 03:22:00 PDT Wed" abbrev="Desc" name="Descriptor" ID="15143">
        <definition>&lt;def-root&gt;The &lt;fen&gt;Descriptor&lt;/fen&gt; is a temporary condition of the &lt;fen&gt;Person&lt;/fen&gt;.&lt;/def-root&gt;</definition>
    </FE>
    <FE bgColor="00008B" fgColor="FFFFFF" coreType="Peripheral" cBy="RLG" cDate="10/12/2011 03:22:00 PDT Wed" abbrev="Age" name="Age" ID="15144">
        <definition>&lt;def-root&gt;The &lt;fen&gt;Age&lt;/fen&gt; is the length of time the &lt;fen&gt;Person&lt;/fen&gt; has been alive.&lt;/def-root&gt;</definition>
    </FE>
    <FE bgColor="800080" fgColor="FFFFFF" coreType="Peripheral" cBy="RLG" cDate="10/12/2011 03:22:00 PDT Wed" abbrev="Eth" name="Ethnicity" ID="15145">
        <definition>&lt;def-root&gt;The &lt;fen&gt;Ethnicity&lt;/fen&gt; is the religious, racial, national, socio-economic or cultural group to which the &lt;fen&gt;Person&lt;/fen&gt; belongs.&lt;/def-root&gt;</definition>
    </FE>
    <FE bgColor="FFA500" fgColor="000000" coreType="Extra-Thematic" cBy="RLG" cDate="10/12/2011 03:22:00 PDT Wed" abbrev="coa" name="Context_of_acquaintance" ID="15146">
        <definition>&lt;def-root&gt;An expression indicating the context with which the &lt;fen&gt;Person&lt;/fen&gt; is associated.

&lt;ex&gt;Is she the &lt;t&gt;marine&lt;/t&gt; &lt;fex name="coa"&gt;from the movie we saw last night&lt;/fex&gt;?&lt;/ex&gt;&lt;/def-root&gt;</definition>
    </FE>
    <FE bgColor="7CCD7C" fgColor="FFFFFF" coreType="Peripheral" cBy="RLG" cDate="10/12/2011 03:22:00 PDT Wed" abbrev="rnk" name="Rank" ID="15147">
        <definition>&lt;def-root&gt;&lt;fen&gt;Rank&lt;/fen&gt; is the position in the military hierarchy that the &lt;fen&gt;Person&lt;/fen&gt; occupies.
 	
&lt;ex&gt;Robin is the &lt;fex name="rnk"&gt;highest-ranking&lt;/fex&gt; &lt;t&gt;soldier&lt;/t&gt; at the facility.&lt;/ex&gt;
 &lt;/def-root&gt;</definition>
    </FE>
    <FE bgColor="FF00FF" fgColor="FFFFFF" coreType="Peripheral" cBy="RLG" cDate="10/12/2011 03:22:00 PDT Wed" abbrev="poe" name="Place_of_employment" ID="15148">
        <definition>&lt;def-root&gt;This FE identifies the place where the &lt;fen&gt;Person&lt;/fen&gt; is stationed.&lt;/def-root&gt;</definition>
    </FE>
    <FE bgColor="1E90FF" fgColor="FFFFFF" coreType="Peripheral" cBy="RLG" cDate="10/12/2011 03:22:00 PDT Wed" abbrev="loy" name="Loyal_side" ID="15149">
        <definition>&lt;def-root&gt;The &lt;fen&gt;Person&lt;/fen&gt; belongs to the military of the &lt;fen&gt;Loyal_side&lt;/fen&gt;.&lt;/def-root&gt;</definition>
    </FE>
    <FE bgColor="A52A2A" fgColor="FFFFFF" coreType="Peripheral" cBy="RLG" cDate="10/12/2011 03:22:00 PDT Wed" abbrev="typ" name="Type" ID="15150">
        <definition>&lt;def-root&gt;This FE identifies a more specific &lt;fen&gt;Type&lt;/fen&gt; of military function or specialty that the &lt;fen&gt;Person&lt;/fen&gt; has.&lt;/def-root&gt;</definition>
    </FE>
    <FE bgColor="9400D3" fgColor="FFFFFF" coreType="Peripheral" cBy="RLG" cDate="10/12/2011 03:22:00 PDT Wed" abbrev="com" name="Compensation" ID="15151">
        <definition>&lt;def-root&gt;The &lt;fen&gt;Compensation&lt;/fen&gt; is the payment that the &lt;fen&gt;Person&lt;/fen&gt; receives for performing military service.&lt;/def-root&gt;</definition>
    </FE>
    <FE bgColor="FF00FF" fgColor="FFFFFF" coreType="Peripheral" cBy="RLG" cDate="10/12/2011 03:22:00 PDT Wed" abbrev="cb" name="Contract_basis" ID="15152">
        <definition>&lt;def-root&gt;The &lt;fen&gt;Contract_basis&lt;/fen&gt; describes the conditions of military membership with respect to permanency, time or duration of duty, payment basis, and so on.&lt;/def-root&gt;</definition>
    </FE>
    <FE bgColor="FF69B4" fgColor="FFFFFF" coreType="Peripheral" cBy="RLG" cDate="10/12/2011 04:06:29 PDT Wed" abbrev="mil" name="Military_organization" ID="15153">
        <definition>&lt;def-root&gt;The military organization to which the &lt;fen&gt;Person&lt;/fen&gt; belongs.

&lt;ex&gt;Hundreds of &lt;fex name="mil"&gt;US Navy&lt;/fex&gt; &lt;t&gt;&lt;fex name="Person"&gt;sailors&lt;/fex&gt;&lt;/t&gt; will be returning home soon.&lt;/ex&gt;&lt;/def-root&gt;</definition>
    </FE>
    <frameRelation type="Inherits from">
        <relatedFrame ID="1071">People_by_vocation</relatedFrame>
    </frameRelation>
    <frameRelation type="Is Inherited by"/>
    <frameRelation type="Perspective on"/>
    <frameRelation type="Is Perspectivized in"/>
    <frameRelation type="Uses">
        <relatedFrame ID="1026">Membership</relatedFrame>
        <relatedFrame ID="93">Hostile_encounter</relatedFrame>
        <relatedFrame ID="1514">Military</relatedFrame>
    </frameRelation>
    <frameRelation type="Is Used by">
        <relatedFrame ID="2671">People_by_military_specialty</relatedFrame>
    </frameRelation>
    <frameRelation type="Subframe of"/>
    <frameRelation type="Has Subframe(s)"/>
    <frameRelation type="Precedes"/>
    <frameRelation type="Is Preceded by"/>
    <frameRelation type="Is Inchoative of"/>
    <frameRelation type="Is Causative of"/>
    <frameRelation type="See also"/>
    <lexUnit status="Created" POS="N" name="soldier.n" ID="16701" lemmaID="36843" cBy="RLG" cDate="10/12/2011 03:43:00 PDT Wed">
        <definition>COD: a person who serves in an army.</definition>
        <sentenceCount annotated="11" total="11"/>
        <lexeme order="1" headword="false" breakBefore="false" POS="N" name="soldier"/>
    </lexUnit>
    <lexUnit status="Created" POS="N" name="marine.n" ID="16702" lemmaID="23494" cBy="RLG" cDate="10/12/2011 03:43:19 PDT Wed">
        <definition>FN: a member of a marine corps.</definition>
        <sentenceCount annotated="0" total="0"/>
        <lexeme order="1" headword="false" breakBefore="false" POS="N" name="marine"/>
    </lexUnit>
    <lexUnit status="Created" POS="N" name="sailor.n" ID="16703" lemmaID="33966" cBy="RLG" cDate="10/12/2011 03:49:18 PDT Wed">
        <definition>FN: a member of a navy.</definition>
        <sentenceCount annotated="0" total="0"/>
        <lexeme order="1" headword="false" breakBefore="false" POS="N" name="sailor"/>
    </lexUnit>
    <lexUnit status="Created" POS="N" name="airman.n" ID="16704" lemmaID="910" cBy="RLG" cDate="10/12/2011 03:52:07 PDT Wed">
        <definition>FN: a member of the air force, especially of the US or UK.</definition>
        <sentenceCount annotated="0" total="0"/>
        <lexeme order="1" headword="false" breakBefore="false" POS="N" name="airman"/>
    </lexUnit>
    <lexUnit status="Finished_Initial" POS="N" name="troop.n" ID="16705" lemmaID="41312" cBy="RLG" cDate="10/12/2011 04:00:13 PDT Wed">
        <definition>FN: a member of the armed forces, often referring to soliders.</definition>
        <sentenceCount annotated="102" total="262"/>
        <lexeme order="1" headword="false" breakBefore="false" POS="N" name="troop"/>
    </lexUnit>
    <lexUnit status="Needs_SCs" POS="N" name="service member.n" ID="16764" lemmaID="51456" cBy="RLG" cDate="11/03/2011 10:31:21 PDT Thu">
        <definition>FN: a member of the armed forces.</definition>
        <sentenceCount annotated="13" total="67"/>
        <lexeme order="1" headword="false" breakBefore="false" POS="N" name="service"/>
        <lexeme order="2" headword="true" breakBefore="false" POS="N" name="member"/>
    </lexUnit>
    <lexUnit status="Created" POS="N" name="commando.n" ID="16779" lemmaID="7326" cBy="RLG" cDate="11/04/2011 10:21:15 PDT Fri">
        <definition>FN: member of military unit designed for rapid and aggressive operations.</definition>
        <sentenceCount annotated="0" total="0"/>
        <lexeme order="1" headword="false" breakBefore="false" POS="N" name="commando"/>
    </lexUnit>
</frame>