<?xml version="1.0" encoding="UTF-8" standalone="yes"?>
<?xml-stylesheet type="text/xsl" href="frame.xsl"?>
<frame cBy="ChW" cDate="02/07/2001 04:11:57 PST Wed" name="Mental_property" ID="29" xsi:schemaLocation="../schema/frame.xsd" xmlns="http://framenet.icsi.berkeley.edu" xmlns:xsi="http://www.w3.org/2001/XMLSchema-instance">
    <definition>&lt;def-root&gt;The adjectives and nouns in this frame are all based on the idea that mental properties may be attributed to a person (&lt;fen&gt;Protagonist&lt;/fen&gt;) by a (usually implicit) &lt;fen&gt;Judge&lt;/fen&gt;  on the basis of that person's &lt;fen&gt;Behavior&lt;/fen&gt;, as broadly understood.  Though on a conceptual level these words always attribute mental properties to people, they may be applied to &lt;fen&gt;Protagonist&lt;/fen&gt;'s &lt;fen&gt;Behavior&lt;/fen&gt;s as well, with the understanding that the &lt;fen&gt;Behavior&lt;/fen&gt; is revealing a (usually temporary) property of the &lt;fen&gt;Protagonist&lt;/fen&gt; responsible for it. For example, while we may speak of a &lt;ment&gt;stupid person&lt;/ment&gt;, we may also speak of a &lt;ment&gt;stupid thing to say/do/think&lt;/ment&gt;. In addition, we may mention both the &lt;fen&gt;Protagonist&lt;/fen&gt; and the &lt;fen&gt;Behavior&lt;/fen&gt;, as in &lt;ex&gt;It was &lt;t&gt;stupid&lt;/t&gt; of me to do that.&lt;/ex&gt; Some of the words in this frame also have slightly different uses, in which there is a constituent expressing the &lt;fen&gt;Practice&lt;/fen&gt; with respect to which the mental property holds of the &lt;fen&gt;Protagonist&lt;/fen&gt;, as in:  
    &lt;ex&gt;She is &lt;t&gt;astute&lt;/t&gt; &lt;fex name="Practice"&gt;at math&lt;/fex&gt;.&lt;/ex&gt;
While &lt;fen&gt;Practice&lt;/fen&gt; expressions do not co-occur with &lt;fen&gt;Behavior&lt;/fen&gt; expressions, they seem sufficiently different semantically to warrant a distinct frame element (FE) name. Also, while the FE &lt;fen&gt;Behavior&lt;/fen&gt; usually occurs in sentences expressing judgments that are based on specific events, &lt;fen&gt;Practice&lt;/fen&gt; occurs in sentences that are about general capabilities. In addition to the frame elements which are expressed, there is an understood judge (usually the speaker) in the background who forms the opinion of the &lt;fen&gt;Protagonist&lt;/fen&gt;'s mental properties, judging the &lt;fen&gt;Protagonist&lt;/fen&gt; or the &lt;fen&gt;Protagonist&lt;/fen&gt;'s &lt;fen&gt;Behavior&lt;/fen&gt; to be &lt;ment&gt;stupid&lt;/ment&gt;, &lt;ment&gt;brilliant&lt;/ment&gt;, etc. 
&lt;/def-root&gt;</definition>
    <FE bgColor="FF0000" fgColor="FFFFFF" coreType="Core" cBy="ChW" cDate="02/07/2001 04:11:57 PST Wed" abbrev="Prot" name="Protagonist" ID="120">
        <definition>&lt;def-root&gt;This is the person (or people) to whom a mental property is attributed. The FE may be expressed as External Argument of a predicative use of the adjective, as a PP Complement, or as the head noun modified by an attributive use of the adjective: 
&lt;ex&gt;&lt;fex name="Protagonist"&gt;You&lt;/fex&gt; were &lt;t&gt;smart&lt;/t&gt; to save all your receipts.&lt;/ex&gt;
&lt;ex&gt;It was &lt;t&gt;smart&lt;/t&gt; &lt;fex name="Protagonist"&gt;of you&lt;/fex&gt; to save all your receipts.&lt;/ex&gt;
&lt;ex&gt;You are a &lt;t&gt;smart&lt;/t&gt; &lt;fex name="Protagonist"&gt;person&lt;/fex&gt; to save your receipts.&lt;/ex&gt;&lt;/def-root&gt;</definition>
        <semType name="Sentient" ID="5"/>
    </FE>
    <FE bgColor="006400" fgColor="FFFFFF" coreType="Core" cBy="ChW" cDate="02/07/2001 04:11:57 PST Wed" abbrev="Behv" name="Behavior" ID="121">
        <definition>&lt;def-root&gt;The &lt;fen&gt;Behavior&lt;/fen&gt; refers to any action, utterance, belief, or artifact thereof on the basis of which a mental property is attributed to the &lt;fen&gt;Protagonist&lt;/fen&gt;. The meaning of the English word &lt;ment&gt;behavior&lt;/ment&gt; should not be taken to constrain the identity of this frame element too much---conceptually, this frame element includes things that would not normally be described using the word &lt;ment&gt;behavior&lt;/ment&gt;.  Note the following examples:
&lt;ex&gt;That was a &lt;t&gt;stupid&lt;/t&gt; &lt;fex name="Behavior"&gt;mistake&lt;/fex&gt;.&lt;/ex&gt;
&lt;ex&gt;The manager made a few &lt;t&gt;stupid&lt;/t&gt; &lt;fex name="Behavior"&gt;remarks&lt;/fex&gt; and then sat down.&lt;/ex&gt;
&lt;ex&gt;What a &lt;t&gt;stupid&lt;/t&gt; &lt;fex name="Behavior"&gt;book&lt;/fex&gt;!&lt;/ex&gt;
&lt;ex&gt;It's &lt;t&gt;stupid&lt;/t&gt; &lt;fex name="Behavior"&gt;to think that everything will improve&lt;/fex&gt;.&lt;/ex&gt;&lt;/def-root&gt;</definition>
    </FE>
    <FE bgColor="0000FF" fgColor="FFFFFF" coreType="Core" cBy="ChW" cDate="02/07/2001 04:11:57 PST Wed" abbrev="Prac" name="Practice" ID="122">
        <definition>&lt;def-root&gt;Some of the words in this frame have a slightly different use in that they evaluate someone only with respect to their mental performance in some particular domain or capacity.  We call this domain or capacity &lt;t&gt;Practice&lt;/t&gt;. E.g., She is &lt;t&gt;astute&lt;/t&gt; &lt;fex name="Practice"&gt;at math&lt;/fex&gt;. Note that this does not mean she is considered to be astute in general for doing math. Rather, she is astute with respect to math, but may be dumb with respect to other things. These uses probably belong in a different frame with words such as &lt;ment&gt;skilled&lt;/ment&gt;, but for the time being they are marked with the FE Practice. General Grammatical Observations:  The adjectives in this frame may exhibit Extraposition of a &lt;ment&gt;to&lt;/ment&gt;-marked infinitive VP, with an optional Protagonist expressed in an &lt;ment&gt;of&lt;/ment&gt;-PP: It was &lt;t&gt;brilliant&lt;/t&gt; (of you) &lt;fex name="Prac"&gt;to invite the clowns to the party&lt;/fex&gt;. &lt;/def-root&gt;</definition>
        <requiresFE name="Protagonist" ID="120"/>
        <excludesFE name="Behavior" ID="121"/>
    </FE>
    <FE bgColor="FF69B4" fgColor="FFFFFF" coreType="Peripheral" cBy="MJE" cDate="07/17/2001 02:24:00 PDT Tue" abbrev="Degr" name="Degree" ID="1480">
        <definition>&lt;def-root&gt;&lt;fen&gt;Degree&lt;/fen&gt; marks the extent to which the &lt;fen&gt;Behavior&lt;/fen&gt; or &lt;fen&gt;Practice&lt;/fen&gt; is exhibited or attributed.

&lt;ex&gt;Jenkins is &lt;fex name="Manr"&gt;far too&lt;/fex&gt; &lt;t&gt;astute&lt;/t&gt; to fall for that&lt;/ex&gt;
&lt;ex&gt;She was &lt;fex name="Degr"&gt;a bit&lt;/fex&gt; &lt;t&gt;careless&lt;/t&gt; at adding drops.&lt;/ex&gt;&lt;/def-root&gt;</definition>
        <semType name="Degree" ID="172"/>
    </FE>
    <FE bgColor="FF00FF" fgColor="FFFFFF" coreType="Peripheral" cBy="MJE" cDate="07/17/2001 02:24:00 PDT Tue" abbrev="Manr" name="Manner" ID="1481">
        <definition>&lt;def-root&gt;&lt;fen&gt;Manner&lt;/fen&gt; refers to the method or way in which the Mental_property is attributed to the &lt;fen&gt;Protagonist&lt;/fen&gt;.

&lt;ex&gt;It was not licence he wanted -- his goal was the &lt;fex name="Manr"&gt;forcible&lt;/fex&gt; &lt;t&gt;enlightenment&lt;/t&gt; of mankind.&lt;/ex&gt;&lt;/def-root&gt;</definition>
        <semType name="Manner" ID="173"/>
    </FE>
    <FE bgColor="800080" fgColor="FFFFFF" coreType="Extra-Thematic" cBy="RLG" cDate="08/12/2003 05:30:01 PDT Tue" abbrev="" name="Domain" ID="4921">
        <definition>&lt;def-root&gt;The domain in which the &lt;fen&gt;Behavior&lt;/fen&gt; or &lt;fen&gt;Protagonist&lt;/fen&gt; has a given mental property.
&lt;ex&gt;It was &lt;fex name="Domain"&gt;politically&lt;/fex&gt; &lt;t&gt;astute&lt;/t&gt; to decline the offer.&lt;/ex&gt;&lt;/def-root&gt;</definition>
    </FE>
    <FE bgColor="00BFFF" fgColor="FFFFFF" coreType="Peripheral" cBy="JKR" cDate="05/06/2004 02:04:31 PDT Thu" abbrev="jud" name="Judge" ID="6391">
        <definition>&lt;def-root&gt;The individual whose point of view is taken in assigning the judgment denoted by the target.

&lt;ex&gt;&lt;fex name="jud"&gt;To my mind&lt;/fex&gt;, his dialogues with his Vietnamese counterpart were the most trenchant, &lt;t&gt;astute&lt;/t&gt; and screamingly funny things Trudeau has ever done&lt;/ex&gt;&lt;/def-root&gt;</definition>
        <semType name="Sentient" ID="5"/>
    </FE>
    <FEcoreSet>
        <memberFE name="Behavior" ID="121"/>
        <memberFE name="Protagonist" ID="120"/>
    </FEcoreSet>
    <frameRelation type="Inherits from">
        <relatedFrame ID="369">Social_behavior_evaluation</relatedFrame>
    </frameRelation>
    <frameRelation type="Is Inherited by"/>
    <frameRelation type="Perspective on"/>
    <frameRelation type="Is Perspectivized in"/>
    <frameRelation type="Uses"/>
    <frameRelation type="Is Used by">
        <relatedFrame ID="978">Losing_it</relatedFrame>
    </frameRelation>
    <frameRelation type="Subframe of"/>
    <frameRelation type="Has Subframe(s)"/>
    <frameRelation type="Precedes"/>
    <frameRelation type="Is Preceded by"/>
    <frameRelation type="Is Inchoative of"/>
    <frameRelation type="Is Causative of"/>
    <frameRelation type="See also"/>
    <lexUnit status="FN1_Sent" POS="A" name="absent-minded.a" ID="372" lemmaID="190" cBy="ChW" cDate="02/08/2001 01:28:02 PST Thu">
        <definition>COD: forgetful.</definition>
        <sentenceCount annotated="8" total="36"/>
        <lexeme order="1" headword="false" breakBefore="false" POS="A" name="absent-minded"/>
    </lexUnit>
    <lexUnit status="FN1_Sent" POS="A" name="absurd.a" ID="373" lemmaID="223" cBy="ChW" cDate="02/08/2001 01:28:02 PST Thu">
        <definition>COD: wildly unreasonable, illogical, or inappropriate</definition>
        <sentenceCount annotated="43" total="144"/>
        <lexeme order="1" headword="false" breakBefore="false" POS="A" name="absurd"/>
    </lexUnit>
    <lexUnit status="FN1_Sent" POS="N" name="absurdity.n" ID="374" lemmaID="224" cBy="ChW" cDate="02/08/2001 01:28:02 PST Thu">
        <definition>FN: wild inappropriateness or incongruity</definition>
        <sentenceCount annotated="21" total="62"/>
        <lexeme order="1" headword="false" breakBefore="false" POS="N" name="absurdity"/>
    </lexUnit>
    <lexUnit status="FN1_Sent" POS="A" name="astute.a" ID="375" lemmaID="2229" cBy="ChW" cDate="02/08/2001 01:28:02 PST Thu">
        <definition>COD: having an ability to assess situations or people accurately.</definition>
        <sentenceCount annotated="31" total="71"/>
        <lexeme order="1" headword="false" breakBefore="false" POS="A" name="astute"/>
    </lexUnit>
    <lexUnit status="FN1_Sent" POS="N" name="astuteness.n" ID="376" lemmaID="2231" cBy="ChW" cDate="02/08/2001 01:28:02 PST Thu">
        <definition>COD: astuteness is a derivative of astute</definition>
        <sentenceCount annotated="10" total="20"/>
        <lexeme order="1" headword="false" breakBefore="false" POS="N" name="astuteness"/>
    </lexUnit>
    <lexUnit status="FN1_Sent" POS="A" name="brainless.a" ID="377" lemmaID="4415" cBy="ChW" cDate="02/08/2001 01:28:02 PST Thu">
        <definition>COD: stupid; foolish.</definition>
        <sentenceCount annotated="10" total="30"/>
        <lexeme order="1" headword="false" breakBefore="false" POS="A" name="brainless"/>
    </lexUnit>
    <lexUnit status="FN1_Sent" POS="N" name="brilliance.n" ID="378" lemmaID="4615" cBy="ChW" cDate="02/08/2001 01:28:02 PST Thu">
        <definition>COD: brilliance is a derivative of brilliant</definition>
        <sentenceCount annotated="14" total="90"/>
        <lexeme order="1" headword="false" breakBefore="false" POS="N" name="brilliance"/>
    </lexUnit>
    <lexUnit status="FN1_Sent" POS="A" name="brilliant.a" ID="379" lemmaID="4617" cBy="ChW" cDate="02/08/2001 01:28:02 PST Thu">
        <definition>COD: exceptionally clever or talented.</definition>
        <sentenceCount annotated="33" total="144"/>
        <lexeme order="1" headword="false" breakBefore="false" POS="A" name="brilliant"/>
    </lexUnit>
    <lexUnit status="FN1_Sent" POS="A" name="broad-minded.a" ID="380" lemmaID="4665" cBy="ChW" cDate="02/08/2001 01:28:02 PST Thu">
        <definition>COD: tolerant or liberal.</definition>
        <sentenceCount annotated="13" total="18"/>
        <lexeme order="1" headword="false" breakBefore="false" POS="A" name="broad-minded"/>
    </lexUnit>
    <lexUnit status="FN1_Sent" POS="A" name="bull-headed.a" ID="381" lemmaID="4879" cBy="ChW" cDate="02/08/2001 01:28:03 PST Thu">
        <definition>FN: obstinate, headstrong, stubborn</definition>
        <sentenceCount annotated="4" total="4"/>
        <lexeme order="1" headword="false" breakBefore="false" POS="A" name="bull-headed"/>
    </lexUnit>
    <lexUnit status="FN1_Sent" POS="A" name="canny.a" ID="382" lemmaID="5390" cBy="ChW" cDate="02/08/2001 01:28:03 PST Thu">
        <definition>COD: shrewd, especially in financial or business matters.</definition>
        <sentenceCount annotated="16" total="54"/>
        <lexeme order="1" headword="false" breakBefore="false" POS="A" name="canny"/>
    </lexUnit>
    <lexUnit status="FN1_Sent" POS="A" name="careless.a" ID="383" lemmaID="5549" cBy="ChW" cDate="02/08/2001 01:28:03 PST Thu">
        <definition>COD: not giving sufficient attention or thought to avoiding harm or mistakes.</definition>
        <sentenceCount annotated="29" total="117"/>
        <lexeme order="1" headword="false" breakBefore="false" POS="A" name="careless"/>
    </lexUnit>
    <lexUnit status="FN1_Sent" POS="N" name="carelessness.n" ID="384" lemmaID="5551" cBy="ChW" cDate="02/08/2001 01:28:03 PST Thu">
        <definition>COD: carelessness is a derivative of careless</definition>
        <sentenceCount annotated="27" total="67"/>
        <lexeme order="1" headword="false" breakBefore="false" POS="N" name="carelessness"/>
    </lexUnit>
    <lexUnit status="FN1_Sent" POS="A" name="crafty.a" ID="385" lemmaID="8768" cBy="ChW" cDate="02/08/2001 01:28:03 PST Thu">
        <definition>COD: cunning or deceitful.</definition>
        <sentenceCount annotated="14" total="57"/>
        <lexeme order="1" headword="false" breakBefore="false" POS="A" name="crafty"/>
    </lexUnit>
    <lexUnit status="FN1_Sent" POS="A" name="crazy.a" ID="386" lemmaID="8835" cBy="ChW" cDate="02/08/2001 01:28:03 PST Thu">
        <definition>COD: insane or unbalanced, especially as manifested in wild or aggressive behaviour.</definition>
        <sentenceCount annotated="31" total="183"/>
        <lexeme order="1" headword="false" breakBefore="false" POS="A" name="crazy"/>
    </lexUnit>
    <lexUnit status="FN1_Sent" POS="A" name="cunning.a" ID="387" lemmaID="9242" cBy="ChW" cDate="02/08/2001 01:28:03 PST Thu">
        <definition>COD: skilled in achieving one's ends by deceit or evasion.</definition>
        <sentenceCount annotated="20" total="85"/>
        <lexeme order="1" headword="false" breakBefore="false" POS="A" name="cunning"/>
    </lexUnit>
    <lexUnit status="FN1_Sent" POS="A" name="cynical.a" ID="388" lemmaID="9416" cBy="ChW" cDate="02/08/2001 01:28:03 PST Thu">
        <definition>FN: distrusting of human nature and motives</definition>
        <sentenceCount annotated="23" total="101"/>
        <lexeme order="1" headword="false" breakBefore="false" POS="A" name="cynical"/>
    </lexUnit>
    <lexUnit status="FN1_Sent" POS="A" name="daft.a" ID="389" lemmaID="9468" cBy="ChW" cDate="02/08/2001 01:28:03 PST Thu">
        <definition>COD: silly; foolish.</definition>
        <sentenceCount annotated="26" total="96"/>
        <lexeme order="1" headword="false" breakBefore="false" POS="A" name="daft"/>
    </lexUnit>
    <lexUnit status="FN1_Sent" POS="A" name="diligent.a" ID="390" lemmaID="10682" cBy="ChW" cDate="02/08/2001 01:28:03 PST Thu">
        <definition>COD: careful and conscientious in one's work or duties.</definition>
        <sentenceCount annotated="24" total="54"/>
        <lexeme order="1" headword="false" breakBefore="false" POS="A" name="diligent"/>
    </lexUnit>
    <lexUnit status="FN1_Sent" POS="A" name="dim-witted.a" ID="391" lemmaID="10706" cBy="ChW" cDate="02/08/2001 01:28:03 PST Thu">
        <definition>FN: stupid</definition>
        <sentenceCount annotated="6" total="7"/>
        <lexeme order="1" headword="false" breakBefore="false" POS="A" name="dim-witted"/>
    </lexUnit>
    <lexUnit status="FN1_Sent" POS="A" name="dim.a" ID="392" lemmaID="10690" cBy="ChW" cDate="02/08/2001 01:28:04 PST Thu">
        <definition>COD: not clearly recalled or formulated in the mind. </definition>
        <sentenceCount annotated="8" total="91"/>
        <lexeme order="1" headword="false" breakBefore="false" POS="A" name="dim"/>
    </lexUnit>
    <lexUnit status="FN1_Sent" POS="A" name="discerning.a" ID="393" lemmaID="10837" cBy="ChW" cDate="02/08/2001 01:28:04 PST Thu">
        <definition>COD: having or showing good judgement.</definition>
        <sentenceCount annotated="20" total="51"/>
        <lexeme order="1" headword="false" breakBefore="false" POS="A" name="discerning"/>
    </lexUnit>
    <lexUnit status="FN1_Sent" POS="N" name="discernment.n" ID="394" lemmaID="10839" cBy="ChW" cDate="02/08/2001 01:28:04 PST Thu">
        <definition>COD: discernment is a derivative of discerning</definition>
        <sentenceCount annotated="11" total="35"/>
        <lexeme order="1" headword="false" breakBefore="false" POS="N" name="discernment"/>
    </lexUnit>
    <lexUnit status="FN1_Sent" POS="A" name="enlightened.a" ID="395" lemmaID="12795" cBy="ChW" cDate="02/08/2001 01:28:04 PST Thu">
        <definition>FN: informed</definition>
        <sentenceCount annotated="14" total="47"/>
        <lexeme order="1" headword="false" breakBefore="false" POS="A" name="enlightened"/>
    </lexUnit>
    <lexUnit status="FN1_Sent" POS="N" name="enlightenment.n" ID="396" lemmaID="12796" cBy="ChW" cDate="02/08/2001 01:28:04 PST Thu">
        <definition>FN: the state of being enlightened</definition>
        <sentenceCount annotated="10" total="64"/>
        <lexeme order="1" headword="false" breakBefore="false" POS="N" name="enlightenment"/>
    </lexUnit>
    <lexUnit status="FN1_Sent" POS="A" name="foolish.a" ID="397" lemmaID="14958" cBy="ChW" cDate="02/08/2001 01:28:04 PST Thu">
        <definition>COD: lacking good sense or judgement; silly or unwise.</definition>
        <sentenceCount annotated="41" total="132"/>
        <lexeme order="1" headword="false" breakBefore="false" POS="A" name="foolish"/>
    </lexUnit>
    <lexUnit status="FN1_Sent" POS="N" name="foolishness.n" ID="398" lemmaID="14960" cBy="ChW" cDate="02/08/2001 01:28:04 PST Thu">
        <definition>FN: behavior lacking in sense, judgment, or discretion</definition>
        <sentenceCount annotated="14" total="48"/>
        <lexeme order="1" headword="false" breakBefore="false" POS="N" name="foolishness"/>
    </lexUnit>
    <lexUnit status="FN1_Sent" POS="A" name="forgetful.a" ID="399" lemmaID="15110" cBy="ChW" cDate="02/08/2001 01:28:04 PST Thu">
        <definition>COD: foolishness is a derivative of foolish</definition>
        <sentenceCount annotated="6" total="58"/>
        <lexeme order="1" headword="false" breakBefore="false" POS="A" name="forgetful"/>
    </lexUnit>
    <lexUnit status="FN1_Sent" POS="A" name="foxy.a" ID="400" lemmaID="15287" cBy="ChW" cDate="02/08/2001 01:28:04 PST Thu">
        <definition>COD: cunning or sly</definition>
        <sentenceCount annotated="4" total="21"/>
        <lexeme order="1" headword="false" breakBefore="false" POS="A" name="foxy"/>
    </lexUnit>
    <lexUnit status="FN1_Sent" POS="A" name="idiotic.a" ID="401" lemmaID="18900" cBy="ChW" cDate="02/08/2001 01:28:04 PST Thu">
        <definition>FN: indicative of foolishness, stupidity</definition>
        <sentenceCount annotated="17" total="42"/>
        <lexeme order="1" headword="false" breakBefore="false" POS="A" name="idiotic"/>
    </lexUnit>
    <lexUnit status="FN1_Sent" POS="A" name="ill-advised.a" ID="402" lemmaID="18944" cBy="ChW" cDate="02/08/2001 01:28:04 PST Thu">
        <definition>COD:  badly thought out</definition>
        <sentenceCount annotated="27" total="54"/>
        <lexeme order="1" headword="false" breakBefore="false" POS="A" name="ill-advised"/>
    </lexUnit>
    <lexUnit status="FN1_Sent" POS="A" name="inane.a" ID="403" lemmaID="19323" cBy="ChW" cDate="02/08/2001 01:28:05 PST Thu">
        <definition>COD: lacking sense or meaning; silly</definition>
        <sentenceCount annotated="20" total="29"/>
        <lexeme order="1" headword="false" breakBefore="false" POS="A" name="inane"/>
    </lexUnit>
    <lexUnit status="FN1_Sent" POS="A" name="inattentive.a" ID="404" lemmaID="19346" cBy="ChW" cDate="02/08/2001 01:28:05 PST Thu">
        <definition>COD: failing to attend to the comfort or wishes of others</definition>
        <sentenceCount annotated="8" total="16"/>
        <lexeme order="1" headword="false" breakBefore="false" POS="A" name="inattentive"/>
    </lexUnit>
    <lexUnit status="FN1_Sent" POS="A" name="ingenious.a" ID="405" lemmaID="19913" cBy="ChW" cDate="02/08/2001 01:28:05 PST Thu">
        <definition>COD: clever, original, and inventive.</definition>
        <sentenceCount annotated="20" total="70"/>
        <lexeme order="1" headword="false" breakBefore="false" POS="A" name="ingenious"/>
    </lexUnit>
    <lexUnit status="FN1_Sent" POS="A" name="insightful.a" ID="406" lemmaID="31" cBy="ChW" cDate="02/08/2001 01:28:05 PST Thu">
        <definition>FN: showing ability to understand deeply and clearly</definition>
        <sentenceCount annotated="11" total="17"/>
        <lexeme order="1" headword="false" breakBefore="false" POS="A" name="insightful"/>
    </lexUnit>
    <lexUnit status="FN1_Sent" POS="A" name="intelligent.a" ID="407" lemmaID="20257" cBy="ChW" cDate="02/08/2001 01:28:05 PST Thu">
        <definition>FN: having or displaying intelligence</definition>
        <sentenceCount annotated="26" total="107"/>
        <lexeme order="1" headword="false" breakBefore="false" POS="A" name="intelligent"/>
    </lexUnit>
    <lexUnit status="FN1_Sent" POS="A" name="irrational.a" ID="408" lemmaID="20640" cBy="ChW" cDate="02/08/2001 01:28:05 PST Thu">
        <definition>COD: not logical or reasonable.</definition>
        <sentenceCount annotated="34" total="77"/>
        <lexeme order="1" headword="false" breakBefore="false" POS="A" name="irrational"/>
    </lexUnit>
    <lexUnit status="FN1_Sent" POS="A" name="ludicrous.a" ID="409" lemmaID="22920" cBy="ChW" cDate="02/08/2001 01:28:05 PST Thu">
        <definition>COD: absurd; ridiculous.</definition>
        <sentenceCount annotated="26" total="92"/>
        <lexeme order="1" headword="false" breakBefore="false" POS="A" name="ludicrous"/>
    </lexUnit>
    <lexUnit status="FN1_Sent" POS="A" name="moronic.a" ID="410" lemmaID="24946" cBy="ChW" cDate="02/08/2001 01:28:05 PST Thu">
        <definition>COD: moronic is a derivative of moron</definition>
        <sentenceCount annotated="14" total="24"/>
        <lexeme order="1" headword="false" breakBefore="false" POS="A" name="moronic"/>
    </lexUnit>
    <lexUnit status="FN1_Sent" POS="A" name="naive.a" ID="411" lemmaID="25393" cBy="ChW" cDate="02/08/2001 01:28:05 PST Thu">
        <definition>COD: lacking experience, wisdom, or judgement.</definition>
        <sentenceCount annotated="27" total="122"/>
        <lexeme order="1" headword="false" breakBefore="false" POS="A" name="naive"/>
    </lexUnit>
    <lexUnit status="FN1_Sent" POS="A" name="narrow-minded.a" ID="412" lemmaID="25448" cBy="ChW" cDate="02/08/2001 01:28:05 PST Thu">
        <definition>COD: not willing to listen to or tolerate other people's views; prejudiced.</definition>
        <sentenceCount annotated="23" total="50"/>
        <lexeme order="1" headword="false" breakBefore="false" POS="A" name="narrow-minded"/>
    </lexUnit>
    <lexUnit status="FN1_Sent" POS="A" name="nonsensical.a" ID="413" lemmaID="26052" cBy="ChW" cDate="02/08/2001 01:28:05 PST Thu">
        <definition>FN: having no meaning or good sense</definition>
        <sentenceCount annotated="18" total="52"/>
        <lexeme order="1" headword="false" breakBefore="false" POS="A" name="nonsensical"/>
    </lexUnit>
    <lexUnit status="FN1_Sent" POS="A" name="perceptive.a" ID="414" lemmaID="28401" cBy="ChW" cDate="02/08/2001 01:28:05 PST Thu">
        <definition>COD: having or showing acute insight.</definition>
        <sentenceCount annotated="27" total="80"/>
        <lexeme order="1" headword="false" breakBefore="false" POS="A" name="perceptive"/>
    </lexUnit>
    <lexUnit status="FN1_Sent" POS="A" name="reasonable.a" ID="415" lemmaID="32038" cBy="ChW" cDate="02/08/2001 01:28:05 PST Thu">
        <definition>COD: able to reason logically. </definition>
        <sentenceCount annotated="31" total="198"/>
        <lexeme order="1" headword="false" breakBefore="false" POS="A" name="reasonable"/>
    </lexUnit>
    <lexUnit status="FN1_Sent" POS="A" name="ridiculous.a" ID="416" lemmaID="33225" cBy="ChW" cDate="02/08/2001 01:28:06 PST Thu">
        <definition>COD: inviting ridicule; absurd.</definition>
        <sentenceCount annotated="35" total="172"/>
        <lexeme order="1" headword="false" breakBefore="false" POS="A" name="ridiculous"/>
    </lexUnit>
    <lexUnit status="FN1_Sent" POS="A" name="sagacious.a" ID="417" lemmaID="33944" cBy="ChW" cDate="02/08/2001 01:28:06 PST Thu">
        <definition>COD: having or showing good judgement.</definition>
        <sentenceCount annotated="8" total="10"/>
        <lexeme order="1" headword="false" breakBefore="false" POS="A" name="sagacious"/>
    </lexUnit>
    <lexUnit status="FN1_Sent" POS="A" name="sage.a" ID="418" lemmaID="33948" cBy="ChW" cDate="02/08/2001 01:28:06 PST Thu">
        <definition>COD: wise; judicious.</definition>
        <sentenceCount annotated="9" total="27"/>
        <lexeme order="1" headword="false" breakBefore="false" POS="A" name="sage"/>
    </lexUnit>
    <lexUnit status="FN1_Sent" POS="A" name="sensible.a" ID="419" lemmaID="35081" cBy="ChW" cDate="02/08/2001 01:28:06 PST Thu">
        <definition>COD: wise and prudent; having or showing common sense.</definition>
        <sentenceCount annotated="50" total="182"/>
        <lexeme order="1" headword="false" breakBefore="false" POS="A" name="sensible"/>
    </lexUnit>
    <lexUnit status="FN1_Sent" POS="A" name="shrewd.a" ID="420" lemmaID="35711" cBy="ChW" cDate="02/08/2001 01:28:06 PST Thu">
        <definition>FN: having or showing sharp powers of judgement; astute; cunning</definition>
        <sentenceCount annotated="28" total="78"/>
        <lexeme order="1" headword="false" breakBefore="false" POS="A" name="shrewd"/>
    </lexUnit>
    <lexUnit status="FN1_Sent" POS="A" name="smart.a" ID="421" lemmaID="36489" cBy="ChW" cDate="02/08/2001 01:28:06 PST Thu">
        <definition>COD:  having a quick intelligence</definition>
        <sentenceCount annotated="115" total="212"/>
        <lexeme order="1" headword="false" breakBefore="false" POS="A" name="smart"/>
    </lexUnit>
    <lexUnit status="FN1_Sent" POS="A" name="unreasonable.a" ID="422" lemmaID="42323" cBy="ChW" cDate="02/08/2001 01:28:06 PST Thu">
        <definition>COD: not guided by or based on good sense.</definition>
        <sentenceCount annotated="54" total="165"/>
        <lexeme order="1" headword="false" breakBefore="false" POS="A" name="unreasonable"/>
    </lexUnit>
    <lexUnit status="Finished_Initial" POS="A" name="stupid.a" ID="6479" lemmaID="38460" cBy="ACW" cDate="07/08/2002 03:37:51 PDT Mon">
        <definition>COD: lacking intelligence or common sense. </definition>
        <sentenceCount annotated="36" total="208"/>
        <lexeme order="1" headword="false" breakBefore="false" POS="A" name="stupid"/>
    </lexUnit>
    <lexUnit status="Created" POS="A" name="crackers.a" ID="11973" lemmaID="8750" cBy="JKR" cDate="04/27/2005 10:30:53 PDT Wed">
        <definition>COD: insane; crazy.</definition>
        <sentenceCount annotated="0" total="0"/>
        <lexeme order="1" headword="false" breakBefore="false" POS="A" name="crackers"/>
    </lexUnit>
    <lexUnit status="Created" POS="A" name="wise.a" ID="13073" lemmaID="44290" cBy="JKR" cDate="12/09/2005 07:11:54 PST Fri">
        <definition>COD: having or showing experience, knowledge, and good judgement.</definition>
        <sentenceCount annotated="1" total="1"/>
        <lexeme order="1" headword="false" breakBefore="false" POS="A" name="wise"/>
    </lexUnit>
    <lexUnit status="Created" POS="ADV" name="stupidly.adv" ID="13447" lemmaID="38463" cBy="RLG" cDate="08/14/2006 01:08:48 PDT Mon">
        <definition>FN: in a stupid, unintelligent manner.</definition>
        <sentenceCount annotated="0" total="0"/>
        <lexeme order="1" headword="false" breakBefore="false" POS="ADV" name="stupidly"/>
    </lexUnit>
    <lexUnit status="Created" POS="ADV" name="narrow-mindedly.adv" ID="13448" lemmaID="25449" cBy="RLG" cDate="08/14/2006 01:10:23 PDT Mon">
        <definition>FN: in an intolerant, closed-minded manner.</definition>
        <sentenceCount annotated="0" total="0"/>
        <lexeme order="1" headword="false" breakBefore="false" POS="ADV" name="narrow-mindedly"/>
    </lexUnit>
    <lexUnit status="Created" POS="ADV" name="carelessly.adv" ID="13449" lemmaID="5550" cBy="RLG" cDate="08/14/2006 01:11:14 PDT Mon">
        <definition>FN: without giving sufficient attention to (sth).</definition>
        <sentenceCount annotated="0" total="0"/>
        <lexeme order="1" headword="false" breakBefore="false" POS="ADV" name="carelessly"/>
    </lexUnit>
    <lexUnit status="Created" POS="ADV" name="perceptively.adv" ID="13450" lemmaID="28402" cBy="RLG" cDate="08/14/2006 01:12:29 PDT Mon">
        <definition>FN: with acute perception.</definition>
        <sentenceCount annotated="0" total="0"/>
        <lexeme order="1" headword="false" breakBefore="false" POS="ADV" name="perceptively"/>
    </lexUnit>
    <lexUnit status="Created" POS="ADV" name="insightfully.adv" ID="13451" lemmaID="50418" cBy="RLG" cDate="08/14/2006 01:13:30 PDT Mon">
        <definition>FN: with insight.</definition>
        <sentenceCount annotated="0" total="0"/>
        <lexeme order="1" headword="true" breakBefore="false" POS="ADV" name="insightfully"/>
    </lexUnit>
    <lexUnit status="Created" POS="N" name="wit.n" ID="13859" lemmaID="50520" cBy="MJE" cDate="02/25/2007 04:42:17 PST Sun">
        <definition>COD: the capacity for inventive thought and quick understanding; keen intelligence.</definition>
        <sentenceCount annotated="1" total="1"/>
        <lexeme order="1" headword="true" breakBefore="false" POS="N" name="wit"/>
    </lexUnit>
    <lexUnit status="Created" POS="A" name="acquisitive.a" ID="15111" lemmaID="379" cBy="JKs" cDate="06/12/2008 01:35:22 PDT Thu">
        <definition>FN: willing and eager to acquire knowledge</definition>
        <sentenceCount annotated="1" total="1"/>
        <lexeme order="1" headword="false" breakBefore="false" POS="A" name="acquisitive"/>
    </lexUnit>
    <lexUnit status="Created" POS="ADV" name="carefully.adv" ID="15243" lemmaID="5546" cBy="JKs" cDate="09/30/2008 03:03:53 PDT Tue">
        <definition>FN: with sufficient attention</definition>
        <sentenceCount annotated="1" total="1"/>
        <lexeme order="1" headword="false" breakBefore="false" POS="ADV" name="carefully"/>
    </lexUnit>
    <lexUnit status="Needs_SCs" POS="A" name="curious.a" ID="16018" lemmaID="9285" cBy="AlK" cDate="08/12/2010 04:18:28 PDT Thu">
        <definition>FN: driven to investigate and learn</definition>
        <sentenceCount annotated="4" total="4"/>
        <lexeme order="1" headword="false" breakBefore="false" POS="A" name="curious"/>
    </lexUnit>
    <lexUnit status="Finished_Initial" POS="A" name="suspicious.a" ID="16025" lemmaID="39040" cBy="MLC" cDate="08/17/2010 01:49:05 PDT Tue">
        <definition>FN: distrustful and unwilling to confide. </definition>
        <sentenceCount annotated="15" total="15"/>
        <lexeme order="1" headword="false" breakBefore="false" POS="A" name="suspicious"/>
    </lexUnit>
    <lexUnit status="Created" POS="N" name="sense.n" ID="16498" lemmaID="35074" cBy="CVa" cDate="08/15/2011 02:53:11 PDT Mon">
        <definition>FN: a mental recognition of good and bad</definition>
        <sentenceCount annotated="24" total="24"/>
        <lexeme order="1" headword="false" breakBefore="false" POS="N" name="sense"/>
    </lexUnit>
    <lexUnit status="Created" POS="N" name="common sense.n" ID="16515" lemmaID="51364" cBy="CVa" cDate="08/23/2011 12:43:57 PDT Tue">
        <definition>FN:  practical knowledge acquired through experience</definition>
        <sentenceCount annotated="2" total="2"/>
        <lexeme order="1" headword="false" breakBefore="false" POS="A" name="common"/>
        <lexeme order="2" headword="true" breakBefore="false" POS="N" name="sense"/>
    </lexUnit>
</frame>