<?xml version="1.0" encoding="UTF-8" standalone="yes"?>
<?xml-stylesheet type="text/xsl" href="frame.xsl"?>
<frame cBy="MJE" cDate="01/10/2006 08:31:49 PST Tue" name="Mental_activity" ID="1710" xsi:schemaLocation="../schema/frame.xsd" xmlns="http://framenet.icsi.berkeley.edu" xmlns:xsi="http://www.w3.org/2001/XMLSchema-instance">
    <definition>&lt;def-root&gt;In this frame, a &lt;fen&gt;Sentient_entity&lt;/fen&gt; has some activity of the mind operating on a particular &lt;fen&gt;Content&lt;/fen&gt; or about a particular &lt;fen&gt;Topic&lt;/fen&gt;.  The particular activity may be perceptual, emotional, or more generally cognitive.  This non-lexical frame is intended primarily for inheritance.&lt;/def-root&gt;</definition>
    <semType name="Non-Lexical Frame" ID="16"/>
    <FE bgColor="0000FF" fgColor="FFFFFF" coreType="Core" cBy="MJE" cDate="01/10/2006 08:31:49 PST Tue" abbrev="sen" name="Sentient_entity" ID="9823">
        <definition>&lt;def-root&gt;The individual whose mind has a particular piece of &lt;fen&gt;Content&lt;/fen&gt; in it, or, more generically portrayed, whose mind is focussed on a particular &lt;fen&gt;Topic&lt;/fen&gt;.
&lt;/def-root&gt;</definition>
        <semType name="Sentient" ID="5"/>
    </FE>
    <FE bgColor="FF0000" fgColor="FFFFFF" coreType="Core" cBy="MJE" cDate="01/10/2006 08:31:50 PST Tue" abbrev="Cont" name="Content" ID="9824">
        <definition>&lt;def-root&gt;The situation or state-of-affairs that the &lt;fen&gt;Sentient_entity&lt;/fen&gt;'s attention is focussed on.
&lt;/def-root&gt;</definition>
        <semType name="Content" ID="55"/>
    </FE>
    <FE bgColor="006400" fgColor="FFFFFF" coreType="Extra-Thematic" cBy="MJE" cDate="01/10/2006 08:31:50 PST Tue" abbrev="Evid" name="Evidence" ID="9825">
        <definition>&lt;def-root&gt;The source of awareness or knowledge of the &lt;fen&gt;Content&lt;/fen&gt;.&lt;/def-root&gt;</definition>
    </FE>
    <FE bgColor="800080" fgColor="FFFFFF" coreType="Core" cBy="MJE" cDate="01/10/2006 08:31:50 PST Tue" abbrev="Top" name="Topic" ID="9826">
        <definition>&lt;def-root&gt;A description of the kind of &lt;fen&gt;Content&lt;/fen&gt; in the &lt;fen&gt;Sentient_entity&lt;/fen&gt;'s attention in terms of an idea which is salient throughout the &lt;fen&gt;Content&lt;/fen&gt;.&lt;/def-root&gt;</definition>
    </FE>
    <FE bgColor="FF69B4" fgColor="FFFFFF" coreType="Extra-Thematic" cBy="MJE" cDate="01/10/2006 08:31:50 PST Tue" abbrev="Degr" name="Degree" ID="9827">
        <definition>&lt;def-root&gt;This FE identifies the &lt;fen&gt;Degree&lt;/fen&gt; to which an event occurs.&lt;/def-root&gt;</definition>
        <semType name="Degree" ID="172"/>
    </FE>
    <FE bgColor="FF00FF" fgColor="FFFFFF" coreType="Peripheral" cBy="MJE" cDate="01/10/2006 08:31:50 PST Tue" abbrev="Manr" name="Manner" ID="9828">
        <definition>&lt;def-root&gt;Any description of the cognitive act which is not covered by more specific FEs, including secondary effects (&lt;ment&gt;quietly, loudly&lt;/ment&gt;), and general descriptions comparing events (&lt;ment&gt;the same way&lt;/ment&gt;). In addition, it may indicate salient characteristics of a &lt;fen&gt;Sentient_entity&lt;/fen&gt; that also affect the action (&lt;ment&gt;presumptuously, coldly, deliberately, eagerly, carefully&lt;/ment&gt;). &lt;/def-root&gt;</definition>
        <semType name="Manner" ID="173"/>
    </FE>
    <FE bgColor="9F79EE" fgColor="FFFFFF" coreType="Core" cBy="MJE" cDate="01/10/2006 08:31:50 PST Tue" abbrev="Expr" name="Expressor" ID="9829">
        <definition>&lt;def-root&gt;&lt;fen&gt;Expressor&lt;/fen&gt; is the body part that reveals the &lt;fen&gt;Sentient_entity&lt;/fen&gt;'s state to the observer.
&lt;/def-root&gt;</definition>
        <excludesFE name="Sentient_entity" ID="9823"/>
    </FE>
    <FE bgColor="00BFFF" fgColor="FFFFFF" coreType="Peripheral" cBy="MJE" cDate="01/10/2006 08:31:50 PST Tue" abbrev="Role" name="Role" ID="9830">
        <definition>&lt;def-root&gt;The category that an element of the &lt;fen&gt;Content&lt;/fen&gt; is considered to belong to.
&lt;/def-root&gt;</definition>
    </FE>
    <FE bgColor="808080" fgColor="FFFFFF" coreType="Extra-Thematic" cBy="MJE" cDate="01/10/2006 08:31:50 PST Tue" abbrev="Par" name="Paradigm" ID="9831">
        <definition>&lt;def-root&gt;The system of knowledge which serves as the basis for the &lt;fen&gt;Sentient_entity&lt;/fen&gt;'s awareness.

&lt;ex&gt;&lt;fex name="Content"&gt;The formation of black holes&lt;/fex&gt; should be &lt;t&gt;understood&lt;/t&gt; &lt;fex name="Paradigm"&gt;in astrophysic terms&lt;/fex&gt;.&lt;/ex&gt;&lt;/def-root&gt;</definition>
    </FE>
    <FE bgColor="FFA500" fgColor="FFFFFF" coreType="Peripheral" cBy="MJE" cDate="01/10/2006 08:31:50 PST Tue" abbrev="tim" name="Time" ID="9832">
        <definition>&lt;def-root&gt;The time interval during which the &lt;fen&gt;Sentient_entity&lt;/fen&gt; has the &lt;fen&gt;Content&lt;/fen&gt; in their attention.

&lt;/def-root&gt;</definition>
        <semType name="Time" ID="141"/>
    </FE>
    <frameRelation type="Inherits from"/>
    <frameRelation type="Is Inherited by">
        <relatedFrame ID="19">Awareness</relatedFrame>
    </frameRelation>
    <frameRelation type="Perspective on"/>
    <frameRelation type="Is Perspectivized in"/>
    <frameRelation type="Uses"/>
    <frameRelation type="Is Used by">
        <relatedFrame ID="23">Coming_to_believe</relatedFrame>
        <relatedFrame ID="513">Purpose</relatedFrame>
        <relatedFrame ID="21">Categorization</relatedFrame>
        <relatedFrame ID="24">Differentiation</relatedFrame>
        <relatedFrame ID="22">Cogitation</relatedFrame>
        <relatedFrame ID="1513">Estimating</relatedFrame>
        <relatedFrame ID="1645">Translating</relatedFrame>
    </frameRelation>
    <frameRelation type="Subframe of"/>
    <frameRelation type="Has Subframe(s)"/>
    <frameRelation type="Precedes"/>
    <frameRelation type="Is Preceded by"/>
    <frameRelation type="Is Inchoative of"/>
    <frameRelation type="Is Causative of"/>
    <frameRelation type="See also"/>
</frame>