<?xml version="1.0" encoding="UTF-8" standalone="yes"?>
<?xml-stylesheet type="text/xsl" href="frame.xsl"?>
<frame cBy="WMcQ" cDate="10/14/2014 03:14:18 PDT Tue" name="Negation" ID="2860" xsi:schemaLocation="../schema/frame.xsd" xmlns="http://framenet.icsi.berkeley.edu" xmlns:xsi="http://www.w3.org/2001/XMLSchema-instance">
    <definition>&lt;def-root&gt;This frame models the semantic contribution of negation, in which the profiled content of the &lt;fen&gt;Negated_proposition&lt;/fen&gt; is asserted to contrast incompatibly with a corresponding &lt;fen&gt;Factual_situation&lt;/fen&gt;, which is normally implicit.  The &lt;fen&gt;Negated_proposition&lt;/fen&gt; and the &lt;fen&gt;Factual_situation&lt;/fen&gt; share non-focal content, on the basis of which they correspond, and contrast in a subset of their content, the focal content, established with reference to a set of focus constructions not described here.  (The focus of negation is often conveyed intonationally in spoken English; in text, however, negative focus must be derived inferentially from contextual reference. A subset of focus constructions will be annotated in the constructicon.) 
&lt;ex&gt;&lt;/ex&gt;
While the semantics of negation are quite different from the semantics belonging to most frames, at a minimum, our modeling of the concept using frame semantic tools can be viewed as a practical attempt to label a problem and annotate examples that may inform further research.
&lt;ex&gt;&lt;/ex&gt;
Negation can be evoked verbally (analytic or synthetic) or nominally. Negators include "not", "no", "never", and negational affixes, such as those used on inflected verbs in synthetic verbal negation (wasn't, isn't, haven't).

&lt;ex&gt;&lt;fex name="Negated_proposition"&gt;It 's&lt;/fex&gt; &lt;t&gt;not&lt;/t&gt; &lt;fex name="Negated_proposition"&gt;far from here&lt;/fex&gt; . &lt;fex name="Factual_situation"&gt;INI&lt;/fex&gt;&lt;/ex&gt;
&lt;ex&gt;&lt;fex name="Negated_proposition"&gt;She 's&lt;/fex&gt; &lt;t&gt;not&lt;/t&gt; &lt;fex name="Negated_proposition"&gt;smart&lt;/fex&gt; , &lt;fex name="Factual_situation"&gt;she 's sly&lt;/fex&gt; .&lt;/ex&gt;


 &lt;/def-root&gt;</definition>
    <FE bgColor="800080" fgColor="FFFFFF" coreType="Core" cBy="WMcQ" cDate="10/14/2014 03:41:44 PDT Tue" abbrev="" name="Negated_proposition" ID="16210">
        <definition>&lt;def-root&gt;The situation which is presented as false overall. The particular focus of negation which contrasts with the &lt;fen&gt;Factual_situation&lt;/fen&gt; is not separately marked.

&lt;ex&gt;&lt;fex name="Negated_proposition"&gt;She did&lt;/fex&gt;&lt;t&gt;n't&lt;/t&gt; &lt;fex name="Negated_proposition"&gt;know&lt;/fex&gt;, rather she suspected.&lt;/ex&gt;

&lt;ex&gt;&lt;fex name="Negated_proposition"&gt;She had&lt;/fex&gt; &lt;t&gt;not&lt;/t&gt; &lt;fex name="Negated_proposition"&gt;one&lt;/fex&gt;, but two &lt;fex name="Negated_proposition"&gt;books on transcendentalism .&lt;/fex&gt;&lt;/ex&gt;

&lt;ex&gt;&lt;fex name="Negated_proposition"&gt;I did&lt;/fex&gt; &lt;t&gt;n't&lt;/t&gt; &lt;fex name="Negated_proposition"&gt;say anything&lt;/fex&gt; , but rather paced all the more nervously .&lt;/ex&gt;&lt;/def-root&gt;</definition>
    </FE>
    <FE bgColor="1E90FF" fgColor="FFFFFF" coreType="Core" cBy="MJE" cDate="10/21/2014 04:38:45 PDT Tue" abbrev="" name="Factual_situation" ID="16220">
        <definition>&lt;def-root&gt;The situation or part of situation that actually pertains, in contradistinction to the profiled situation in the &lt;fen&gt;Negated_proposition&lt;/fen&gt; that is asserted not to pertain.  In spoken language and casual written language, but not in normatively edited written texts, the &lt;fen&gt;Factual_situation&lt;/fen&gt; may be expressed as an unmarked clause immediately preceding or following the &lt;fen&gt;Negated_proposition&lt;/fen&gt;.

&lt;ex&gt;She did &lt;t&gt;n't&lt;/t&gt; know, &lt;fex name="Factual_situation"&gt;rather she suspected&lt;/fex&gt; .&lt;/ex&gt;
&lt;ex&gt;She had &lt;t&gt;not&lt;/t&gt; one, &lt;fex name="Factual_situation"&gt;but two&lt;/fex&gt; books on transcendentalism .&lt;/ex&gt;
&lt;ex&gt;I did &lt;t&gt;n't&lt;/t&gt; say anything , &lt;fex name="Factual_situation"&gt;but rather paced all the more nervously&lt;/fex&gt; .&lt;/ex&gt;&lt;/def-root&gt;</definition>
    </FE>
    <frameRelation type="Inherits from">
        <relatedFrame ID="2950">Alternativity</relatedFrame>
    </frameRelation>
    <frameRelation type="Is Inherited by"/>
    <frameRelation type="Perspective on"/>
    <frameRelation type="Is Perspectivized in"/>
    <frameRelation type="Uses"/>
    <frameRelation type="Is Used by">
        <relatedFrame ID="2991">Presentation_of_mitigation</relatedFrame>
    </frameRelation>
    <frameRelation type="Subframe of"/>
    <frameRelation type="Has Subframe(s)"/>
    <frameRelation type="Precedes"/>
    <frameRelation type="Is Preceded by"/>
    <frameRelation type="Is Inchoative of"/>
    <frameRelation type="Is Causative of"/>
    <frameRelation type="See also"/>
    <lexUnit status="In_Use" POS="ADV" name="not.adv" ID="17711" lemmaID="26163" cBy="WMcQ" cDate="10/15/2014 04:17:12 PDT Wed">
        <definition>FN: a simple negator that most often follows auxiliary verbs</definition>
        <sentenceCount annotated="547" total="1371"/>
        <lexeme order="1" headword="false" breakBefore="false" POS="ADV" name="not"/>
    </lexUnit>
    <lexUnit status="In_Use" POS="ADV" name="never.adv" ID="17730" lemmaID="25745" cBy="WMcQ" cDate="11/04/2014 04:32:14 PST Tue">
        <definition>FN: a negator that can precede or follow aux verbs, and that can precede regular verbs.</definition>
        <sentenceCount annotated="142" total="292"/>
        <lexeme order="1" headword="false" breakBefore="false" POS="ADV" name="never"/>
    </lexUnit>
    <lexUnit status="Created" POS="PREP" name="without.prep" ID="17732" lemmaID="44333" cBy="WMcQ" cDate="11/04/2014 04:46:59 PST Tue">
        <definition>FN: a prepositional negator</definition>
        <sentenceCount annotated="0" total="0"/>
        <lexeme order="1" headword="false" breakBefore="false" POS="PREP" name="without"/>
    </lexUnit>
    <lexUnit status="In_Use" POS="ART" name="no.art" ID="17733" lemmaID="51771" cBy="WMcQ" cDate="11/04/2014 05:15:47 PST Tue">
        <definition>FN: a negating article that precedes a noun phrase</definition>
        <sentenceCount annotated="195" total="503"/>
        <lexeme order="1" headword="true" breakBefore="false" POS="ART" name="no"/>
    </lexUnit>
    <lexUnit status="Created" POS="ADV" name="no longer.adv" ID="17734" lemmaID="51772" cBy="WMcQ" cDate="11/04/2014 05:17:18 PST Tue">
        <definition>FN: a negation phrase that precedes or follows an auxiliary or regular verb</definition>
        <sentenceCount annotated="0" total="0"/>
        <lexeme order="1" headword="false" breakBefore="false" POS="ART" name="no"/>
        <lexeme order="2" headword="true" breakBefore="false" POS="ADV" name="longer"/>
    </lexUnit>
    <lexUnit status="Created" POS="A" name="far.a" ID="18632" lemmaID="52106" cBy="MJE" cDate="02/18/2016 01:53:59 PST Thu">
        <definition>FN: absolutely not; often used in contexts where not only is the negated proposition false, but there are salient implications that are also false.</definition>
        <sentenceCount annotated="0" total="0"/>
        <lexeme order="1" headword="true" breakBefore="false" POS="A" name="far"/>
    </lexUnit>
</frame>