<?xml version="1.0" encoding="UTF-8" standalone="yes"?>
<?xml-stylesheet type="text/xsl" href="frame.xsl"?>
<frame cBy="AlK" cDate="03/08/2010 04:02:49 PST Mon" name="Non-commutative_statement" ID="2247" xsi:schemaLocation="../schema/frame.xsd" xmlns="http://framenet.icsi.berkeley.edu" xmlns:xsi="http://www.w3.org/2001/XMLSchema-instance">
    <definition>&lt;def-root&gt;LUs in this frame describe a non-commutative statement of arithmetic, e.g. subtraction and division, involving two numbers, labeled &lt;fen&gt;Term_1&lt;/fen&gt; and &lt;fen&gt;Term_2&lt;/fen&gt;.  This frame contrasts with Arithmetic_non-commutative_process in that the statement frame emphasizes the relationship between the terms in combining to form some &lt;fen&gt;Result&lt;/fen&gt;.

&lt;ex&gt;&lt;/ex&gt;Because of the non-commutative nature of these processes, &lt;fen&gt;Term_1&lt;/fen&gt; and &lt;fen&gt;Term_2&lt;/fen&gt; are not separated on a grammatical basis but rather on a mathematical basis (see FE definitions). When referencing the process, the numbers can be vague and are often omitted through indefinite null instantiation.&lt;/def-root&gt;</definition>
    <FE bgColor="0000FF" fgColor="FFFFFF" coreType="Core" cBy="AnW" cDate="03/08/2010 05:07:26 PST Mon" abbrev="t1" name="Term_1" ID="13711">
        <definition>&lt;def-root&gt;&lt;fen&gt;Term_1&lt;/fen&gt; is the first operand in the non-commutative arithmetic that is modified by &lt;fen&gt;Term_2&lt;/fen&gt; (e.g. subtracted by or divided by &lt;fen&gt;Term_2&lt;/fen&gt;).&lt;/def-root&gt;</definition>
    </FE>
    <FE bgColor="FF0000" fgColor="FFFFFF" coreType="Core" cBy="AnW" cDate="03/08/2010 05:08:09 PST Mon" abbrev="t2" name="Term_2" ID="13712">
        <definition>&lt;def-root&gt;&lt;fen&gt;Term_2&lt;/fen&gt; is the second operand of the non-commutative arithmetic which modifies &lt;fen&gt;Term_1&lt;/fen&gt; (e.g. subtracts from or divides &lt;fen&gt;Term_1&lt;/fen&gt;).&lt;/def-root&gt;</definition>
    </FE>
    <FE bgColor="008000" fgColor="FFFFFF" coreType="Core" cBy="AnW" cDate="03/08/2010 05:46:17 PST Mon" abbrev="res" name="Result" ID="13713">
        <definition>&lt;def-root&gt;The &lt;fen&gt;Result&lt;/fen&gt; of the non-commutative process combining &lt;fen&gt;Term_1&lt;/fen&gt; and &lt;fen&gt;Term_2&lt;/fen&gt;.&lt;/def-root&gt;</definition>
    </FE>
    <frameRelation type="Inherits from"/>
    <frameRelation type="Is Inherited by"/>
    <frameRelation type="Perspective on">
        <relatedFrame ID="2236">Arithmetic_non-commutative</relatedFrame>
    </frameRelation>
    <frameRelation type="Is Perspectivized in"/>
    <frameRelation type="Uses"/>
    <frameRelation type="Is Used by"/>
    <frameRelation type="Subframe of"/>
    <frameRelation type="Has Subframe(s)"/>
    <frameRelation type="Precedes"/>
    <frameRelation type="Is Preceded by"/>
    <frameRelation type="Is Inchoative of"/>
    <frameRelation type="Is Causative of"/>
    <frameRelation type="See also"/>
    <lexUnit status="Created" POS="N" name="quotient.n" ID="15689" lemmaID="31590" cBy="AnW" cDate="03/09/2010 02:22:54 PST Tue">
        <definition>COD: a result obtained by dividing one quantity by another</definition>
        <sentenceCount annotated="0" total="0"/>
        <lexeme order="1" headword="false" breakBefore="false" POS="N" name="quotient"/>
    </lexUnit>
    <lexUnit status="Needs_SCs" POS="N" name="difference.n" ID="15690" lemmaID="10629" cBy="AnW" cDate="03/09/2010 02:23:40 PST Tue">
        <definition>COD: the remainder left after subtraction of one value from another</definition>
        <sentenceCount annotated="1" total="110"/>
        <lexeme order="1" headword="false" breakBefore="false" POS="N" name="difference"/>
    </lexUnit>
    <lexUnit status="Created" POS="PREP" name="minus.prep" ID="15691" lemmaID="24422" cBy="AnW" cDate="03/09/2010 02:26:59 PST Tue">
        <definition>COD: with the subtraction of</definition>
        <sentenceCount annotated="0" total="0"/>
        <lexeme order="1" headword="false" breakBefore="false" POS="PREP" name="minus"/>
    </lexUnit>
</frame>