<?xml version="1.0" encoding="UTF-8" standalone="yes"?>
<?xml-stylesheet type="text/xsl" href="frame.xsl"?>
<frame cBy="RLG" cDate="08/10/2011 02:43:36 PDT Wed" name="Noncombatant" ID="2615" xsi:schemaLocation="../schema/frame.xsd" xmlns="http://framenet.icsi.berkeley.edu" xmlns:xsi="http://www.w3.org/2001/XMLSchema-instance">
    <definition>&lt;def-root&gt;This frame contains words that denote people who are not participating in a military &lt;fen&gt;Conflict&lt;/fen&gt;.

&lt;ex&gt;&lt;fex name="Person"&gt;Jones&lt;/fex&gt; &lt;m&gt;was&lt;/m&gt; a &lt;t&gt;noncombatant&lt;/t&gt; &lt;fex name="con"&gt;in WWII&lt;/fex&gt;.&lt;/ex&gt;

&lt;ex&gt;News comes in every day of &lt;t&gt;&lt;fex name="Person"&gt;civilians&lt;/fex&gt;&lt;/t&gt; getting caught up in military operations.&lt;/ex&gt;&lt;/def-root&gt;</definition>
    <FE bgColor="0000FF" fgColor="FFFFFF" coreType="Extra-Thematic" cBy="RLG" cDate="08/10/2011 02:43:37 PDT Wed" abbrev="Ori" name="Origin" ID="14764">
        <definition>&lt;def-root&gt;The &lt;fen&gt;Origin&lt;/fen&gt; is the place where the &lt;fen&gt;Person&lt;/fen&gt; was born or lived a salient part of her or his life.&lt;/def-root&gt;</definition>
    </FE>
    <FE bgColor="FF0000" fgColor="FFFFFF" coreType="Core" cBy="RLG" cDate="08/10/2011 02:43:37 PDT Wed" abbrev="per" name="Person" ID="14765">
        <definition>&lt;def-root&gt;The &lt;fen&gt;Person&lt;/fen&gt; is a non-participant in a &lt;fen&gt;Conflict&lt;/fen&gt;.

&lt;ex&gt;Don't shoot -- &lt;fex name="Person"&gt;I&lt;/fex&gt;'m just a &lt;t&gt;civilian&lt;/t&gt;!&lt;/ex&gt;&lt;/def-root&gt;</definition>
        <semType name="Human" ID="80"/>
    </FE>
    <FE bgColor="006400" fgColor="FFFFFF" coreType="Extra-Thematic" cBy="RLG" cDate="08/10/2011 02:43:37 PDT Wed" abbrev="Pers_char" name="Persistent_characteristic" ID="14766">
        <definition>&lt;def-root&gt;The &lt;fen&gt;Persistent_characteristic&lt;/fen&gt; is a physiological characteristic or personality trait of the &lt;fen&gt;Person&lt;/fen&gt; which is concieved of as persisting over time.&lt;/def-root&gt;</definition>
    </FE>
    <FE bgColor="00BFFF" fgColor="FFFFFF" coreType="Extra-Thematic" cBy="RLG" cDate="08/10/2011 02:43:37 PDT Wed" abbrev="Desc" name="Descriptor" ID="14767">
        <definition>&lt;def-root&gt;The &lt;fen&gt;Descriptor&lt;/fen&gt; is a temporary condition of the &lt;fen&gt;Person&lt;/fen&gt;.&lt;/def-root&gt;</definition>
    </FE>
    <FE bgColor="00008B" fgColor="FFFFFF" coreType="Extra-Thematic" cBy="RLG" cDate="08/10/2011 02:43:37 PDT Wed" abbrev="Age" name="Age" ID="14768">
        <definition>&lt;def-root&gt;The &lt;fen&gt;Age&lt;/fen&gt; is the length of time the &lt;fen&gt;Person&lt;/fen&gt; has been alive.&lt;/def-root&gt;</definition>
    </FE>
    <FE bgColor="800080" fgColor="FFFFFF" coreType="Extra-Thematic" cBy="RLG" cDate="08/10/2011 02:43:37 PDT Wed" abbrev="Eth" name="Ethnicity" ID="14769">
        <definition>&lt;def-root&gt;The &lt;fen&gt;Ethnicity&lt;/fen&gt; is the religious, racial, national, socio-economic or cultural group to which the &lt;fen&gt;Person&lt;/fen&gt; belongs.&lt;/def-root&gt;</definition>
    </FE>
    <FE bgColor="FFA500" fgColor="000000" coreType="Extra-Thematic" cBy="RLG" cDate="08/10/2011 02:43:37 PDT Wed" abbrev="coa" name="Context_of_acquaintance" ID="14770">
        <definition>&lt;def-root&gt;An expression indicating the context with which the &lt;fen&gt;Person&lt;/fen&gt; is associated.&lt;/def-root&gt;</definition>
    </FE>
    <FE bgColor="A9A9A9" fgColor="000000" coreType="Peripheral" cBy="RLG" cDate="08/10/2011 02:47:35 PDT Wed" abbrev="con" name="Conflict" ID="14771">
        <definition>&lt;def-root&gt;The &lt;fen&gt;Conflict&lt;/fen&gt; in which the &lt;fen&gt;Person&lt;/fen&gt; is not fighting.

&lt;ex&gt;&lt;fex name="Person"&gt;Jones&lt;/fex&gt; &lt;m&gt;was&lt;/m&gt; a &lt;t&gt;noncombatant&lt;/t&gt; &lt;fex name="con"&gt;in WWII&lt;/fex&gt;.&lt;/ex&gt;&lt;/def-root&gt;</definition>
    </FE>
    <frameRelation type="Inherits from">
        <relatedFrame ID="304">People</relatedFrame>
    </frameRelation>
    <frameRelation type="Is Inherited by"/>
    <frameRelation type="Perspective on"/>
    <frameRelation type="Is Perspectivized in"/>
    <frameRelation type="Uses"/>
    <frameRelation type="Is Used by"/>
    <frameRelation type="Subframe of"/>
    <frameRelation type="Has Subframe(s)"/>
    <frameRelation type="Precedes"/>
    <frameRelation type="Is Preceded by"/>
    <frameRelation type="Is Inchoative of"/>
    <frameRelation type="Is Causative of"/>
    <frameRelation type="See also"/>
    <lexUnit status="Created" POS="N" name="non-combatant.n" ID="16485" lemmaID="51352" cBy="RLG" cDate="08/10/2011 03:01:13 PDT Wed">
        <definition>FN: a non-participant in a military conflict.</definition>
        <sentenceCount annotated="0" total="0"/>
        <lexeme order="1" headword="true" breakBefore="false" POS="N" name="non-combatant"/>
    </lexUnit>
    <lexUnit status="Created" POS="N" name="civilian.n" ID="16486" lemmaID="6600" cBy="RLG" cDate="08/10/2011 03:01:37 PDT Wed">
        <definition>FN: a person not a member of the armed forces.</definition>
        <sentenceCount annotated="0" total="0"/>
        <lexeme order="1" headword="false" breakBefore="false" POS="N" name="civilian"/>
    </lexUnit>
    <lexUnit status="Created" POS="N" name="civvie.n" ID="16487" lemmaID="51353" cBy="RLG" cDate="08/10/2011 03:04:42 PDT Wed">
        <definition>FN: a civilian.</definition>
        <sentenceCount annotated="0" total="0"/>
        <lexeme order="1" headword="true" breakBefore="false" POS="N" name="civvie"/>
    </lexUnit>
</frame>