<?xml version="1.0" encoding="UTF-8" standalone="yes"?>
<?xml-stylesheet type="text/xsl" href="frame.xsl"?>
<frame cBy="MJE" cDate="04/02/2007 03:34:57 PDT Mon" name="Nuclear_process" ID="1926" xsi:schemaLocation="../schema/frame.xsd" xmlns="http://framenet.icsi.berkeley.edu" xmlns:xsi="http://www.w3.org/2001/XMLSchema-instance">
    <definition>&lt;def-root&gt;An &lt;fen&gt;Initial_element&lt;/fen&gt; is converted into a &lt;fen&gt;Final_element&lt;/fen&gt; via a process of decay, fusion, or fission which changes the number or type of hadrons (protons or neutrons) in the nucleus of the atoms that make up the &lt;fen&gt;Element&lt;/fen&gt;.

&lt;ex&gt;&lt;fex name="Element"&gt;5.5 percent of nucleii&lt;/fex&gt; &lt;t&gt;decay&lt;/t&gt; &lt;fex name="Initial_element"&gt;from tritium&lt;/fex&gt; &lt;fex name="Final_element"&gt;to He3&lt;/fex&gt; &lt;fex name="Period_of_iterations"&gt;in a year&lt;/fex&gt; .&lt;/ex&gt;&lt;/def-root&gt;</definition>
    <FE bgColor="FF0000" fgColor="FFFFFF" coreType="Core" cBy="MJE" cDate="04/02/2007 03:34:57 PDT Mon" abbrev="ent" name="Element" ID="11597">
        <definition>&lt;def-root&gt;A substance definable in terms of the kind(s) of atoms that make it up.
&lt;/def-root&gt;</definition>
    </FE>
    <FE bgColor="0000FF" fgColor="FFFFFF" coreType="Core" cBy="MJE" cDate="04/02/2007 03:34:57 PDT Mon" abbrev="finc" name="Final_element" ID="11598">
        <definition>&lt;def-root&gt;The type of &lt;fen&gt;Element&lt;/fen&gt; that results from the process.&lt;/def-root&gt;</definition>
    </FE>
    <FE bgColor="008000" fgColor="FFFFFF" coreType="Core" cBy="MJE" cDate="04/02/2007 03:34:57 PDT Mon" abbrev="inic" name="Initial_element" ID="11599">
        <definition>&lt;def-root&gt;The type of &lt;fen&gt;Element&lt;/fen&gt; that begins the process.&lt;/def-root&gt;</definition>
    </FE>
    <FE bgColor="9F79EE" fgColor="FFFFFF" coreType="Peripheral" cBy="MJE" cDate="04/02/2007 03:34:57 PDT Mon" abbrev="tim" name="Time" ID="11600">
        <definition>&lt;def-root&gt;The time at which the &lt;fen&gt;Element&lt;/fen&gt; undergoes the transformation.  &lt;/def-root&gt;</definition>
        <semType name="Time" ID="141"/>
    </FE>
    <FE bgColor="FF69B4" fgColor="FFFFFF" coreType="Peripheral" cBy="MJE" cDate="04/02/2007 03:34:57 PDT Mon" abbrev="man" name="Manner" ID="11604">
        <definition>&lt;def-root&gt;Any description of the Change event which is not covered by more specific FEs, including secondary effects (&lt;ment&gt;quietly, loudly&lt;/ment&gt;) and general descriptions comparing events (&lt;ment&gt;the same way&lt;/ment&gt;). 
&lt;/def-root&gt;</definition>
        <semType name="Manner" ID="173"/>
    </FE>
    <FE bgColor="9400D3" fgColor="FFFFFF" coreType="Peripheral" cBy="MJE" cDate="04/02/2007 03:34:57 PDT Mon" abbrev="deg" name="Degree" ID="11605">
        <definition>&lt;def-root&gt;The extent to which the &lt;fen&gt;Element&lt;/fen&gt;'s substance is converted to the &lt;fen&gt;Final_element&lt;/fen&gt;.&lt;/def-root&gt;</definition>
        <semType name="Degree" ID="172"/>
    </FE>
    <FE bgColor="00008B" fgColor="FFFFFF" coreType="Extra-Thematic" cBy="MJE" cDate="04/02/2007 03:34:57 PDT Mon" abbrev="cir" name="Circumstances" ID="11606">
        <definition>&lt;def-root&gt;The physical or abstract &lt;fen&gt;Circumstances&lt;/fen&gt; under which the change takes place.
&lt;/def-root&gt;</definition>
    </FE>
    <FE bgColor="A52A2A" fgColor="FFFFFF" coreType="Peripheral" cBy="MJE" cDate="04/02/2007 03:34:57 PDT Mon" abbrev="cau" name="Cause" ID="11607">
        <definition>&lt;def-root&gt;An event or state that causes the change to take place.
&lt;/def-root&gt;</definition>
    </FE>
    <FE bgColor="90876C" fgColor="FFFFFF" coreType="Extra-Thematic" cBy="MJE" cDate="04/02/2007 03:34:57 PDT Mon" abbrev="fre" name="Frequency" ID="11610">
        <definition>&lt;def-root&gt;The number of times an event occurs per some unit of time.&lt;/def-root&gt;</definition>
    </FE>
    <FE bgColor="7CCD73" fgColor="000000" coreType="Extra-Thematic" cBy="MJE" cDate="04/02/2007 03:34:57 PDT Mon" abbrev="" name="Period_of_iterations" ID="11611">
        <definition>&lt;def-root&gt;The length of time from when the event denoted by the target began to be repeated to when it stopped.&lt;/def-root&gt;</definition>
    </FE>
    <FE bgColor="FFFF00" fgColor="006400" coreType="Peripheral" cBy="KmG" cDate="07/13/2007 01:47:51 PDT Fri" abbrev="" name="Place" ID="11905">
        <definition>&lt;def-root&gt;The location where the nuclear process occurs. &lt;/def-root&gt;</definition>
    </FE>
    <frameRelation type="Inherits from">
        <relatedFrame ID="1172">Undergo_change</relatedFrame>
    </frameRelation>
    <frameRelation type="Is Inherited by"/>
    <frameRelation type="Perspective on"/>
    <frameRelation type="Is Perspectivized in"/>
    <frameRelation type="Uses"/>
    <frameRelation type="Is Used by"/>
    <frameRelation type="Subframe of"/>
    <frameRelation type="Has Subframe(s)"/>
    <frameRelation type="Precedes"/>
    <frameRelation type="Is Preceded by"/>
    <frameRelation type="Is Inchoative of"/>
    <frameRelation type="Is Causative of"/>
    <frameRelation type="See also"/>
    <lexUnit status="Finished_Initial" POS="A" name="fissile.a" ID="14316" lemmaID="14518" cBy="MJE" cDate="04/02/2007 04:09:22 PDT Mon">
        <definition>COD: (of an atom or element) able to undergo nuclear fission.</definition>
        <sentenceCount annotated="7" total="15"/>
        <lexeme order="1" headword="false" breakBefore="false" POS="A" name="fissile"/>
        <semType name="Tendency_grading_LU" ID="91"/>
    </lexUnit>
    <lexUnit status="Created" POS="N" name="decay.n" ID="14317" lemmaID="9756" cBy="MJE" cDate="04/02/2007 04:09:51 PDT Mon">
        <definition>FN: the process of undergoing change to a different form by emitting radiation.</definition>
        <sentenceCount annotated="0" total="0"/>
        <lexeme order="1" headword="false" breakBefore="false" POS="N" name="decay"/>
    </lexUnit>
    <lexUnit status="Finished_Initial" POS="V" name="decay.v" ID="14318" lemmaID="9757" cBy="MJE" cDate="04/02/2007 04:10:00 PDT Mon">
        <definition>COD: (of a radioactive substance, particle, etc.) undergo change to a different form by emitting radiation.</definition>
        <sentenceCount annotated="8" total="117"/>
        <lexeme order="1" headword="false" breakBefore="false" POS="V" name="decay"/>
    </lexUnit>
    <lexUnit status="Created" POS="V" name="fuse.v" ID="14319" lemmaID="15745" cBy="MJE" cDate="04/02/2007 04:10:11 PDT Mon">
        <definition>COD: join, blend, or coalesce to form a single entity.</definition>
        <sentenceCount annotated="0" total="0"/>
        <lexeme order="1" headword="false" breakBefore="false" POS="V" name="fuse"/>
    </lexUnit>
    <lexUnit status="Created" POS="N" name="fusion.n" ID="14320" lemmaID="15751" cBy="MJE" cDate="04/02/2007 04:10:20 PDT Mon">
        <definition>COD: the process or result of fusing.</definition>
        <sentenceCount annotated="0" total="0"/>
        <lexeme order="1" headword="false" breakBefore="false" POS="N" name="fusion"/>
    </lexUnit>
    <lexUnit status="Created" POS="V" name="fission.v" ID="14321" lemmaID="50643" cBy="MJE" cDate="04/02/2007 04:10:47 PDT Mon">
        <definition>COD: (chiefly of atoms) undergo fission.</definition>
        <sentenceCount annotated="0" total="0"/>
        <lexeme order="1" headword="true" breakBefore="false" POS="V" name="fission"/>
    </lexUnit>
    <lexUnit status="Created" POS="N" name="fission.n" ID="14322" lemmaID="14519" cBy="MJE" cDate="04/02/2007 04:10:59 PDT Mon">
        <definition>COD: the action of splitting or being split into two or more parts.</definition>
        <sentenceCount annotated="0" total="0"/>
        <lexeme order="1" headword="false" breakBefore="false" POS="N" name="fission"/>
    </lexUnit>
    <lexUnit status="Created" POS="A" name="nuclear.a" ID="14324" lemmaID="26237" cBy="MJE" cDate="04/02/2007 04:12:55 PDT Mon">
        <definition>COD: relating to or using energy released in nuclear fission or fusion.</definition>
        <sentenceCount annotated="0" total="0"/>
        <lexeme order="1" headword="false" breakBefore="false" POS="A" name="nuclear"/>
    </lexUnit>
    <lexUnit status="Created" POS="A" name="thermonuclear.a" ID="14325" lemmaID="50645" cBy="MJE" cDate="04/02/2007 04:13:14 PDT Mon">
        <definition>COD: (chiefly with reference to weapons) using or denoting nuclear fusion reactions that occur at very high temperatures.  </definition>
        <sentenceCount annotated="0" total="1"/>
        <lexeme order="1" headword="true" breakBefore="false" POS="A" name="thermonuclear"/>
    </lexUnit>
    <lexUnit status="Created" POS="A" name="fusable.a" ID="14326" lemmaID="50646" cBy="MJE" cDate="04/02/2007 04:13:41 PDT Mon">
        <definition>FN: able to undergo nuclear fusion</definition>
        <sentenceCount annotated="0" total="0"/>
        <lexeme order="1" headword="true" breakBefore="false" POS="A" name="fusable"/>
        <semType name="Tendency_grading_LU" ID="91"/>
    </lexUnit>
    <lexUnit status="Created" POS="A" name="radioactive.a" ID="14327" lemmaID="31661" cBy="MJE" cDate="04/02/2007 04:13:53 PDT Mon">
        <definition>COD: emitting or relating to the emission of ionizing radiation or particles.</definition>
        <sentenceCount annotated="3" total="3"/>
        <lexeme order="1" headword="false" breakBefore="false" POS="A" name="radioactive"/>
        <semType name="Tendency_grading_LU" ID="91"/>
    </lexUnit>
    <lexUnit status="Add_Annotation" POS="N" name="radioactivity.n" ID="14328" lemmaID="31663" cBy="MJE" cDate="04/02/2007 04:14:38 PDT Mon">
        <definition>COD: the emission of ionizing radiation or particles caused by the spontaneous disintegration of atomic nuclei.</definition>
        <sentenceCount annotated="0" total="175"/>
        <lexeme order="1" headword="false" breakBefore="false" POS="N" name="radioactivity"/>
        <semType name="Tendency_grading_LU" ID="91"/>
    </lexUnit>
</frame>