<?xml version="1.0" encoding="UTF-8" standalone="yes"?>
<?xml-stylesheet type="text/xsl" href="frame.xsl"?>
<frame cBy="RLG" cDate="03/08/2010 11:31:54 PST Mon" name="Offering" ID="2239" xsi:schemaLocation="../schema/frame.xsd" xmlns="http://framenet.icsi.berkeley.edu" xmlns:xsi="http://www.w3.org/2001/XMLSchema-instance">
    <definition>&lt;def-root&gt;An &lt;fen&gt;Offerer&lt;/fen&gt; indicates that he or she is able and willing to give a &lt;fen&gt;Theme&lt;/fen&gt; to a &lt;fen&gt;Potential_recipient&lt;/fen&gt;. In the absence of further qualifications, it is often understood that the &lt;fen&gt;Potential_recipient&lt;/fen&gt; accepts the &lt;fen&gt;Theme&lt;/fen&gt;.

&lt;ex&gt;&lt;fex name="Offerer"&gt;The host&lt;/fex&gt; &lt;fex name="Manner"&gt;graciously&lt;/fex&gt; &lt;t&gt;offered&lt;/t&gt; &lt;fex name="Potential_recipient"&gt;us&lt;/fex&gt; &lt;fex name="Theme"&gt;food and drink&lt;/fex&gt;.&lt;/ex&gt;&lt;/def-root&gt;</definition>
    <FE bgColor="FF0000" fgColor="FFFFFF" coreType="Core" cBy="RLG" cDate="03/08/2010 11:31:54 PST Mon" abbrev="off" name="Offerer" ID="13657">
        <definition>&lt;def-root&gt;The person that begins in possession of the &lt;fen&gt;Theme&lt;/fen&gt; and offers it to the &lt;fen&gt;Potential_recipient&lt;/fen&gt; .&lt;/def-root&gt;</definition>
    </FE>
    <FE bgColor="0000FF" fgColor="FFFFFF" coreType="Core" cBy="RLG" cDate="03/08/2010 11:31:54 PST Mon" abbrev="Rec" name="Potential_recipient" ID="13658">
        <definition>&lt;def-root&gt;The entity that ends up in possession of the &lt;fen&gt;Theme&lt;/fen&gt;.&lt;/def-root&gt;</definition>
    </FE>
    <FE bgColor="9400D3" fgColor="FFFFFF" coreType="Core" cBy="RLG" cDate="03/08/2010 11:31:54 PST Mon" abbrev="Thm" name="Theme" ID="13659">
        <definition>&lt;def-root&gt;The object which is offered for transfer.&lt;/def-root&gt;</definition>
        <semType name="Physical_object" ID="68"/>
    </FE>
    <FE bgColor="008000" fgColor="FFFFFF" coreType="Peripheral" cBy="RLG" cDate="03/08/2010 11:31:54 PST Mon" abbrev="Place" name="Place" ID="13660">
        <definition>&lt;def-root&gt;The &lt;fen&gt;Place&lt;/fen&gt; where the &lt;fen&gt;Offerer&lt;/fen&gt; offers the &lt;fen&gt;Theme&lt;/fen&gt; to the &lt;fen&gt;Potential_recipient&lt;/fen&gt;.&lt;/def-root&gt;</definition>
        <semType name="Locative_relation" ID="182"/>
    </FE>
    <FE bgColor="808080" fgColor="FFFFFF" coreType="Extra-Thematic" cBy="RLG" cDate="03/08/2010 11:31:54 PST Mon" abbrev="Exp" name="Explanation" ID="13661">
        <definition>&lt;def-root&gt;The &lt;fen&gt;Explanation&lt;/fen&gt; for which the &lt;fen&gt;Offerer&lt;/fen&gt; offers the &lt;fen&gt;Theme&lt;/fen&gt; to the &lt;fen&gt;Potential_recipient&lt;/fen&gt;.&lt;/def-root&gt;</definition>
        <semType name="State_of_affairs" ID="177"/>
    </FE>
    <FE bgColor="FFA500" fgColor="FFFFFF" coreType="Peripheral" cBy="RLG" cDate="03/08/2010 11:31:54 PST Mon" abbrev="Time" name="Time" ID="13662">
        <definition>&lt;def-root&gt;The &lt;fen&gt;Time&lt;/fen&gt; is when the &lt;fen&gt;Offerer&lt;/fen&gt; offers the &lt;fen&gt;Theme&lt;/fen&gt; to the &lt;fen&gt;Potential_recipient&lt;/fen&gt;.&lt;/def-root&gt;</definition>
        <semType name="Time" ID="141"/>
    </FE>
    <FE bgColor="800080" fgColor="FFFFFF" coreType="Peripheral" cBy="RLG" cDate="03/08/2010 11:31:54 PST Mon" abbrev="Purp" name="Purpose" ID="13663">
        <definition>&lt;def-root&gt;The &lt;fen&gt;Purpose&lt;/fen&gt; for which the &lt;fen&gt;Offerer&lt;/fen&gt; offers the &lt;fen&gt;Theme&lt;/fen&gt; to the &lt;fen&gt;Potential_recipient&lt;/fen&gt;.&lt;/def-root&gt;</definition>
        <semType name="State_of_affairs" ID="177"/>
    </FE>
    <FE bgColor="FF00FF" fgColor="FFFFFF" coreType="Peripheral" cBy="RLG" cDate="03/08/2010 11:31:54 PST Mon" abbrev="Mns" name="Means" ID="13664">
        <definition>&lt;def-root&gt;The &lt;fen&gt;Means&lt;/fen&gt; by which the &lt;fen&gt;Offerer&lt;/fen&gt; offers the &lt;fen&gt;Theme&lt;/fen&gt; to the &lt;fen&gt;Potential_recipient&lt;/fen&gt;.&lt;/def-root&gt;</definition>
        <semType name="State_of_affairs" ID="177"/>
    </FE>
    <FE bgColor="FF69B4" fgColor="FFFFFF" coreType="Peripheral" cBy="RLG" cDate="03/08/2010 11:31:54 PST Mon" abbrev="Man" name="Manner" ID="13665">
        <definition>&lt;def-root&gt;The &lt;fen&gt;Manner&lt;/fen&gt; is the manner in which the &lt;fen&gt;Offerer&lt;/fen&gt; offers the &lt;fen&gt;Theme&lt;/fen&gt; to the &lt;fen&gt;Potential_recipient&lt;/fen&gt;.&lt;/def-root&gt;</definition>
        <semType name="Manner" ID="173"/>
    </FE>
    <FE bgColor="9F79EE" fgColor="FFFFFF" coreType="Extra-Thematic" cBy="RLG" cDate="03/08/2010 11:31:54 PST Mon" abbrev="cir" name="Circumstances" ID="13666">
        <definition>&lt;def-root&gt;The &lt;fen&gt;Circumstances&lt;/fen&gt; are the conditions under which the &lt;fen&gt;Theme&lt;/fen&gt; is offered. 

&lt;ex&gt;&lt;fex name="Offerer"&gt;I&lt;/fex&gt; &lt;t&gt;offer&lt;/t&gt; &lt;fex name="Theme"&gt;my services&lt;/fex&gt; &lt;fex name="Circumstances"&gt;free of charge&lt;/fex&gt;.&lt;/ex&gt;&lt;/def-root&gt;</definition>
    </FE>
    <FE bgColor="2E8B57" fgColor="FFFFFF" coreType="Extra-Thematic" cBy="RLG" cDate="03/08/2010 11:31:54 PST Mon" abbrev="Imp" name="Imposed_purpose" ID="13667">
        <definition>&lt;def-root&gt;The &lt;fen&gt;Potential_recipient&lt;/fen&gt;'s intended purpose for the &lt;fen&gt;Theme&lt;/fen&gt;.

&lt;ex&gt;Plesae &lt;t&gt;offer&lt;/t&gt; a list of people &lt;fex name="Imposed_purpose"&gt;for potential promotion&lt;/fex&gt;.&lt;/ex&gt;&lt;/def-root&gt;</definition>
    </FE>
    <FE bgColor="A52A2A" fgColor="FFFFFF" coreType="Extra-Thematic" cBy="RLG" cDate="03/08/2010 11:31:54 PST Mon" abbrev="dep" name="Depictive" ID="13668">
        <definition>&lt;def-root&gt;A description of the &lt;fen&gt;Offerer&lt;/fen&gt;, &lt;fen&gt;Potential_recipient&lt;/fen&gt;, or &lt;fen&gt;Theme&lt;/fen&gt; given independently of the giving event per se.&lt;/def-root&gt;</definition>
    </FE>
    <FE bgColor="7FFF00" fgColor="000000" coreType="Extra-Thematic" cBy="RLG" cDate="03/08/2010 11:31:54 PST Mon" abbrev="" name="Period_of_iterations" ID="13669">
        <definition>&lt;def-root&gt;The length of time from when the offer began to be repeated to when it stopped.&lt;/def-root&gt;</definition>
    </FE>
    <frameRelation type="Inherits from"/>
    <frameRelation type="Is Inherited by"/>
    <frameRelation type="Perspective on"/>
    <frameRelation type="Is Perspectivized in"/>
    <frameRelation type="Uses">
        <relatedFrame ID="139">Giving</relatedFrame>
    </frameRelation>
    <frameRelation type="Is Used by"/>
    <frameRelation type="Subframe of"/>
    <frameRelation type="Has Subframe(s)"/>
    <frameRelation type="Precedes"/>
    <frameRelation type="Is Preceded by"/>
    <frameRelation type="Is Inchoative of"/>
    <frameRelation type="Is Causative of"/>
    <frameRelation type="See also"/>
    <lexUnit status="Needs_SCs" POS="V" name="offer.v" ID="15659" lemmaID="26563" cBy="RLG" cDate="03/08/2010 12:47:24 PST Mon">
        <definition>FN: present (something) to be given.</definition>
        <sentenceCount annotated="12" total="140"/>
        <lexeme order="1" headword="false" breakBefore="false" POS="V" name="offer"/>
    </lexUnit>
    <lexUnit status="Created" POS="V" name="proffer.v" ID="15660" lemmaID="30609" cBy="RLG" cDate="03/08/2010 12:49:03 PST Mon">
        <definition>FN: put forward as an offer.</definition>
        <sentenceCount annotated="0" total="0"/>
        <lexeme order="1" headword="false" breakBefore="false" POS="V" name="proffer"/>
    </lexUnit>
    <lexUnit status="Created" POS="V" name="extend.v" ID="15661" lemmaID="13635" cBy="RLG" cDate="03/08/2010 12:49:22 PST Mon">
        <definition>FN: offer.</definition>
        <sentenceCount annotated="0" total="0"/>
        <lexeme order="1" headword="false" breakBefore="false" POS="V" name="extend"/>
    </lexUnit>
    <lexUnit status="Created" POS="V" name="serve.v" ID="17140" lemmaID="35196" cBy="PKe" cDate="06/14/2012 05:13:57 PDT Thu">
        <definition>FN: To offer for use or consumption, typically of food.</definition>
        <sentenceCount annotated="0" total="0"/>
        <lexeme order="1" headword="false" breakBefore="false" POS="V" name="serve"/>
    </lexUnit>
</frame>