<?xml version="1.0" encoding="UTF-8" standalone="yes"?>
<?xml-stylesheet type="text/xsl" href="frame.xsl"?>
<frame cBy="RLG" cDate="12/10/2002 10:36:33 PST Tue" name="Offenses" ID="432" xsi:schemaLocation="../schema/frame.xsd" xmlns="http://framenet.icsi.berkeley.edu" xmlns:xsi="http://www.w3.org/2001/XMLSchema-instance">
    <definition>&lt;def-root&gt;Words in this frame describe acts in violation of a legal code.

&lt;ex&gt;&lt;fex name="Perpetrator"&gt;He&lt;/fex&gt; was accused of &lt;t&gt;&lt;fex name="Offense"&gt;hijacking&lt;/fex&gt;&lt;/t&gt; &lt;fex name="Victim"&gt;a tour bus full of people&lt;/fex&gt;.&lt;/ex&gt;&lt;/def-root&gt;</definition>
    <FE bgColor="FF69B4" fgColor="FFFFFF" coreType="Peripheral" cBy="RLG" cDate="12/10/2002 11:32:51 PST Tue" abbrev="Deg" name="Degree" ID="3968">
        <definition>&lt;def-root&gt;This FE broadly picks out the degree of offense.
&lt;ex&gt;She faces conviction on three counts of &lt;fex name="Degree"&gt;first-degree&lt;/fex&gt; &lt;fex name="Off"&gt;&lt;t&gt;murder&lt;/t&gt;&lt;/fex&gt;.&lt;/ex&gt;
&lt;ex&gt;&lt;fex name="Degree"&gt;Aggravated&lt;/fex&gt; &lt;fex name="Off"&gt;&lt;t&gt;assault&lt;/t&gt;&lt;/fex&gt; is usually considered a felony.&lt;/ex&gt;&lt;/def-root&gt;</definition>
        <semType name="Degree" ID="172"/>
    </FE>
    <FE bgColor="FFFF00" fgColor="000000" coreType="Extra-Thematic" cBy="RLG" cDate="12/17/2002 03:59:15 PST Tue" abbrev="Spec" name="Specification" ID="3969">
        <definition>&lt;def-root&gt;The &lt;fen&gt;Specification&lt;/fen&gt; is an additional aspect of the main crime being commited.
&lt;ex&gt;He was charged with &lt;fex name="Off"&gt;&lt;t&gt;assault&lt;/t&gt;&lt;/fex&gt; &lt;fex name="Spec"&gt;causing actual bodily harm&lt;/fex&gt;.&lt;/ex&gt;
&lt;ex&gt;The prosecutors decided to go with &lt;fex name="Off"&gt;&lt;t&gt;arson&lt;/t&gt;&lt;/fex&gt; &lt;fex name="Spec"&gt;with intent to harm&lt;/fex&gt;.&lt;/ex&gt;&lt;/def-root&gt;</definition>
    </FE>
    <FE bgColor="FF0000" fgColor="FFFFFF" coreType="Core" cBy="RLG" cDate="12/17/2002 04:46:15 PST Tue" abbrev="Off" name="Offense" ID="3971">
        <definition>&lt;def-root&gt;The illegal act.
&lt;ex&gt;He was &lt;m&gt;charged&lt;/m&gt; with &lt;fex name="Off"&gt;&lt;t&gt;assault&lt;/t&gt;&lt;/fex&gt;.&lt;/ex&gt;&lt;/def-root&gt;</definition>
    </FE>
    <FE bgColor="2E8B57" fgColor="FFFFFF" coreType="Core" cBy="GlY" cDate="06/23/2003 12:17:49 PDT Mon" abbrev="Vic" name="Victim" ID="4652">
        <definition>&lt;def-root&gt;This FE denotes the person or entity that is badly affected by the &lt;fen&gt;Offense&lt;/fen&gt;.
&lt;ex&gt;The police is investigating the &lt;t&gt;homicide&lt;/t&gt; &lt;fex name="Victim"&gt;of Dr. Johnson&lt;/fex&gt;.&lt;/ex&gt;&lt;/def-root&gt;</definition>
        <semType name="Sentient" ID="5"/>
    </FE>
    <FE bgColor="1E90FF" fgColor="FFFFFF" coreType="Extra-Thematic" cBy="GlY" cDate="08/15/2003 06:13:48 PDT Fri" abbrev="Pun" name="Punishment" ID="4925">
        <definition>&lt;def-root&gt;This FE denotes the &lt;fen&gt;Punishment&lt;/fen&gt; that is specified by the statute in which the offense is defined.
&lt;ex&gt;Suicide is a &lt;fex name="Offense"&gt;felony&lt;/fex&gt; &lt;fex name="Punishment"&gt;punishable by four years in prison&lt;/fex&gt;.&lt;/ex&gt;&lt;/def-root&gt;</definition>
    </FE>
    <FE bgColor="800080" fgColor="FFFFFF" coreType="Core" cBy="MiL" cDate="10/31/2005 03:43:14 PST Mon" abbrev="" name="Perpetrator" ID="9160">
        <definition>&lt;def-root&gt;The individual who commits the Offense&lt;/def-root&gt;</definition>
    </FE>
    <frameRelation type="Inherits from"/>
    <frameRelation type="Is Inherited by">
        <relatedFrame ID="138">Arson</relatedFrame>
    </frameRelation>
    <frameRelation type="Perspective on"/>
    <frameRelation type="Is Perspectivized in"/>
    <frameRelation type="Uses">
        <relatedFrame ID="700">Committing_crime</relatedFrame>
    </frameRelation>
    <frameRelation type="Is Used by">
        <relatedFrame ID="517">Severity_of_offense</relatedFrame>
    </frameRelation>
    <frameRelation type="Subframe of"/>
    <frameRelation type="Has Subframe(s)"/>
    <frameRelation type="Precedes"/>
    <frameRelation type="Is Preceded by"/>
    <frameRelation type="Is Inchoative of"/>
    <frameRelation type="Is Causative of"/>
    <frameRelation type="See also"/>
    <lexUnit status="Finished_Initial" POS="N" name="assault.n" ID="7838" lemmaID="2130" cBy="RLG" cDate="12/12/2002 02:55:34 PST Thu">
        <definition>COD: an act that threatens physical harm to a person, whether or not actual harm is done.</definition>
        <sentenceCount annotated="18" total="222"/>
        <lexeme order="1" headword="false" breakBefore="false" POS="N" name="assault"/>
    </lexUnit>
    <lexUnit status="Finished_Initial" POS="N" name="murder.n" ID="7839" lemmaID="25237" cBy="RLG" cDate="12/12/2002 02:57:48 PST Thu">
        <definition>FN: the unlawful killing of one person by another</definition>
        <sentenceCount annotated="16" total="230"/>
        <lexeme order="1" headword="false" breakBefore="false" POS="N" name="murder"/>
    </lexUnit>
    <lexUnit status="Created" POS="N" name="statutory rape.n" ID="7842" lemmaID="46221" cBy="RLG" cDate="12/17/2002 04:02:55 PST Tue">
        <definition>FN: sexual intercourse with a person younger than an age specified by statute.</definition>
        <sentenceCount annotated="0" total="0"/>
        <lexeme order="1" headword="false" breakBefore="false" POS="A" name="statutory"/>
        <lexeme order="2" headword="true" breakBefore="false" POS="N" name="rape"/>
    </lexUnit>
    <lexUnit status="Finished_Initial" POS="N" name="sabotage.n" ID="7843" lemmaID="33864" cBy="GlY" cDate="12/25/2002 05:49:50 PST Wed">
        <definition>FN: the act of deliberately destroying property or hindering of normal operations (of an employer's business)</definition>
        <sentenceCount annotated="14" total="59"/>
        <lexeme order="1" headword="false" breakBefore="false" POS="N" name="sabotage"/>
    </lexUnit>
    <lexUnit status="Finished_Initial" POS="N" name="manslaughter.n" ID="7844" lemmaID="23420" cBy="GlY" cDate="12/25/2002 05:51:50 PST Wed">
        <definition>COD: the crime of killing a human being without malice aforethought, or otherwise in circumstances not amounting to murder</definition>
        <sentenceCount annotated="20" total="102"/>
        <lexeme order="1" headword="false" breakBefore="false" POS="N" name="manslaughter"/>
    </lexUnit>
    <lexUnit status="Finished_Initial" incorporatedFE="Offense" POS="N" name="hijacking.n" ID="7845" lemmaID="18086" cBy="GlY" cDate="12/25/2002 05:52:56 PST Wed">
        <definition>FN: the unlawful act of seizing control of a vehicle while in transit.</definition>
        <sentenceCount annotated="7" total="11"/>
        <lexeme order="1" headword="false" breakBefore="false" POS="N" name="hijacking"/>
    </lexUnit>
    <lexUnit status="Finished_Initial" POS="N" name="theft.n" ID="7846" lemmaID="40030" cBy="GlY" cDate="12/25/2002 05:53:42 PST Wed">
        <definition>COD: the action or crime of stealing</definition>
        <sentenceCount annotated="21" total="110"/>
        <lexeme order="1" headword="false" breakBefore="false" POS="N" name="theft"/>
    </lexUnit>
    <lexUnit status="Finished_Initial" POS="N" name="burglary.n" ID="7847" lemmaID="4972" cBy="GlY" cDate="12/25/2002 05:54:41 PST Wed">
        <definition>COD: illegal entry into a building with intent to commit a crime such as theft</definition>
        <sentenceCount annotated="22" total="164"/>
        <lexeme order="1" headword="false" breakBefore="false" POS="N" name="burglary"/>
    </lexUnit>
    <lexUnit status="Finished_Initial" incorporatedFE="Offense" POS="N" name="robbery.n" ID="7848" lemmaID="33410" cBy="GlY" cDate="12/25/2002 05:55:12 PST Wed">
        <definition>FN: the act of taking away personal property from a person by violence or by threat of violence that causes fear.</definition>
        <sentenceCount annotated="6" total="267"/>
        <lexeme order="1" headword="false" breakBefore="false" POS="N" name="robbery"/>
    </lexUnit>
    <lexUnit status="Created" POS="N" name="conspiracy.n" ID="7976" lemmaID="7945" cBy="RLG" cDate="01/15/2003 02:25:26 PST Wed">
        <definition>COD: a secret plan by a group to do something unlawful or harmful. </definition>
        <sentenceCount annotated="0" total="0"/>
        <lexeme order="1" headword="false" breakBefore="false" POS="N" name="conspiracy"/>
    </lexUnit>
    <lexUnit status="Finished_Initial" POS="N" name="larceny.n" ID="7977" lemmaID="21715" cBy="RLG" cDate="01/15/2003 02:30:40 PST Wed">
        <definition>COD: theft of personal property </definition>
        <sentenceCount annotated="5" total="38"/>
        <lexeme order="1" headword="false" breakBefore="false" POS="N" name="larceny"/>
    </lexUnit>
    <lexUnit status="Finished_Initial" POS="N" name="copyright infringement.n" ID="7978" lemmaID="47078" cBy="RLG" cDate="01/15/2003 02:36:24 PST Wed">
        <definition>FN: the unauthorized use of copyrighted matieral.</definition>
        <sentenceCount annotated="6" total="14"/>
        <lexeme order="1" headword="false" breakBefore="false" POS="N" name="copyright"/>
        <lexeme order="2" headword="true" breakBefore="false" POS="N" name="infringement"/>
    </lexUnit>
    <lexUnit status="Created" POS="N" name="negligence.n" ID="7982" lemmaID="25637" cBy="RLG" cDate="01/15/2003 02:52:16 PST Wed">
        <definition>COD: breach of a duty of care which results in damage.</definition>
        <sentenceCount annotated="0" total="0"/>
        <lexeme order="1" headword="false" breakBefore="false" POS="N" name="negligence"/>
    </lexUnit>
    <lexUnit status="Created" POS="N" name="possession.n" ID="7990" lemmaID="45561" cBy="ACW" cDate="01/15/2003 04:15:16 PST Wed">
        <definition>FN: the criminal act of possessing an illegal item or items</definition>
        <sentenceCount annotated="0" total="0"/>
        <lexeme order="1" headword="false" breakBefore="false" POS="N" name="possession"/>
    </lexUnit>
    <lexUnit status="Finished_Initial" POS="N" name="felony.n" ID="7991" lemmaID="14155" cBy="ACW" cDate="01/15/2003 04:16:10 PST Wed">
        <definition>COD: a crime, typically one involving violence, regarded in the US and other judicial systems (and formerly in the UK) as more serious than a misdemeanour. </definition>
        <sentenceCount annotated="11" total="162"/>
        <lexeme order="1" headword="false" breakBefore="false" POS="N" name="felony"/>
    </lexUnit>
    <lexUnit status="Finished_Initial" POS="N" name="sexual harassment.n" ID="7993" lemmaID="47093" cBy="ACW" cDate="01/15/2003 04:18:03 PST Wed">
        <definition>COD: he repeated making of unwanted sexual advances or obscene remarks to a person, especially in a workplace. </definition>
        <sentenceCount annotated="7" total="70"/>
        <lexeme order="1" headword="false" breakBefore="false" POS="A" name="sexual"/>
        <lexeme order="2" headword="true" breakBefore="false" POS="N" name="harassment"/>
    </lexUnit>
    <lexUnit status="Finished_Initial" POS="N" name="treason.n" ID="7995" lemmaID="41125" cBy="ACW" cDate="01/15/2003 04:22:51 PST Wed">
        <definition>COD: the crime of betraying one's country, especially by attempting to kill or overthrow the sovereign or government. </definition>
        <sentenceCount annotated="17" total="70"/>
        <lexeme order="1" headword="false" breakBefore="false" POS="N" name="treason"/>
    </lexUnit>
    <lexUnit status="Finished_Initial" POS="N" name="battery.n" ID="7996" lemmaID="3045" cBy="ACW" cDate="01/15/2003 04:24:14 PST Wed">
        <definition>COD: the infliction of unlawful personal violence on another person, even where the contact does no physical harm.</definition>
        <sentenceCount annotated="6" total="125"/>
        <lexeme order="1" headword="false" breakBefore="false" POS="N" name="battery"/>
    </lexUnit>
    <lexUnit status="Created" POS="N" name="kidnapping.n" ID="8070" lemmaID="44916" cBy="ACW" cDate="01/20/2003 01:54:25 PST Mon">
        <definition>FN: the crime of abducting someone and holding them captive</definition>
        <sentenceCount annotated="0" total="0"/>
        <lexeme order="1" headword="false" breakBefore="false" POS="N" name="kidnapping"/>
    </lexUnit>
    <lexUnit status="Created" POS="N" name="fraud.n" ID="8254" lemmaID="15344" cBy="GlY" cDate="01/30/2003 04:47:39 PST Thu">
        <definition>COD: wrongful or criminal deception intended to result in financial or personal gain</definition>
        <sentenceCount annotated="0" total="0"/>
        <lexeme order="1" headword="false" breakBefore="false" POS="N" name="fraud"/>
    </lexUnit>
    <lexUnit status="Finished_Initial" incorporatedFE="Offense" POS="N" name="indecent assault.n" ID="8442" lemmaID="47542" cBy="RLG" cDate="03/22/2003 05:11:53 PST Sat">
        <definition>FN: intentional offensive sexual content made without consent of the victim and without intention to rape.</definition>
        <sentenceCount annotated="8" total="84"/>
        <lexeme order="1" headword="false" breakBefore="false" POS="A" name="indecent"/>
        <lexeme order="2" headword="true" breakBefore="false" POS="N" name="assault"/>
    </lexUnit>
    <lexUnit status="Finished_Initial" incorporatedFE="Offense" POS="N" name="sexual assault.n" ID="8443" lemmaID="47543" cBy="RLG" cDate="03/22/2003 05:18:54 PST Sat">
        <definition>FN: non-consentual sexual contact inflicted upon a person unable to give consent, or who trusts the assailant.</definition>
        <sentenceCount annotated="3" total="70"/>
        <lexeme order="1" headword="false" breakBefore="false" POS="A" name="sexual"/>
        <lexeme order="2" headword="true" breakBefore="false" POS="N" name="assault"/>
    </lexUnit>
    <lexUnit status="Finished_Initial" incorporatedFE="Offense" POS="N" name="child abuse.n" ID="8680" lemmaID="47780" cBy="GlY" cDate="05/05/2003 06:32:51 PDT Mon">
        <definition>FN: treat a child with cruelty or violence</definition>
        <sentenceCount annotated="10" total="110"/>
        <lexeme order="1" headword="false" breakBefore="true" POS="N" name="child"/>
        <lexeme order="2" headword="true" breakBefore="false" POS="N" name="abuse"/>
    </lexUnit>
    <lexUnit status="Finished_Initial" POS="N" name="homicide.n" ID="8926" lemmaID="18284" cBy="GlY" cDate="06/24/2003 05:00:04 PDT Tue">
        <definition>COD: murder.</definition>
        <sentenceCount annotated="6" total="35"/>
        <lexeme order="1" headword="false" breakBefore="false" POS="N" name="homicide"/>
    </lexUnit>
    <lexUnit status="Finished_Initial" incorporatedFE="Offense" POS="N" name="arson.n" ID="11310" lemmaID="1997" cBy="CHg" cDate="11/23/2004 03:20:44 PST Tue">
        <definition>COD: the criminal act of deliberately setting fire to property.</definition>
        <sentenceCount annotated="11" total="119"/>
        <lexeme order="1" headword="false" breakBefore="false" POS="N" name="arson"/>
    </lexUnit>
    <lexUnit status="Finished_Initial" incorporatedFE="Offense" POS="N" name="rape.n" ID="11314" lemmaID="31817" cBy="CHg" cDate="11/23/2004 03:38:03 PST Tue">
        <definition>FN: the crime of forcing another to have sexual intercourse without their consent</definition>
        <sentenceCount annotated="25" total="133"/>
        <lexeme order="1" headword="false" breakBefore="false" POS="N" name="rape"/>
    </lexUnit>
</frame>