<?xml version="1.0" encoding="UTF-8" standalone="yes"?>
<?xml-stylesheet type="text/xsl" href="frame.xsl"?>
<frame cBy="CFB" cDate="06/09/2016 05:44:34 PDT Thu" name="Offshoot" ID="3015" xsi:schemaLocation="../schema/frame.xsd" xmlns="http://framenet.icsi.berkeley.edu" xmlns:xsi="http://www.w3.org/2001/XMLSchema-instance">
    <definition>&lt;def-root&gt;This frame refers to a part of an organization that becomes separate from the main body. The part is usually partially or even wholly autonomous, and may eventually become larger than the body from which it originated.  
&lt;ex&gt;Methodism is an an &lt;t&gt;offshoot&lt;/t&gt; of the Church of England&lt;/ex&gt;
&lt;/def-root&gt;</definition>
    <FE bgColor="FF0000" fgColor="FFFFFF" coreType="Peripheral" cBy="CFB" cDate="06/09/2016 06:16:37 PDT Thu" abbrev="" name="Original_body" ID="16857">
        <definition>&lt;def-root&gt;The body from which the Offshoot is derived.&lt;/def-root&gt;</definition>
    </FE>
    <FE bgColor="0000FF" fgColor="FFFFFF" coreType="Core" cBy="CFB" cDate="06/09/2016 06:18:31 PDT Thu" abbrev="" name="Branch" ID="16858">
        <definition>&lt;def-root&gt;The offshoot or branch of the original body which differs from it in some important respect.&lt;/def-root&gt;</definition>
    </FE>
    <FE bgColor="008000" fgColor="FFFFFF" coreType="Peripheral" cBy="CFB" cDate="06/09/2016 06:26:42 PDT Thu" abbrev="" name="Place" ID="16859">
        <definition>&lt;def-root&gt;The place in which the &lt;fen&gt;Branch&lt;/fen&gt; is locate or where it first forms.&lt;/def-root&gt;</definition>
    </FE>
    <FE bgColor="FFA500" fgColor="FFFFFF" coreType="Peripheral" cBy="CFB" cDate="06/09/2016 06:28:31 PDT Thu" abbrev="" name="Time" ID="16860">
        <definition>&lt;def-root&gt;The time at which the &lt;fen&gt;Branch&lt;/fen&gt; forms or thrives.&lt;/def-root&gt;</definition>
    </FE>
    <frameRelation type="Inherits from"/>
    <frameRelation type="Is Inherited by"/>
    <frameRelation type="Perspective on"/>
    <frameRelation type="Is Perspectivized in"/>
    <frameRelation type="Uses"/>
    <frameRelation type="Is Used by"/>
    <frameRelation type="Subframe of"/>
    <frameRelation type="Has Subframe(s)"/>
    <frameRelation type="Precedes"/>
    <frameRelation type="Is Preceded by"/>
    <frameRelation type="Is Inchoative of"/>
    <frameRelation type="Is Causative of"/>
    <frameRelation type="See also"/>
    <lexUnit status="Created" POS="N" name="offshoot.n" ID="18737" lemmaID="26594" cBy="CFB" cDate="06/09/2016 06:22:54 PDT Thu">
        <definition>FN: A branching off from an organization or institution; a subgroup which is differentiated from the main body of the organization and does not exactly follow the actions or beliefs of the members of main body, but has some degree of autonomy.</definition>
        <sentenceCount annotated="1" total="1"/>
        <lexeme order="1" headword="false" breakBefore="false" POS="N" name="offshoot"/>
    </lexUnit>
    <lexUnit status="Created" POS="N" name="faction.n" ID="18739" lemmaID="13793" cBy="CFB" cDate="06/10/2016 11:35:58 PDT Fri">
        <definition>FN: a subgroup sharing opinions or goals which differ from those of the larger group, especially, such a group within a political party.</definition>
        <sentenceCount annotated="0" total="0"/>
        <lexeme order="1" headword="false" breakBefore="false" POS="N" name="faction"/>
    </lexUnit>
    <lexUnit status="Created" POS="A" name="breakaway.a" ID="18740" lemmaID="4500" cBy="CFB" cDate="06/10/2016 11:53:27 PDT Fri">
        <definition>FN: describing a subgroup having different opinions or goals which attempts to separate itself from the main group and operate independently.
&lt;ex&gt;A small group of employees formed a breakaway company and competed with their former employers.&lt;/ex&gt;</definition>
        <sentenceCount annotated="0" total="0"/>
        <lexeme order="1" headword="false" breakBefore="false" POS="A" name="breakaway"/>
    </lexUnit>
    <lexUnit status="Created" POS="N" name="sect.n" ID="18741" lemmaID="34790" cBy="CFB" cDate="06/10/2016 12:03:16 PDT Fri">
        <definition>FN: a subgroup within a religion based on different beliefs from the majority, usually leading to a separate organization. 
&lt;ex&gt;Christianity began as a Jewish sect.&lt;/ex&gt;</definition>
        <sentenceCount annotated="0" total="0"/>
        <lexeme order="1" headword="false" breakBefore="false" POS="N" name="sect"/>
    </lexUnit>
    <lexUnit status="Created" POS="N" name="splinter group.n" ID="18743" lemmaID="52151" cBy="CFB" cDate="06/10/2016 12:09:07 PDT Fri">
        <definition>FN: a faction having ideological differences with the larger group; usually in the political domain.</definition>
        <sentenceCount annotated="0" total="0"/>
        <lexeme order="1" headword="false" breakBefore="false" POS="N" name="splinter"/>
        <lexeme order="2" headword="true" breakBefore="false" POS="N" name="group"/>
    </lexUnit>
</frame>