<?xml version="1.0" encoding="UTF-8" standalone="yes"?>
<?xml-stylesheet type="text/xsl" href="frame.xsl"?>
<frame cBy="CVa" cDate="01/20/2012 12:26:28 PST Fri" name="Ontogeny" ID="2693" xsi:schemaLocation="../schema/frame.xsd" xmlns="http://framenet.icsi.berkeley.edu" xmlns:xsi="http://www.w3.org/2001/XMLSchema-instance">
    <definition>&lt;def-root&gt;An &lt;fen&gt;Entity&lt;/fen&gt; develops from a &lt;fen&gt;Prior_state&lt;/fen&gt; to a &lt;fen&gt;Post_state&lt;/fen&gt;.  The &lt;fen&gt;Entity&lt;/fen&gt; can also be represented by an entity-denoting adjective which is labeled &lt;fen&gt;Domain&lt;/fen&gt; as shown in the first example below.   NOTE: This frame is not intended for the evolution of an entire species, but rather the development of a single organism. 
&lt;ex&gt;&lt;/ex&gt;
&lt;ex&gt;Yesterday we learned about &lt;fex name="Domain"&gt;neural&lt;/fex&gt; &lt;t&gt;development&lt;/t&gt;.&lt;/ex&gt;
&lt;ex&gt;&lt;/ex&gt;
&lt;ex&gt;Sherman studies &lt;fex name="Entity"&gt;nervous system&lt;/fex&gt; &lt;t&gt;development&lt;/t&gt; &lt;fex name="Organism"&gt;in toddlers&lt;/fex&gt;.&lt;/ex&gt;
&lt;ex&gt;&lt;/ex&gt;
&lt;ex&gt;The researchers were studying the &lt;t&gt;development&lt;/t&gt; &lt;fex name="Entity"&gt;of hair cells&lt;/fex&gt;. &lt;/ex&gt;
&lt;ex&gt;&lt;/ex&gt;
&lt;ex&gt;&lt;fex name="Entity"&gt;This small bud&lt;/fex&gt; will &lt;t&gt;grow&lt;/t&gt; &lt;fex name="Post_state"&gt;into a flower&lt;/fex&gt; &lt;fex name="Time"&gt;someday soon&lt;/fex&gt;.&lt;/ex&gt;&lt;/def-root&gt;</definition>
    <FE bgColor="0000FF" fgColor="FFFFFF" coreType="Core" cBy="CVa" cDate="01/20/2012 12:33:11 PST Fri" abbrev="Ent" name="Entity" ID="15411">
        <definition>&lt;def-root&gt;The part of the &lt;fen&gt;Organism&lt;/fen&gt; which is undergoing biological development.  

&lt;ex&gt;The &lt;t&gt;development&lt;/t&gt; &lt;fex name="Ent"&gt;of a human embryo&lt;/fex&gt; is fascinating to study.&lt;/ex&gt;&lt;/def-root&gt;</definition>
        <excludesFE name="Domain" ID="15418"/>
    </FE>
    <FE bgColor="008000" fgColor="FFFFFF" coreType="Core" cBy="CVa" cDate="01/20/2012 12:42:25 PST Fri" abbrev="Org" name="Organism" ID="15412">
        <definition>&lt;def-root&gt;The living thing whose &lt;fen&gt;Entity&lt;/fen&gt; is undergoing development.

&lt;ex&gt;Rachel studies nervous system &lt;t&gt;development&lt;/t&gt; &lt;fex name="Org"&gt;in apes&lt;/fex&gt;.&lt;/ex&gt;



&lt;/def-root&gt;</definition>
        <semType name="Living_thing" ID="66"/>
    </FE>
    <FE bgColor="FF00FF" fgColor="000000" coreType="Peripheral" cBy="CVa" cDate="01/20/2012 12:45:36 PST Fri" abbrev="Prior" name="Prior_state" ID="15413">
        <definition>&lt;def-root&gt;The stage from which the &lt;fen&gt;Entity&lt;/fen&gt; develops.

&lt;ex&gt;She &lt;t&gt;grew&lt;/t&gt; &lt;fex name="Prior_state"&gt;from a child&lt;/fex&gt; to a teenager in what seemed like minutes.&lt;/ex&gt;&lt;/def-root&gt;</definition>
    </FE>
    <FE bgColor="800080" fgColor="FFFFFF" coreType="Peripheral" cBy="CVa" cDate="01/20/2012 12:48:44 PST Fri" abbrev="post" name="Post_state" ID="15414">
        <definition>&lt;def-root&gt;The state into which the &lt;fen&gt;Entity&lt;/fen&gt; develops.

&lt;ex&gt;She watched her baby &lt;t&gt;grow&lt;/t&gt; &lt;fex name="Post_state"&gt;into an adult&lt;/fex&gt;.&lt;/ex&gt;&lt;/def-root&gt;</definition>
    </FE>
    <FE bgColor="FFD700" fgColor="000000" coreType="Peripheral" cBy="CVa" cDate="01/20/2012 12:55:22 PST Fri" abbrev="Time" name="Time" ID="15415">
        <definition>&lt;def-root&gt;The &lt;fen&gt;Time&lt;/fen&gt; when the &lt;fen&gt;Entity&lt;/fen&gt; develops.

&lt;ex&gt;&lt;fex name="Time"&gt;Someday&lt;/fex&gt; this bud will &lt;t&gt;grow&lt;/t&gt; into a rose.&lt;/ex&gt;&lt;/def-root&gt;</definition>
    </FE>
    <FE bgColor="7CCD73" fgColor="000000" coreType="Peripheral" cBy="CVa" cDate="01/20/2012 01:49:05 PST Fri" abbrev="Deg" name="Degree" ID="15416">
        <definition>&lt;def-root&gt;The &lt;fen&gt;Degree&lt;/fen&gt; to which the &lt;fen&gt;Entity&lt;/fen&gt; develops.

&lt;ex&gt;You can see the &lt;fex name="Degree"&gt;partial&lt;/fex&gt; &lt;t&gt;development&lt;/t&gt; of the fingers on the ultrasound.. &lt;/ex&gt;&lt;/def-root&gt;</definition>
        <semType name="Degree" ID="172"/>
    </FE>
    <FE bgColor="A9A9A9" fgColor="000000" coreType="Core" cBy="CVa" cDate="01/20/2012 02:10:50 PST Fri" abbrev="" name="Domain" ID="15418">
        <definition>&lt;def-root&gt;The relevant dimension of development.  Usually expressed by an entity-denoting adjective.

&lt;ex&gt; &lt;fex name="Domain"&gt;Embryonic&lt;/fex&gt; &lt;t&gt;development&lt;/t&gt; had been stunted by the disease. &lt;/ex&gt;&lt;/def-root&gt;</definition>
        <excludesFE name="Entity" ID="15411"/>
    </FE>
    <FE bgColor="FFA500" fgColor="000000" coreType="Peripheral" cBy="CVa" cDate="01/20/2012 02:12:55 PST Fri" abbrev="" name="Manner" ID="15419">
        <definition>&lt;def-root&gt;The &lt;fen&gt;Manner&lt;/fen&gt; in which the development occurs.

&lt;ex&gt;The cells are &lt;t&gt;developing&lt;/t&gt; &lt;fex name="Manner"&gt;normally&lt;/fex&gt;.&lt;/ex&gt;

&lt;/def-root&gt;</definition>
    </FE>
    <FE bgColor="EEE8AA" fgColor="000000" coreType="Peripheral" cBy="CVa" cDate="01/20/2012 02:15:04 PST Fri" abbrev="" name="Place" ID="15420">
        <definition>&lt;def-root&gt;The location where the &lt;fen&gt;Entity&lt;/fen&gt; develops.

&lt;ex&gt;The cells were &lt;t&gt;developing&lt;/t&gt; rapidly &lt;fex name="Place"&gt;in the Petri dish&lt;/fex&gt;.&lt;/ex&gt;&lt;/def-root&gt;</definition>
    </FE>
    <FE bgColor="808080" fgColor="FFFFFF" coreType="Peripheral" cBy="CVa" cDate="01/20/2012 02:17:32 PST Fri" abbrev="" name="Rate" ID="15421">
        <definition>&lt;def-root&gt;The &lt;fen&gt;Rate&lt;/fen&gt; at which the &lt;fen&gt;Entity&lt;/fen&gt; develops.

&lt;ex&gt;The cells were &lt;t&gt;developing&lt;/t&gt; &lt;fex name="Rate"&gt;rapidly&lt;/fex&gt;. &lt;/ex&gt;&lt;/def-root&gt;</definition>
    </FE>
    <FE bgColor="FF0000" fgColor="000000" coreType="Peripheral" cBy="CVa" cDate="01/20/2012 02:20:08 PST Fri" abbrev="" name="Duration" ID="15422">
        <definition>&lt;def-root&gt;The period over which the &lt;fen&gt;Entity&lt;/fen&gt; develops.

&lt;ex&gt;The tissue &lt;t&gt;grew&lt;/t&gt; rapidly &lt;fex name="Duration"&gt;throughout the evening&lt;/fex&gt;.&lt;/ex&gt;&lt;/def-root&gt;</definition>
    </FE>
    <FEcoreSet>
        <memberFE name="Entity" ID="15411"/>
        <memberFE name="Organism" ID="15412"/>
    </FEcoreSet>
    <frameRelation type="Inherits from">
        <relatedFrame ID="1340">Progression</relatedFrame>
    </frameRelation>
    <frameRelation type="Is Inherited by"/>
    <frameRelation type="Perspective on"/>
    <frameRelation type="Is Perspectivized in"/>
    <frameRelation type="Uses"/>
    <frameRelation type="Is Used by"/>
    <frameRelation type="Subframe of"/>
    <frameRelation type="Has Subframe(s)"/>
    <frameRelation type="Precedes"/>
    <frameRelation type="Is Preceded by"/>
    <frameRelation type="Is Inchoative of"/>
    <frameRelation type="Is Causative of"/>
    <frameRelation type="See also"/>
    <lexUnit status="Finished_Initial" POS="V" name="develop.v" ID="16860" lemmaID="10478" cBy="CVa" cDate="01/20/2012 01:11:39 PST Fri">
        <definition>FN: to progress from one biological state to another</definition>
        <sentenceCount annotated="15" total="112"/>
        <lexeme order="1" headword="false" breakBefore="false" POS="V" name="develop"/>
    </lexUnit>
    <lexUnit status="Finished_Initial" POS="N" name="development.n" ID="16861" lemmaID="51485" cBy="CVa" cDate="01/20/2012 01:12:42 PST Fri">
        <definition>FN:  the advancement of an organism from one stage to another</definition>
        <sentenceCount annotated="46" total="130"/>
        <lexeme order="1" headword="true" breakBefore="false" POS="N" name="development"/>
    </lexUnit>
    <lexUnit status="Finished_Initial" POS="V" name="grow.v" ID="16862" lemmaID="16938" cBy="CVa" cDate="01/20/2012 01:14:15 PST Fri">
        <definition>FN: to develop from one biological stage to another (not specifically pertaining to the size of an entity, but usually entails it)
</definition>
        <sentenceCount annotated="12" total="120"/>
        <lexeme order="1" headword="false" breakBefore="false" POS="V" name="grow"/>
    </lexUnit>
    <lexUnit status="Finished_Initial" POS="N" name="growth.n" ID="16863" lemmaID="16947" cBy="CVa" cDate="01/20/2012 01:26:15 PST Fri">
        <definition>FN: the development from one biological stage to another (not specifically pertaining to the size of an entity, but usually entails it)</definition>
        <sentenceCount annotated="18" total="140"/>
        <lexeme order="1" headword="false" breakBefore="false" POS="N" name="growth"/>
    </lexUnit>
</frame>