<?xml version="1.0" encoding="UTF-8" standalone="yes"?>
<?xml-stylesheet type="text/xsl" href="frame.xsl"?>
<frame cBy="AlK" cDate="07/28/2010 04:40:13 PDT Wed" name="Opportunity" ID="2350" xsi:schemaLocation="../schema/frame.xsd" xmlns="http://framenet.icsi.berkeley.edu" xmlns:xsi="http://www.w3.org/2001/XMLSchema-instance">
    <definition>&lt;def-root&gt;An &lt;fen&gt;Agent&lt;/fen&gt; has a choice of whether or not to participate in some Desirable_event because of an &lt;fen&gt;Opportunity&lt;/fen&gt;, a situation not completely under the &lt;fen&gt;Agent&lt;/fen&gt;'s control and usually of a limited duration.

&lt;ex&gt;It would be pleasant in the &lt;t&gt;opportune&lt;/t&gt; &lt;fex name="Opportunity"&gt;absence&lt;/fex&gt; of the clergyman to have a dance . &lt;fex name="Desirable_situation"&gt;DNI&lt;/fex&gt;&lt;/ex&gt;

&lt;ex&gt;&lt;fex name="Agent"&gt;Her&lt;/fex&gt; &lt;fex name="Opportunity"&gt;&lt;t&gt;opportunities&lt;/t&gt;&lt;/fex&gt; &lt;fex name="Desirable_situation"&gt;to apply to a good school&lt;/fex&gt; are then limited .&lt;/ex&gt;

&lt;ex&gt;Now was &lt;fex name="Agent"&gt;their&lt;/fex&gt; big &lt;fex name="Opportunity"&gt;&lt;t&gt;chance&lt;/t&gt;&lt;/fex&gt; ! &lt;fex name="Desirable_situation"&gt;DNI&lt;/fex&gt;&lt;/ex&gt;&lt;/def-root&gt;</definition>
    <FE bgColor="0000FF" fgColor="FFFFFF" coreType="Core" cBy="MJE" cDate="07/30/2010 06:17:33 PDT Fri" abbrev="opp" name="Opportunity" ID="14098">
        <definition>&lt;def-root&gt;The situation during which the &lt;fen&gt;Desirable_situation&lt;/fen&gt; is possible. For nominal LUs, this is generally in the second layer and contains the target.
&lt;/def-root&gt;</definition>
    </FE>
    <FE bgColor="FF0000" fgColor="FFFFFF" coreType="Core" cBy="MJE" cDate="07/30/2010 06:23:45 PDT Fri" abbrev="" name="Agent" ID="14099">
        <definition>&lt;def-root&gt;The sentient agent that may or may not participate in the &lt;fen&gt;Desirable_situation&lt;/fen&gt;.&lt;/def-root&gt;</definition>
    </FE>
    <FE bgColor="008000" fgColor="FFFFFF" coreType="Core" cBy="MJE" cDate="07/30/2010 06:28:57 PDT Fri" abbrev="" name="Desirable_situation" ID="14100">
        <definition>&lt;def-root&gt;A situation or event that the &lt;fen&gt;Agent&lt;/fen&gt; can participating in during the period of the &lt;fen&gt;Opportunity&lt;/fen&gt;.&lt;/def-root&gt;</definition>
    </FE>
    <frameRelation type="Inherits from"/>
    <frameRelation type="Is Inherited by"/>
    <frameRelation type="Perspective on"/>
    <frameRelation type="Is Perspectivized in"/>
    <frameRelation type="Uses">
        <relatedFrame ID="1931">Alternatives</relatedFrame>
    </frameRelation>
    <frameRelation type="Is Used by"/>
    <frameRelation type="Subframe of"/>
    <frameRelation type="Has Subframe(s)"/>
    <frameRelation type="Precedes"/>
    <frameRelation type="Is Preceded by"/>
    <frameRelation type="Is Inchoative of"/>
    <frameRelation type="Is Causative of"/>
    <frameRelation type="See also"/>
    <lexUnit status="Created" POS="N" name="opportunity.n" ID="15950" lemmaID="26837" cBy="AlK" cDate="07/28/2010 04:41:05 PDT Wed">
        <definition>FN: a favorable, circumstancial situation in which a situation can be pursued or attained.</definition>
        <sentenceCount annotated="3" total="4"/>
        <lexeme order="1" headword="false" breakBefore="false" POS="N" name="opportunity"/>
    </lexUnit>
    <lexUnit status="Finished_Initial" POS="N" name="chance.n" ID="15951" lemmaID="6028" cBy="AlK" cDate="07/28/2010 04:41:27 PDT Wed">
        <definition>FN: an exhaustible state of being able to pursue or attain a situation</definition>
        <sentenceCount annotated="41" total="42"/>
        <lexeme order="1" headword="false" breakBefore="false" POS="N" name="chance"/>
    </lexUnit>
    <lexUnit status="Created" POS="A" name="opportune.a" ID="15967" lemmaID="26833" cBy="MJE" cDate="07/30/2010 06:25:20 PDT Fri">
        <definition>FN: presenting a situation in which someone is able to do something they want.</definition>
        <sentenceCount annotated="0" total="0"/>
        <lexeme order="1" headword="false" breakBefore="false" POS="A" name="opportune"/>
    </lexUnit>
    <lexUnit status="Created" POS="N" name="break.n" ID="15968" lemmaID="4495" cBy="MJE" cDate="07/30/2010 06:32:09 PDT Fri">
        <definition>FN: an assiduously sought-after opportunity enabling fulfillment of a deep desire to participate in some particular life-path.</definition>
        <sentenceCount annotated="0" total="0"/>
        <lexeme order="1" headword="false" breakBefore="false" POS="N" name="break"/>
    </lexUnit>
</frame>