<?xml version="1.0" encoding="UTF-8" standalone="yes"?>
<?xml-stylesheet type="text/xsl" href="frame.xsl"?>
<frame cBy="JKR" cDate="06/29/2004 04:33:23 PDT Tue" name="Ordinal_numbers" ID="1147" xsi:schemaLocation="../schema/frame.xsd" xmlns="http://framenet.icsi.berkeley.edu" xmlns:xsi="http://www.w3.org/2001/XMLSchema-instance">
    <definition>&lt;def-root&gt;An &lt;fen&gt;Item&lt;/fen&gt; is picked out either by the order in which the members of a set would be encountered by an implicit cognizer, or by the order in which the members of a set participate in an event or state which serves as the &lt;fen&gt;Basis_of_order&lt;/fen&gt;. The former case usually involves a &lt;fen&gt;Starting_point&lt;/fen&gt; for going through the set, while the latter involves a &lt;fen&gt;Basis_of_order&lt;/fen&gt;, which is normally an event that the &lt;fen&gt;Item&lt;/fen&gt; along with other members of its &lt;fen&gt;Comparison_set&lt;/fen&gt; has participated in.  Note that &lt;fen&gt;Item&lt;/fen&gt; should be annotated on a second layer, except in cases when the noun structure the ordinal participates in is predicative.

&lt;ex&gt;The &lt;t&gt;first&lt;/t&gt; &lt;fex name="typ"&gt;car&lt;/fex&gt; &lt;fex name="sta"&gt;from the left&lt;/fex&gt; &lt;ment&gt;is&lt;/ment&gt; a Magosix.&lt;/ex&gt;
&lt;ex&gt;&lt;fex name="ite"&gt;The first car from the left&lt;/fex&gt; is a Magosix.&lt;/ex&gt;
&lt;ex&gt;&lt;fex name="Item"&gt;Barney&lt;/fex&gt; &lt;m&gt;was&lt;/m&gt; only the &lt;t&gt;second&lt;/t&gt; &lt;fex name="Type"&gt;Asian student&lt;/fex&gt; &lt;fex name="bas"&gt;at my college&lt;/fex&gt;.&lt;/ex&gt;
&lt;ex&gt;&lt;fex name="ite"&gt;Felix&lt;/fex&gt; &lt;m&gt;was&lt;/m&gt; the &lt;t&gt;first&lt;/t&gt; &lt;fex name="com"&gt;of my cats&lt;/fex&gt; &lt;fex name="bas"&gt;to realize that human food was tastier&lt;/fex&gt;.&lt;/ex&gt;
&lt;ex&gt;Felix was the &lt;t&gt;first&lt;/t&gt; &lt;fex name="typ"&gt;of my cats&lt;/fex&gt; to realize that human food was tastier.&lt;/ex&gt;&lt;/def-root&gt;</definition>
    <FE bgColor="FF0000" fgColor="FFFFFF" coreType="Core" cBy="JKR" cDate="06/29/2004 04:41:49 PDT Tue" abbrev="typ" name="Type" ID="6630">
        <definition>&lt;def-root&gt;The kind of entity that the &lt;fen&gt;Item&lt;/fen&gt; belongs to.

&lt;ex&gt;Capitalizes the first letter of the &lt;t&gt;first&lt;/t&gt; &lt;fex name="typ"&gt;word&lt;/fex&gt; in each sentence&lt;/ex&gt;&lt;/def-root&gt;</definition>
    </FE>
    <FE bgColor="800080" fgColor="FFFFFF" coreType="Core" cBy="JKR" cDate="06/29/2004 04:45:01 PDT Tue" abbrev="sta" name="Starting_point" ID="6631">
        <definition>&lt;def-root&gt;A usually spatial reference point from which the implicit cognizer scans across the members of the &lt;fen&gt;Comparison_set&lt;/fen&gt;.

&lt;ex&gt;Yes, I covered the cycle issue in  the &lt;t&gt;second&lt;/t&gt; paragraph &lt;fex name="sta"&gt;from the top&lt;/fex&gt;.&lt;/ex&gt;&lt;/def-root&gt;</definition>
    </FE>
    <FE bgColor="008000" fgColor="FFFFFF" coreType="Core" cBy="JKR" cDate="06/29/2004 04:47:35 PDT Tue" abbrev="bas" name="Basis_of_order" ID="6632">
        <definition>&lt;def-root&gt;A kind of event in which the members of the &lt;fen&gt;Comparison_set&lt;/fen&gt;, including the &lt;fen&gt;Item&lt;/fen&gt;, participate in a certain order.

&lt;ex&gt;Lorna was the &lt;t&gt;third&lt;/t&gt; student &lt;fex name="bas"&gt;to be expelled from the Academy&lt;/fex&gt;.&lt;/ex&gt;&lt;/def-root&gt;</definition>
        <excludesFE name="Starting_point" ID="6631"/>
    </FE>
    <FE bgColor="00008B" fgColor="FFFFFF" coreType="Core" cBy="JKR" cDate="06/29/2004 04:50:25 PDT Tue" abbrev="ite" name="Item" ID="6633">
        <definition>&lt;def-root&gt;The entity picked out by the implicit cognizer as occupying a certain place in the ordered &lt;fen&gt;Comparison_set&lt;/fen&gt;.


&lt;ex&gt;Bennett is the &lt;t&gt;fifth&lt;/t&gt; woman to be showcased.&lt;/ex&gt;
&lt;ex&gt;Bennett is &lt;fex name="ite"&gt;the fifth woman to be showcased&lt;/fex&gt;.&lt;/ex&gt;&lt;/def-root&gt;</definition>
    </FE>
    <FE bgColor="00BFFF" fgColor="FFFFFF" coreType="Core" cBy="JKR" cDate="06/29/2004 04:53:15 PDT Tue" abbrev="com" name="Comparison_set" ID="6634">
        <definition>&lt;def-root&gt;A set of entites of which the &lt;fen&gt;Item&lt;/fen&gt; is a member and which are ordered either by the &lt;fen&gt;Basis_of_order&lt;/fen&gt; or by the order in which the implicit cognizer focuses attention on them.

&lt;ex&gt;The &lt;t&gt;first&lt;/t&gt; student &lt;fex name="com"&gt;of the college&lt;/fex&gt; to cross the ramp will present the name-card reader with a card having the name of the college printed on it. .&lt;/ex&gt;&lt;/def-root&gt;</definition>
    </FE>
    <frameRelation type="Inherits from"/>
    <frameRelation type="Is Inherited by"/>
    <frameRelation type="Perspective on"/>
    <frameRelation type="Is Perspectivized in"/>
    <frameRelation type="Uses">
        <relatedFrame ID="218">Cardinal_numbers</relatedFrame>
    </frameRelation>
    <frameRelation type="Is Used by"/>
    <frameRelation type="Subframe of"/>
    <frameRelation type="Has Subframe(s)"/>
    <frameRelation type="Precedes"/>
    <frameRelation type="Is Preceded by"/>
    <frameRelation type="Is Inchoative of"/>
    <frameRelation type="Is Causative of"/>
    <frameRelation type="See also"/>
    <lexUnit status="Finished_Initial" POS="A" name="first.a" ID="11248" lemmaID="49717" cBy="MiL" cDate="11/19/2004 05:03:59 PST Fri">
        <definition>COD:  coming before all others in time or order.</definition>
        <sentenceCount annotated="81" total="224"/>
        <lexeme order="1" headword="true" breakBefore="false" POS="A" name="first"/>
    </lexUnit>
    <lexUnit status="Created" POS="A" name="second.a" ID="11249" lemmaID="49718" cBy="MiL" cDate="11/19/2004 05:05:30 PST Fri">
        <definition>COD:  constituting number two in a sequence; coming after the first in time or order</definition>
        <sentenceCount annotated="27" total="29"/>
        <lexeme order="1" headword="true" breakBefore="false" POS="A" name="second"/>
    </lexUnit>
    <lexUnit status="Created" POS="A" name="third.a" ID="11251" lemmaID="49719" cBy="MiL" cDate="11/19/2004 05:06:47 PST Fri">
        <definition>COD: constituting number three in a sequence</definition>
        <sentenceCount annotated="21" total="21"/>
        <lexeme order="1" headword="true" breakBefore="false" POS="A" name="third"/>
    </lexUnit>
    <lexUnit status="Finished_Initial" POS="A" name="fourth.a" ID="11252" lemmaID="49720" cBy="MiL" cDate="11/19/2004 05:07:37 PST Fri">
        <definition>COD: constituting number four in a sequence</definition>
        <sentenceCount annotated="29" total="229"/>
        <lexeme order="1" headword="true" breakBefore="false" POS="A" name="fourth"/>
    </lexUnit>
    <lexUnit status="Created" POS="A" name="fifth.a" ID="11253" lemmaID="49721" cBy="MiL" cDate="11/19/2004 05:08:45 PST Fri">
        <definition>COD: constituting number five in a sequence</definition>
        <sentenceCount annotated="4" total="4"/>
        <lexeme order="1" headword="true" breakBefore="false" POS="A" name="fifth"/>
    </lexUnit>
    <lexUnit status="Created" POS="A" name="thirteenth.a" ID="14011" lemmaID="50558" cBy="KmG" cDate="03/21/2007 09:30:41 PDT Wed">
        <definition>FN: constituting number thirteen in a sequence.</definition>
        <sentenceCount annotated="1" total="1"/>
        <lexeme order="1" headword="true" breakBefore="false" POS="A" name="thirteenth"/>
    </lexUnit>
    <lexUnit status="Created" POS="A" name="nineteenth.a" ID="14014" lemmaID="50559" cBy="KmG" cDate="03/21/2007 11:04:06 PDT Wed">
        <definition>FN: number 19 in a sequence. </definition>
        <sentenceCount annotated="4" total="4"/>
        <lexeme order="1" headword="true" breakBefore="false" POS="A" name="nineteenth"/>
    </lexUnit>
    <lexUnit status="Created" POS="A" name="last.a" ID="14614" lemmaID="21763" cBy="KmG" cDate="10/31/2007 02:25:13 PDT Wed">
        <definition>FN: the final one in a set</definition>
        <sentenceCount annotated="5" total="6"/>
        <lexeme order="1" headword="false" breakBefore="false" POS="A" name="last"/>
    </lexUnit>
    <lexUnit status="Created" POS="A" name="eighth.a" ID="14636" lemmaID="50766" cBy="JKs" cDate="11/13/2007 03:43:10 PST Tue">
        <definition>FN: number 8 in a set</definition>
        <sentenceCount annotated="0" total="0"/>
        <lexeme order="1" headword="true" breakBefore="false" POS="A" name="eighth"/>
    </lexUnit>
    <lexUnit status="Created" POS="A" name="tenth.a" ID="14686" lemmaID="50796" cBy="JKs" cDate="01/23/2008 02:50:14 PST Wed">
        <definition>FN: number 10 in a set</definition>
        <sentenceCount annotated="0" total="0"/>
        <lexeme order="1" headword="true" breakBefore="false" POS="A" name="tenth"/>
    </lexUnit>
    <lexUnit status="Created" POS="A" name="ninth.a" ID="14719" lemmaID="50809" cBy="JKs" cDate="01/25/2008 03:17:33 PST Fri">
        <definition>FN: number 9 in a set</definition>
        <sentenceCount annotated="0" total="0"/>
        <lexeme order="1" headword="true" breakBefore="false" POS="A" name="ninth"/>
    </lexUnit>
    <lexUnit status="Created" POS="A" name="seventeenth.a" ID="14880" lemmaID="50852" cBy="JKs" cDate="03/19/2008 01:37:01 PDT Wed">
        <definition>FN: number 17 in a set</definition>
        <sentenceCount annotated="1" total="1"/>
        <lexeme order="1" headword="true" breakBefore="false" POS="A" name="seventeenth"/>
    </lexUnit>
    <lexUnit status="Created" POS="A" name="sixteenth.a" ID="14881" lemmaID="50853" cBy="JKs" cDate="03/19/2008 03:08:05 PDT Wed">
        <definition>FN: number 16 in a set</definition>
        <sentenceCount annotated="1" total="1"/>
        <lexeme order="1" headword="true" breakBefore="false" POS="A" name="sixteenth"/>
    </lexUnit>
    <lexUnit status="Finished_Initial" POS="A" name="final.a" ID="15011" lemmaID="14377" cBy="JKs" cDate="05/29/2008 10:21:14 PDT Thu">
        <definition>FN: The last in a set</definition>
        <sentenceCount annotated="21" total="160"/>
        <lexeme order="1" headword="false" breakBefore="false" POS="A" name="final"/>
    </lexUnit>
</frame>