<?xml version="1.0" encoding="UTF-8" standalone="yes"?>
<?xml-stylesheet type="text/xsl" href="frame.xsl"?>
<frame cBy="KmG" cDate="04/08/2008 03:48:15 PDT Tue" name="Others_situation_as_stimulus" ID="2048" xsi:schemaLocation="../schema/frame.xsd" xmlns="http://framenet.icsi.berkeley.edu" xmlns:xsi="http://www.w3.org/2001/XMLSchema-instance">
    <definition>&lt;def-root&gt;An &lt;fen&gt;Experiencer&lt;/fen&gt; feels an emotion as evoked as an &lt;fen&gt;Other&lt;/fen&gt;.

&lt;ex&gt;&lt;fex name="Experiencer"&gt;One&lt;/fex&gt; might &lt;t&gt;pity&lt;/t&gt; &lt;fex name="Other"&gt;the frail old man in East Berlin&lt;/fex&gt;.&lt;/ex&gt;

&lt;ex&gt;She appealed for &lt;t&gt;compassion&lt;/t&gt; &lt;fex name="Other"&gt;for sufferers&lt;/fex&gt;.&lt;/ex&gt;

&lt;ex&gt;&lt;fex name="Experiencer"&gt;I&lt;/fex&gt; &lt;t&gt;feel&lt;/t&gt; &lt;fex name="Other"&gt;for women who also long to have children but can't&lt;/fex&gt;.&lt;/ex&gt;&lt;/def-root&gt;</definition>
    <FE bgColor="800080" fgColor="FFFFFF" coreType="Core" cBy="KmG" cDate="04/08/2008 03:48:15 PDT Tue" abbrev="Exp" name="Experiencer" ID="12471">
        <definition>&lt;def-root&gt;The &lt;fen&gt;Experiencer&lt;/fen&gt; is the person or sentient entity that experiences or feels the emotions.

&lt;/def-root&gt;</definition>
        <semType name="Sentient" ID="5"/>
    </FE>
    <FE bgColor="FF0000" fgColor="FFFFFF" coreType="Core" cBy="KmG" cDate="04/08/2008 03:48:15 PDT Tue" abbrev="Exp" name="Other" ID="12473">
        <definition>&lt;def-root&gt;The &lt;fen&gt;Other&lt;/fen&gt; is the person that evokes the emotional response in the &lt;fen&gt;Experiencer&lt;/fen&gt;.


&lt;/def-root&gt;</definition>
        <semType name="Sentient" ID="5"/>
    </FE>
    <FE bgColor="FF69B4" fgColor="FFFFFF" coreType="Peripheral" cBy="KmG" cDate="04/08/2008 03:48:15 PDT Tue" abbrev="Degr" name="Degree" ID="12474">
        <definition>&lt;def-root&gt;The extent to which the &lt;fen&gt;Experiencer&lt;/fen&gt;'s emotion deviates from the norm for the emotion.
&lt;/def-root&gt;</definition>
        <semType name="Degree" ID="172"/>
    </FE>
    <FE bgColor="00008B" fgColor="FFFFFF" coreType="Extra-Thematic" cBy="KmG" cDate="04/08/2008 03:48:15 PDT Tue" abbrev="Exp" name="Explanation" ID="12477">
        <definition>&lt;def-root&gt;The &lt;fen&gt;Explanation&lt;/fen&gt; is the explanation for why the &lt;fen&gt;Other&lt;/fen&gt; evokes a certain emotional response.
&lt;/def-root&gt;</definition>
        <semType name="State_of_affairs" ID="177"/>
    </FE>
    <FE bgColor="00BFFF" fgColor="FFFFFF" coreType="Extra-Thematic" cBy="KmG" cDate="04/08/2008 03:48:15 PDT Tue" abbrev="cir" name="Circumstances" ID="12478">
        <definition>&lt;def-root&gt;The &lt;fen&gt;Circumstances&lt;/fen&gt; is the condition(s) under which the &lt;fen&gt;Other&lt;/fen&gt; evokes its response.  
&lt;/def-root&gt;</definition>
    </FE>
    <FE bgColor="2E8B57" fgColor="FFFFFF" coreType="Peripheral" cBy="KmG" cDate="04/08/2008 03:48:15 PDT Tue" abbrev="Par" name="Parameter" ID="12481">
        <definition>&lt;def-root&gt;The &lt;fen&gt;Parameter&lt;/fen&gt; is a domain in which the &lt;fen&gt;Experiencer&lt;/fen&gt; experiences the feelings of the &lt;fen&gt;Other&lt;/fen&gt;.&lt;/def-root&gt;</definition>
    </FE>
    <FE bgColor="FF00FF" fgColor="FFFFFF" coreType="Peripheral" cBy="KmG" cDate="04/08/2008 03:48:15 PDT Tue" abbrev="Man" name="Manner" ID="12482">
        <definition>&lt;def-root&gt;Any description of the way in which the &lt;fen&gt;Experiencer&lt;/fen&gt; experiences the feelings of the &lt;fen&gt;Other&lt;/fen&gt; which is not covered by more specific FEs, including secondary effects (&lt;ment&gt;quietly, loudly&lt;/ment&gt;), and general descriptions comparing events (&lt;ment&gt;the same way&lt;/ment&gt;).  &lt;fen&gt;Manner&lt;/fen&gt; may also describe a state of the &lt;fen&gt;Experiencer&lt;/fen&gt; that affects the details of the emotional experience.

&lt;/def-root&gt;</definition>
        <semType name="Manner" ID="173"/>
    </FE>
    <FE bgColor="FFFF00" fgColor="00008B" coreType="Peripheral" cBy="KmG" cDate="04/08/2008 03:48:15 PDT Tue" abbrev="Tim" name="Time" ID="12483">
        <definition>&lt;def-root&gt;The &lt;fen&gt;Time&lt;/fen&gt; when the &lt;fen&gt;Experiencer&lt;/fen&gt; feels for the &lt;fen&gt;Other&lt;/fen&gt;.&lt;/def-root&gt;</definition>
    </FE>
    <FE bgColor="FFA500" fgColor="FFFFFF" coreType="Core" cBy="KmG" cDate="04/15/2008 03:21:46 PDT Tue" abbrev="Sit" name="Situation" ID="12539">
        <definition>&lt;def-root&gt;The  &lt;fen&gt;Situation&lt;/fen&gt; is the circumstances or topic about which the &lt;fen&gt;Experiencer&lt;/fen&gt; feels an emotion.&lt;/def-root&gt;</definition>
    </FE>
    <FE bgColor="008000" fgColor="FFFFFF" coreType="Extra-Thematic" cBy="KmG" cDate="04/16/2008 02:47:19 PDT Wed" abbrev="Fre" name="Frequency" ID="12545">
        <definition>&lt;def-root&gt;How often the &lt;fen&gt;Other&lt;/fen&gt; gets sympathy from the &lt;fen&gt;Experiencer&lt;/fen&gt;.&lt;/def-root&gt;</definition>
    </FE>
    <FEcoreSet>
        <memberFE name="Other" ID="12473"/>
        <memberFE name="Situation" ID="12539"/>
    </FEcoreSet>
    <frameRelation type="Inherits from">
        <relatedFrame ID="2042">Emotions_by_stimulus</relatedFrame>
    </frameRelation>
    <frameRelation type="Is Inherited by"/>
    <frameRelation type="Perspective on"/>
    <frameRelation type="Is Perspectivized in"/>
    <frameRelation type="Uses"/>
    <frameRelation type="Is Used by"/>
    <frameRelation type="Subframe of"/>
    <frameRelation type="Has Subframe(s)"/>
    <frameRelation type="Precedes"/>
    <frameRelation type="Is Preceded by"/>
    <frameRelation type="Is Inchoative of"/>
    <frameRelation type="Is Causative of"/>
    <frameRelation type="See also"/>
    <lexUnit status="Created" POS="N" name="compassion.n" ID="14929" lemmaID="7445" cBy="KmG" cDate="04/08/2008 03:59:04 PDT Tue">
        <definition>FN: understanding and having awareness of another's suffering</definition>
        <sentenceCount annotated="0" total="0"/>
        <lexeme order="1" headword="false" breakBefore="false" POS="N" name="compassion"/>
    </lexUnit>
    <lexUnit status="Finished_Initial" POS="V" name="empathize.v" ID="14930" lemmaID="22" cBy="KmG" cDate="04/08/2008 04:00:14 PDT Tue">
        <definition>FN: understand another's lot; feel another's emotions as one's own</definition>
        <sentenceCount annotated="7" total="47"/>
        <lexeme order="1" headword="false" breakBefore="false" POS="V" name="empathize"/>
    </lexUnit>
    <lexUnit status="Finished_Initial" POS="V" name="sympathize.v" ID="14931" lemmaID="55" cBy="KmG" cDate="04/08/2008 04:01:06 PDT Tue">
        <definition>FN: understand another's feelings</definition>
        <sentenceCount annotated="15" total="98"/>
        <lexeme order="1" headword="false" breakBefore="false" POS="V" name="sympathize"/>
    </lexUnit>
    <lexUnit status="Finished_Initial" POS="V" name="pity.v" ID="14932" lemmaID="29180" cBy="KmG" cDate="04/08/2008 04:01:53 PDT Tue">
        <definition>FN: feel badly for another's misfortune</definition>
        <sentenceCount annotated="14" total="100"/>
        <lexeme order="1" headword="false" breakBefore="false" POS="V" name="pity"/>
    </lexUnit>
    <lexUnit status="Created" POS="V" name="feel (for).v" ID="14933" lemmaID="14126" cBy="KmG" cDate="04/08/2008 04:02:33 PDT Tue">
        <definition>FN: sympathize with another's misfortune</definition>
        <sentenceCount annotated="0" total="0"/>
        <lexeme order="1" headword="false" breakBefore="false" POS="V" name="feel"/>
    </lexUnit>
</frame>