<?xml version="1.0" encoding="UTF-8" standalone="yes"?>
<?xml-stylesheet type="text/xsl" href="frame.xsl"?>
<frame cBy="GlY" cDate="05/22/2003 10:57:13 PDT Thu" name="Pardon" ID="681" xsi:schemaLocation="../schema/frame.xsd" xmlns="http://framenet.icsi.berkeley.edu" xmlns:xsi="http://www.w3.org/2001/XMLSchema-instance">
    <definition>&lt;def-root&gt;An &lt;fen&gt;Authority&lt;/fen&gt; excuses an &lt;fen&gt;Offense&lt;/fen&gt; that an &lt;fen&gt;Offender&lt;/fen&gt; has committed, with the effect of ending or preventing any punishment. 
 

&lt;ex&gt;President Ford &lt;t&gt;pardoned&lt;/t&gt; &lt;fex name="off"&gt;her&lt;/fex&gt; &lt;fex name="tim"&gt;after it came to light she was being held in Japan as an "enemy alien" and was secretly working to subvert the broadcasts&lt;/fex&gt; &lt;fex name="fen"&gt;DNI&lt;/fex&gt; &lt;/ex&gt;

&lt;ex&gt; &lt;fex name="aut"&gt;President John Quincy Adams&lt;/fex&gt; &lt;m&gt;granted&lt;/m&gt; &lt;fex name="off"&gt;them&lt;/fex&gt; a &lt;t&gt;pardon&lt;/t&gt; and remission of the fine. &lt;fex name="fen"&gt;DNI&lt;/fex&gt; &lt;/ex&gt;&lt;/def-root&gt;</definition>
    <FE bgColor="FF0000" fgColor="FFFFFF" coreType="Core" cBy="GlY" cDate="07/01/2003 04:29:11 PDT Tue" abbrev="off" name="Offender" ID="4717">
        <definition>&lt;def-root&gt;This FE denotes the offender that seeks or gets the pardon.

&lt;ex&gt;Defense minister Ivanov rules out &lt;t&gt;pardon&lt;/t&gt; &lt;fex name="off"&gt;for Chechen rebel leader Maskhadov&lt;/fex&gt;.&lt;/ex&gt;&lt;/def-root&gt;</definition>
    </FE>
    <FE bgColor="800080" fgColor="FFFFFF" coreType="Core" cBy="GlY" cDate="07/01/2003 04:48:41 PDT Tue" abbrev="aut" name="Authority" ID="4718">
        <definition>&lt;def-root&gt;Authority is the organization or person taht grants the pardon.

&lt;ex&gt;&lt;fex name="Authority"&gt;The governement&lt;/fex&gt; issued a &lt;t&gt;pardon&lt;/t&gt; &lt;fex name="off"&gt;to the two convicts&lt;/fex&gt;.&lt;/ex&gt;&lt;/def-root&gt;</definition>
        <semType name="Sentient" ID="5"/>
    </FE>
    <FE bgColor="2E8B57" fgColor="FFFFFF" coreType="Core" cBy="GlY" cDate="07/01/2003 04:51:02 PDT Tue" abbrev="fen" name="Offense" ID="4719">
        <definition>&lt;def-root&gt;This FE denotes the the illegal act that the &lt;fen&gt;Offender&lt;/fen&gt; is pardoned for.

&lt;ex&gt;They demanded a &lt;t&gt;pardon&lt;/t&gt; &lt;fex name="off"&gt;to John&lt;/fex&gt; &lt;fex name="Offense"&gt;for inadverdent manslaughter&lt;/fex&gt;.&lt;/ex&gt;&lt;/def-root&gt;</definition>
    </FE>
    <FE bgColor="90876C" fgColor="FFFFFF" coreType="Extra-Thematic" cBy="GlY" cDate="07/01/2003 04:54:57 PDT Tue" abbrev="exp" name="Explanation" ID="4720">
        <definition>&lt;def-root&gt;&lt;fen&gt;Explanation&lt;/fen&gt; is the cause for pardoning an &lt;fen&gt;Offender&lt;/fen&gt;.
&lt;ex&gt;He appealed for a &lt;t&gt;pardon&lt;/t&gt; &lt;fex name="exp"&gt;on the grounds such as ill-health&lt;/fex&gt;.&lt;/ex&gt;&lt;/def-root&gt;</definition>
        <semType name="State_of_affairs" ID="177"/>
    </FE>
    <FE bgColor="00BFFF" fgColor="FFFFFF" coreType="Peripheral" cBy="GlY" cDate="07/01/2003 04:57:33 PDT Tue" abbrev="tim" name="Time" ID="4721">
        <definition>&lt;def-root&gt;This FE denotes the time when the pardon is given

&lt;ex&gt;The families demanded a &lt;fex name="Time"&gt;posthumous&lt;/fex&gt; &lt;t&gt;pardon&lt;/t&gt; for the executed soldiers.&lt;/ex&gt;&lt;/def-root&gt;</definition>
        <semType name="Time" ID="141"/>
    </FE>
    <FE bgColor="0000FF" fgColor="FFFFFF" coreType="Peripheral" cBy="JKR" cDate="04/28/2004 03:14:35 PDT Wed" abbrev="mea" name="Means" ID="6349">
        <definition>&lt;def-root&gt;An intentional action performed by the &lt;fen&gt;Authority&lt;/fen&gt;  that accomplishes the pardon. 

&lt;ex&gt;But Queen Mary, pitied his youth and &lt;t&gt;pardoned&lt;/t&gt; him &lt;fex name="mea"&gt;by a bill addressed to her chancellor, Stephen Gardener from St.James's, on 18th March 1554&lt;/fex&gt;.&lt;/ex&gt;&lt;/def-root&gt;</definition>
        <semType name="State_of_affairs" ID="177"/>
    </FE>
    <FE bgColor="9400D3" fgColor="FFFFFF" coreType="Peripheral" cBy="MJE" cDate="04/28/2004 04:01:28 PDT Wed" abbrev="man" name="Manner" ID="6356">
        <definition>&lt;def-root&gt;Any description of the act of pardon which is not covered by more specific FEs, including secondary effects (&lt;ment&gt;quietly&lt;/ment&gt;, &lt;ment&gt;loudly&lt;/ment&gt;) and general descriptions comparing events (&lt;ment&gt;the same way&lt;/ment&gt;). It may indicate salient characteristics of an &lt;fen&gt;Authority&lt;/fen&gt; that also affect the action (&lt;ment&gt;presumptuously&lt;/ment&gt;, &lt;ment&gt;coldly&lt;/ment&gt;, &lt;ment&gt;deliberately&lt;/ment&gt;, &lt;ment&gt;eagerly&lt;/ment&gt;, &lt;ment&gt;carefully&lt;/ment&gt;).
&lt;/def-root&gt;</definition>
        <semType name="Manner" ID="173"/>
    </FE>
    <FE bgColor="808080" fgColor="FFFFFF" coreType="Peripheral" cBy="MJE" cDate="04/28/2004 04:04:00 PDT Wed" abbrev="pla" name="Place" ID="6357">
        <definition>&lt;def-root&gt;The location at which the pardoning takes place.

&lt;ex&gt;On 1 March 2002, Andreyev was found guilty of libel and conditionally sentenced
to two years in prison and then &lt;t&gt;pardoned&lt;/t&gt; &lt;fex name="pla"&gt;in the courtroom&lt;/fex&gt;.&lt;/ex&gt;&lt;/def-root&gt;</definition>
        <semType name="Locative_relation" ID="182"/>
    </FE>
    <FE bgColor="A52A2A" fgColor="FFFFFF" coreType="Peripheral" cBy="MJE" cDate="04/28/2004 04:28:18 PDT Wed" abbrev="pur" name="Purpose" ID="6358">
        <definition>&lt;def-root&gt;An action that the &lt;fen&gt;Authority&lt;/fen&gt; intends to accomplish by pardoning

&lt;ex&gt;U.S. research on biologicals started in World War II and was greatly augmented by captured Japanese research and scientists, who were &lt;t&gt;pardoned&lt;/t&gt; &lt;fex name="pur"&gt;to help the U.S. efforts&lt;/fex&gt;.&lt;/ex&gt;&lt;/def-root&gt;</definition>
        <semType name="State_of_affairs" ID="177"/>
    </FE>
    <frameRelation type="Inherits from">
        <relatedFrame ID="1086">Clemency</relatedFrame>
    </frameRelation>
    <frameRelation type="Is Inherited by"/>
    <frameRelation type="Perspective on"/>
    <frameRelation type="Is Perspectivized in"/>
    <frameRelation type="Uses"/>
    <frameRelation type="Is Used by"/>
    <frameRelation type="Subframe of"/>
    <frameRelation type="Has Subframe(s)"/>
    <frameRelation type="Precedes"/>
    <frameRelation type="Is Preceded by"/>
    <frameRelation type="Is Inchoative of"/>
    <frameRelation type="Is Causative of"/>
    <frameRelation type="See also"/>
    <lexUnit status="Finished_Initial" POS="N" name="pardon.n" ID="8702" lemmaID="27815" cBy="GlY" cDate="05/22/2003 11:50:45 PDT Thu">
        <definition>COD: a remission of the legal consequences of an offence or conviction.</definition>
        <sentenceCount annotated="20" total="128"/>
        <lexeme order="1" headword="false" breakBefore="false" POS="N" name="pardon"/>
    </lexUnit>
    <lexUnit status="Finished_Initial" POS="V" name="pardon.v" ID="8704" lemmaID="27816" cBy="GlY" cDate="05/22/2003 11:53:21 PDT Thu">
        <definition>FN: to remiss of the legal consequences of an offence or conviction.</definition>
        <sentenceCount annotated="20" total="93"/>
        <lexeme order="1" headword="false" breakBefore="false" POS="V" name="pardon"/>
    </lexUnit>
</frame>