<?xml version="1.0" encoding="UTF-8" standalone="yes"?>
<?xml-stylesheet type="text/xsl" href="frame.xsl"?>
<frame cBy="ACW" cDate="05/29/2002 10:25:18 PDT Wed" name="Part_inner_outer" ID="327" xsi:schemaLocation="../schema/frame.xsd" xmlns="http://framenet.icsi.berkeley.edu" xmlns:xsi="http://www.w3.org/2001/XMLSchema-instance">
    <definition>&lt;def-root&gt;This frame concerns &lt;fen&gt;Part&lt;/fen&gt;s of objects that are defined relative to the center or edge of the object.  The &lt;fen&gt;Part&lt;/fen&gt; is a part of the &lt;fen&gt;Whole&lt;/fen&gt; and the &lt;fen&gt;Part_prop&lt;/fen&gt; describes a property of the &lt;fen&gt;Part&lt;/fen&gt;.

&lt;ex&gt;She discarded the &lt;t&gt;&lt;fex name="Part"&gt;exterior&lt;/fex&gt;&lt;/t&gt; &lt;fex name="Whole"&gt;of the walnut&lt;/fex&gt;.&lt;/ex&gt;
&lt;ex&gt; She preferred a sparse &lt;fex name="Whole"&gt;church&lt;/fex&gt; &lt;t&gt;&lt;fex name="Part"&gt;interior&lt;/fex&gt;&lt;/t&gt; . &lt;/ex&gt;

In cases where the &lt;t&gt;Target&lt;/t&gt; is an adjective, it has a special relationship with the noun that it modifies such that a phrase which is a syntactic argument of the noun is semantically available to fill the argument structure of the adjective, as in "the &lt;t&gt;outside&lt;/t&gt; &lt;fex name="Part"&gt;row&lt;/fex&gt; &lt;fex name="Whole"&gt;of the class&lt;/fex&gt;"&lt;ex&gt;The &lt;t&gt;inner&lt;/t&gt; &lt;fex name="Part"&gt;shelf&lt;/fex&gt; &lt;fex name="Whole"&gt;of the bookcase&lt;/fex&gt; was lying on the floor.&lt;/ex&gt;

&lt;/def-root&gt;</definition>
    <semType name="Transparent Noun" ID="9"/>
    <FE bgColor="0000FF" fgColor="FFFFFF" coreType="Core" cBy="ACW" cDate="05/29/2002 11:59:30 PDT Wed" abbrev="" name="Part" ID="2857">
        <definition>&lt;def-root&gt;This element describes the &lt;fen&gt;Part&lt;/fen&gt; of the larger &lt;fen&gt;Whole&lt;/fen&gt;.&lt;ex&gt;She only ate the &lt;fex name="Part"&gt;&lt;t&gt;skin&lt;/t&gt;&lt;/fex&gt; &lt;fex name="Whole"&gt;of the apple&lt;/fex&gt;.&lt;/ex&gt;&lt;/def-root&gt;</definition>
    </FE>
    <FE bgColor="FF0000" fgColor="FFFFFF" coreType="Core" cBy="ACW" cDate="05/29/2002 12:00:08 PDT Wed" abbrev="" name="Whole" ID="2858">
        <definition>&lt;def-root&gt;An undivided entity having all its &lt;fen&gt;Part&lt;/fen&gt;s.&lt;ex&gt;She eats only the &lt;fex name="Part_Prop"&gt;thick&lt;/fex&gt; &lt;t&gt;&lt;fex name="Part"&gt;skin&lt;/fex&gt;&lt;/t&gt; &lt;fex name="Whole"&gt;of the banana&lt;/fex&gt;.&lt;/ex&gt;&lt;/def-root&gt;</definition>
    </FE>
    <FE bgColor="008000" fgColor="FFFFFF" coreType="Peripheral" cBy="ACW" cDate="05/29/2002 12:02:04 PDT Wed" abbrev="" name="Part_prop" ID="2859">
        <definition>&lt;def-root&gt;A property relating to the &lt;fen&gt;Part&lt;/fen&gt; of a &lt;fen&gt;Whole&lt;/fen&gt;.&lt;ex&gt;Sue ate the &lt;fex name="Part_prop"&gt;thick&lt;/fex&gt; &lt;t&gt;&lt;fex name="Part"&gt;shell&lt;/fex&gt;&lt;/t&gt; &lt;fex name="Whole"&gt;of the pistachio&lt;/fex&gt;.&lt;/ex&gt;&lt;/def-root&gt;</definition>
    </FE>
    <frameRelation type="Inherits from">
        <relatedFrame ID="140">Part_whole</relatedFrame>
    </frameRelation>
    <frameRelation type="Is Inherited by"/>
    <frameRelation type="Perspective on"/>
    <frameRelation type="Is Perspectivized in"/>
    <frameRelation type="Uses"/>
    <frameRelation type="Is Used by"/>
    <frameRelation type="Subframe of"/>
    <frameRelation type="Has Subframe(s)"/>
    <frameRelation type="Precedes"/>
    <frameRelation type="Is Preceded by"/>
    <frameRelation type="Is Inchoative of"/>
    <frameRelation type="Is Causative of"/>
    <frameRelation type="See also"/>
    <lexUnit status="Finished_Initial" POS="A" name="outside.a" ID="5827" lemmaID="27150" cBy="ACW" cDate="05/29/2002 11:31:45 PDT Wed">
        <definition>COD: situated on or near the outside. </definition>
        <sentenceCount annotated="20" total="174"/>
        <lexeme order="1" headword="false" breakBefore="false" POS="A" name="outside"/>
    </lexUnit>
    <lexUnit status="Finished_Initial" POS="A" name="outer.a" ID="5828" lemmaID="27075" cBy="ACW" cDate="05/29/2002 11:32:58 PDT Wed">
        <definition>COD: outside; external. </definition>
        <sentenceCount annotated="28" total="253"/>
        <lexeme order="1" headword="false" breakBefore="false" POS="A" name="outer"/>
    </lexUnit>
    <lexUnit status="Finished_Initial" POS="A" name="inside.a" ID="5829" lemmaID="20111" cBy="ACW" cDate="05/29/2002 11:34:12 PDT Wed">
        <definition>COD: situated on or in, or derived from, the inside. </definition>
        <sentenceCount annotated="21" total="115"/>
        <lexeme order="1" headword="false" breakBefore="false" POS="A" name="inside"/>
    </lexUnit>
    <lexUnit status="Finished_Initial" POS="A" name="exterior.a" ID="5830" lemmaID="13644" cBy="ACW" cDate="05/29/2002 11:35:31 PDT Wed">
        <definition>COD: forming, situated on, or relating to the outside. </definition>
        <sentenceCount annotated="7" total="108"/>
        <lexeme order="1" headword="false" breakBefore="false" POS="A" name="exterior"/>
    </lexUnit>
    <lexUnit status="Finished_Initial" POS="A" name="inner.a" ID="5831" lemmaID="20012" cBy="ACW" cDate="05/29/2002 11:36:06 PDT Wed">
        <definition>COD: situated inside; close to the centre. </definition>
        <sentenceCount annotated="26" total="214"/>
        <lexeme order="1" headword="false" breakBefore="false" POS="A" name="inner"/>
    </lexUnit>
    <lexUnit status="Add_Annotation" POS="N" name="outside.n" ID="5832" lemmaID="27149" cBy="ACW" cDate="05/29/2002 11:36:58 PDT Wed">
        <definition>COD: the external side or surface of something. </definition>
        <sentenceCount annotated="5" total="135"/>
        <lexeme order="1" headword="false" breakBefore="false" POS="N" name="outside"/>
    </lexUnit>
    <lexUnit status="New" POS="N" name="skin.n" ID="5833" lemmaID="36152" cBy="ACW" cDate="05/29/2002 11:47:45 PDT Wed">
        <definition>COD: the peel or outer layer of a fruit or vegetable or a thin outermost layer</definition>
        <sentenceCount annotated="0" total="201"/>
        <lexeme order="1" headword="false" breakBefore="false" POS="N" name="skin"/>
    </lexUnit>
    <lexUnit status="Finished_Initial" POS="N" name="lining.n" ID="5834" lemmaID="22439" cBy="ACW" cDate="05/29/2002 11:58:34 PDT Wed">
        <definition>COD: a layer of different material covering or attached to the inside of something</definition>
        <sentenceCount annotated="22" total="211"/>
        <lexeme order="1" headword="false" breakBefore="false" POS="N" name="lining"/>
    </lexUnit>
    <lexUnit status="Finished_Initial" POS="N" name="perimeter.n" ID="5881" lemmaID="28461" cBy="ACW" cDate="05/30/2002 11:59:42 PDT Thu">
        <definition>COD: the outermost parts or boundary of an area or object</definition>
        <sentenceCount annotated="29" total="173"/>
        <lexeme order="1" headword="false" breakBefore="false" POS="N" name="perimeter"/>
    </lexUnit>
    <lexUnit status="Finished_Initial" POS="N" name="center.n" ID="8848" lemmaID="44959" cBy="ACW" cDate="06/16/2003 09:58:32 PDT Mon">
        <definition>COD: a point in the middle of something that is equally distant from all of its sides, ends, or surfaces</definition>
        <sentenceCount annotated="33" total="428"/>
        <lexeme order="1" headword="false" breakBefore="false" POS="N" name="center"/>
    </lexUnit>
    <lexUnit status="Finished_Initial" POS="N" name="exterior.n" ID="8849" lemmaID="13643" cBy="ACW" cDate="06/16/2003 09:59:08 PDT Mon">
        <definition>COD: the outer surface or structure of something. </definition>
        <sentenceCount annotated="12" total="138"/>
        <lexeme order="1" headword="false" breakBefore="false" POS="N" name="exterior"/>
    </lexUnit>
    <lexUnit status="Finished_Initial" POS="N" name="inside.n" ID="8850" lemmaID="20110" cBy="ACW" cDate="06/16/2003 09:59:52 PDT Mon">
        <definition>COD: the inner side or surface of a thing</definition>
        <sentenceCount annotated="20" total="204"/>
        <lexeme order="1" headword="false" breakBefore="false" POS="N" name="inside"/>
    </lexUnit>
    <lexUnit status="Finished_Initial" POS="N" name="interior.n" ID="8851" lemmaID="20328" cBy="ACW" cDate="06/16/2003 10:00:32 PDT Mon">
        <definition>COD: the interior part of something</definition>
        <sentenceCount annotated="29" total="266"/>
        <lexeme order="1" headword="false" breakBefore="false" POS="N" name="interior"/>
    </lexUnit>
    <lexUnit status="Finished_Initial" POS="A" name="interior.a" ID="8852" lemmaID="20329" cBy="ACW" cDate="06/16/2003 10:00:59 PDT Mon">
        <definition>COD: situated within or inside; inner. </definition>
        <sentenceCount annotated="7" total="110"/>
        <lexeme order="1" headword="false" breakBefore="false" POS="A" name="interior"/>
    </lexUnit>
    <lexUnit status="Finished_Initial" POS="N" name="middle.n" ID="8853" lemmaID="24202" cBy="ACW" cDate="06/16/2003 10:02:10 PDT Mon">
        <definition>COD: a middle point or position. </definition>
        <sentenceCount annotated="42" total="294"/>
        <lexeme order="1" headword="false" breakBefore="false" POS="N" name="middle"/>
    </lexUnit>
    <lexUnit status="Created" POS="N" name="shell.n" ID="11256" lemmaID="35472" cBy="MiL" cDate="11/19/2004 05:35:04 PST Fri">
        <definition>FN: the hard protective outer case of a mollusc or crustacean, turtle, egg, seed, kernel, etc.</definition>
        <sentenceCount annotated="0" total="0"/>
        <lexeme order="1" headword="false" breakBefore="false" POS="N" name="shell"/>
    </lexUnit>
    <lexUnit status="Created" POS="N" name="surface.n" ID="13759" lemmaID="38963" cBy="KmG" cDate="02/22/2007 02:36:51 PST Thu">
        <definition>COD: the outside part or uppermost layer of something.</definition>
        <sentenceCount annotated="3" total="3"/>
        <lexeme order="1" headword="false" breakBefore="false" POS="N" name="surface"/>
    </lexUnit>
    <lexUnit status="Created" POS="A" name="central.a" ID="15545" lemmaID="5911" cBy="AlK" cDate="10/28/2009 01:59:28 PDT Wed">
        <definition>FN: of or on a position near a point equidistant to the edges of a spatial entity</definition>
        <sentenceCount annotated="4" total="4"/>
        <lexeme order="1" headword="false" breakBefore="false" POS="A" name="central"/>
    </lexUnit>
</frame>