<?xml version="1.0" encoding="UTF-8" standalone="yes"?>
<?xml-stylesheet type="text/xsl" href="frame.xsl"?>
<frame cBy="ACW" cDate="05/29/2002 11:15:48 PDT Wed" name="Part_ordered_segments" ID="331" xsi:schemaLocation="../schema/frame.xsd" xmlns="http://framenet.icsi.berkeley.edu" xmlns:xsi="http://www.w3.org/2001/XMLSchema-instance">
    <definition>&lt;def-root&gt;In this frame a &lt;fen&gt;Part&lt;/fen&gt; is part of a larger &lt;fen&gt;Whole&lt;/fen&gt; comprised of parts that are ordered. The &lt;fen&gt;Part&lt;/fen&gt;s can be ordered temporally (first to last and vice versa) or vertically (down to up and vice versa).  The &lt;fen&gt;Part&lt;/fen&gt; can be modified by the &lt;fen&gt;Part_prop&lt;/fen&gt; or the number of the part can be given by &lt;fen&gt;Ordinality&lt;/fen&gt;.
&lt;ex&gt;&lt;/ex&gt;
&lt;ex&gt; I sat through the &lt;fex name="Ordinality"&gt;first&lt;/fex&gt; &lt;fex name="Part_prop"&gt;interminable&lt;/fex&gt; &lt;t&gt;&lt;fex name="Part"&gt;act&lt;/fex&gt;&lt;/t&gt; &lt;fex name="Whole"&gt; of the play &lt;/fex&gt; . &lt;/ex&gt;
&lt;ex&gt; Tess finished a &lt;fex name="Whole"&gt; dissertation&lt;/fex&gt; &lt;t&gt;&lt;fex name="Part"&gt;chapter&lt;/fex&gt;&lt;/t&gt; . &lt;/ex&gt;
&lt;ex&gt;The &lt;fex name="Ordinality"&gt;first&lt;/fex&gt; &lt;t&gt;&lt;fex name="Part"&gt;level&lt;/fex&gt;&lt;/t&gt; &lt;fex name="Whole"&gt;of rock&lt;/fex&gt; consisted of sediment from the Neolithic period.&lt;/ex&gt;
&lt;ex&gt;The &lt;fex name="Ordinality"&gt;last&lt;/fex&gt; &lt;t&gt;&lt;fex name="Part"&gt;layer&lt;/fex&gt;&lt;/t&gt; &lt;fex name="Whole"&gt;of sediment&lt;/fex&gt; was also the thickest.&lt;/ex&gt;&lt;/def-root&gt;</definition>
    <semType name="Transparent Noun" ID="9"/>
    <FE bgColor="A52A2A" fgColor="FFFFFF" coreType="Core" cBy="ACW" cDate="05/29/2002 11:16:11 PDT Wed" abbrev="" name="Ordinality" ID="2856">
        <definition>&lt;def-root&gt;This is the number of the sequence of &lt;fen&gt;Part&lt;/fen&gt;s.&lt;ex&gt; I sat through the &lt;fex name="Ordinality"&gt;first&lt;/fex&gt; &lt;fex name="Part_prop"&gt;interminable&lt;/fex&gt; &lt;t&gt;&lt;fex name="Part"&gt;act&lt;/fex&gt;&lt;/t&gt; &lt;fex name="Whole"&gt;of the play&lt;/fex&gt; . &lt;/ex&gt;&lt;/def-root&gt;</definition>
    </FE>
    <FE bgColor="008000" fgColor="FFFFFF" coreType="Peripheral" cBy="ACW" cDate="05/30/2002 04:55:48 PDT Thu" abbrev="" name="Part_prop" ID="2879">
        <definition>&lt;def-root&gt;A property relating to the &lt;fen&gt;Part&lt;/fen&gt; of a &lt;fen&gt;Whole&lt;/fen&gt;.
&lt;ex&gt; I sat through the &lt;fex name="Ordinality"&gt;first&lt;/fex&gt; &lt;fex name="Part_prop"&gt;interminable&lt;/fex&gt; &lt;t&gt;&lt;fex name="Part"&gt;act&lt;/fex&gt;&lt;/t&gt; &lt;fex name="Whole"&gt;of the play&lt;/fex&gt; . &lt;/ex&gt;&lt;/def-root&gt;</definition>
    </FE>
    <FE bgColor="0000FF" fgColor="FFFFFF" coreType="Core" cBy="ACW" cDate="05/30/2002 04:56:00 PDT Thu" abbrev="" name="Part" ID="2880">
        <definition>&lt;def-root&gt;A part of a larger &lt;fen&gt;Whole&lt;/fen&gt;.
&lt;ex&gt; I sat through the &lt;fex name="Ordinality"&gt;first&lt;/fex&gt; &lt;fex name="Part_prop"&gt;interminable&lt;/fex&gt; &lt;t&gt;&lt;fex name="Part"&gt;act&lt;/fex&gt;&lt;/t&gt; &lt;fex name="Whole"&gt;of the play&lt;/fex&gt; . &lt;/ex&gt;
&lt;/def-root&gt;</definition>
    </FE>
    <FE bgColor="FF0000" fgColor="FFFFFF" coreType="Core" cBy="ACW" cDate="05/30/2002 04:56:12 PDT Thu" abbrev="" name="Whole" ID="2881">
        <definition>&lt;def-root&gt;An undivided entity having all its &lt;fen&gt;Part&lt;/fen&gt;s. &lt;ex&gt; I sat through the &lt;fex name="Ordinality"&gt;first&lt;/fex&gt; &lt;fex name="Part_prop"&gt;interminable&lt;/fex&gt; &lt;t&gt;&lt;fex name="Part"&gt;act&lt;/fex&gt;&lt;/t&gt; &lt;fex name="Whole"&gt;of the play&lt;/fex&gt; . &lt;/ex&gt;&lt;/def-root&gt;</definition>
    </FE>
    <frameRelation type="Inherits from">
        <relatedFrame ID="140">Part_whole</relatedFrame>
    </frameRelation>
    <frameRelation type="Is Inherited by"/>
    <frameRelation type="Perspective on"/>
    <frameRelation type="Is Perspectivized in"/>
    <frameRelation type="Uses"/>
    <frameRelation type="Is Used by"/>
    <frameRelation type="Subframe of"/>
    <frameRelation type="Has Subframe(s)"/>
    <frameRelation type="Precedes"/>
    <frameRelation type="Is Preceded by"/>
    <frameRelation type="Is Inchoative of"/>
    <frameRelation type="Is Causative of"/>
    <frameRelation type="See also"/>
    <lexUnit status="Finished_Initial" POS="N" name="inning.n" ID="5906" lemmaID="20014" cBy="ACW" cDate="05/31/2002 08:59:08 PDT Fri">
        <definition>COD: each division of a game during which both sides have a turn at batting</definition>
        <sentenceCount annotated="37" total="207"/>
        <lexeme order="1" headword="false" breakBefore="false" POS="N" name="inning"/>
    </lexUnit>
    <lexUnit status="Created" POS="N" name="chapter.n" ID="5939" lemmaID="6072" cBy="ACW" cDate="06/03/2002 11:56:14 PDT Mon">
        <definition>COD: a main division of a book. </definition>
        <sentenceCount annotated="6" total="6"/>
        <lexeme order="1" headword="false" breakBefore="false" POS="N" name="chapter"/>
    </lexUnit>
    <lexUnit status="Created" POS="N" name="act.n" ID="11257" lemmaID="402" cBy="MiL" cDate="11/19/2004 05:39:26 PST Fri">
        <definition>COD: a main division of a play, ballet, or opera.</definition>
        <sentenceCount annotated="0" total="0"/>
        <lexeme order="1" headword="false" breakBefore="false" POS="N" name="act"/>
    </lexUnit>
    <lexUnit status="Created" POS="N" name="book.n" ID="13998" lemmaID="4156" cBy="KmG" cDate="03/16/2007 02:12:46 PDT Fri">
        <definition>COD: a main division of a literary work or of the Bible.</definition>
        <sentenceCount annotated="7" total="7"/>
        <lexeme order="1" headword="false" breakBefore="false" POS="N" name="book"/>
    </lexUnit>
    <lexUnit status="Created" POS="N" name="layer.n" ID="16422" lemmaID="21880" cBy="MLC" cDate="07/27/2011 04:30:03 PDT Wed">
        <definition>FN: a quantity of mass or material covering a surface. </definition>
        <sentenceCount annotated="0" total="0"/>
        <lexeme order="1" headword="false" breakBefore="false" POS="N" name="layer"/>
    </lexUnit>
    <lexUnit status="Created" POS="N" name="level.n" ID="16423" lemmaID="22152" cBy="MLC" cDate="07/27/2011 04:32:05 PDT Wed">
        <definition>FN: a parition of vertical space of some material, quantity, or mass. </definition>
        <sentenceCount annotated="15" total="15"/>
        <lexeme order="1" headword="false" breakBefore="false" POS="N" name="level"/>
    </lexUnit>
</frame>