<?xml version="1.0" encoding="UTF-8" standalone="yes"?>
<?xml-stylesheet type="text/xsl" href="frame.xsl"?>
<frame cBy="JKR" cDate="06/27/2001 11:45:07 PDT Wed" name="Part_orientational" ID="143" xsi:schemaLocation="../schema/frame.xsd" xmlns="http://framenet.icsi.berkeley.edu" xmlns:xsi="http://www.w3.org/2001/XMLSchema-instance">
    <definition>&lt;def-root&gt;In this frame, there is a &lt;fen&gt;Part&lt;/fen&gt; of a &lt;fen&gt;Whole&lt;/fen&gt; in which the &lt;fen&gt;Part&lt;/fen&gt; is defined with respect to the canonical or inherent orientation of the &lt;fen&gt;Whole&lt;/fen&gt;. In cases where the &lt;t&gt;Target&lt;/t&gt; is an adjective, it has a special relationship with the noun that it modifies such that a phrase which is a syntactic argument of the noun is semantically available to fill the argument structure of the adjective, as in 

&lt;ex&gt;the &lt;t&gt;front&lt;/t&gt;  &lt;fex name="Part"&gt;row&lt;/fex&gt; &lt;fex name="Whole"&gt;of the class&lt;/fex&gt; &lt;/ex&gt;

&lt;ex&gt;The &lt;t&gt;top&lt;/t&gt;  &lt;fex name="Part"&gt;shelf&lt;/fex&gt; &lt;fex name="Whole"&gt;of the bookcase&lt;/fex&gt; was lying on the floor.&lt;/ex&gt;

&lt;ex&gt;The &lt;t&gt;&lt;fex name="Part"&gt;bottom&lt;/fex&gt;&lt;/t&gt; was missing.&lt;/ex&gt;

&lt;ex&gt;&lt;fex name="Whole"&gt;My&lt;/fex&gt; &lt;t&gt;left&lt;/t&gt;  &lt;fex name="Part"&gt;hand&lt;/fex&gt; was numb.&lt;/ex&gt;

&lt;ex&gt;He rested on the &lt;fex name="Whole"&gt;cliff&lt;/fex&gt;&lt;t&gt;&lt;fex name="Part"&gt;top&lt;/fex&gt;&lt;/t&gt;&lt;/ex&gt;


&lt;/def-root&gt;</definition>
    <semType name="Transparent Noun" ID="9"/>
    <FE bgColor="0000FF" fgColor="FFFFFF" coreType="Core" cBy="JKR" cDate="06/27/2001 12:09:38 PDT Wed" abbrev="" name="Part" ID="1110">
        <definition>&lt;def-root&gt;A piece of a larger &lt;fen&gt;Whole&lt;/fen&gt;.&lt;ex&gt;The &lt;t&gt;top&lt;/t&gt; &lt;fex name="Part"&gt;shelf&lt;/fex&gt; &lt;fex name="Whole"&gt;of the bookcase&lt;/fex&gt; was lying on the floor.&lt;/ex&gt;&lt;/def-root&gt;</definition>
    </FE>
    <FE bgColor="008000" fgColor="FFFFFF" coreType="Peripheral" cBy="JKR" cDate="06/27/2001 12:09:38 PDT Wed" abbrev="" name="Part_prop" ID="1111">
        <definition>&lt;def-root&gt;A property relating to the &lt;fen&gt;Part&lt;/fen&gt; of a &lt;fen&gt;Whole&lt;/fen&gt;.&lt;ex&gt;The &lt;fex name="Part_prop"&gt;white-painted&lt;/fex&gt; &lt;t&gt;&lt;fex name="Part"&gt;front&lt;/fex&gt;&lt;/t&gt; &lt;fex name="Whole"&gt;of the house&lt;/fex&gt; had 2 black doors.&lt;/ex&gt;&lt;/def-root&gt;</definition>
    </FE>
    <FE bgColor="FF0000" fgColor="FFFFFF" coreType="Core" cBy="JKR" cDate="06/27/2001 12:09:38 PDT Wed" abbrev="" name="Whole" ID="1112">
        <definition>&lt;def-root&gt;An undivided entity having all its &lt;fen&gt;Part&lt;/fen&gt;s.&lt;ex&gt;The show takes place in the &lt;t&gt;West&lt;/t&gt; &lt;fex name="Part"&gt;wing&lt;/fex&gt; &lt;fex name="Whole"&gt;of the White House&lt;/fex&gt;.&lt;/ex&gt;&lt;/def-root&gt;</definition>
    </FE>
    <frameRelation type="Inherits from">
        <relatedFrame ID="140">Part_whole</relatedFrame>
    </frameRelation>
    <frameRelation type="Is Inherited by"/>
    <frameRelation type="Perspective on"/>
    <frameRelation type="Is Perspectivized in"/>
    <frameRelation type="Uses"/>
    <frameRelation type="Is Used by">
        <relatedFrame ID="1470">Temporal_subregion</relatedFrame>
    </frameRelation>
    <frameRelation type="Subframe of"/>
    <frameRelation type="Has Subframe(s)"/>
    <frameRelation type="Precedes"/>
    <frameRelation type="Is Preceded by"/>
    <frameRelation type="Is Inchoative of"/>
    <frameRelation type="Is Causative of"/>
    <frameRelation type="See also"/>
    <lexUnit status="Finished_Initial" POS="N" name="top.n" ID="2772" lemmaID="40712" cBy="JKR" cDate="06/27/2001 12:09:58 PDT Wed">
        <definition>COD: the highest or uppermost point, part, or surface. </definition>
        <sentenceCount annotated="43" total="464"/>
        <lexeme order="1" headword="false" breakBefore="false" POS="N" name="top"/>
        <semType name="Top" ID="119"/>
    </lexUnit>
    <lexUnit status="Finished_Initial" POS="N" name="bottom.n" ID="2773" lemmaID="4283" cBy="JKR" cDate="06/27/2001 12:10:06 PDT Wed">
        <definition>COD: the lowest point, position, or part of something. </definition>
        <sentenceCount annotated="20" total="309"/>
        <lexeme order="1" headword="false" breakBefore="false" POS="N" name="bottom"/>
        <semType name="Bottom" ID="120"/>
    </lexUnit>
    <lexUnit status="Finished_Initial" POS="N" name="front.n" ID="2774" lemmaID="15539" cBy="JKR" cDate="06/27/2001 12:10:16 PDT Wed">
        <definition>COD: the side or part of an object that presents itself to view or that is normally seen or used first.</definition>
        <sentenceCount annotated="40" total="378"/>
        <lexeme order="1" headword="false" breakBefore="false" POS="N" name="front"/>
        <semType name="Landmark_front" ID="121"/>
    </lexUnit>
    <lexUnit status="Finished_Initial" POS="N" name="back.n" ID="2775" lemmaID="2588" cBy="JKR" cDate="06/27/2001 12:10:27 PDT Wed">
        <definition>COD: 2a the side or part of something away from the spectator or from the direction in which it moves or faces</definition>
        <sentenceCount annotated="25" total="204"/>
        <lexeme order="1" headword="false" breakBefore="false" POS="N" name="back"/>
        <semType name="Landmark_back" ID="122"/>
    </lexUnit>
    <lexUnit status="Finished_Initial" POS="N" name="side.n" ID="2776" lemmaID="35801" cBy="JKR" cDate="06/27/2001 12:10:43 PDT Wed">
        <definition>COD: a position to the left or right of an object, place, or central point.</definition>
        <sentenceCount annotated="54" total="330"/>
        <lexeme order="1" headword="false" breakBefore="false" POS="N" name="side"/>
        <semType name="Lateral" ID="114"/>
        <semType name="Not_up_or_down" ID="132"/>
    </lexUnit>
    <lexUnit status="Finished_Initial" POS="N" name="underside.n" ID="2778" lemmaID="41997" cBy="JKR" cDate="06/27/2001 12:12:29 PDT Wed">
        <definition>COD: the bottom or lower side or surface of something</definition>
        <sentenceCount annotated="16" total="103"/>
        <lexeme order="1" headword="false" breakBefore="false" POS="N" name="underside"/>
        <semType name="Bottom" ID="120"/>
    </lexUnit>
    <lexUnit status="Finished_Initial" POS="N" name="underbelly.n" ID="5728" lemmaID="41926" cBy="MJE" cDate="05/03/2002 03:43:19 PDT Fri">
        <definition>FN: the vulnerable underside of a body or mass</definition>
        <sentenceCount annotated="5" total="32"/>
        <lexeme order="1" headword="false" breakBefore="false" POS="N" name="underbelly"/>
    </lexUnit>
    <lexUnit status="Finished_Initial" POS="N" name="peak.n" ID="5729" lemmaID="28163" cBy="MJE" cDate="05/03/2002 04:07:59 PDT Fri">
        <definition>COD: the pointed top of a mountain.</definition>
        <sentenceCount annotated="12" total="94"/>
        <lexeme order="1" headword="false" breakBefore="false" POS="N" name="peak"/>
        <semType name="Top" ID="119"/>
    </lexUnit>
    <lexUnit status="Finished_Initial" POS="A" name="back.a" ID="5730" lemmaID="2590" cBy="MJE" cDate="05/03/2002 04:08:21 PDT Fri">
        <definition>COD: in the opposite direction from the one that one is facing or travelling towards. </definition>
        <sentenceCount annotated="17" total="204"/>
        <lexeme order="1" headword="false" breakBefore="false" POS="A" name="back"/>
        <semType name="Back" ID="113"/>
    </lexUnit>
    <lexUnit status="Finished_Initial" POS="A" name="top.a" ID="5731" lemmaID="40714" cBy="MJE" cDate="05/03/2002 04:08:48 PDT Fri">
        <definition>FN: situated in the highest position or at the highest point or part of an object.</definition>
        <sentenceCount annotated="17" total="260"/>
        <lexeme order="1" headword="false" breakBefore="false" POS="A" name="top"/>
        <semType name="Top" ID="119"/>
    </lexUnit>
    <lexUnit status="Finished_Initial" POS="A" name="bottom.a" ID="5732" lemmaID="45670" cBy="MJE" cDate="05/03/2002 04:09:24 PDT Fri">
        <definition>COD: in the lowest position. </definition>
        <sentenceCount annotated="14" total="234"/>
        <lexeme order="1" headword="false" breakBefore="false" POS="A" name="bottom"/>
        <semType name="Bottom" ID="120"/>
    </lexUnit>
    <lexUnit status="Finished_Initial" POS="N" name="apex.n" ID="5733" lemmaID="1649" cBy="MJE" cDate="05/03/2002 04:09:45 PDT Fri">
        <definition>COD: the top or highest part of something, especially one forming a point</definition>
        <sentenceCount annotated="20" total="141"/>
        <lexeme order="1" headword="false" breakBefore="false" POS="N" name="apex"/>
        <semType name="Top" ID="119"/>
    </lexUnit>
    <lexUnit status="Finished_Initial" POS="N" name="base.n" ID="5734" lemmaID="2969" cBy="MJE" cDate="05/03/2002 04:10:18 PDT Fri">
        <definition>COD: the lowest part or edge of something, especially the part on which it rests or is supported. </definition>
        <sentenceCount annotated="15" total="266"/>
        <lexeme order="1" headword="false" breakBefore="false" POS="N" name="base"/>
        <semType name="Bottom" ID="120"/>
    </lexUnit>
    <lexUnit status="Finished_Initial" POS="N" name="tip.n" ID="5735" lemmaID="40510" cBy="MJE" cDate="05/03/2002 04:10:38 PDT Fri">
        <definition>COD: the pointed or rounded extremity of something slender or tapering.</definition>
        <sentenceCount annotated="29" total="364"/>
        <lexeme order="1" headword="false" breakBefore="false" POS="N" name="tip"/>
    </lexUnit>
    <lexUnit status="Finished_Initial" POS="N" name="rear.n" ID="5736" lemmaID="32024" cBy="MJE" cDate="05/03/2002 06:00:26 PDT Fri">
        <definition>COD: the back or hindmost part of something. </definition>
        <sentenceCount annotated="23" total="190"/>
        <lexeme order="1" headword="false" breakBefore="false" POS="N" name="rear"/>
    </lexUnit>
    <lexUnit status="Finished_Initial" POS="N" name="foot.n" ID="5737" lemmaID="14963" cBy="MJE" cDate="05/03/2002 06:00:48 PDT Fri">
        <definition>COD: the lower or lowest part of something vertical; the base or bottom. </definition>
        <sentenceCount annotated="24" total="336"/>
        <lexeme order="1" headword="false" breakBefore="false" POS="N" name="foot"/>
        <semType name="Bottom" ID="120"/>
    </lexUnit>
    <lexUnit status="Finished_Initial" POS="N" name="face.n" ID="5738" lemmaID="13761" cBy="MJE" cDate="05/03/2002 06:01:18 PDT Fri">
        <definition>COD: the surface of a thing, especially one that is presented to the view or has a particular function.</definition>
        <sentenceCount annotated="29" total="292"/>
        <lexeme order="1" headword="false" breakBefore="false" POS="N" name="face"/>
    </lexUnit>
    <lexUnit status="Finished_Initial" POS="A" name="hind.a" ID="5739" lemmaID="18104" cBy="MJE" cDate="05/03/2002 06:44:22 PDT Fri">
        <definition>COD: attrib. (especially of a bodily part) situated at the back</definition>
        <sentenceCount annotated="12" total="86"/>
        <lexeme order="1" headword="false" breakBefore="false" POS="A" name="hind"/>
    </lexUnit>
    <lexUnit status="Finished_Initial" POS="A" name="rear.a" ID="5740" lemmaID="45671" cBy="MJE" cDate="05/03/2002 07:04:48 PDT Fri">
        <definition>COD: at the back.</definition>
        <sentenceCount annotated="22" total="231"/>
        <lexeme order="1" headword="false" breakBefore="false" POS="A" name="rear"/>
        <semType name="Landmark_back" ID="122"/>
    </lexUnit>
    <lexUnit status="Finished_Initial" POS="N" name="heart.n" ID="5742" lemmaID="17683" cBy="MJE" cDate="05/07/2002 05:50:33 PDT Tue">
        <definition>COD: the central, innermost, or vital part of something.</definition>
        <sentenceCount annotated="16" total="191"/>
        <lexeme order="1" headword="false" breakBefore="false" POS="N" name="heart"/>
    </lexUnit>
    <lexUnit status="Finished_Initial" POS="N" name="left.n" ID="5745" lemmaID="22002" cBy="MJE" cDate="05/07/2002 07:02:41 PDT Tue">
        <definition>COD: the left-hand part, side, or direction. </definition>
        <sentenceCount annotated="19" total="235"/>
        <lexeme order="1" headword="false" breakBefore="false" POS="N" name="left"/>
        <semType name="Landmark_left" ID="123"/>
        <semType name="Viewpoint_leftward" ID="137"/>
    </lexUnit>
    <lexUnit status="Finished_Initial" POS="A" name="left.a" ID="5746" lemmaID="22003" cBy="MJE" cDate="05/07/2002 07:02:59 PDT Tue">
        <definition>COD: on, towards, or relating to the side of a human body or of a thing which is to the west when the person or thing is facing north. </definition>
        <sentenceCount annotated="13" total="239"/>
        <lexeme order="1" headword="false" breakBefore="false" POS="A" name="left"/>
        <semType name="Landmark_left" ID="123"/>
        <semType name="Viewpoint_leftward" ID="137"/>
    </lexUnit>
    <lexUnit status="Finished_Initial" POS="A" name="right.a" ID="5747" lemmaID="33250" cBy="MJE" cDate="05/07/2002 07:07:21 PDT Tue">
        <definition>COD: on, towards, or relating to the side of a human body or of a thing which is to the east when the person or thing is facing north. </definition>
        <sentenceCount annotated="11" total="277"/>
        <lexeme order="1" headword="false" breakBefore="false" POS="A" name="right"/>
        <semType name="Landmark_right" ID="124"/>
        <semType name="Viewpoint_rightward" ID="138"/>
    </lexUnit>
    <lexUnit status="Finished_Initial" POS="N" name="right.n" ID="5748" lemmaID="33248" cBy="MJE" cDate="05/07/2002 07:07:57 PDT Tue">
        <definition>COD: the right-hand part, side, or direction. </definition>
        <sentenceCount annotated="6" total="269"/>
        <lexeme order="1" headword="false" breakBefore="false" POS="N" name="right"/>
        <semType name="Landmark_right" ID="124"/>
        <semType name="Viewpoint_rightward" ID="138"/>
    </lexUnit>
    <lexUnit status="Finished_Initial" POS="N" name="crest.n" ID="5819" lemmaID="8913" cBy="ACW" cDate="05/28/2002 04:25:36 PDT Tue">
        <definition>COD: the top of a ridge, wave, etc. </definition>
        <sentenceCount annotated="21" total="220"/>
        <lexeme order="1" headword="false" breakBefore="false" POS="N" name="crest"/>
    </lexUnit>
    <lexUnit status="Finished_Initial" POS="N" name="summit.n" ID="5820" lemmaID="38774" cBy="ACW" cDate="05/28/2002 04:32:06 PDT Tue">
        <definition>FN: the highest point of a location (other than a mountain)</definition>
        <sentenceCount annotated="10" total="231"/>
        <lexeme order="1" headword="false" breakBefore="false" POS="N" name="summit"/>
        <semType name="Top" ID="119"/>
    </lexUnit>
    <lexUnit status="Finished_Initial" POS="A" name="east.a" ID="5821" lemmaID="12126" cBy="ACW" cDate="05/28/2002 04:36:39 PDT Tue">
        <definition>COD: lying towards, near, or facing the east. </definition>
        <sentenceCount annotated="32" total="198"/>
        <lexeme order="1" headword="false" breakBefore="false" POS="A" name="east"/>
        <semType name="East" ID="128"/>
    </lexUnit>
    <lexUnit status="Finished_Initial" POS="A" name="west.a" ID="5822" lemmaID="43819" cBy="ACW" cDate="05/28/2002 04:37:30 PDT Tue">
        <definition>COD: lying towards, near, or facing the west. </definition>
        <sentenceCount annotated="45" total="230"/>
        <lexeme order="1" headword="false" breakBefore="false" POS="A" name="west"/>
        <semType name="West" ID="129"/>
    </lexUnit>
    <lexUnit status="Finished_Initial" POS="A" name="north.a" ID="5823" lemmaID="26106" cBy="ACW" cDate="05/28/2002 04:38:02 PDT Tue">
        <definition>COD: lying towards, near, or facing the north</definition>
        <sentenceCount annotated="32" total="226"/>
        <lexeme order="1" headword="false" breakBefore="false" POS="A" name="north"/>
        <semType name="North" ID="126"/>
    </lexUnit>
    <lexUnit status="Finished_Initial" POS="A" name="south.a" ID="5824" lemmaID="37069" cBy="ACW" cDate="05/28/2002 04:38:26 PDT Tue">
        <definition>COD: lying towards, near, or facing the south. </definition>
        <sentenceCount annotated="38" total="202"/>
        <lexeme order="1" headword="false" breakBefore="false" POS="A" name="south"/>
        <semType name="South" ID="127"/>
    </lexUnit>
    <lexUnit status="Finished_Initial" POS="A" name="southern.a" ID="5871" lemmaID="37081" cBy="ACW" cDate="05/30/2002 11:21:40 PDT Thu">
        <definition>COD: situated, directed towards, or facing the south. </definition>
        <sentenceCount annotated="65" total="236"/>
        <lexeme order="1" headword="false" breakBefore="false" POS="A" name="southern"/>
        <semType name="South" ID="127"/>
    </lexUnit>
    <lexUnit status="Finished_Initial" POS="A" name="northern.a" ID="5872" lemmaID="26117" cBy="ACW" cDate="05/30/2002 11:27:17 PDT Thu">
        <definition>COD: situated in, directed towards, or facing the north. </definition>
        <sentenceCount annotated="49" total="225"/>
        <lexeme order="1" headword="false" breakBefore="false" POS="A" name="northern"/>
        <semType name="North" ID="126"/>
    </lexUnit>
    <lexUnit status="Finished_Initial" POS="A" name="northernmost.a" ID="5873" lemmaID="26119" cBy="ACW" cDate="05/30/2002 11:31:16 PDT Thu">
        <definition>FN: situated in the most northern position or direction</definition>
        <sentenceCount annotated="8" total="29"/>
        <lexeme order="1" headword="false" breakBefore="false" POS="A" name="northernmost"/>
        <semType name="North" ID="126"/>
    </lexUnit>
    <lexUnit status="Finished_Initial" POS="A" name="southernmost.a" ID="5874" lemmaID="37083" cBy="ACW" cDate="05/30/2002 11:31:34 PDT Thu">
        <definition>FN: situated in the most southern position or direction</definition>
        <sentenceCount annotated="6" total="29"/>
        <lexeme order="1" headword="false" breakBefore="false" POS="A" name="southernmost"/>
        <semType name="South" ID="127"/>
    </lexUnit>
    <lexUnit status="Finished_Initial" POS="A" name="eastern.a" ID="5875" lemmaID="12131" cBy="ACW" cDate="05/30/2002 11:33:03 PDT Thu">
        <definition>COD: situated in, directed towards, or facing the east. </definition>
        <sentenceCount annotated="48" total="232"/>
        <lexeme order="1" headword="false" breakBefore="false" POS="A" name="eastern"/>
        <semType name="East" ID="128"/>
    </lexUnit>
    <lexUnit status="Finished_Initial" POS="A" name="easternmost.a" ID="5876" lemmaID="12133" cBy="ACW" cDate="05/30/2002 11:34:45 PDT Thu">
        <definition>FN: situated in the most eastern position or direction</definition>
        <sentenceCount annotated="8" total="110"/>
        <lexeme order="1" headword="false" breakBefore="false" POS="A" name="easternmost"/>
        <semType name="East" ID="128"/>
    </lexUnit>
    <lexUnit status="Finished_Initial" POS="A" name="western.a" ID="5877" lemmaID="43826" cBy="ACW" cDate="05/30/2002 11:35:54 PDT Thu">
        <definition>COD: situated in, directed towards, or facing the west. </definition>
        <sentenceCount annotated="49" total="220"/>
        <lexeme order="1" headword="false" breakBefore="false" POS="A" name="western"/>
        <semType name="West" ID="129"/>
    </lexUnit>
    <lexUnit status="Finished_Initial" POS="A" name="westernmost.a" ID="5878" lemmaID="43830" cBy="ACW" cDate="05/30/2002 11:37:42 PDT Thu">
        <definition>FN: situated in the most western position or direction</definition>
        <sentenceCount annotated="5" total="6"/>
        <lexeme order="1" headword="false" breakBefore="false" POS="A" name="westernmost"/>
        <semType name="West" ID="129"/>
    </lexUnit>
    <lexUnit status="Finished_Initial" POS="N" name="north.n" ID="6077" lemmaID="26104" cBy="ACW" cDate="06/11/2002 09:14:49 PDT Tue">
        <definition>COD: the northern part of a country, region, or town. </definition>
        <sentenceCount annotated="16" total="312"/>
        <lexeme order="1" headword="false" breakBefore="false" POS="N" name="north"/>
        <semType name="North" ID="126"/>
    </lexUnit>
    <lexUnit status="Finished_Initial" POS="N" name="south.n" ID="6078" lemmaID="37067" cBy="ACW" cDate="06/11/2002 09:16:13 PDT Tue">
        <definition>COD: the southern part of a country, region, or town. </definition>
        <sentenceCount annotated="15" total="268"/>
        <lexeme order="1" headword="false" breakBefore="false" POS="N" name="south"/>
        <semType name="South" ID="127"/>
    </lexUnit>
    <lexUnit status="Finished_Initial" POS="N" name="west.n" ID="6079" lemmaID="43818" cBy="ACW" cDate="06/11/2002 09:17:21 PDT Tue">
        <definition>COD: the west of a country, region, or town. </definition>
        <sentenceCount annotated="13" total="294"/>
        <lexeme order="1" headword="false" breakBefore="false" POS="N" name="west"/>
        <semType name="West" ID="129"/>
    </lexUnit>
    <lexUnit status="Finished_Initial" POS="N" name="east.n" ID="6080" lemmaID="12124" cBy="ACW" cDate="06/11/2002 09:18:22 PDT Tue">
        <definition>COD: the eastern part of a country, region, or town. </definition>
        <sentenceCount annotated="15" total="261"/>
        <lexeme order="1" headword="false" breakBefore="false" POS="N" name="east"/>
        <semType name="East" ID="128"/>
    </lexUnit>
    <lexUnit status="Created" POS="N" name="northwest.n" ID="14363" lemmaID="26128" cBy="KmG" cDate="04/06/2007 04:16:12 PDT Fri">
        <definition>COD: the north-western part of a country, region, or town.</definition>
        <sentenceCount annotated="2" total="2"/>
        <lexeme order="1" headword="false" breakBefore="false" POS="N" name="northwest"/>
        <semType name="North" ID="126"/>
        <semType name="West" ID="129"/>
    </lexUnit>
    <lexUnit status="Created" POS="N" name="north-south.n" ID="14393" lemmaID="50665" cBy="KmG" cDate="04/11/2007 03:41:41 PDT Wed">
        <definition>FN: between the northern and the southern parts.</definition>
        <sentenceCount annotated="1" total="1"/>
        <lexeme order="1" headword="true" breakBefore="false" POS="N" name="north-south"/>
    </lexUnit>
    <lexUnit status="Created" POS="A" name="front.a" ID="17256" lemmaID="15541" cBy="CVa" cDate="01/22/2013 05:24:23 PST Tue">
        <definition>FN: of or at the part of an object that is normally seen or used first</definition>
        <sentenceCount annotated="1" total="1"/>
        <lexeme order="1" headword="false" breakBefore="false" POS="A" name="front"/>
        <semType name="Landmark_front" ID="121"/>
    </lexUnit>
</frame>