<?xml version="1.0" encoding="UTF-8" standalone="yes"?>
<?xml-stylesheet type="text/xsl" href="frame.xsl"?>
<frame cBy="JKR" cDate="12/01/2005 06:42:32 PST Thu" name="Passing_off" ID="1671" xsi:schemaLocation="../schema/frame.xsd" xmlns="http://framenet.icsi.berkeley.edu" xmlns:xsi="http://www.w3.org/2001/XMLSchema-instance">
    <definition>&lt;def-root&gt;An &lt;fen&gt;Agent&lt;/fen&gt; acts in such a way as to cause others to think that an &lt;fen&gt;Item&lt;/fen&gt; is an instance of a particular kind of &lt;fen&gt;Simulated_entity&lt;/fen&gt;.

&lt;ex&gt;&lt;fex name="agt"&gt;He&lt;/fex&gt; had, under the name of Armitage, &lt;t&gt;passed&lt;/t&gt; &lt;fex name="Item"&gt;her&lt;/fex&gt; &lt;t&gt;off&lt;/t&gt; &lt;fex name="Simulated_entity"&gt;as a member of one of
the most distinguished families of the capital&lt;/fex&gt;.&lt;/ex&gt;

&lt;ex&gt;He undoubtedly believes you are &lt;fex name="agt"&gt;the impostor&lt;/fex&gt; &lt;fex name="agt"&gt;who&lt;/fex&gt; &lt;t&gt;palmed&lt;/t&gt; &lt;fex name="Item"&gt;himself&lt;/fex&gt; &lt;t&gt;off&lt;/t&gt; at Bar Harbor
&lt;fex name="Simulated_entity"&gt;as the Baron von Kissel&lt;/fex&gt;.&lt;/ex&gt;

&lt;ex&gt;Knowing his likeness to the family of Lord Polperro &lt;fex name="agt"&gt;she&lt;/fex&gt; &lt;t&gt;palmed&lt;/t&gt; &lt;fex name="Item"&gt;him&lt;/fex&gt; &lt;t&gt;off&lt;/t&gt; &lt;fex name="Audience"&gt;on them&lt;/fex&gt; &lt;fex name="Simulated_entity"&gt;as a distant relative&lt;/fex&gt;.&lt;/ex&gt;&lt;/def-root&gt;</definition>
    <FE bgColor="FF0000" fgColor="FFFFFF" coreType="Core" cBy="JKR" cDate="12/01/2005 06:42:32 PST Thu" abbrev="agt" name="Agent" ID="9513">
        <definition>&lt;def-root&gt;The &lt;fen&gt;Agent&lt;/fen&gt; is the person who acts in a misleading way to create the impression that the &lt;fen&gt;Item&lt;/fen&gt; is a particular (kind of) &lt;fen&gt;Simulated_entity&lt;/fen&gt;.

&lt;ex&gt;Most recently, &lt;fex name="agt"&gt;Grant Palmer&lt;/fex&gt; has &lt;t&gt;palmed&lt;/t&gt; himself &lt;t&gt;off&lt;/t&gt; as a high-placed "insider" in
the Church.&lt;/ex&gt;&lt;/def-root&gt;</definition>
        <semType name="Sentient" ID="5"/>
    </FE>
    <FE bgColor="FF00FF" fgColor="FFFFFF" coreType="Peripheral" cBy="JKR" cDate="12/01/2005 06:42:32 PST Thu" abbrev="Manr" name="Manner" ID="9514">
        <definition>&lt;def-root&gt;Any description of the passing off event which is not covered by more specific FEs, including general descriptions comparing events (the same way) and salient characteristics of an Agent that also affect the action (&lt;ment&gt;deliberately&lt;/ment&gt;, &lt;ment&gt;eagerly&lt;/ment&gt;).&lt;/def-root&gt;</definition>
        <semType name="Manner" ID="173"/>
    </FE>
    <FE bgColor="0000FF" fgColor="FFFFFF" coreType="Peripheral" cBy="JKR" cDate="12/01/2005 06:42:32 PST Thu" abbrev="Mns" name="Means" ID="9515">
        <definition>&lt;def-root&gt;An intentional action performed by the &lt;fen&gt;Agent&lt;/fen&gt; that contributes to the &lt;fen&gt;Item&lt;/fen&gt; being perceived as a (particular kind of) &lt;fen&gt;Simulated_entity&lt;/fen&gt;.
&lt;/def-root&gt;</definition>
        <semType name="State_of_affairs" ID="177"/>
    </FE>
    <FE bgColor="0000FF" fgColor="FFFFFF" coreType="Core" cBy="JKR" cDate="12/01/2005 06:42:32 PST Thu" abbrev="ite" name="Item" ID="9516">
        <definition>&lt;def-root&gt;The &lt;fen&gt;Item&lt;/fen&gt; is the concrete or abstract entity that the Agent misleadingly represents as a particular (kind of) &lt;fen&gt;Entity&lt;/fen&gt;.

&lt;ex&gt;From all reports Muhammad &lt;t&gt;passed&lt;/t&gt; &lt;fex name="Item"&gt;the child&lt;/fex&gt; &lt;t&gt;off&lt;/t&gt; as his son and behaved accordingly.&lt;/ex&gt;&lt;/def-root&gt;</definition>
    </FE>
    <FE bgColor="800080" fgColor="FFFFFF" coreType="Peripheral" cBy="JKR" cDate="12/01/2005 06:42:32 PST Thu" abbrev="pur" name="Purpose" ID="9517">
        <definition>&lt;def-root&gt;An action that the &lt;fen&gt;Agent&lt;/fen&gt; intends to accomplish by passing the &lt;fen&gt;Item&lt;/fen&gt; off as a (particular kind of) &lt;fen&gt;Simulated_entity&lt;/fen&gt;.
&lt;/def-root&gt;</definition>
        <semType name="State_of_affairs" ID="177"/>
    </FE>
    <FE bgColor="2E8B57" fgColor="FFFFFF" coreType="Extra-Thematic" cBy="JKR" cDate="12/01/2005 06:42:32 PST Thu" abbrev="exp" name="Explanation" ID="9518">
        <definition>&lt;def-root&gt;The &lt;fen&gt;Explanation&lt;/fen&gt; denotes a proposition from which the passing-off event logically follows. 
&lt;/def-root&gt;</definition>
        <semType name="State_of_affairs" ID="177"/>
    </FE>
    <FE bgColor="008000" fgColor="FFFFFF" coreType="Core" cBy="JKR" cDate="12/01/2005 06:50:56 PST Thu" abbrev="ent" name="Simulated_entity" ID="9519">
        <definition>&lt;def-root&gt;The &lt;fen&gt;Simulated_entity&lt;/fen&gt; is a particular individual or a token of a particular type that the &lt;fen&gt;Item&lt;/fen&gt; is represented as.

&lt;ex&gt;The colleague who stole your idea and &lt;t&gt;passed&lt;/t&gt; it &lt;t&gt;off&lt;/t&gt; &lt;fex name="Simulated_entity"&gt;as her own&lt;/fex&gt;? &lt;/ex&gt;&lt;/def-root&gt;</definition>
    </FE>
    <FE bgColor="FFA500" fgColor="FFFFFF" coreType="Peripheral" cBy="JKR" cDate="12/01/2005 07:00:07 PST Thu" abbrev="pla" name="Place" ID="9520">
        <definition>&lt;def-root&gt;The &lt;fen&gt;Place&lt;/fen&gt; is the location that is the setting for the passing off event.

&lt;ex&gt;&lt;fex name="Place"&gt;In London&lt;/fex&gt; she &lt;t&gt;passed&lt;/t&gt; herself &lt;t&gt;off&lt;/t&gt; as a rich American heiress.&lt;/ex&gt;&lt;/def-root&gt;</definition>
        <semType name="Locative_relation" ID="182"/>
    </FE>
    <FE bgColor="A52A2A" fgColor="FFFFFF" coreType="Core-Unexpressed" cBy="JKR" cDate="12/01/2005 07:02:08 PST Thu" abbrev="aud" name="Audience" ID="9521">
        <definition>&lt;def-root&gt;The &lt;fen&gt;Audience&lt;/fen&gt; denotes the people that the &lt;fen&gt;Agent&lt;/fen&gt; intends to mislead into thinking that the &lt;fen&gt;Item&lt;/fen&gt; is a particular (kind of) &lt;fen&gt;Simulated_entity&lt;/fen&gt;.

&lt;ex&gt;Ritchie &lt;t&gt;passed&lt;/t&gt; it &lt;t&gt;off&lt;/t&gt; &lt;fex name="Audience"&gt;to them&lt;/fex&gt; as his own original thinking.&lt;/ex&gt;&lt;/def-root&gt;</definition>
    </FE>
    <FE bgColor="A9A9A9" fgColor="FFFFFF" coreType="Peripheral" cBy="MJE" cDate="08/15/2006 10:29:38 PDT Tue" abbrev="tim" name="Time" ID="10474">
        <definition>&lt;def-root&gt;The time at which the &lt;fen&gt;Agent&lt;/fen&gt; gives the impression that the &lt;fen&gt;Item&lt;/fen&gt; is the &lt;fen&gt;Simulated_entity&lt;/fen&gt;.&lt;/def-root&gt;</definition>
    </FE>
    <frameRelation type="Inherits from">
        <relatedFrame ID="198">Intentionally_act</relatedFrame>
    </frameRelation>
    <frameRelation type="Is Inherited by">
        <relatedFrame ID="1670">Posing_as</relatedFrame>
    </frameRelation>
    <frameRelation type="Perspective on"/>
    <frameRelation type="Is Perspectivized in"/>
    <frameRelation type="Uses"/>
    <frameRelation type="Is Used by"/>
    <frameRelation type="Subframe of"/>
    <frameRelation type="Has Subframe(s)"/>
    <frameRelation type="Precedes"/>
    <frameRelation type="Is Preceded by"/>
    <frameRelation type="Is Inchoative of"/>
    <frameRelation type="Is Causative of"/>
    <frameRelation type="See also"/>
    <lexUnit status="Rules_Defined" POS="V" name="pass off.v" ID="13024" lemmaID="50300" cBy="JKR" cDate="12/01/2005 06:47:33 PST Thu">
        <definition>COD: falsely represent something as.</definition>
        <sentenceCount annotated="0" total="0"/>
        <lexeme order="1" headword="true" breakBefore="false" POS="V" name="pass"/>
        <lexeme order="2" headword="false" breakBefore="true" POS="ADV" name="off"/>
    </lexUnit>
    <lexUnit status="Created" POS="V" name="palm off.v" ID="13025" lemmaID="50301" cBy="JKR" cDate="12/01/2005 06:48:34 PST Thu">
        <definition>COD: sell or dispose of something by misrepresentation or fraud.</definition>
        <sentenceCount annotated="0" total="0"/>
        <lexeme order="1" headword="true" breakBefore="false" POS="V" name="palm"/>
        <lexeme order="2" headword="false" breakBefore="true" POS="ADV" name="off"/>
    </lexUnit>
</frame>