<?xml version="1.0" encoding="UTF-8" standalone="yes"?>
<?xml-stylesheet type="text/xsl" href="frame.xsl"?>
<frame cBy="JKR" cDate="04/08/2004 06:12:56 PDT Thu" name="People_by_vocation" ID="1071" xsi:schemaLocation="../schema/frame.xsd" xmlns="http://framenet.icsi.berkeley.edu" xmlns:xsi="http://www.w3.org/2001/XMLSchema-instance">
    <definition>&lt;def-root&gt;This frame contains  words for Individuals as viewed in terms of their vocation. 

The &lt;fen&gt;Person&lt;/fen&gt; is conceived of as independent of other specific individuals with whom they have relationships and independent of their participation in any particular activity. They may have a &lt;fen&gt;Descriptor&lt;/fen&gt;, &lt;fen&gt;Origin&lt;/fen&gt;, &lt;fen&gt;Persistent_characteristic&lt;/fen&gt;, or &lt;fen&gt;Ethnicity&lt;/fen&gt;. A specific &lt;fen&gt;Age&lt;/fen&gt; may sometimes be specified as well.

&lt;ex&gt;&lt;fex name="Person"&gt;Humphrey Bogart&lt;/fex&gt; was a &lt;fex name="Descriptor"&gt;great&lt;/fex&gt; &lt;t&gt;actor&lt;/t&gt;.&lt;/ex&gt;&lt;/def-root&gt;</definition>
    <FE bgColor="0000FF" fgColor="FFFFFF" coreType="Peripheral" cBy="JKR" cDate="04/08/2004 06:12:56 PDT Thu" abbrev="Ori" name="Origin" ID="6262">
        <definition>&lt;def-root&gt;The &lt;fen&gt;Origin&lt;/fen&gt; is the place where the &lt;fen&gt;Person&lt;/fen&gt; was born or lived a salient part of her or his life.&lt;/def-root&gt;</definition>
    </FE>
    <FE bgColor="FF0000" fgColor="FFFFFF" coreType="Core" cBy="JKR" cDate="04/08/2004 06:12:56 PDT Thu" abbrev="Person" name="Person" ID="6263">
        <definition>&lt;def-root&gt;The &lt;fen&gt;Person&lt;/fen&gt; is the human being.&lt;/def-root&gt;</definition>
        <semType name="Human" ID="80"/>
    </FE>
    <FE bgColor="006400" fgColor="FFFFFF" coreType="Extra-Thematic" cBy="JKR" cDate="04/08/2004 06:12:56 PDT Thu" abbrev="Pers_char" name="Persistent_characteristic" ID="6264">
        <definition>&lt;def-root&gt;The &lt;fen&gt;Persistent_characteristic&lt;/fen&gt; is a physiological characteristic or personality trait of the &lt;fen&gt;Person&lt;/fen&gt; which is concieved of as persisting over time.&lt;/def-root&gt;</definition>
    </FE>
    <FE bgColor="00BFFF" fgColor="FFFFFF" coreType="Extra-Thematic" cBy="JKR" cDate="04/08/2004 06:12:56 PDT Thu" abbrev="Desc" name="Descriptor" ID="6265">
        <definition>&lt;def-root&gt;The &lt;fen&gt;Descriptor&lt;/fen&gt; is a temporary condition of the &lt;fen&gt;Person&lt;/fen&gt;.&lt;/def-root&gt;</definition>
    </FE>
    <FE bgColor="00008B" fgColor="FFFFFF" coreType="Peripheral" cBy="JKR" cDate="04/08/2004 06:12:56 PDT Thu" abbrev="Age" name="Age" ID="6266">
        <definition>&lt;def-root&gt;The &lt;fen&gt;Age&lt;/fen&gt; is the length of time the &lt;fen&gt;Person&lt;/fen&gt; has been alive.&lt;/def-root&gt;</definition>
    </FE>
    <FE bgColor="800080" fgColor="FFFFFF" coreType="Peripheral" cBy="JKR" cDate="04/08/2004 06:12:56 PDT Thu" abbrev="Eth" name="Ethnicity" ID="6267">
        <definition>&lt;def-root&gt;The &lt;fen&gt;Ethnicity&lt;/fen&gt; is the religious, racial, national, socio-economic or cultural group to which the &lt;fen&gt;Person&lt;/fen&gt; belongs.&lt;/def-root&gt;</definition>
    </FE>
    <FE bgColor="FFA500" fgColor="000000" coreType="Extra-Thematic" cBy="JKR" cDate="04/08/2004 06:12:56 PDT Thu" abbrev="coa" name="Context_of_acquaintance" ID="6268">
        <definition>&lt;def-root&gt;An expression indicating the context with which the &lt;fen&gt;Person&lt;/fen&gt; is associated.

&lt;ex&gt;Is she the &lt;t&gt;actress&lt;/t&gt; &lt;fex name="coa"&gt;from the movie we saw last night&lt;/fex&gt;?&lt;/ex&gt;&lt;/def-root&gt;</definition>
    </FE>
    <FE bgColor="7CCD7C" fgColor="FFFFFF" coreType="Peripheral" cBy="JKR" cDate="04/08/2004 06:33:42 PDT Thu" abbrev="rnk" name="Rank" ID="6269">
        <definition>&lt;def-root&gt;&lt;fen&gt;Rank&lt;/fen&gt; is the position in a hierarchy that a &lt;fen&gt;Person&lt;/fen&gt; occupies within an organization.
 	
&lt;ex&gt;Robin is the &lt;fex name="rnk"&gt;head&lt;/fex&gt; &lt;t&gt;waitress&lt;/t&gt; at La Notte.&lt;/ex&gt;
 &lt;/def-root&gt;</definition>
    </FE>
    <FE bgColor="FF00FF" fgColor="FFFFFF" coreType="Peripheral" cBy="JKR" cDate="04/08/2004 06:47:01 PDT Thu" abbrev="poe" name="Place_of_employment" ID="6272">
        <definition>&lt;def-root&gt;This FE identifies the Place where the &lt;fen&gt;Person&lt;/fen&gt; works.&lt;/def-root&gt;</definition>
    </FE>
    <FE bgColor="1E90FF" fgColor="FFFFFF" coreType="Peripheral" cBy="JKR" cDate="04/08/2004 06:49:23 PDT Thu" abbrev="" name="Employer" ID="6273">
        <definition>&lt;def-root&gt;The &lt;fen&gt;Employer&lt;/fen&gt; gives compensation to an &lt;fen&gt;Person&lt;/fen&gt; for their work.&lt;/def-root&gt;</definition>
    </FE>
    <FE bgColor="A52A2A" fgColor="FFFFFF" coreType="Peripheral" cBy="JKR" cDate="04/08/2004 06:51:38 PDT Thu" abbrev="typ" name="Type" ID="6274">
        <definition>&lt;def-root&gt;This FE identifies the &lt;fen&gt;Type&lt;/fen&gt; of the vocation that the &lt;fen&gt;Person&lt;/fen&gt; practices.&lt;/def-root&gt;</definition>
    </FE>
    <FE bgColor="9400D3" fgColor="FFFFFF" coreType="Peripheral" cBy="JKR" cDate="04/09/2004 03:41:50 PDT Fri" abbrev="com" name="Compensation" ID="6280">
        <definition>&lt;def-root&gt;The &lt;fen&gt;Compensation&lt;/fen&gt; is the payment that the &lt;fen&gt;Person&lt;/fen&gt; receives for performing a task.&lt;/def-root&gt;</definition>
    </FE>
    <FE bgColor="d0d0d0" fgColor="000000" coreType="Peripheral" cBy="JKR" cDate="04/09/2004 03:54:06 PDT Fri" abbrev="cb" name="Contract_basis" ID="6281">
        <definition>&lt;def-root&gt;The &lt;fen&gt;Contract_basis&lt;/fen&gt; describes the conditions of employment with respect to permanency, hours per time period, or payment basis.

&lt;ex&gt;Smithers is a &lt;fex name="cb"&gt;half-time&lt;/fex&gt; &lt;t&gt;clerk&lt;/t&gt; for Procteur et Gamble &lt;/ex&gt;&lt;/def-root&gt;</definition>
    </FE>
    <frameRelation type="Inherits from">
        <relatedFrame ID="304">People</relatedFrame>
    </frameRelation>
    <frameRelation type="Is Inherited by">
        <relatedFrame ID="1080">Performers</relatedFrame>
        <relatedFrame ID="255">Medical_professionals</relatedFrame>
        <relatedFrame ID="2670">Member_of_military</relatedFrame>
        <relatedFrame ID="2678">Representative</relatedFrame>
    </frameRelation>
    <frameRelation type="Perspective on"/>
    <frameRelation type="Is Perspectivized in"/>
    <frameRelation type="Uses"/>
    <frameRelation type="Is Used by"/>
    <frameRelation type="Subframe of"/>
    <frameRelation type="Has Subframe(s)"/>
    <frameRelation type="Precedes"/>
    <frameRelation type="Is Preceded by"/>
    <frameRelation type="Is Inchoative of"/>
    <frameRelation type="Is Causative of"/>
    <frameRelation type="See also"/>
    <lexUnit status="Created" POS="N" name="politician.n" ID="10397" lemmaID="29612" cBy="JKR" cDate="04/08/2004 06:28:56 PDT Thu">
        <definition>COD: a person who is professionally involved in politics, especially as a holder of an elected office</definition>
        <sentenceCount annotated="4" total="4"/>
        <lexeme order="1" headword="false" breakBefore="false" POS="N" name="politician"/>
    </lexUnit>
    <lexUnit status="Created" POS="N" name="farmer.n" ID="10398" lemmaID="13955" cBy="JKR" cDate="04/08/2004 06:29:34 PDT Thu">
        <definition>COD: a person who owns or manages a farm.</definition>
        <sentenceCount annotated="1" total="1"/>
        <lexeme order="1" headword="false" breakBefore="false" POS="N" name="farmer"/>
    </lexUnit>
    <lexUnit status="Created" POS="N" name="attendant.n" ID="10399" lemmaID="2294" cBy="JKR" cDate="04/08/2004 06:38:36 PDT Thu">
        <definition>COD:  person employed to provide a service to the public.</definition>
        <sentenceCount annotated="39" total="190"/>
        <lexeme order="1" headword="false" breakBefore="false" POS="N" name="attendant"/>
    </lexUnit>
    <lexUnit status="Created" POS="N" name="clerk.n" ID="10400" lemmaID="6762" cBy="JKR" cDate="04/08/2004 07:03:15 PDT Thu">
        <definition>COD: a person employed in an office or bank to keep records or accounts and to undertake other routine administrative duties.</definition>
        <sentenceCount annotated="48" total="384"/>
        <lexeme order="1" headword="false" breakBefore="false" POS="N" name="clerk"/>
    </lexUnit>
    <lexUnit status="Created" POS="N" name="consultant.n" ID="10410" lemmaID="8000" cBy="JKR" cDate="04/09/2004 03:31:34 PDT Fri">
        <definition>COD: a person who provides expert advice professionally.</definition>
        <sentenceCount annotated="44" total="466"/>
        <lexeme order="1" headword="false" breakBefore="false" POS="N" name="consultant"/>
    </lexUnit>
    <lexUnit status="Created" POS="N" name="gardener.n" ID="10411" lemmaID="15914" cBy="JKR" cDate="04/09/2004 04:00:57 PDT Fri">
        <definition>FN: somebody who works on the planting and upkeep of gardens, parks, etc.</definition>
        <sentenceCount annotated="34" total="211"/>
        <lexeme order="1" headword="false" breakBefore="false" POS="N" name="gardener"/>
    </lexUnit>
    <lexUnit status="Created" POS="N" name="lawyer.n" ID="10412" lemmaID="21866" cBy="JKR" cDate="04/09/2004 04:32:35 PDT Fri">
        <definition>COD: a person who practises or studies law, especially (in the UK) a solicitor or a barrister or (in the US) an attorney. </definition>
        <sentenceCount annotated="54" total="332"/>
        <lexeme order="1" headword="false" breakBefore="false" POS="N" name="lawyer"/>
    </lexUnit>
    <lexUnit status="Created" POS="N" name="maid.n" ID="10413" lemmaID="23167" cBy="JKR" cDate="04/09/2004 05:47:09 PDT Fri">
        <definition>COD: a female domestic servant.</definition>
        <sentenceCount annotated="38" total="260"/>
        <lexeme order="1" headword="false" breakBefore="false" POS="N" name="maid"/>
    </lexUnit>
    <lexUnit status="Created" POS="N" name="manager.n" ID="10414" lemmaID="23321" cBy="JKR" cDate="04/09/2004 05:50:59 PDT Fri">
        <definition>COD: a person who manages an organization or group of staff.</definition>
        <sentenceCount annotated="48" total="727"/>
        <lexeme order="1" headword="false" breakBefore="false" POS="N" name="manager"/>
    </lexUnit>
    <lexUnit status="Created" POS="N" name="professor.n" ID="10415" lemmaID="30604" cBy="JKR" cDate="04/09/2004 05:53:24 PDT Fri">
        <definition>COD: a university teacher. </definition>
        <sentenceCount annotated="46" total="356"/>
        <lexeme order="1" headword="false" breakBefore="false" POS="N" name="professor"/>
    </lexUnit>
    <lexUnit status="Created" POS="N" name="receptionist.n" ID="10416" lemmaID="32104" cBy="JKR" cDate="04/09/2004 05:53:47 PDT Fri">
        <definition>COD: a person who greets and deals with clients and visitors to a surgery, office, hotel, etc</definition>
        <sentenceCount annotated="27" total="151"/>
        <lexeme order="1" headword="false" breakBefore="false" POS="N" name="receptionist"/>
    </lexUnit>
    <lexUnit status="Created" POS="N" name="salesman.n" ID="10417" lemmaID="33995" cBy="JKR" cDate="04/09/2004 05:54:01 PDT Fri">
        <definition>COD: a person whose job involves selling or promoting commercial products</definition>
        <sentenceCount annotated="33" total="223"/>
        <lexeme order="1" headword="false" breakBefore="false" POS="N" name="salesman"/>
    </lexUnit>
    <lexUnit status="Created" POS="N" name="servant.n" ID="10418" lemmaID="35194" cBy="JKR" cDate="04/09/2004 05:55:50 PDT Fri">
        <definition>COD: a person employed to perform duties for others, especially in a house on domestic duties or as a personal attendant.</definition>
        <sentenceCount annotated="67" total="453"/>
        <lexeme order="1" headword="false" breakBefore="false" POS="N" name="servant"/>
    </lexUnit>
    <lexUnit status="Created" POS="N" name="waiter.n" ID="10419" lemmaID="43349" cBy="JKR" cDate="04/09/2004 05:56:42 PDT Fri">
        <definition>COD: a man whose job is to serve customers at their tables in a restaurant</definition>
        <sentenceCount annotated="0" total="0"/>
        <lexeme order="1" headword="false" breakBefore="false" POS="N" name="waiter"/>
    </lexUnit>
    <lexUnit status="Created" POS="N" name="carpenter.n" ID="10420" lemmaID="5595" cBy="JKR" cDate="04/09/2004 06:25:48 PDT Fri">
        <definition>COD: a person who makes wooden objects and structures</definition>
        <sentenceCount annotated="0" total="0"/>
        <lexeme order="1" headword="false" breakBefore="false" POS="N" name="carpenter"/>
    </lexUnit>
    <lexUnit status="Finished_Initial" POS="N" name="scientist.n" ID="10626" lemmaID="34444" cBy="JKR" cDate="06/28/2004 06:52:53 PDT Mon">
        <definition>COD: a person who is studying or has expert knowledge of one or more of the natural or physical sciences.</definition>
        <sentenceCount annotated="58" total="199"/>
        <lexeme order="1" headword="false" breakBefore="false" POS="N" name="scientist"/>
    </lexUnit>
    <lexUnit status="Created" POS="N" name="private eye.n" ID="10731" lemmaID="49321" cBy="JKR" cDate="07/03/2004 05:41:15 PDT Sat">
        <definition>COD: a private detective</definition>
        <sentenceCount annotated="0" total="0"/>
        <lexeme order="1" headword="false" breakBefore="false" POS="A" name="private"/>
        <lexeme order="2" headword="true" breakBefore="false" POS="N" name="eye"/>
    </lexUnit>
    <lexUnit status="Created" POS="N" name="actress.n" ID="11294" lemmaID="418" cBy="MiL" cDate="11/23/2004 01:38:37 PST Tue">
        <definition>FN: a woman employed performing fictional roles in play,  film, television, etc.</definition>
        <sentenceCount annotated="0" total="0"/>
        <lexeme order="1" headword="false" breakBefore="false" POS="N" name="actress"/>
    </lexUnit>
    <lexUnit status="Created" POS="N" name="waitress.n" ID="11295" lemmaID="43350" cBy="MiL" cDate="11/23/2004 01:46:45 PST Tue">
        <definition>COD: a woman whose job is to serve customers at their tables in a restaurant.</definition>
        <sentenceCount annotated="1" total="1"/>
        <lexeme order="1" headword="false" breakBefore="false" POS="N" name="waitress"/>
    </lexUnit>
    <lexUnit status="Created" POS="N" name="technician.n" ID="12250" lemmaID="39694" cBy="RLG" cDate="06/21/2005 02:57:55 PDT Tue">
        <definition>COD: a person employed to look after technical equipment or do practical work in a laboratory.</definition>
        <sentenceCount annotated="7" total="7"/>
        <lexeme order="1" headword="false" breakBefore="false" POS="N" name="technician"/>
    </lexUnit>
    <lexUnit status="Created" POS="N" name="toxicologist.n" ID="12421" lemmaID="40884" cBy="RLG" cDate="07/08/2005 12:49:33 PDT Fri">
        <definition>FN: a person employed in the field of the study of poisons.</definition>
        <sentenceCount annotated="1" total="1"/>
        <lexeme order="1" headword="false" breakBefore="false" POS="N" name="toxicologist"/>
    </lexUnit>
    <lexUnit status="Created" POS="N" name="engineer.n" ID="12621" lemmaID="12765" cBy="JKR" cDate="08/10/2005 04:04:09 PDT Wed">
        <definition>COD: a person qualified in engineering.  </definition>
        <sentenceCount annotated="1" total="1"/>
        <lexeme order="1" headword="false" breakBefore="false" POS="N" name="engineer"/>
    </lexUnit>
    <lexUnit status="Created" POS="N" name="double agent.n" ID="12648" lemmaID="50217" cBy="MiL" cDate="08/18/2005 04:43:53 PDT Thu">
        <definition>COD: an agent who pretends to act as a spy for one country while in fact acting for its enemy.</definition>
        <sentenceCount annotated="1" total="1"/>
        <lexeme order="1" headword="true" breakBefore="false" POS="A" name="double"/>
        <lexeme order="2" headword="false" breakBefore="false" POS="N" name="agent"/>
    </lexUnit>
    <lexUnit status="Created" POS="N" name="researcher.n" ID="13293" lemmaID="32813" cBy="MiL" cDate="06/21/2006 12:48:39 PDT Wed">
        <definition>COD: someone whose job is to conduct research.</definition>
        <sentenceCount annotated="2" total="2"/>
        <lexeme order="1" headword="false" breakBefore="false" POS="N" name="researcher"/>
    </lexUnit>
    <lexUnit status="Created" POS="N" name="archaeologist.n" ID="13499" lemmaID="1850" cBy="RLG" cDate="08/18/2006 04:10:14 PDT Fri">
        <definition>FN: a person who professionally studies human history and history by examining physical artifacts.</definition>
        <sentenceCount annotated="2" total="2"/>
        <lexeme order="1" headword="false" breakBefore="false" POS="N" name="archaeologist"/>
    </lexUnit>
    <lexUnit status="Created" POS="A" name="professional.a" ID="13849" lemmaID="30601" cBy="MJE" cDate="02/25/2007 04:18:11 PST Sun">
        <definition>COD: of, relating to, or belonging to a profession.</definition>
        <sentenceCount annotated="1" total="1"/>
        <lexeme order="1" headword="false" breakBefore="false" POS="A" name="professional"/>
    </lexUnit>
    <lexUnit status="Created" POS="N" name="agent.n" ID="14688" lemmaID="782" cBy="JKs" cDate="01/23/2008 03:28:41 PST Wed">
        <definition>FN: a person who represents another person or organization</definition>
        <sentenceCount annotated="1" total="1"/>
        <lexeme order="1" headword="false" breakBefore="false" POS="N" name="agent"/>
    </lexUnit>
    <lexUnit status="Created" POS="N" name="journalist.n" ID="14708" lemmaID="21060" cBy="JKs" cDate="01/25/2008 01:20:07 PST Fri">
        <definition>FN: a person who works in the field of journalism - news, some forms of photography, etc.</definition>
        <sentenceCount annotated="0" total="0"/>
        <lexeme order="1" headword="false" breakBefore="false" POS="N" name="journalist"/>
    </lexUnit>
    <lexUnit status="Created" POS="N" name="judge.n" ID="14709" lemmaID="21101" cBy="JKs" cDate="01/25/2008 01:29:26 PST Fri">
        <definition>FN: one who presides over a courtroom and makes decisions brought to the court of law</definition>
        <sentenceCount annotated="2" total="2"/>
        <lexeme order="1" headword="false" breakBefore="false" POS="N" name="judge"/>
    </lexUnit>
    <lexUnit status="Created" POS="N" name="mechanic.n" ID="14714" lemmaID="50805" cBy="JKs" cDate="01/25/2008 02:36:29 PST Fri">
        <definition>FN: a repairman that works on various kinds of machinery</definition>
        <sentenceCount annotated="0" total="0"/>
        <lexeme order="1" headword="true" breakBefore="false" POS="N" name="mechanic"/>
    </lexUnit>
    <lexUnit status="Created" POS="N" name="oilman.n" ID="14722" lemmaID="50811" cBy="JKs" cDate="01/25/2008 03:34:20 PST Fri">
        <definition>FN: one who works in the oil-extraction industry</definition>
        <sentenceCount annotated="0" total="0"/>
        <lexeme order="1" headword="true" breakBefore="false" POS="N" name="oilman"/>
    </lexUnit>
    <lexUnit status="Created" POS="N" name="reporter.n" ID="14725" lemmaID="32712" cBy="JKs" cDate="01/25/2008 04:11:46 PST Fri">
        <definition>FN: a person who reports news, as in journalism</definition>
        <sentenceCount annotated="0" total="0"/>
        <lexeme order="1" headword="false" breakBefore="false" POS="N" name="reporter"/>
    </lexUnit>
    <lexUnit status="Created" POS="N" name="scholar.n" ID="14727" lemmaID="34414" cBy="JKs" cDate="01/25/2008 04:17:16 PST Fri">
        <definition>FN: a person who studies professionally within a certain field</definition>
        <sentenceCount annotated="0" total="0"/>
        <lexeme order="1" headword="false" breakBefore="false" POS="N" name="scholar"/>
    </lexUnit>
    <lexUnit status="Created" POS="N" name="veterinarian.n" ID="14732" lemmaID="50814" cBy="JKs" cDate="01/25/2008 04:33:06 PST Fri">
        <definition>FN: a person who specializes in animal medicine</definition>
        <sentenceCount annotated="1" total="1"/>
        <lexeme order="1" headword="true" breakBefore="false" POS="N" name="veterinarian"/>
    </lexUnit>
    <lexUnit status="Created" POS="N" name="trader.n" ID="14736" lemmaID="40914" cBy="JKs" cDate="01/28/2008 03:03:57 PST Mon">
        <definition>FN: a person who professionally trades a commodity</definition>
        <sentenceCount annotated="3" total="3"/>
        <lexeme order="1" headword="false" breakBefore="false" POS="N" name="trader"/>
    </lexUnit>
    <lexUnit status="Created" POS="N" name="mole.n" ID="14757" lemmaID="24723" cBy="JKs" cDate="02/01/2008 11:29:24 PST Fri">
        <definition>FN: a person who works as a spy, often with a complex fake identity behind enemy lines</definition>
        <sentenceCount annotated="0" total="0"/>
        <lexeme order="1" headword="false" breakBefore="false" POS="N" name="mole"/>
    </lexUnit>
    <lexUnit status="Created" POS="N" name="spy.n" ID="14758" lemmaID="50821" cBy="JKs" cDate="02/01/2008 11:32:22 PST Fri">
        <definition>FN: a person who works as a secret agent in order to obtain information, sabotage infrastructure, etc.</definition>
        <sentenceCount annotated="1" total="1"/>
        <lexeme order="1" headword="true" breakBefore="false" POS="N" name="spy"/>
    </lexUnit>
    <lexUnit status="Created" POS="N" name="businessperson.n" ID="14853" lemmaID="50841" cBy="JKs" cDate="03/10/2008 02:59:12 PDT Mon">
        <definition>FN: one who works in some form of business</definition>
        <sentenceCount annotated="1" total="1"/>
        <lexeme order="1" headword="true" breakBefore="false" POS="N" name="businessman"/>
    </lexUnit>
    <lexUnit status="Created" POS="N" name="speculator.n" ID="14884" lemmaID="37258" cBy="JKs" cDate="03/31/2008 03:12:07 PDT Mon">
        <definition>FN: one who invests money into something (e.g. land, commodities, stocks) and profits from the fluctuation of prices</definition>
        <sentenceCount annotated="0" total="0"/>
        <lexeme order="1" headword="false" breakBefore="false" POS="N" name="speculator"/>
    </lexUnit>
    <lexUnit status="Created" POS="N" name="architect.n" ID="15222" lemmaID="1870" cBy="JKs" cDate="08/01/2008 10:11:23 PDT Fri">
        <definition>FN: a person who designs and builds buildings</definition>
        <sentenceCount annotated="0" total="0"/>
        <lexeme order="1" headword="false" breakBefore="false" POS="N" name="architect"/>
    </lexUnit>
    <lexUnit status="Created" POS="N" name="plain-clothes man.n" ID="15524" lemmaID="51036" cBy="RLG" cDate="09/25/2009 09:58:37 PDT Fri">
        <definition>FN: a law enforcement officer wearing plain (not police uniform) clothing.</definition>
        <sentenceCount annotated="1" total="1"/>
        <lexeme order="1" headword="false" breakBefore="false" POS="N" name="plain-clothes"/>
        <lexeme order="2" headword="true" breakBefore="false" POS="N" name="man"/>
    </lexUnit>
    <lexUnit status="Created" POS="N" name="magistrate.n" ID="15973" lemmaID="23128" cBy="MJE" cDate="07/30/2010 07:21:11 PDT Fri">
        <definition>FN: an official who presides of court proceedings and, in many cases, decides them.</definition>
        <sentenceCount annotated="1" total="1"/>
        <lexeme order="1" headword="false" breakBefore="false" POS="N" name="magistrate"/>
    </lexUnit>
    <lexUnit status="Finished_Initial" POS="N" name="officer.n" ID="16020" lemmaID="26573" cBy="AlK" cDate="08/12/2010 05:19:45 PDT Thu">
        <definition>FN: a member of a governmental institution tasked with collecting information and protecting public safety</definition>
        <sentenceCount annotated="33" total="33"/>
        <lexeme order="1" headword="false" breakBefore="false" POS="N" name="officer"/>
    </lexUnit>
    <lexUnit status="Created" POS="N" name="police officer.n" ID="16041" lemmaID="51220" cBy="AlK" cDate="08/25/2010 04:50:57 PDT Wed">
        <definition>FN: an employee of a law enforcement institution </definition>
        <sentenceCount annotated="0" total="0"/>
        <lexeme order="1" headword="false" breakBefore="false" POS="N" name="police"/>
        <lexeme order="2" headword="true" breakBefore="false" POS="N" name="officer"/>
    </lexUnit>
    <lexUnit status="Created" POS="N" name="spokesperson.n" ID="16453" lemmaID="51339" cBy="RLG" cDate="08/03/2011 09:58:15 PDT Wed">
        <definition>FN: a person who makes statements and responds to questions on behalf of an individual or organization.</definition>
        <sentenceCount annotated="0" total="0"/>
        <lexeme order="1" headword="true" breakBefore="false" POS="N" name="spokesperson"/>
    </lexUnit>
    <lexUnit status="Created" POS="N" name="spokesman.n" ID="16454" lemmaID="37441" cBy="RLG" cDate="08/03/2011 09:59:13 PDT Wed">
        <definition>FN: a male who makes statements and responds to questions on behalf of an individual or organization.</definition>
        <sentenceCount annotated="0" total="0"/>
        <lexeme order="1" headword="false" breakBefore="false" POS="N" name="spokesman"/>
    </lexUnit>
    <lexUnit status="Created" POS="N" name="spokeswoman.n" ID="16455" lemmaID="37442" cBy="RLG" cDate="08/03/2011 09:59:53 PDT Wed">
        <definition>FN: a woman who makes statements and responds to questions on behalf of an individual or organization.</definition>
        <sentenceCount annotated="0" total="0"/>
        <lexeme order="1" headword="false" breakBefore="false" POS="N" name="spokeswoman"/>
    </lexUnit>
    <lexUnit status="Created" POS="N" name="policeman.n" ID="16591" lemmaID="29592" cBy="RLG" cDate="09/07/2011 08:41:12 PDT Wed">
        <definition>FN: police officer.</definition>
        <sentenceCount annotated="0" total="0"/>
        <lexeme order="1" headword="false" breakBefore="false" POS="N" name="policeman"/>
    </lexUnit>
    <lexUnit status="Created" POS="N" name="bodyguard.n" ID="16611" lemmaID="4045" cBy="RLG" cDate="09/16/2011 11:44:25 PDT Fri">
        <definition>FN: an person who provides protection for another.</definition>
        <sentenceCount annotated="0" total="0"/>
        <lexeme order="1" headword="false" breakBefore="false" POS="N" name="bodyguard"/>
    </lexUnit>
    <lexUnit status="Created" POS="N" name="police.n" ID="16622" lemmaID="29590" cBy="RLG" cDate="09/21/2011 01:23:08 PDT Wed">
        <definition>FN: one or more police officers or agents of a police department.</definition>
        <sentenceCount annotated="0" total="0"/>
        <lexeme order="1" headword="false" breakBefore="false" POS="N" name="police"/>
    </lexUnit>
    <lexUnit status="Created" POS="N" name="tailor.n" ID="16643" lemmaID="39400" cBy="CVa" cDate="09/28/2011 05:59:04 PDT Wed">
        <definition>FN: a person who makes or modifies clothing </definition>
        <sentenceCount annotated="1" total="1"/>
        <lexeme order="1" headword="false" breakBefore="false" POS="N" name="tailor"/>
    </lexUnit>
    <lexUnit status="Created" POS="N" name="correspondent.n" ID="17250" lemmaID="8440" cBy="RyC" cDate="01/22/2013 04:30:19 PST Tue">
        <definition>COD: a journalist reporting on a particular subject or from a particular country.</definition>
        <sentenceCount annotated="0" total="0"/>
        <lexeme order="1" headword="false" breakBefore="false" POS="N" name="correspondent"/>
    </lexUnit>
    <lexUnit status="Created" POS="N" name="cook.n" ID="17268" lemmaID="8244" cBy="CVa" cDate="01/23/2013 12:41:58 PST Wed">
        <definition>FN: a person who prepares food as a means of employment</definition>
        <sentenceCount annotated="1" total="1"/>
        <lexeme order="1" headword="false" breakBefore="false" POS="N" name="cook"/>
    </lexUnit>
    <lexUnit status="Created" POS="N" name="manservant.n" ID="17290" lemmaID="23415" cBy="CVa" cDate="01/23/2013 03:15:04 PST Wed">
        <definition>FN: a male who is employed to do tasks (such as household chores) for someone else</definition>
        <sentenceCount annotated="1" total="1"/>
        <lexeme order="1" headword="false" breakBefore="false" POS="N" name="manservant"/>
    </lexUnit>
    <lexUnit status="Created" POS="N" name="senator.n" ID="18337" lemmaID="35048" cBy="HPh" cDate="09/24/2015 12:23:37 PDT Thu">
        <definition>FN: a member of a senate</definition>
        <sentenceCount annotated="0" total="0"/>
        <lexeme order="1" headword="false" breakBefore="false" POS="N" name="senator"/>
    </lexUnit>
    <lexUnit status="Created" POS="N" name="attorney.n" ID="18338" lemmaID="2313" cBy="HPh" cDate="09/24/2015 12:26:24 PDT Thu">
        <definition>FN: a lawyer qualified to represent clients in legal proceedings</definition>
        <sentenceCount annotated="0" total="0"/>
        <lexeme order="1" headword="false" breakBefore="false" POS="N" name="attorney"/>
    </lexUnit>
    <lexUnit status="Created" POS="N" name="athlete.n" ID="18339" lemmaID="2250" cBy="HPh" cDate="09/24/2015 12:28:00 PDT Thu">
        <definition>FN: a person trained to compete in sports or exercises requiring physical skill</definition>
        <sentenceCount annotated="0" total="0"/>
        <lexeme order="1" headword="false" breakBefore="false" POS="N" name="athlete"/>
    </lexUnit>
    <lexUnit status="Created" POS="N" name="chef.n" ID="18340" lemmaID="6221" cBy="HPh" cDate="09/24/2015 12:31:08 PDT Thu">
        <definition>FN: the head cook in a restaurant</definition>
        <sentenceCount annotated="0" total="0"/>
        <lexeme order="1" headword="false" breakBefore="false" POS="N" name="chef"/>
    </lexUnit>
    <lexUnit status="Created" POS="N" name="bartender.n" ID="18341" lemmaID="2963" cBy="HPh" cDate="09/24/2015 12:32:19 PDT Thu">
        <definition>FN: a person who mixes and serves alcoholic drinks at a bar</definition>
        <sentenceCount annotated="0" total="0"/>
        <lexeme order="1" headword="false" breakBefore="false" POS="N" name="bartender"/>
    </lexUnit>
    <lexUnit status="Created" POS="N" name="teacher.n" ID="18342" lemmaID="39647" cBy="HPh" cDate="09/24/2015 12:33:14 PDT Thu">
        <definition>FN: a person who teaches or instructs (as a profession)</definition>
        <sentenceCount annotated="0" total="0"/>
        <lexeme order="1" headword="false" breakBefore="false" POS="N" name="teacher"/>
    </lexUnit>
    <lexUnit status="Created" POS="N" name="pilot.n" ID="18343" lemmaID="29021" cBy="HPh" cDate="09/24/2015 12:34:30 PDT Thu">
        <definition>FN: a person qualified to operate an aircraft or spacecraft in flight</definition>
        <sentenceCount annotated="0" total="0"/>
        <lexeme order="1" headword="false" breakBefore="false" POS="N" name="pilot"/>
    </lexUnit>
    <lexUnit status="Created" POS="N" name="flight attendant.n" ID="18345" lemmaID="51974" cBy="HPh" cDate="09/24/2015 12:38:19 PDT Thu">
        <definition>FN: a person who attends to the needs of passengers during a commercial flight</definition>
        <sentenceCount annotated="0" total="0"/>
        <lexeme order="1" headword="false" breakBefore="false" POS="N" name="flight"/>
        <lexeme order="2" headword="true" breakBefore="false" POS="N" name="attendant"/>
    </lexUnit>
    <lexUnit status="Created" POS="N" name="server.n" ID="18346" lemmaID="35197" cBy="HPh" cDate="09/24/2015 12:39:15 PDT Thu">
        <definition>FN: a person who waits on tables</definition>
        <sentenceCount annotated="0" total="0"/>
        <lexeme order="1" headword="false" breakBefore="false" POS="N" name="server"/>
    </lexUnit>
    <lexUnit status="Created" POS="N" name="software developer.n" ID="18347" lemmaID="51975" cBy="HPh" cDate="09/24/2015 12:40:20 PDT Thu">
        <definition>FN: a person who develops software (by writing computer programs, among other things)</definition>
        <sentenceCount annotated="0" total="0"/>
        <lexeme order="1" headword="false" breakBefore="false" POS="N" name="software"/>
        <lexeme order="2" headword="true" breakBefore="false" POS="N" name="developer"/>
    </lexUnit>
    <lexUnit status="Created" POS="N" name="web developer.n" ID="18348" lemmaID="51976" cBy="HPh" cDate="09/24/2015 12:44:08 PDT Thu">
        <definition>FN: a person who develops websites (by writing computer programs, among other things)</definition>
        <sentenceCount annotated="0" total="0"/>
        <lexeme order="1" headword="true" breakBefore="false" POS="N" name="web"/>
        <lexeme order="2" headword="false" breakBefore="false" POS="N" name="developer"/>
    </lexUnit>
    <lexUnit status="Created" POS="N" name="saleswoman.n" ID="18349" lemmaID="33998" cBy="HPh" cDate="09/24/2015 12:45:42 PDT Thu">
        <definition>FN: a woman whose job involves selling or promoting commercial products</definition>
        <sentenceCount annotated="0" total="0"/>
        <lexeme order="1" headword="false" breakBefore="false" POS="N" name="saleswoman"/>
    </lexUnit>
    <lexUnit status="Created" POS="N" name="salesperson.n" ID="18350" lemmaID="51977" cBy="HPh" cDate="09/24/2015 12:47:03 PDT Thu">
        <definition>FN: a person whose job involves selling or promoting commercial products</definition>
        <sentenceCount annotated="0" total="0"/>
        <lexeme order="1" headword="true" breakBefore="false" POS="N" name="salesperson"/>
    </lexUnit>
    <lexUnit status="Created" POS="N" name="homemaker.n" ID="18351" lemmaID="51978" cBy="HPh" cDate="09/24/2015 12:47:51 PDT Thu">
        <definition>FN: a person who manages the household of his/her own family, esp. as a principal occupation</definition>
        <sentenceCount annotated="0" total="0"/>
        <lexeme order="1" headword="true" breakBefore="false" POS="N" name="homemaker"/>
    </lexUnit>
    <lexUnit status="Created" POS="N" name="student.n" ID="18352" lemmaID="38426" cBy="HPh" cDate="09/24/2015 12:48:57 PDT Thu">
        <definition>FN: a person formally engaged in learning, esp. one enrolled in a school or university</definition>
        <sentenceCount annotated="0" total="0"/>
        <lexeme order="1" headword="false" breakBefore="false" POS="N" name="student"/>
    </lexUnit>
    <lexUnit status="Created" POS="N" name="artist.n" ID="18353" lemmaID="2029" cBy="HPh" cDate="09/24/2015 12:50:21 PDT Thu">
        <definition>FN: a person who practices one of the fine or performing arts (as a profession)</definition>
        <sentenceCount annotated="0" total="0"/>
        <lexeme order="1" headword="false" breakBefore="false" POS="N" name="artist"/>
    </lexUnit>
    <lexUnit status="Created" POS="N" name="musician.n" ID="18354" lemmaID="25273" cBy="HPh" cDate="09/24/2015 12:51:57 PDT Thu">
        <definition>FN: a person who makes and/or performs music as a profession</definition>
        <sentenceCount annotated="0" total="0"/>
        <lexeme order="1" headword="false" breakBefore="false" POS="N" name="musician"/>
    </lexUnit>
    <lexUnit status="Created" POS="N" name="singer.n" ID="18355" lemmaID="35989" cBy="HPh" cDate="09/24/2015 12:52:45 PDT Thu">
        <definition>FN: a person who sings, esp. a trained or professional vocalist</definition>
        <sentenceCount annotated="0" total="0"/>
        <lexeme order="1" headword="false" breakBefore="false" POS="N" name="singer"/>
    </lexUnit>
    <lexUnit status="Created" POS="N" name="painter.n" ID="18356" lemmaID="27544" cBy="HPh" cDate="09/24/2015 12:53:42 PDT Thu">
        <definition>FN: an artist who paints pictures</definition>
        <sentenceCount annotated="0" total="0"/>
        <lexeme order="1" headword="false" breakBefore="false" POS="N" name="painter"/>
    </lexUnit>
    <lexUnit status="Created" POS="N" name="dancer.n" ID="18357" lemmaID="9538" cBy="HPh" cDate="09/24/2015 12:54:24 PDT Thu">
        <definition>FN: a person who dances professionally</definition>
        <sentenceCount annotated="0" total="0"/>
        <lexeme order="1" headword="false" breakBefore="false" POS="N" name="dancer"/>
    </lexUnit>
    <lexUnit status="Created" POS="N" name="writer.n" ID="18358" lemmaID="44598" cBy="HPh" cDate="09/24/2015 12:54:49 PDT Thu">
        <definition>FN: a person who writes (books, articles, stories, etc.) professionally</definition>
        <sentenceCount annotated="0" total="0"/>
        <lexeme order="1" headword="false" breakBefore="false" POS="N" name="writer"/>
    </lexUnit>
    <lexUnit status="Created" POS="N" name="editor.n" ID="18359" lemmaID="12232" cBy="HPh" cDate="09/24/2015 12:56:01 PDT Thu">
        <definition>FN: a person who manages content for a publishing firm, newspaper, magazine, or other publication, and/or someone who selects, edits, and revises material for publications etc.</definition>
        <sentenceCount annotated="0" total="0"/>
        <lexeme order="1" headword="false" breakBefore="false" POS="N" name="editor"/>
    </lexUnit>
    <lexUnit status="Created" POS="N" name="actor.n" ID="18360" lemmaID="417" cBy="HPh" cDate="09/24/2015 12:58:12 PDT Thu">
        <definition>FN: a person who acts in stage plays, movies, or TV</definition>
        <sentenceCount annotated="0" total="0"/>
        <lexeme order="1" headword="false" breakBefore="false" POS="N" name="actor"/>
    </lexUnit>
    <lexUnit status="Created" POS="N" name="producer.n" ID="18361" lemmaID="30580" cBy="HPh" cDate="09/24/2015 12:59:23 PDT Thu">
        <definition>FN: a person responsible for the financial and administrative aspects of a stage, film, TV, or radio production</definition>
        <sentenceCount annotated="0" total="0"/>
        <lexeme order="1" headword="false" breakBefore="false" POS="N" name="producer"/>
    </lexUnit>
    <lexUnit status="Created" POS="N" name="director.n" ID="18362" lemmaID="10759" cBy="HPh" cDate="09/24/2015 01:00:37 PDT Thu">
        <definition>FN: a person responsible for the interpretive aspects of a stage, film, or TV production, and supervises all in order to realize the writer's conception</definition>
        <sentenceCount annotated="0" total="0"/>
        <lexeme order="1" headword="false" breakBefore="false" POS="N" name="director"/>
    </lexUnit>
    <lexUnit status="Created" POS="N" name="designer.n" ID="18363" lemmaID="10349" cBy="HPh" cDate="09/24/2015 01:03:10 PDT Thu">
        <definition>FN: a person who devises and executes designs, for art, machines, etc. </definition>
        <sentenceCount annotated="0" total="0"/>
        <lexeme order="1" headword="false" breakBefore="false" POS="N" name="designer"/>
    </lexUnit>
    <lexUnit status="Created" POS="N" name="neuroscientist.n" ID="18364" lemmaID="51979" cBy="HPh" cDate="09/24/2015 01:07:46 PDT Thu">
        <definition>FN: a person who works in the field of neuroscience (which encompasses various scientific disciplines dealing with the nervous system)</definition>
        <sentenceCount annotated="0" total="0"/>
        <lexeme order="1" headword="true" breakBefore="false" POS="N" name="neuroscientist"/>
    </lexUnit>
    <lexUnit status="Created" POS="N" name="biologist.n" ID="18365" lemmaID="3635" cBy="HPh" cDate="09/24/2015 01:10:17 PDT Thu">
        <definition>FN: a scientist who specializes in biology</definition>
        <sentenceCount annotated="0" total="0"/>
        <lexeme order="1" headword="false" breakBefore="false" POS="N" name="biologist"/>
    </lexUnit>
    <lexUnit status="Created" POS="N" name="chemist.n" ID="18366" lemmaID="6227" cBy="HPh" cDate="09/24/2015 01:11:08 PDT Thu">
        <definition>FN: a scientist who specializes in chemistry</definition>
        <sentenceCount annotated="0" total="0"/>
        <lexeme order="1" headword="false" breakBefore="false" POS="N" name="chemist"/>
    </lexUnit>
    <lexUnit status="Created" POS="N" name="physicist.n" ID="18367" lemmaID="28860" cBy="HPh" cDate="09/24/2015 01:11:54 PDT Thu">
        <definition>FN: a scientist who specializes in physics</definition>
        <sentenceCount annotated="0" total="0"/>
        <lexeme order="1" headword="false" breakBefore="false" POS="N" name="physicist"/>
    </lexUnit>
    <lexUnit status="Created" POS="N" name="anthropologist.n" ID="18368" lemmaID="1546" cBy="HPh" cDate="09/24/2015 01:13:48 PDT Thu">
        <definition>FN: a specialist in anthropology</definition>
        <sentenceCount annotated="0" total="0"/>
        <lexeme order="1" headword="false" breakBefore="false" POS="N" name="anthropologist"/>
    </lexUnit>
    <lexUnit status="Created" POS="N" name="linguist.n" ID="18369" lemmaID="22434" cBy="HPh" cDate="09/24/2015 01:14:22 PDT Thu">
        <definition>FN: a specialist in linguistics</definition>
        <sentenceCount annotated="0" total="0"/>
        <lexeme order="1" headword="false" breakBefore="false" POS="N" name="linguist"/>
    </lexUnit>
    <lexUnit status="Created" POS="N" name="psychologist.n" ID="18370" lemmaID="31015" cBy="HPh" cDate="09/24/2015 01:15:07 PDT Thu">
        <definition>FN: a specialist in psychology</definition>
        <sentenceCount annotated="0" total="0"/>
        <lexeme order="1" headword="false" breakBefore="false" POS="N" name="psychologist"/>
    </lexUnit>
    <lexUnit status="Created" POS="N" name="psychiatrist.n" ID="18371" lemmaID="30997" cBy="HPh" cDate="09/24/2015 01:15:58 PDT Thu">
        <definition>FN: a person who practices psychiatry</definition>
        <sentenceCount annotated="0" total="0"/>
        <lexeme order="1" headword="false" breakBefore="false" POS="N" name="psychiatrist"/>
    </lexUnit>
    <lexUnit status="Created" POS="N" name="mathematician.n" ID="18372" lemmaID="23694" cBy="HPh" cDate="09/24/2015 01:16:26 PDT Thu">
        <definition>FN: an expert or specialist in mathematics</definition>
        <sentenceCount annotated="0" total="0"/>
        <lexeme order="1" headword="false" breakBefore="false" POS="N" name="mathematician"/>
    </lexUnit>
    <lexUnit status="Created" POS="N" name="sociologist.n" ID="18373" lemmaID="36782" cBy="HPh" cDate="09/24/2015 01:16:54 PDT Thu">
        <definition>FN: a specialist in sociology</definition>
        <sentenceCount annotated="0" total="0"/>
        <lexeme order="1" headword="false" breakBefore="false" POS="N" name="sociologist"/>
    </lexUnit>
    <lexUnit status="Created" POS="N" name="fire fighter.n" ID="18471" lemmaID="51715" cBy="CFB" cDate="11/13/2015 05:14:23 PST Fri">
        <definition>FN: A team tasked with putting out fires or protecting fire-threatened structures.</definition>
        <sentenceCount annotated="5" total="5"/>
        <lexeme order="1" headword="false" breakBefore="false" POS="N" name="fire"/>
        <lexeme order="2" headword="true" breakBefore="false" POS="N" name="fighter"/>
    </lexUnit>
    <lexUnit status="Created" POS="N" name="firefighter.n" ID="18472" lemmaID="51693" cBy="CFB" cDate="11/13/2015 05:15:26 PST Fri">
        <definition>FN: A team tasked with putting out fires or protecting fire-threatened structures.</definition>
        <sentenceCount annotated="15" total="15"/>
        <lexeme order="1" headword="true" breakBefore="false" POS="N" name="firefighter"/>
    </lexUnit>
    <lexUnit status="Created" POS="N" name="programmer.n" ID="18612" lemmaID="52103" cBy="HPh" cDate="02/08/2016 08:18:19 PST Mon">
        <definition>FN: a person who writes computer programs</definition>
        <sentenceCount annotated="0" total="0"/>
        <lexeme order="1" headword="true" breakBefore="false" POS="N" name="programmer"/>
    </lexUnit>
    <lexUnit status="Created" POS="N" name="driver.n" ID="18675" lemmaID="11801" cBy="CFB" cDate="03/21/2016 11:19:45 PDT Mon">
        <definition>FN: one who is paid to operate a motor vehicle</definition>
        <sentenceCount annotated="0" total="0"/>
        <lexeme order="1" headword="false" breakBefore="false" POS="N" name="driver"/>
        <semType name="Human" ID="80"/>
    </lexUnit>
</frame>