<?xml version="1.0" encoding="UTF-8" standalone="yes"?>
<?xml-stylesheet type="text/xsl" href="frame.xsl"?>
<frame cBy="JKR" cDate="05/07/2004 02:03:21 PDT Fri" name="People_by_morality" ID="1102" xsi:schemaLocation="../schema/frame.xsd" xmlns="http://framenet.icsi.berkeley.edu" xmlns:xsi="http://www.w3.org/2001/XMLSchema-instance">
    <definition>&lt;def-root&gt;This frame contains general words for Individuals, i.e. humans, whose specific acts or general behavior is evaluated against standards of morality or rightness. The &lt;fen&gt;Person&lt;/fen&gt; may have an &lt;fen&gt;Age&lt;/fen&gt;, &lt;fen&gt;Descriptor&lt;/fen&gt;, &lt;fen&gt;Origin&lt;/fen&gt;, &lt;fen&gt;Persistent_characteristic&lt;/fen&gt;, or &lt;fen&gt;Ethnicity&lt;/fen&gt;.

&lt;ex&gt;Columbus: Was &lt;fex name="per"&gt;he&lt;/fex&gt; a Hero or a &lt;t&gt;Villain&lt;/t&gt;?&lt;/ex&gt;
&lt;ex&gt;There are endless disputes about this sort of thing, both in and out of the courts, because &lt;t&gt;wrongdoers&lt;/t&gt; will say and do anything to avoid getting punished.&lt;/ex&gt;
&lt;ex&gt;There are endless disputes about this sort of thing, both in and out of the courts,
because &lt;fex name="per"&gt;wrongdoers&lt;/fex&gt; will say and do anything to avoid getting punished.&lt;/ex&gt;&lt;/def-root&gt;</definition>
    <FE bgColor="0000FF" fgColor="FFFFFF" coreType="Peripheral" cBy="JKR" cDate="05/07/2004 02:03:21 PDT Fri" abbrev="Ori" name="Origin" ID="6404">
        <definition>&lt;def-root&gt;The &lt;fen&gt;Origin&lt;/fen&gt; is the place where the &lt;fen&gt;Person&lt;/fen&gt; was born or lived a salient part of her or his life.

&lt;/def-root&gt;</definition>
    </FE>
    <FE bgColor="FF0000" fgColor="FFFFFF" coreType="Core" cBy="JKR" cDate="05/07/2004 02:03:21 PDT Fri" abbrev="per" name="Person" ID="6405">
        <definition>&lt;def-root&gt;The &lt;fen&gt;Person&lt;/fen&gt; is the human being.&lt;/def-root&gt;</definition>
        <semType name="Human" ID="80"/>
    </FE>
    <FE bgColor="006400" fgColor="FFFFFF" coreType="Peripheral" cBy="JKR" cDate="05/07/2004 02:03:21 PDT Fri" abbrev="Pers_char" name="Persistent_characteristic" ID="6406">
        <definition>&lt;def-root&gt;The &lt;fen&gt;Persistent_characteristic&lt;/fen&gt; is a physiological characteristic or personality trait of the &lt;fen&gt;Person&lt;/fen&gt; which is concieved of as persisting over time.


&lt;ex&gt;What you'd started writing was an action story with a &lt;fex name="Pers_char"&gt;funny&lt;/fex&gt; &lt;t&gt;villain&lt;/t&gt; and a whole lot of hijinks.&lt;/ex&gt;&lt;/def-root&gt;</definition>
    </FE>
    <FE bgColor="00BFFF" fgColor="FFFFFF" coreType="Peripheral" cBy="JKR" cDate="05/07/2004 02:03:21 PDT Fri" abbrev="desc" name="Descriptor" ID="6407">
        <definition>&lt;def-root&gt;The &lt;fen&gt;Descriptor&lt;/fen&gt; is a temporary condition of the &lt;fen&gt;Person&lt;/fen&gt;.
&lt;/def-root&gt;</definition>
    </FE>
    <FE bgColor="00008B" fgColor="FFFFFF" coreType="Peripheral" cBy="JKR" cDate="05/07/2004 02:03:21 PDT Fri" abbrev="Age" name="Age" ID="6408">
        <definition>&lt;def-root&gt;The &lt;fen&gt;Age&lt;/fen&gt; is the length of time the &lt;fen&gt;Person&lt;/fen&gt; has been alive.

&lt;ex&gt;At that time, I was the &lt;fex name="Age"&gt;teenage&lt;/fex&gt; &lt;t&gt;miscreant&lt;/t&gt; who was illegally accessing federal computers.&lt;/ex&gt;&lt;/def-root&gt;</definition>
    </FE>
    <FE bgColor="800080" fgColor="FFFFFF" coreType="Peripheral" cBy="JKR" cDate="05/07/2004 02:03:21 PDT Fri" abbrev="Eth" name="Ethnicity" ID="6409">
        <definition>&lt;def-root&gt;The &lt;fen&gt;Ethnicity&lt;/fen&gt; is the religious, racial, national, socio-economic or cultural group to which the &lt;fen&gt;Person&lt;/fen&gt; belongs.

&lt;ex&gt;Imagine the photo ops when the &lt;fex name="Eth"&gt;Afghan&lt;/fex&gt; &lt;t&gt;evildoers&lt;/t&gt; lay down their arms at your feet.&lt;/ex&gt;&lt;/def-root&gt;</definition>
    </FE>
    <FE bgColor="FFA500" fgColor="000000" coreType="Peripheral" cBy="JKR" cDate="05/07/2004 02:03:21 PDT Fri" abbrev="coa" name="Context_of_acquaintance" ID="6410">
        <definition>&lt;def-root&gt;An expression indicating the context with which the &lt;fen&gt;Person&lt;/fen&gt; is associated.

&lt;ex&gt;Apparently, another &lt;t&gt;miscreant&lt;/t&gt; &lt;fex name="coa"&gt;from the same radio station&lt;/fex&gt; did the same thing to
Robert Esche on Wednesday morning, only it was at 5 am&lt;/ex&gt;&lt;/def-root&gt;</definition>
    </FE>
    <FE bgColor="FF69B4" fgColor="FFFFFF" coreType="Peripheral" cBy="JKR" cDate="06/21/2004 04:45:18 PDT Mon" abbrev="fie" name="Field" ID="6520">
        <definition>&lt;def-root&gt;A domain of activity in which the &lt;fen&gt;Person&lt;/fen&gt; exhibits  behavior on which they are judged in terms of its morality.

&lt;ex&gt;After the recent wave of corporate governance shenanigans and the backlash against &lt;fex name="fie"&gt;financial&lt;/fex&gt; &lt;t&gt;wrongdoers&lt;/t&gt;, observers say they are witnessing the first buds of a ?greener? investment focus among professional and individual investors.&lt;/ex&gt;&lt;/def-root&gt;</definition>
    </FE>
    <frameRelation type="Inherits from">
        <relatedFrame ID="304">People</relatedFrame>
    </frameRelation>
    <frameRelation type="Is Inherited by"/>
    <frameRelation type="Perspective on"/>
    <frameRelation type="Is Perspectivized in"/>
    <frameRelation type="Uses">
        <relatedFrame ID="370">Morality_evaluation</relatedFrame>
    </frameRelation>
    <frameRelation type="Is Used by"/>
    <frameRelation type="Subframe of"/>
    <frameRelation type="Has Subframe(s)"/>
    <frameRelation type="Precedes"/>
    <frameRelation type="Is Preceded by"/>
    <frameRelation type="Is Inchoative of"/>
    <frameRelation type="Is Causative of"/>
    <frameRelation type="See also"/>
    <lexUnit status="Created" POS="N" name="villain.n" ID="10494" lemmaID="43039" cBy="JKR" cDate="05/07/2004 02:28:41 PDT Fri">
        <definition>COD: a wicked person or a person guilty of a crime.</definition>
        <sentenceCount annotated="0" total="0"/>
        <lexeme order="1" headword="false" breakBefore="false" POS="N" name="villain"/>
    </lexUnit>
    <lexUnit status="Finished_Initial" POS="N" name="reprobate.n" ID="10495" lemmaID="32750" cBy="JKR" cDate="05/07/2004 02:32:52 PDT Fri">
        <definition>COD: an unprincipled person. </definition>
        <sentenceCount annotated="4" total="14"/>
        <lexeme order="1" headword="false" breakBefore="false" POS="N" name="reprobate"/>
    </lexUnit>
    <lexUnit status="Finished_Initial" POS="N" name="degenerate.n" ID="10496" lemmaID="9980" cBy="JKR" cDate="05/07/2004 02:33:25 PDT Fri">
        <definition>COD: a morally degenerate person.</definition>
        <sentenceCount annotated="7" total="13"/>
        <lexeme order="1" headword="false" breakBefore="false" POS="N" name="degenerate"/>
    </lexUnit>
    <lexUnit status="Created" POS="N" name="sinner.n" ID="10498" lemmaID="36024" cBy="JKR" cDate="05/07/2004 02:38:31 PDT Fri">
        <definition>COD: a person who sins</definition>
        <sentenceCount annotated="0" total="0"/>
        <lexeme order="1" headword="false" breakBefore="false" POS="N" name="sinner"/>
    </lexUnit>
    <lexUnit status="Created" POS="N" name="miscreant.n" ID="10501" lemmaID="24491" cBy="JKR" cDate="05/07/2004 02:43:02 PDT Fri">
        <definition>COD: a person who behaves badly or unlawfully</definition>
        <sentenceCount annotated="5" total="28"/>
        <lexeme order="1" headword="false" breakBefore="false" POS="N" name="miscreant"/>
    </lexUnit>
    <lexUnit status="Needs_SCs" POS="N" name="fink.n" ID="10503" lemmaID="14424" cBy="JKR" cDate="05/07/2004 02:46:43 PDT Fri">
        <definition>COD: an unpleasant or contemptible person.</definition>
        <sentenceCount annotated="2" total="19"/>
        <lexeme order="1" headword="false" breakBefore="false" POS="N" name="fink"/>
    </lexUnit>
    <lexUnit status="Insufficient_Attestations" POS="N" name="bad apple.n" ID="10504" lemmaID="49093" cBy="JKR" cDate="05/07/2004 02:48:28 PDT Fri">
        <definition>COD: a corrupt person in a group, likely to have a detrimental influence on the others</definition>
        <sentenceCount annotated="2" total="7"/>
        <lexeme order="1" headword="false" breakBefore="false" POS="A" name="bad"/>
        <lexeme order="2" headword="true" breakBefore="false" POS="N" name="apple"/>
    </lexUnit>
    <lexUnit status="Finished_Initial" POS="N" name="malefactor.n" ID="10505" lemmaID="23256" cBy="JKR" cDate="05/07/2004 02:51:17 PDT Fri">
        <definition>COD: a person who commits a crime or some other wrong.</definition>
        <sentenceCount annotated="9" total="21"/>
        <lexeme order="1" headword="false" breakBefore="false" POS="N" name="malefactor"/>
    </lexUnit>
    <lexUnit status="Rules_Defined" POS="N" name="evildoer.n" ID="10507" lemmaID="49096" cBy="JKR" cDate="05/07/2004 02:54:13 PDT Fri">
        <definition>COD: a person who commits evil deeds</definition>
        <sentenceCount annotated="2" total="3"/>
        <lexeme order="1" headword="true" breakBefore="false" POS="N" name="evildoer"/>
    </lexUnit>
    <lexUnit status="Finished_Initial" POS="N" name="delinquent.n" ID="10508" lemmaID="10049" cBy="JKR" cDate="05/07/2004 03:00:01 PDT Fri">
        <definition>FN: a (typically  young)  person  showing or characterized by a tendency to commit crime</definition>
        <sentenceCount annotated="22" total="52"/>
        <lexeme order="1" headword="false" breakBefore="false" POS="N" name="delinquent"/>
    </lexUnit>
    <lexUnit status="Created" POS="N" name="low life.n" ID="10509" lemmaID="49098" cBy="JKR" cDate="05/07/2004 03:10:10 PDT Fri">
        <definition>FN: a person engaged in disreputable or criminal activities</definition>
        <sentenceCount annotated="0" total="0"/>
        <lexeme order="1" headword="false" breakBefore="false" POS="A" name="low"/>
        <lexeme order="2" headword="true" breakBefore="false" POS="N" name="life"/>
    </lexUnit>
    <lexUnit status="Finished_Initial" POS="N" name="wrongdoer.n" ID="10510" lemmaID="44608" cBy="JKR" cDate="05/09/2004 11:40:03 PDT Sun">
        <definition>FN: a person that does wrong</definition>
        <sentenceCount annotated="9" total="28"/>
        <lexeme order="1" headword="false" breakBefore="false" POS="N" name="wrongdoer"/>
    </lexUnit>
    <lexUnit status="Created" POS="N" name="saint.n" ID="10582" lemmaID="33968" cBy="JKR" cDate="06/21/2004 05:08:41 PDT Mon">
        <definition>COD:  a very virtuous person</definition>
        <sentenceCount annotated="3" total="4"/>
        <lexeme order="1" headword="false" breakBefore="false" POS="N" name="saint"/>
    </lexUnit>
</frame>