<?xml version="1.0" encoding="UTF-8" standalone="yes"?>
<?xml-stylesheet type="text/xsl" href="frame.xsl"?>
<frame cBy="MJE" cDate="10/08/2002 06:09:37 PDT Tue" name="Performers_and_roles" ID="413" xsi:schemaLocation="../schema/frame.xsd" xmlns="http://framenet.icsi.berkeley.edu" xmlns:xsi="http://www.w3.org/2001/XMLSchema-instance">
    <definition>&lt;def-root&gt;A &lt;fen&gt;Performer&lt;/fen&gt; has a certain &lt;fen&gt;Role&lt;/fen&gt; in a &lt;fen&gt;Performance&lt;/fen&gt; and plays their part by following the directions in the &lt;fen&gt;Script&lt;/fen&gt; for that particular &lt;fen&gt;Role&lt;/fen&gt;.


&lt;ex&gt;&lt;fex name="Performer"&gt;Margaret Thatcher&lt;/fex&gt; &lt;t&gt;played&lt;/t&gt; &lt;fex name="Role"&gt;Juliet&lt;/fex&gt; &lt;fex name="Performance"&gt;in a school play&lt;/fex&gt;.&lt;/ex&gt;
&lt;ex&gt;&lt;fex name="Performance"&gt;"Pulp Fiction"&lt;/fex&gt; &lt;t&gt;starred&lt;/t&gt; &lt;fex name="Performer"&gt;John Travolta and a lot of other big names&lt;/fex&gt;.&lt;/ex&gt;
&lt;ex&gt;&lt;fex name="Performer"&gt;Mel Gibson&lt;/fex&gt; &lt;t&gt;starred&lt;/t&gt; &lt;fex name="Performance"&gt;in "Braveheart"&lt;/fex&gt; &lt;fex name="Role"&gt;as the leader of a Scottish rebellion&lt;/fex&gt;.&lt;/ex&gt;
&lt;ex&gt;I play the &lt;t&gt;character&lt;/t&gt; &lt;fex name="Role"&gt;of Yusuf&lt;/fex&gt; in this film.&lt;/ex&gt;&lt;/def-root&gt;</definition>
    <semType name="Non-perspectivalized_frame" ID="52"/>
    <FE bgColor="006400" fgColor="FFFFFF" coreType="Core" cBy="MJE" cDate="10/08/2002 06:13:09 PDT Tue" abbrev="Aud" name="Audience" ID="3787">
        <definition>&lt;def-root&gt;The &lt;fen&gt;Audience&lt;/fen&gt; experiences the &lt;fen&gt;Performance&lt;/fen&gt;.&lt;/def-root&gt;</definition>
    </FE>
    <FE bgColor="00BFFF" fgColor="FFFFFF" coreType="Core" cBy="MJE" cDate="10/08/2002 06:13:09 PDT Tue" abbrev="Medium" name="Medium" ID="3788">
        <definition>&lt;def-root&gt;&lt;fen&gt;Medium&lt;/fen&gt; is the physical entity or channel used by the &lt;fen&gt;Performer&lt;/fen&gt; to transmit the &lt;fen&gt;Performance&lt;/fen&gt; to the &lt;fen&gt;Audience&lt;/fen&gt;.&lt;/def-root&gt;</definition>
    </FE>
    <FE bgColor="800080" fgColor="FFFFFF" coreType="Core" cBy="MJE" cDate="10/08/2002 06:13:09 PDT Tue" abbrev="Perance" name="Performance" ID="3789">
        <definition>&lt;def-root&gt;The &lt;fen&gt;Performer&lt;/fen&gt;s generates the &lt;fen&gt;Performance&lt;/fen&gt; which  the &lt;fen&gt;Audience&lt;/fen&gt; perceives.&lt;/def-root&gt;</definition>
    </FE>
    <FE bgColor="0000FF" fgColor="FFFFFF" coreType="Core" cBy="MJE" cDate="10/08/2002 06:13:09 PDT Tue" abbrev="Perfer" name="Performer" ID="3790">
        <definition>&lt;def-root&gt;The &lt;fen&gt;Performer&lt;/fen&gt; provides an experience for the &lt;fen&gt;Audience&lt;/fen&gt;.&lt;/def-root&gt;</definition>
    </FE>
    <FE bgColor="FF69B4" fgColor="FFFFFF" coreType="Core" cBy="MJE" cDate="10/08/2002 06:13:09 PDT Tue" abbrev="Scr" name="Score" ID="3792">
        <definition>&lt;def-root&gt;The music which may be performed in the &lt;fen&gt;Performance&lt;/fen&gt;, either in isolation or accompanying actions and speech.&lt;/def-root&gt;</definition>
    </FE>
    <FE bgColor="9400D3" fgColor="FFFFFF" coreType="Core" cBy="MJE" cDate="10/08/2002 06:13:09 PDT Tue" abbrev="Scpt" name="Script" ID="3793">
        <definition>&lt;def-root&gt;The (usually written) directions which instruct the &lt;fen&gt;Performer&lt;/fen&gt;s on what actions to perform, when, and how.  It has many different names depending on the &lt;fen&gt;Type&lt;/fen&gt; of &lt;fen&gt;Performance&lt;/fen&gt; including &lt;ment&gt;script&lt;/ment&gt;, &lt;ment&gt;screenplay&lt;/ment&gt;, &lt;ment&gt;libretto&lt;/ment&gt;, &lt;ment&gt;book&lt;/ment&gt;, and &lt;ment&gt;choreography&lt;/ment&gt;.&lt;/def-root&gt;</definition>
    </FE>
    <FE bgColor="9F79EE" fgColor="FFFFFF" coreType="Core" cBy="MJE" cDate="10/08/2002 06:13:09 PDT Tue" abbrev="Typ" name="Type" ID="3794">
        <definition>&lt;def-root&gt;This FE indicates the subtype of &lt;fen&gt;Performance&lt;/fen&gt;, including &lt;ment&gt;dance&lt;/ment&gt;, &lt;ment&gt;theater&lt;/ment&gt;, &lt;ment&gt;film&lt;/ment&gt;, etc.
&lt;/def-root&gt;</definition>
    </FE>
    <FE bgColor="FF0000" fgColor="FFFFFF" coreType="Core" cBy="MJE" cDate="10/10/2002 02:03:55 PDT Thu" abbrev="Role" name="Role" ID="3796">
        <definition>&lt;def-root&gt;&lt;fen&gt;Role&lt;/fen&gt; identifies one of the possible relations that the &lt;fen&gt;Performer&lt;/fen&gt; can have to the &lt;fen&gt;Performance&lt;/fen&gt;.  The &lt;fen&gt;Role&lt;/fen&gt; (s) a &lt;fen&gt;Performer&lt;/fen&gt; has in the &lt;fen&gt;Performance&lt;/fen&gt; will determine which parts of the &lt;fen&gt;Script&lt;/fen&gt; should be performed by the &lt;fen&gt;Performer&lt;/fen&gt;, as the &lt;fen&gt;Script&lt;/fen&gt; is written in terms of which &lt;fen&gt;Role&lt;/fen&gt; (s) each set of instructions applies to.  In the fields of theater, movies, ballet, and opera, a &lt;fen&gt;Role&lt;/fen&gt; generally corresponds to a character in the story of the &lt;fen&gt;Script&lt;/fen&gt;, while other types of performance may use more general &lt;fen&gt;Role&lt;/fen&gt;s like &lt;ment&gt;lead violinist&lt;/ment&gt;.&lt;/def-root&gt;</definition>
    </FE>
    <FE bgColor="FFA500" fgColor="FFFFFF" coreType="Peripheral" cBy="MJE" cDate="10/10/2002 02:49:19 PDT Thu" abbrev="Time" name="Time" ID="3797">
        <definition>&lt;def-root&gt;This FE identifies the &lt;fen&gt;Time&lt;/fen&gt; when an event occurs.&lt;/def-root&gt;</definition>
        <semType name="Time" ID="141"/>
    </FE>
    <FE bgColor="008000" fgColor="FFFFFF" coreType="Peripheral" cBy="MJE" cDate="10/10/2002 02:49:21 PDT Thu" abbrev="Place" name="Place" ID="3798">
        <definition>&lt;def-root&gt;This FE identifies the &lt;fen&gt;Place&lt;/fen&gt; an event occurs.&lt;/def-root&gt;</definition>
        <semType name="Locative_relation" ID="182"/>
    </FE>
    <FE bgColor="FF00FF" fgColor="FFFFFF" coreType="Peripheral" cBy="MJE" cDate="10/10/2002 02:49:28 PDT Thu" abbrev="Manr" name="Manner" ID="3799">
        <definition>&lt;def-root&gt;Manner of performing.&lt;/def-root&gt;</definition>
        <semType name="Manner" ID="173"/>
    </FE>
    <FE bgColor="A52A2A" fgColor="FFFFFF" coreType="Core" cBy="MJE" cDate="10/25/2002 03:30:52 PDT Fri" abbrev="Perf1" name="Performer1" ID="3858">
        <definition>&lt;def-root&gt;The person that performs alongside Performer2.
&lt;ex&gt;He &lt;t&gt;co-starred&lt;/t&gt; &lt;fex name="Perf1"&gt;with Matt Perry&lt;/fex&gt; in Tool 3.&lt;/ex&gt;&lt;/def-root&gt;</definition>
        <requiresFE name="Performer2" ID="3859"/>
        <excludesFE name="Performer" ID="3790"/>
    </FE>
    <FE bgColor="808080" fgColor="FFFFFF" coreType="Core" cBy="MJE" cDate="10/25/2002 03:33:00 PDT Fri" abbrev="Perf2" name="Performer2" ID="3859">
        <definition>&lt;def-root&gt;The person that is also in the Performance, alongside Performer1.
&lt;ex&gt;Who &lt;t&gt;co-starred&lt;/t&gt; &lt;fex name="Perf2"&gt;with Glen Close&lt;/fex&gt; in that space opera thingy?&lt;/ex&gt;&lt;/def-root&gt;</definition>
        <requiresFE name="Performer1" ID="3858"/>
        <excludesFE name="Performer" ID="3790"/>
    </FE>
    <FE bgColor="FFD700" fgColor="000000" coreType="Peripheral" cBy="RLG" cDate="07/10/2003 04:00:45 PDT Thu" abbrev="Dur" name="Duration" ID="4753">
        <definition>&lt;def-root&gt;How long the &lt;fen&gt;Performer&lt;/fen&gt; is in the &lt;fen&gt;Performance&lt;/fen&gt;.
&lt;ex&gt;She &lt;t&gt;starred&lt;/t&gt; in Cats &lt;fex name="Dur"&gt;for several years&lt;/fex&gt;.&lt;/ex&gt;&lt;/def-root&gt;</definition>
        <semType name="Duration" ID="142"/>
    </FE>
    <FE bgColor="90876C" fgColor="00008B" coreType="Extra-Thematic" cBy="KmG" cDate="02/29/2008 04:26:49 PST Fri" abbrev="" name="Event_description" ID="12323">
        <definition>&lt;def-root&gt;This is an appraisal or description of the performance event.&lt;/def-root&gt;</definition>
    </FE>
    <frameRelation type="Inherits from"/>
    <frameRelation type="Is Inherited by"/>
    <frameRelation type="Perspective on"/>
    <frameRelation type="Is Perspectivized in"/>
    <frameRelation type="Uses">
        <relatedFrame ID="405">Performing_arts</relatedFrame>
    </frameRelation>
    <frameRelation type="Is Used by">
        <relatedFrame ID="1080">Performers</relatedFrame>
    </frameRelation>
    <frameRelation type="Subframe of"/>
    <frameRelation type="Has Subframe(s)"/>
    <frameRelation type="Precedes"/>
    <frameRelation type="Is Preceded by"/>
    <frameRelation type="Is Inchoative of"/>
    <frameRelation type="Is Causative of"/>
    <frameRelation type="See also"/>
    <lexUnit status="Finished_Initial" POS="V" name="star.v" ID="7563" lemmaID="37810" cBy="MJE" cDate="10/08/2002 06:17:14 PDT Tue">
        <definition>COD: have (someone) as a principal performer. </definition>
        <sentenceCount annotated="24" total="168"/>
        <lexeme order="1" headword="false" breakBefore="false" POS="V" name="star"/>
    </lexUnit>
    <lexUnit status="Finished_Initial" POS="V" name="act.v" ID="7564" lemmaID="403" cBy="MJE" cDate="10/08/2002 06:17:55 PDT Tue">
        <definition>COD: perform a fictional role in a play or film. </definition>
        <sentenceCount annotated="13" total="388"/>
        <lexeme order="1" headword="false" breakBefore="false" POS="V" name="act"/>
    </lexUnit>
    <lexUnit status="Finished_Initial" POS="V" name="play.v" ID="7565" lemmaID="29309" cBy="MJE" cDate="10/08/2002 06:18:16 PDT Tue">
        <definition>COD: . represent (a character) in a play or film</definition>
        <sentenceCount annotated="38" total="551"/>
        <lexeme order="1" headword="false" breakBefore="false" POS="V" name="play"/>
    </lexUnit>
    <lexUnit status="Created" POS="V" name="be.v" ID="7566" lemmaID="3079" cBy="MJE" cDate="10/08/2002 06:19:30 PDT Tue">
        <definition>FN: perform in the role of</definition>
        <sentenceCount annotated="0" total="0"/>
        <lexeme order="1" headword="false" breakBefore="false" POS="V" name="be"/>
    </lexUnit>
    <lexUnit status="Created" POS="N" name="star.n" ID="7569" lemmaID="37809" cBy="MJE" cDate="10/08/2002 06:20:50 PDT Tue">
        <definition>FN: an important performer</definition>
        <sentenceCount annotated="2" total="2"/>
        <lexeme order="1" headword="false" breakBefore="false" POS="N" name="star"/>
    </lexUnit>
    <lexUnit status="Finished_Initial" POS="N" name="co-star.n" ID="7570" lemmaID="8511" cBy="MJE" cDate="10/08/2002 06:21:16 PDT Tue">
        <definition>COD: a performer appearing with another or others of equal importance. </definition>
        <sentenceCount annotated="17" total="77"/>
        <lexeme order="1" headword="false" breakBefore="false" POS="N" name="co-star"/>
    </lexUnit>
    <lexUnit status="Finished_Initial" POS="V" name="co-star (in).v" ID="7571" lemmaID="8512" cBy="MJE" cDate="10/08/2002 06:21:27 PDT Tue">
        <definition>COD:  appear in a production as a co-star.</definition>
        <sentenceCount annotated="11" total="27"/>
        <lexeme order="1" headword="false" breakBefore="false" POS="V" name="co-star"/>
    </lexUnit>
    <lexUnit status="Finished_Initial" POS="N" name="lead.n" ID="7572" lemmaID="21905" cBy="MJE" cDate="10/08/2002 06:23:50 PDT Tue">
        <definition>COD: the chief part in a play or film. </definition>
        <sentenceCount annotated="15" total="287"/>
        <lexeme order="1" headword="false" breakBefore="false" POS="N" name="lead"/>
    </lexUnit>
    <lexUnit status="Finished_Initial" POS="V" name="star (in).v" ID="7573" lemmaID="37810" cBy="MJE" cDate="10/11/2002 04:13:11 PDT Fri">
        <definition>COD: have a principal role in a film, play, etc. </definition>
        <sentenceCount annotated="23" total="267"/>
        <lexeme order="1" headword="false" breakBefore="false" POS="V" name="star"/>
    </lexUnit>
    <lexUnit status="Created" POS="PREP" name="as.prep" ID="7574" lemmaID="2046" cBy="MJE" cDate="10/11/2002 04:44:35 PDT Fri">
        <definition>FN: playing in the role of</definition>
        <sentenceCount annotated="1" total="1"/>
        <lexeme order="1" headword="false" breakBefore="false" POS="PREP" name="as"/>
    </lexUnit>
    <lexUnit status="Created" POS="V" name="co-star.v" ID="7575" lemmaID="8512" cBy="MJE" cDate="10/11/2002 04:59:26 PDT Fri">
        <definition>COD: include as a co-star. </definition>
        <sentenceCount annotated="0" total="0"/>
        <lexeme order="1" headword="false" breakBefore="false" POS="V" name="co-star"/>
    </lexUnit>
    <lexUnit status="Created" POS="V" name="feature.v" ID="7576" lemmaID="14095" cBy="MJE" cDate="10/11/2002 05:05:13 PDT Fri">
        <definition>COD: have as an important actor or participant. </definition>
        <sentenceCount annotated="1" total="1"/>
        <lexeme order="1" headword="false" breakBefore="false" POS="V" name="feature"/>
    </lexUnit>
    <lexUnit status="Created" POS="N" name="character.n" ID="13930" lemmaID="6078" cBy="KmG" cDate="03/06/2007 05:12:27 PST Tue">
        <definition>COD: a part played by an actor.</definition>
        <sentenceCount annotated="0" total="0"/>
        <lexeme order="1" headword="false" breakBefore="false" POS="N" name="character"/>
    </lexUnit>
    <lexUnit status="Created" POS="N" name="role.n" ID="13931" lemmaID="33452" cBy="KmG" cDate="03/06/2007 05:20:14 PST Tue">
        <definition>COD: an actor's part in a play, film, etc.</definition>
        <sentenceCount annotated="3" total="3"/>
        <lexeme order="1" headword="false" breakBefore="false" POS="N" name="role"/>
    </lexUnit>
    <lexUnit status="Created" POS="N" name="part.n" ID="14015" lemmaID="27891" cBy="KmG" cDate="03/21/2007 11:14:06 PDT Wed">
        <definition>COD: a role played by an actor or actress.</definition>
        <sentenceCount annotated="3" total="103"/>
        <lexeme order="1" headword="false" breakBefore="false" POS="N" name="part"/>
    </lexUnit>
    <lexUnit status="Created" POS="V" name="appear.v" ID="16437" lemmaID="1709" cBy="AlK" cDate="07/29/2011 05:37:01 PDT Fri">
        <definition>FN: to perform in a play or film </definition>
        <sentenceCount annotated="3" total="3"/>
        <lexeme order="1" headword="false" breakBefore="false" POS="V" name="appear"/>
    </lexUnit>
</frame>