<?xml version="1.0" encoding="UTF-8" standalone="yes"?>
<?xml-stylesheet type="text/xsl" href="frame.xsl"?>
<frame cBy="JKR" cDate="11/18/2005 11:38:44 PST Fri" name="Physical_artworks" ID="1656" xsi:schemaLocation="../schema/frame.xsd" xmlns="http://framenet.icsi.berkeley.edu" xmlns:xsi="http://www.w3.org/2001/XMLSchema-instance">
    <definition>&lt;def-root&gt;A physical object, the &lt;fen&gt;Artifact&lt;/fen&gt;, is produced by a &lt;fen&gt;Creator&lt;/fen&gt; to stimulate the perceptions, emotions, or cognition of an audience. Though it need not, in many cases, the created &lt;fen&gt;Artifact&lt;/fen&gt; is intended to represent an actual or imagined entity or event, the &lt;fen&gt;Represented&lt;/fen&gt;. The &lt;fen&gt;Represented&lt;/fen&gt; may be specifically shown in a particular state (&lt;fen&gt;State_of_represented&lt;/fen&gt;).



&lt;ex&gt;Sir Denis Mahon is the owner of the most important private collection of &lt;fex name="Time_of_creation"&gt;Italian Baroque&lt;/fex&gt; &lt;t&gt;&lt;fex name="Artifact"&gt;paintings&lt;/fex&gt;&lt;/t&gt;.&lt;/ex&gt;

&lt;ex&gt;He presented Eddie with a &lt;fex name="Type"&gt;watercolour&lt;/fex&gt; &lt;t&gt;&lt;fex name="Artifact"&gt;painting&lt;/fex&gt;&lt;/t&gt; and a bouquet of flowers to his wife Frances&lt;/ex&gt;

&lt;ex&gt;I just took a &lt;t&gt;picture&lt;/t&gt; &lt;fex name="Represented"&gt;of the screen&lt;/fex&gt; and plan to share it with 6.4 billion of my closest friends on the Internet tonight.&lt;/ex&gt;&lt;/def-root&gt;</definition>
    <FE bgColor="FF69B4" fgColor="FFFFFF" coreType="Core" cBy="JKR" cDate="11/18/2005 11:38:46 PST Fri" abbrev="Artifact" name="Artifact" ID="9403">
        <definition>&lt;def-root&gt;This FE identifies the entity or substance that is designed to have a particular &lt;fen&gt;Use&lt;/fen&gt;.

&lt;ex&gt;The first of the two &lt;t&gt;&lt;fex name="Artifact"&gt;drawings&lt;/fex&gt;&lt;/t&gt; by Parmigianino recently acquired for the National Gallery is a study for the Madonna dal collo lungo.&lt;/ex&gt;&lt;/def-root&gt;</definition>
    </FE>
    <FE bgColor="9400D3" fgColor="FFFFFF" coreType="Peripheral" cBy="JKR" cDate="11/18/2005 11:38:47 PST Fri" abbrev="Use" name="Use" ID="9404">
        <definition>&lt;def-root&gt;The use for which the &lt;fen&gt;Artifact&lt;/fen&gt; is intended.

&lt;ex&gt;The author's lucid text and &lt;fex name="Use"&gt;instructional&lt;/fex&gt; &lt;t&gt;drawings&lt;/t&gt; provide a strong foundation in the basic and functional anatomy of the pain's region.&lt;/ex&gt;&lt;/def-root&gt;</definition>
    </FE>
    <FE bgColor="FF0000" fgColor="FFFFFF" coreType="Peripheral" cBy="JKR" cDate="11/18/2005 11:38:47 PST Fri" abbrev="cre" name="Creator" ID="9405">
        <definition>&lt;def-root&gt;An individual or individuals that bring the &lt;fen&gt;Artifact&lt;/fen&gt; into existence.

&lt;ex&gt;&lt;fex name="Creator"&gt;Italian&lt;/fex&gt; &lt;t&gt;paintings&lt;/t&gt; include an allegorical work by Garofalo which was mentioned in Vasari 's ` Vite ' .&lt;/ex&gt;&lt;/def-root&gt;</definition>
    </FE>
    <FE bgColor="FFA500" fgColor="FFFFFF" coreType="Peripheral" cBy="JKR" cDate="11/18/2005 11:38:47 PST Fri" abbrev="" name="Time_of_creation" ID="9406">
        <definition>&lt;def-root&gt;The time at which an &lt;fen&gt;Artifact&lt;/fen&gt; comes into existence.

&lt;ex&gt;Here's a &lt;fex name="Time_of_creation"&gt;1987&lt;/fex&gt; &lt;t&gt;photo&lt;/t&gt; of how the Union School building had deteriorated after many years of neglect.&lt;/ex&gt;&lt;/def-root&gt;</definition>
    </FE>
    <FE bgColor="008000" fgColor="FFFFFF" coreType="Peripheral" cBy="JKR" cDate="11/18/2005 11:38:48 PST Fri" abbrev="nam" name="Name" ID="9407">
        <definition>&lt;def-root&gt;The term used to refer to an &lt;fen&gt;Artifact&lt;/fen&gt;.

&lt;ex&gt;In his &lt;t&gt;painting&lt;/t&gt; &lt;fex name="Name"&gt;The Fall of Man&lt;/fex&gt; Albrecht went through a hard time trying to achieve a geometrical figure of two beings known as man and woman.&lt;/ex&gt;&lt;/def-root&gt;</definition>
    </FE>
    <FE bgColor="00008B" fgColor="FFFFFF" coreType="Peripheral" cBy="JKR" cDate="11/18/2005 11:38:48 PST Fri" abbrev="typ" name="Type" ID="9408">
        <definition>&lt;def-root&gt;An indication of the subtype of &lt;fen&gt;Artifact&lt;/fen&gt;.

&lt;ex&gt;The &lt;fex name="Type"&gt;Impressionist style&lt;/fex&gt; &lt;t&gt;paintings&lt;/t&gt; of 1896-7 are rare but of great interest&lt;/ex&gt;&lt;/def-root&gt;</definition>
    </FE>
    <FE bgColor="A9A9A9" fgColor="FFFFFF" coreType="Peripheral" cBy="JKR" cDate="11/18/2005 11:38:48 PST Fri" abbrev="" name="Material" ID="9409">
        <definition>&lt;def-root&gt;Any indication of what makes up the &lt;fen&gt;Artifact&lt;/fen&gt;, including components, ingredients, etc.

&lt;ex&gt;The exhibition also features a &lt;fex name="Material"&gt;marble&lt;/fex&gt; &lt;t&gt;statue&lt;/t&gt; of a naked Aphrodite crouching at her bath&lt;/ex&gt;&lt;/def-root&gt;</definition>
    </FE>
    <FE bgColor="0000FF" fgColor="FFFFFF" coreType="Peripheral" cBy="JKR" cDate="11/18/2005 11:44:14 PST Fri" abbrev="rep" name="Represented" ID="9410">
        <definition>&lt;def-root&gt;The entity--which may be a thing, an action or a state--that is represented by the &lt;fen&gt;Artifact&lt;/fen&gt;.

&lt;ex&gt;I was able to take a fine &lt;t&gt;photo&lt;/t&gt; &lt;fex name="rep"&gt;of his arrival&lt;/fex&gt;.&lt;/ex&gt;&lt;/def-root&gt;</definition>
    </FE>
    <FE bgColor="d0d0d0" fgColor="00008B" coreType="Peripheral" cBy="JKR" cDate="11/18/2005 11:46:18 PST Fri" abbrev="sta" name="State_of_represented" ID="9411">
        <definition>&lt;def-root&gt;A characterization of the state in which the &lt;fen&gt;Represented&lt;/fen&gt; entity is portrayed.

&lt;ex&gt;Within the church is the &lt;t&gt;painting&lt;/t&gt; of Virgin Mary &lt;fex name="sta"&gt;sitting on the throne holding a child among various saints&lt;/fex&gt;.&lt;/ex&gt;&lt;/def-root&gt;</definition>
    </FE>
    <FE bgColor="A52A2A" fgColor="FFFFFF" coreType="Peripheral" cBy="JKR" cDate="11/18/2005 11:49:41 PST Fri" abbrev="des" name="Descriptor" ID="9412">
        <definition>&lt;def-root&gt;This FE identifies a characteristic, description, or evaluation of the &lt;fen&gt;Artifact&lt;/fen&gt;.

&lt;ex&gt;The cover features a &lt;fex name="Descriptor"&gt;horrible&lt;/fex&gt; &lt;t&gt;photo&lt;/t&gt; of the man.&lt;/ex&gt;&lt;/def-root&gt;</definition>
    </FE>
    <FE bgColor="FF00FF" fgColor="000000" coreType="Extra-Thematic" cBy="DYo" cDate="06/09/2009 03:29:13 PDT Tue" abbrev="" name="Place" ID="13195">
        <definition>&lt;def-root&gt;The location where the &lt;fen&gt;Artifact&lt;/fen&gt; is presently located.&lt;/def-root&gt;</definition>
    </FE>
    <frameRelation type="Inherits from">
        <relatedFrame ID="421">Artifact</relatedFrame>
    </frameRelation>
    <frameRelation type="Is Inherited by"/>
    <frameRelation type="Perspective on"/>
    <frameRelation type="Is Perspectivized in"/>
    <frameRelation type="Uses"/>
    <frameRelation type="Is Used by">
        <relatedFrame ID="1658">Create_physical_artwork</relatedFrame>
    </frameRelation>
    <frameRelation type="Subframe of"/>
    <frameRelation type="Has Subframe(s)"/>
    <frameRelation type="Precedes"/>
    <frameRelation type="Is Preceded by"/>
    <frameRelation type="Is Inchoative of"/>
    <frameRelation type="Is Causative of"/>
    <frameRelation type="See also"/>
    <lexUnit status="Created" POS="N" name="photo.n" ID="12949" lemmaID="28817" cBy="JKR" cDate="11/18/2005 12:18:18 PST Fri">
        <definition>COD: a photograph</definition>
        <sentenceCount annotated="2" total="3"/>
        <lexeme order="1" headword="false" breakBefore="false" POS="N" name="photo"/>
    </lexUnit>
    <lexUnit status="Created" POS="N" name="photograph.n" ID="12950" lemmaID="28824" cBy="JKR" cDate="11/18/2005 12:19:40 PST Fri">
        <definition>COD: a picture made with a camera, in which an image is focused on to film and then made visible and permanent by chemical treatment</definition>
        <sentenceCount annotated="1" total="1"/>
        <lexeme order="1" headword="false" breakBefore="false" POS="N" name="photograph"/>
    </lexUnit>
    <lexUnit status="Finished_Initial" POS="N" name="painting.n" ID="12951" lemmaID="27545" cBy="JKR" cDate="11/18/2005 12:20:20 PST Fri">
        <definition>COD: a painted picture.</definition>
        <sentenceCount annotated="26" total="164"/>
        <lexeme order="1" headword="false" breakBefore="false" POS="N" name="painting"/>
    </lexUnit>
    <lexUnit status="Finished_Initial" POS="N" name="picture.n" ID="12952" lemmaID="28918" cBy="JKR" cDate="11/18/2005 12:20:59 PST Fri">
        <definition>COD: a painting, drawing, or photograph.</definition>
        <sentenceCount annotated="27" total="183"/>
        <lexeme order="1" headword="false" breakBefore="false" POS="N" name="picture"/>
    </lexUnit>
    <lexUnit status="Created" POS="N" name="drawing.n" ID="12953" lemmaID="11719" cBy="JKR" cDate="11/18/2005 12:21:51 PST Fri">
        <definition>COD: a picture or diagram made with a pencil, pen, or crayon rather than paint, especially one drawn in monochrome</definition>
        <sentenceCount annotated="0" total="0"/>
        <lexeme order="1" headword="false" breakBefore="false" POS="N" name="drawing"/>
    </lexUnit>
    <lexUnit status="Created" POS="N" name="statue.n" ID="12954" lemmaID="37885" cBy="JKR" cDate="11/18/2005 12:24:33 PST Fri">
        <definition>COD: a carved or cast figure of a person or animal, especially one that is life-size or larger</definition>
        <sentenceCount annotated="12" total="13"/>
        <lexeme order="1" headword="false" breakBefore="false" POS="N" name="statue"/>
    </lexUnit>
    <lexUnit status="Created" POS="N" name="statuette.n" ID="12955" lemmaID="37887" cBy="JKR" cDate="11/18/2005 12:25:13 PST Fri">
        <definition>COD: a small statue.</definition>
        <sentenceCount annotated="0" total="0"/>
        <lexeme order="1" headword="false" breakBefore="false" POS="N" name="statuette"/>
    </lexUnit>
    <lexUnit status="Created" POS="N" name="bronze.n" ID="12969" lemmaID="4701" cBy="JKR" cDate="11/21/2005 05:36:52 PST Mon">
        <definition>COD: a work of sculpture or other object made of bronze.</definition>
        <sentenceCount annotated="1" total="1"/>
        <lexeme order="1" headword="false" breakBefore="false" POS="N" name="bronze"/>
    </lexUnit>
    <lexUnit status="Created" POS="N" name="diagram.n" ID="12970" lemmaID="10553" cBy="JKR" cDate="11/21/2005 05:38:34 PST Mon">
        <definition>COD: a simplified drawing showing the appearance or structure of something.</definition>
        <sentenceCount annotated="0" total="0"/>
        <lexeme order="1" headword="false" breakBefore="false" POS="N" name="diagram"/>
    </lexUnit>
    <lexUnit status="Created" POS="N" name="sculpture.n" ID="13483" lemmaID="34638" cBy="RLG" cDate="08/16/2006 04:09:00 PDT Wed">
        <definition>COD: a three-dimensional, solid piece of artwork, typically made from wood, metal, or plaster.</definition>
        <sentenceCount annotated="3" total="3"/>
        <lexeme order="1" headword="false" breakBefore="false" POS="N" name="sculpture"/>
    </lexUnit>
    <lexUnit status="Finished_Initial" POS="N" name="image.n" ID="15694" lemmaID="19008" cBy="AlK" cDate="03/10/2010 01:21:16 PST Wed">
        <definition>FN: a physical representation of a visual stimulus</definition>
        <sentenceCount annotated="42" total="302"/>
        <lexeme order="1" headword="false" breakBefore="false" POS="N" name="image"/>
    </lexUnit>
    <lexUnit status="Created" POS="N" name="poster.n" ID="15945" lemmaID="29877" cBy="MJE" cDate="07/27/2010 04:03:28 PDT Tue">
        <definition>FN: a mass-produced piece of art (often a reproduction of a painting or photograph) printed on a large piece of thick paper and designed to be put on a wall.</definition>
        <sentenceCount annotated="2" total="2"/>
        <lexeme order="1" headword="false" breakBefore="false" POS="N" name="poster"/>
    </lexUnit>
    <lexUnit status="Created" POS="N" name="trace.n" ID="16213" lemmaID="40889" cBy="AlK" cDate="02/17/2011 11:21:49 PST Thu">
        <definition>FN: a drawing produced by copying the lines of an original image</definition>
        <sentenceCount annotated="2" total="2"/>
        <lexeme order="1" headword="false" breakBefore="false" POS="N" name="trace"/>
    </lexUnit>
    <lexUnit status="Created" POS="N" name="tracing.n" ID="16229" lemmaID="40896" cBy="AlK" cDate="02/23/2011 01:12:25 PST Wed">
        <definition>FN: a drawing produced by copying the lines of an original image</definition>
        <sentenceCount annotated="0" total="0"/>
        <lexeme order="1" headword="false" breakBefore="false" POS="N" name="tracing"/>
    </lexUnit>
</frame>