<?xml version="1.0" encoding="UTF-8" standalone="yes"?>
<?xml-stylesheet type="text/xsl" href="frame.xsl"?>
<frame cBy="MJE" cDate="04/12/2002 04:20:09 PDT Fri" name="Physical_entity" ID="302" xsi:schemaLocation="../schema/frame.xsd" xmlns="http://framenet.icsi.berkeley.edu" xmlns:xsi="http://www.w3.org/2001/XMLSchema-instance">
    <definition>&lt;def-root&gt;An &lt;fen&gt;Entity&lt;/fen&gt; exists in some &lt;fen&gt;Place&lt;/fen&gt; at some time.&lt;/def-root&gt;</definition>
    <semType name="Non-Lexical Frame" ID="16"/>
    <FE bgColor="9400D3" fgColor="FFFFFF" coreType="Extra-Thematic" cBy="MJE" cDate="04/12/2002 04:20:32 PDT Fri" abbrev="Cnst" name="Constituents" ID="2610">
        <definition>&lt;def-root&gt;Salient parts or substances that make up an &lt;fen&gt;Entity&lt;/fen&gt;.  At this level of abstraction, not every &lt;fen&gt;Entity&lt;/fen&gt; is conceived of as having parts, though any normal entity has them.
 
&lt;ex&gt;A &lt;fex name="Constituents"&gt;bronze&lt;/fex&gt; &lt;t&gt;sword&lt;/t&gt; is nearly as strong as the steel ones .&lt;/ex&gt;&lt;/def-root&gt;</definition>
    </FE>
    <FE bgColor="0000FF" fgColor="FFFFFF" coreType="Core" cBy="MJE" cDate="04/12/2002 04:20:33 PDT Fri" abbrev="Ent" name="Entity" ID="2611">
        <definition>&lt;def-root&gt;A thing (either abstract or physical) that exists with some degree of permanence.
&lt;/def-root&gt;</definition>
    </FE>
    <FE bgColor="2E8B57" fgColor="FFFFFF" coreType="Extra-Thematic" cBy="MJE" cDate="04/12/2002 04:20:33 PDT Fri" abbrev="FormC" name="Formational_cause" ID="2612">
        <definition>&lt;def-root&gt;Indicates the action (or causer) which made or makes the &lt;fen&gt;Entity&lt;/fen&gt; what it is.
&lt;ex&gt;&lt;fex name="Formational_cause"&gt;glacial&lt;/fex&gt; &lt;t&gt;valley&lt;/t&gt;&lt;/ex&gt;
&lt;/def-root&gt;</definition>
    </FE>
    <FE bgColor="FF00FF" fgColor="FFFFFF" coreType="Extra-Thematic" cBy="MJE" cDate="04/12/2002 04:20:33 PDT Fri" abbrev="Name" name="Name" ID="2613">
        <definition>&lt;def-root&gt;A label applied to a specific &lt;fen&gt;Entity&lt;/fen&gt;.  Not usual for general words inheriting from this frame, but common for Locales.

&lt;ex&gt;&lt;t&gt;Keyboard&lt;/t&gt; &lt;fex name="Name"&gt;1&lt;/fex&gt; has all the right features .&lt;/ex&gt;&lt;/def-root&gt;</definition>
    </FE>
    <FE bgColor="FFA500" fgColor="000000" coreType="Extra-Thematic" cBy="MJE" cDate="04/12/2002 04:20:33 PDT Fri" abbrev="Typ" name="Type" ID="2614">
        <definition>&lt;def-root&gt;This FE indicates what subtype of the general category the &lt;fen&gt;Entity&lt;/fen&gt; belongs to. When a subtype is signified by some more specific FE, like &lt;fen&gt;Formational_cause&lt;/fen&gt;, we use that more specific FE instead of &lt;fen&gt;Type&lt;/fen&gt;, so this FE is most often needed when there is a vague or unknown relation between a name that indicates the &lt;fen&gt;Type&lt;/fen&gt; and the &lt;fen&gt;Type&lt;/fen&gt; of &lt;fen&gt;Entity&lt;/fen&gt; in question.  This FE is normally found as a pre-nominal modifier.  &lt;ex&gt;We use only &lt;fex name="Type"&gt;d'Arbin&lt;/fex&gt; &lt;t&gt;pottery&lt;/t&gt; .&lt;/ex&gt; &lt;/def-root&gt;</definition>
    </FE>
    <FE bgColor="00BFFF" fgColor="FFFFFF" coreType="Peripheral" cBy="MJE" cDate="04/12/2002 04:21:17 PDT Fri" abbrev="Place" name="Place" ID="2615">
        <definition>&lt;def-root&gt;A place that a physical &lt;fen&gt;Entity&lt;/fen&gt; is located with respect to.

&lt;ex&gt;All the &lt;t&gt;stuff&lt;/t&gt; &lt;fex name="Place"&gt;on the bureau&lt;/fex&gt; is small.&lt;/ex&gt;&lt;/def-root&gt;</definition>
        <semType name="Locative_relation" ID="182"/>
    </FE>
    <frameRelation type="Inherits from">
        <relatedFrame ID="251">Entity</relatedFrame>
    </frameRelation>
    <frameRelation type="Is Inherited by">
        <relatedFrame ID="237">Bounded_entity</relatedFrame>
        <relatedFrame ID="1321">Substance</relatedFrame>
        <relatedFrame ID="277">Food</relatedFrame>
        <relatedFrame ID="393">Body_mark</relatedFrame>
        <relatedFrame ID="390">Intoxicants</relatedFrame>
    </frameRelation>
    <frameRelation type="Perspective on"/>
    <frameRelation type="Is Perspectivized in"/>
    <frameRelation type="Uses"/>
    <frameRelation type="Is Used by"/>
    <frameRelation type="Subframe of"/>
    <frameRelation type="Has Subframe(s)"/>
    <frameRelation type="Precedes"/>
    <frameRelation type="Is Preceded by"/>
    <frameRelation type="Is Inchoative of"/>
    <frameRelation type="Is Causative of"/>
    <frameRelation type="See also"/>
</frame>