<?xml version="1.0" encoding="UTF-8" standalone="yes"?>
<?xml-stylesheet type="text/xsl" href="frame.xsl"?>
<frame cBy="MJE" cDate="05/14/2010 04:19:24 PDT Fri" name="Placing_scenario" ID="2302" xsi:schemaLocation="../schema/frame.xsd" xmlns="http://framenet.icsi.berkeley.edu" xmlns:xsi="http://www.w3.org/2001/XMLSchema-instance">
    <definition>&lt;def-root&gt;This frame represents the abstract scene in which an &lt;fen&gt;Agent&lt;/fen&gt; manipulates a &lt;fen&gt;Theme&lt;/fen&gt;'s location, thus affecting a &lt;fen&gt;Goal&lt;/fen&gt; which ends up co-located with the &lt;fen&gt;Theme&lt;/fen&gt;.

This frame is primarily for Inheritance.&lt;/def-root&gt;</definition>
    <semType name="Non-Lexical Frame" ID="16"/>
    <FE bgColor="FF0000" fgColor="FFFFFF" coreType="Core" cBy="MJE" cDate="05/14/2010 04:19:24 PDT Fri" abbrev="Agt" name="Agent" ID="13878">
        <definition>&lt;def-root&gt;The &lt;fen&gt;Agent&lt;/fen&gt; is the actor who instigates the filling.&lt;/def-root&gt;</definition>
        <semType name="Sentient" ID="5"/>
    </FE>
    <FE bgColor="00008B" fgColor="FFFFFF" coreType="Core" cBy="MJE" cDate="05/14/2010 04:19:24 PDT Fri" abbrev="Thm" name="Theme" ID="13879">
        <definition>&lt;def-root&gt;The &lt;fen&gt;Theme&lt;/fen&gt; is the physical object or substance which changes location. &lt;ex&gt;&lt;fex name="Agent"&gt;Rev. Lovejoy&lt;/fex&gt; &lt;fex name="Manner"&gt;carefully&lt;/fex&gt; &lt;t&gt;brushed&lt;/t&gt; &lt;fex name="Goal"&gt;the rolls&lt;/fex&gt; &lt;fex name="Theme"&gt;with butter&lt;/fex&gt;. &lt;/ex&gt;&lt;/def-root&gt;</definition>
        <semType name="Physical_object" ID="68"/>
    </FE>
    <FE bgColor="006400" fgColor="FFFFFF" coreType="Peripheral" cBy="MJE" cDate="05/14/2010 04:19:24 PDT Fri" abbrev="Src" name="Source" ID="13880">
        <definition>&lt;def-root&gt;The &lt;fen&gt;Source&lt;/fen&gt; is the location where the &lt;fen&gt;Theme&lt;/fen&gt; begins its motion. &lt;ex&gt;&lt;fex name="Agent"&gt;Josef&lt;/fex&gt; &lt;t&gt;filled&lt;/t&gt; &lt;fex name="Goal"&gt;his flask&lt;/fex&gt; &lt;fex name="Source"&gt;from the whiskey bottle&lt;/fex&gt;.&lt;/ex&gt;&lt;/def-root&gt;</definition>
        <semType name="Source" ID="151"/>
    </FE>
    <FE bgColor="A52A2A" fgColor="FFFFFF" coreType="Peripheral" cBy="MJE" cDate="05/14/2010 04:19:24 PDT Fri" abbrev="Path" name="Path" ID="13881">
        <definition>&lt;def-root&gt;The &lt;fen&gt;Path&lt;/fen&gt; is the trajectory of the motion.  &lt;ex&gt;&lt;fex name="Agent"&gt;Jess&lt;/fex&gt; &lt;t&gt;filled&lt;/t&gt; &lt;fex name="Goal"&gt;the container&lt;/fex&gt; &lt;fex name="Path"&gt;through a small hole in the lid&lt;/fex&gt;.&lt;/ex&gt;&lt;/def-root&gt;</definition>
    </FE>
    <FE bgColor="00BFFF" fgColor="FFFFFF" coreType="Core" cBy="MJE" cDate="05/14/2010 04:19:24 PDT Fri" abbrev="Goal" name="Goal" ID="13882">
        <definition>&lt;def-root&gt;The &lt;fen&gt;Goal&lt;/fen&gt; is the area or container being filled. Goal is generally the NP Object in this frame.&lt;/def-root&gt;</definition>
        <semType name="Goal" ID="153"/>
    </FE>
    <FE bgColor="FF69B4" fgColor="FFFFFF" coreType="Peripheral" cBy="MJE" cDate="05/14/2010 04:19:24 PDT Fri" abbrev="Degr" name="Degree" ID="13883">
        <definition>&lt;def-root&gt;&lt;fen&gt;Degree&lt;/fen&gt; to which the filling occurs.&lt;/def-root&gt;</definition>
        <semType name="Degree" ID="172"/>
    </FE>
    <FE bgColor="9400D3" fgColor="FFFFFF" coreType="Extra-Thematic" cBy="MJE" cDate="05/14/2010 04:19:24 PDT Fri" abbrev="Dep" name="Depictive" ID="13884">
        <definition>&lt;def-root&gt;Depictive phrase describing the &lt;fen&gt;Agent&lt;/fen&gt; of the filling action.
&lt;ex&gt;&lt;fex name="Dep"&gt;Naked&lt;/fex&gt;, &lt;fex name="Agent"&gt;Margeret&lt;/fex&gt; &lt;t&gt;filled&lt;/t&gt; &lt;fex name="Goal"&gt;the tub&lt;/fex&gt;.&lt;/ex&gt;&lt;/def-root&gt;</definition>
    </FE>
    <FE bgColor="FF00FF" fgColor="FFFFFF" coreType="Peripheral" cBy="MJE" cDate="05/14/2010 04:19:24 PDT Fri" abbrev="Manr" name="Manner" ID="13885">
        <definition>&lt;def-root&gt;The &lt;fen&gt;Manner&lt;/fen&gt; in which the filling occurs.&lt;/def-root&gt;</definition>
        <semType name="Manner" ID="173"/>
    </FE>
    <FE bgColor="0000FF" fgColor="FFFFFF" coreType="Peripheral" cBy="MJE" cDate="05/14/2010 04:19:24 PDT Fri" abbrev="Mns" name="Means" ID="13886">
        <definition>&lt;def-root&gt;The &lt;fen&gt;Means&lt;/fen&gt; by which the filling occurs.&lt;/def-root&gt;</definition>
        <semType name="State_of_affairs" ID="177"/>
    </FE>
    <FE bgColor="9F79EE" fgColor="FFFFFF" coreType="Extra-Thematic" cBy="MJE" cDate="05/14/2010 04:19:24 PDT Fri" abbrev="Result" name="Result" ID="13887">
        <definition>&lt;def-root&gt;The &lt;fen&gt;Result&lt;/fen&gt; is the resultant state after the filling has occurred.&lt;/def-root&gt;</definition>
    </FE>
    <FE bgColor="1E90FF" fgColor="FFFFFF" coreType="Extra-Thematic" cBy="MJE" cDate="05/14/2010 04:19:24 PDT Fri" abbrev="Exp" name="Explanation" ID="13888">
        <definition>&lt;def-root&gt;The &lt;fex name="Explanation"&gt;Explanation&lt;/fex&gt; for which the &lt;fen&gt;Agent&lt;/fen&gt; fills or covers the &lt;fen&gt;Goal&lt;/fen&gt;. &lt;ex&gt;&lt;fex name="Agent"&gt;Samantha&lt;/fex&gt; &lt;t&gt;covered&lt;/t&gt; &lt;fex name="Goal"&gt;the table&lt;/fex&gt; &lt;fex name="Theme"&gt;with flowers&lt;/fex&gt; &lt;fex name="Explanation"&gt;because she was bored&lt;/fex&gt;.&lt;/ex&gt;&lt;/def-root&gt;</definition>
        <semType name="State_of_affairs" ID="177"/>
    </FE>
    <FE bgColor="FFA500" fgColor="FFFFFF" coreType="Peripheral" cBy="MJE" cDate="05/14/2010 04:19:24 PDT Fri" abbrev="Time" name="Time" ID="13889">
        <definition>&lt;def-root&gt;When the filling occurs.&lt;/def-root&gt;</definition>
        <semType name="Time" ID="141"/>
    </FE>
    <FE bgColor="008000" fgColor="FFFFFF" coreType="Peripheral" cBy="MJE" cDate="05/14/2010 04:19:24 PDT Fri" abbrev="Place" name="Place" ID="13890">
        <definition>&lt;def-root&gt;Where the filling takes place.&lt;/def-root&gt;</definition>
        <semType name="Locative_relation" ID="182"/>
    </FE>
    <FE bgColor="808080" fgColor="FFFFFF" coreType="Peripheral" cBy="MJE" cDate="05/14/2010 04:19:24 PDT Fri" abbrev="Ins" name="Instrument" ID="13892">
        <definition>&lt;def-root&gt;The &lt;fen&gt;Instrument&lt;/fen&gt; with which the filling occurs.&lt;/def-root&gt;</definition>
        <semType name="Physical_entity" ID="70"/>
    </FE>
    <FE bgColor="90876C" fgColor="FFFFFF" coreType="Extra-Thematic" cBy="MJE" cDate="05/14/2010 04:19:24 PDT Fri" abbrev="Sub" name="Subregion" ID="13893">
        <definition>&lt;def-root&gt;The &lt;fen&gt;Subregion&lt;/fen&gt; is the smaller area of the &lt;fen&gt;Goal&lt;/fen&gt; where the filling or covering occurs. &lt;ex&gt;&lt;fex name="Agent"&gt;Mrs. Bouvier&lt;/fex&gt; &lt;t&gt;anointed&lt;/t&gt; &lt;fex name="Goal"&gt;the children&lt;/fex&gt; &lt;fex name="Theme"&gt;with oil&lt;/fex&gt; &lt;fex name="Subregion"&gt;on the forehead&lt;/fex&gt;.&lt;/ex&gt;&lt;/def-root&gt;</definition>
        <semType name="Locative_relation" ID="182"/>
    </FE>
    <FE bgColor="7CCD7C" fgColor="FFFFFF" coreType="Core" cBy="MJE" cDate="05/14/2010 04:19:24 PDT Fri" abbrev="cau" name="Cause" ID="13894">
        <definition>&lt;def-root&gt;An event which brings about the filling of the &lt;fen&gt;Goal&lt;/fen&gt;.&lt;/def-root&gt;</definition>
    </FE>
    <frameRelation type="Inherits from"/>
    <frameRelation type="Is Inherited by"/>
    <frameRelation type="Perspective on"/>
    <frameRelation type="Is Perspectivized in">
        <relatedFrame ID="2303">Container_focused_placing</relatedFrame>
        <relatedFrame ID="62">Placing</relatedFrame>
    </frameRelation>
    <frameRelation type="Uses"/>
    <frameRelation type="Is Used by"/>
    <frameRelation type="Subframe of"/>
    <frameRelation type="Has Subframe(s)"/>
    <frameRelation type="Precedes"/>
    <frameRelation type="Is Preceded by"/>
    <frameRelation type="Is Inchoative of"/>
    <frameRelation type="Is Causative of"/>
    <frameRelation type="See also"/>
</frame>