<?xml version="1.0" encoding="UTF-8" standalone="yes"?>
<?xml-stylesheet type="text/xsl" href="frame.xsl"?>
<frame cBy="JKR" cDate="08/15/2005 11:12:35 PDT Mon" name="Point_of_dispute" ID="1608" xsi:schemaLocation="../schema/frame.xsd" xmlns="http://framenet.icsi.berkeley.edu" xmlns:xsi="http://www.w3.org/2001/XMLSchema-instance">
    <definition>&lt;def-root&gt;The answer to a &lt;fen&gt;Question&lt;/fen&gt; is under discussion in a &lt;fen&gt;Group&lt;/fen&gt;, which still  has a difference of opinion among its members. The prominence of the &lt;fen&gt;Question&lt;/fen&gt; relative to others can be indicated by a &lt;fen&gt;Status&lt;/fen&gt; expression.


&lt;ex&gt;Firstly, it is quite clear the &lt;t&gt;issue&lt;/t&gt; &lt;fex name="con"&gt;in this context&lt;/fex&gt; &lt;m&gt;was&lt;/m&gt; &lt;fex name="que"&gt;not so much apostasy as much as it was treason&lt;/fex&gt;.&lt;/ex&gt;

&lt;ex&gt;The &lt;t&gt;question&lt;/t&gt; &lt;fex name="con"&gt;in Finucane's case&lt;/fex&gt; &lt;m&gt;is&lt;/m&gt; &lt;fex name="que"&gt;this&lt;/fex&gt;: will an inquiry bring out the truth?&lt;/ex&gt;

&lt;ex&gt;&lt;fex name="Question"&gt;It&lt;/fex&gt; &lt;m&gt;remains&lt;/m&gt; an &lt;t&gt;issue&lt;/t&gt; &lt;fex name="sta"&gt;of central importance to women&lt;/fex&gt; .&lt;/ex&gt;

&lt;ex&gt;Democracy in Serbia was blocked by the &lt;fex name="des"&gt;unresolved&lt;/fex&gt; &lt;fex name="que"&gt;national&lt;/fex&gt; &lt;t&gt;question&lt;/t&gt;.&lt;/ex&gt;&lt;/def-root&gt;</definition>
    <FE bgColor="FFA500" fgColor="FFFFFF" coreType="Core" cBy="JKR" cDate="08/15/2005 11:12:35 PDT Mon" abbrev="que" name="Question" ID="8847">
        <definition>&lt;def-root&gt;The &lt;fen&gt;Question&lt;/fen&gt; is an open proposition the answer to which is under dispute.

&lt;ex&gt;The &lt;t&gt;issue&lt;/t&gt; is &lt;fex name="que"&gt;who will have control of Iraq's rich oil resources&lt;/fex&gt;.&lt;/ex&gt;&lt;/def-root&gt;</definition>
    </FE>
    <FE bgColor="FF0000" fgColor="FFFFFF" coreType="Peripheral" cBy="JKR" cDate="08/15/2005 11:12:35 PDT Mon" abbrev="gro" name="Group" ID="8849">
        <definition>&lt;def-root&gt;The &lt;fen&gt;Group&lt;/fen&gt; are the persons or organizations who have different points of view on the &lt;fen&gt;Question&lt;/fen&gt;.

&lt;/def-root&gt;</definition>
        <semType name="Sentient" ID="5"/>
    </FE>
    <FE bgColor="0000FF" fgColor="FFFFFF" coreType="Peripheral" cBy="JKR" cDate="08/15/2005 11:12:35 PDT Mon" abbrev="sta" name="Status" ID="8852">
        <definition>&lt;def-root&gt;The Frame Element &lt;fen&gt;Status&lt;/fen&gt; is used for expressions that indicate the relative importance of a &lt;fen&gt;Question&lt;/fen&gt; with respect to the other topics that are disputed.


&lt;ex&gt;The &lt;fex name="sta"&gt;main&lt;/fex&gt; &lt;t&gt;issue&lt;/t&gt; is where the revenue is coming in from.&lt;/ex&gt;&lt;/def-root&gt;</definition>
    </FE>
    <FE bgColor="800080" fgColor="FFFFFF" coreType="Extra-Thematic" cBy="JKR" cDate="08/15/2005 01:48:42 PDT Mon" abbrev="des" name="Descriptor" ID="8853">
        <definition>&lt;def-root&gt;A characterization of the &lt;fen&gt;Question&lt;/fen&gt;, often with regard to its complexity or whether it has been resolved or not.

&lt;ex&gt;Two &lt;fex name="des"&gt;unresolved&lt;/fex&gt; &lt;t&gt;issues&lt;/t&gt; fuel speculation that he might not receive a fair trial.&lt;/ex&gt;&lt;/def-root&gt;</definition>
    </FE>
    <FE bgColor="008000" fgColor="FFFFFF" coreType="Peripheral" cBy="JKR" cDate="08/15/2005 02:13:16 PDT Mon" abbrev="dom" name="Domain" ID="8854">
        <definition>&lt;def-root&gt;The area of human experience which the &lt;fen&gt;Question&lt;/fen&gt; concerns.

&lt;ex&gt;The third sector of the Master Plan explores the important &lt;fex name="dom"&gt;economic&lt;/fex&gt; &lt;t&gt;issue&lt;/t&gt; of tourism.&lt;/ex&gt;&lt;/def-root&gt;</definition>
    </FE>
    <FE bgColor="FF69B4" fgColor="FFFFFF" coreType="Peripheral" cBy="JKR" cDate="08/15/2005 04:00:46 PDT Mon" abbrev="con" name="Context" ID="8855">
        <definition>&lt;def-root&gt;A state or event within which the &lt;fen&gt;Question&lt;/fen&gt; arises as a problem for the &lt;fen&gt;Group&lt;/fen&gt;.

&lt;ex&gt;The &lt;t&gt;question&lt;/t&gt; &lt;fex name="Context"&gt;in Argentina's case&lt;/fex&gt; is what exchange rate is appropriate now.&lt;/ex&gt;&lt;/def-root&gt;</definition>
    </FE>
    <FE bgColor="9400D3" fgColor="FFFFFF" coreType="Peripheral" cBy="JKR" cDate="08/15/2005 04:04:39 PDT Mon" abbrev="tim" name="Time" ID="8856">
        <definition>&lt;def-root&gt;The time interval during which the &lt;fen&gt;Question&lt;/fen&gt; exists as a problem for the &lt;fen&gt;Group&lt;/fen&gt;.

&lt;ex&gt;The &lt;t&gt;issue&lt;/t&gt; &lt;fex name="tim"&gt;at the time&lt;/fex&gt; was whether or not to relocate the Rennes-based part of
the team to California.&lt;/ex&gt;&lt;/def-root&gt;</definition>
        <semType name="Time" ID="141"/>
    </FE>
    <FE bgColor="A52A2A" fgColor="FFFFFF" coreType="Extra-Thematic" cBy="JKR" cDate="08/15/2005 04:28:46 PDT Mon" abbrev="Vie" name="Viewpoint" ID="8857">
        <definition>&lt;def-root&gt;An individual or individuals from whose point of view the &lt;fen&gt;Question&lt;/fen&gt; is a point of dispute within the &lt;fen&gt;Group&lt;/fen&gt;.

&lt;ex&gt;&lt;fex name="Viewpoint"&gt;For Elijah&lt;/fex&gt;, the &lt;t&gt;issue&lt;/t&gt; was between two altars: worship of God and worship of BaaI.&lt;/ex&gt;&lt;/def-root&gt;</definition>
    </FE>
    <frameRelation type="Inherits from"/>
    <frameRelation type="Is Inherited by"/>
    <frameRelation type="Perspective on"/>
    <frameRelation type="Is Perspectivized in"/>
    <frameRelation type="Uses">
        <relatedFrame ID="34">Discussion</relatedFrame>
        <relatedFrame ID="1496">Be_in_agreement_on_assessment</relatedFrame>
    </frameRelation>
    <frameRelation type="Is Used by"/>
    <frameRelation type="Subframe of"/>
    <frameRelation type="Has Subframe(s)"/>
    <frameRelation type="Precedes"/>
    <frameRelation type="Is Preceded by"/>
    <frameRelation type="Is Inchoative of"/>
    <frameRelation type="Is Causative of"/>
    <frameRelation type="See also"/>
    <lexUnit status="Needs_SCs" POS="N" name="issue.n" ID="12630" lemmaID="20725" cBy="JKR" cDate="08/15/2005 01:41:12 PDT Mon">
        <definition>COD: an important topic for debate or resolution.</definition>
        <sentenceCount annotated="18" total="175"/>
        <lexeme order="1" headword="false" breakBefore="false" POS="N" name="issue"/>
    </lexUnit>
    <lexUnit status="Created" POS="N" name="question.n" ID="12632" lemmaID="31486" cBy="JKR" cDate="08/15/2005 03:57:35 PDT Mon">
        <definition>COD: a problem requiring resolution.</definition>
        <sentenceCount annotated="5" total="5"/>
        <lexeme order="1" headword="false" breakBefore="false" POS="N" name="question"/>
    </lexUnit>
    <lexUnit status="Created" POS="N" name="concern.n" ID="13234" lemmaID="7600" cBy="MiL" cDate="06/19/2006 12:49:06 PDT Mon">
        <definition>COD: a matter of interest or importance.</definition>
        <sentenceCount annotated="2" total="2"/>
        <lexeme order="1" headword="false" breakBefore="false" POS="N" name="concern"/>
    </lexUnit>
</frame>