<?xml version="1.0" encoding="UTF-8" standalone="yes"?>
<?xml-stylesheet type="text/xsl" href="frame.xsl"?>
<frame cBy="JKR" cDate="04/05/2001 02:25:41 PDT Thu" name="Position_on_a_scale" ID="95" xsi:schemaLocation="../schema/frame.xsd" xmlns="http://framenet.icsi.berkeley.edu" xmlns:xsi="http://www.w3.org/2001/XMLSchema-instance">
    <definition>&lt;def-root&gt;This frame contains words that describe an &lt;fen&gt;Item&lt;/fen&gt;'s static position on a scale with respect to some property &lt;fen&gt;Variable&lt;/fen&gt;. 
&lt;ex&gt;&lt;/ex&gt;
&lt;ex&gt;&lt;fex name="Item"&gt;Dried fruits&lt;/fex&gt; &lt;m&gt;are&lt;/m&gt; especially &lt;t&gt;high&lt;/t&gt; &lt;fex name="Variable"&gt;in fibre&lt;/fex&gt;, as are pulses.&lt;/ex&gt;

&lt;ex&gt;Despite the fact that &lt;fex name="Item"&gt;the local land&lt;/fex&gt; &lt;m&gt;was&lt;/m&gt; &lt;t&gt;&lt;fex name="Value"&gt;rich&lt;/fex&gt;&lt;/t&gt; &lt;fex name="Variable"&gt;in silver&lt;/fex&gt;, by 1865 most of the mining traffic through Las Vegas was of propectors headed to California or Northern Nevada in search of gold.&lt;/ex&gt;&lt;/def-root&gt;</definition>
    <FE bgColor="FF0000" fgColor="FFFFFF" coreType="Core" cBy="JKR" cDate="04/05/2001 02:26:16 PDT Thu" abbrev="Item" name="Item" ID="455">
        <definition>&lt;def-root&gt;&lt;fen&gt;Item&lt;/fen&gt; identifies the entity whose scalar property is specified.
&lt;ex&gt;&lt;fex name="Item"&gt;Bacon&lt;/fex&gt; is &lt;t&gt;high&lt;/t&gt; &lt;fex name="Variable"&gt;in fat&lt;/fex&gt;.&lt;/ex&gt;

&lt;/def-root&gt;</definition>
    </FE>
    <FE bgColor="9400D3" fgColor="FFFFFF" coreType="Core" cBy="JKR" cDate="04/05/2001 02:26:48 PDT Thu" abbrev="Var" name="Variable" ID="456">
        <definition>&lt;def-root&gt;&lt;fen&gt;Variable&lt;/fen&gt; is the scalar property that the &lt;fen&gt;Item&lt;/fen&gt; possesses.

&lt;fex name="Item"&gt;Soda&lt;/fex&gt; is &lt;t&gt;high&lt;/t&gt; &lt;fex name="Variable"&gt;in sugar&lt;/fex&gt;.&lt;/def-root&gt;</definition>
    </FE>
    <FE bgColor="00008B" fgColor="FFFFFF" coreType="Core-Unexpressed" cBy="ACW" cDate="06/23/2003 01:34:00 PDT Mon" abbrev="Val" name="Value" ID="4655">
        <definition>&lt;def-root&gt;The &lt;fen&gt;Value&lt;/fen&gt; is the position or range of positions on the scale that the Item occupies.  This is normally implicit in the LU.

&lt;ex&gt;This car is &lt;fex name="Value"&gt;&lt;t&gt;high&lt;/t&gt;&lt;/fex&gt; in price.&lt;/ex&gt;&lt;/def-root&gt;</definition>
    </FE>
    <FE bgColor="FF69B4" fgColor="FFFFFF" coreType="Peripheral" cBy="MRLP" cDate="02/25/2004 05:51:01 PST Wed" abbrev="" name="Degree" ID="5976">
        <definition>&lt;def-root&gt;This FE identifies the &lt;fen&gt;Degree&lt;/fen&gt; to which the scalar property of an &lt;fen&gt;Item&lt;/fen&gt; holds with respect to some &lt;fen&gt;Variable&lt;/fen&gt;.
&lt;ex&gt;Bacon is &lt;fex name="Degree"&gt;very&lt;/fex&gt; &lt;t&gt;high&lt;/t&gt; in fat.&lt;/ex&gt;&lt;/def-root&gt;</definition>
        <semType name="Degree" ID="172"/>
    </FE>
    <FE bgColor="008000" fgColor="FFFFFF" coreType="Peripheral" cBy="AlK" cDate="04/19/2010 05:27:21 PDT Mon" abbrev="" name="Domain" ID="13825">
        <definition>&lt;def-root&gt;&lt;fen&gt;Domain&lt;/fen&gt; describes the set of &lt;fen&gt;Item&lt;/fen&gt;s for which the &lt;fen&gt;Variable&lt;/fen&gt; 's position is determined.  &lt;ex&gt;Interest rates are &lt;t&gt;high&lt;/t&gt; in &lt;fex name="Domain"&gt;West Germany&lt;/fex&gt;.&lt;/ex&gt;&lt;/def-root&gt;</definition>
    </FE>
    <frameRelation type="Inherits from">
        <relatedFrame ID="1015">Gradable_attributes</relatedFrame>
    </frameRelation>
    <frameRelation type="Is Inherited by">
        <relatedFrame ID="1532">Used_up</relatedFrame>
        <relatedFrame ID="342">Sufficiency</relatedFrame>
        <relatedFrame ID="353">Evaluative_comparison</relatedFrame>
        <relatedFrame ID="358">Surpassing</relatedFrame>
    </frameRelation>
    <frameRelation type="Perspective on"/>
    <frameRelation type="Is Perspectivized in"/>
    <frameRelation type="Uses"/>
    <frameRelation type="Is Used by">
        <relatedFrame ID="1680">Delimitation_of_diversity</relatedFrame>
        <relatedFrame ID="2360">Probability</relatedFrame>
    </frameRelation>
    <frameRelation type="Subframe of"/>
    <frameRelation type="Has Subframe(s)"/>
    <frameRelation type="Precedes"/>
    <frameRelation type="Is Preceded by"/>
    <frameRelation type="Is Inchoative of"/>
    <frameRelation type="Is Causative of"/>
    <frameRelation type="See also"/>
    <lexUnit status="Finished_Initial" incorporatedFE="Value" POS="A" name="high.a" ID="1980" lemmaID="18025" cBy="JKR" cDate="04/05/2001 02:29:30 PDT Thu">
        <definition>COD: great in amount, value, size, or intensity. </definition>
        <sentenceCount annotated="99" total="591"/>
        <lexeme order="1" headword="false" breakBefore="false" POS="A" name="high"/>
    </lexUnit>
    <lexUnit status="Finished_Initial" incorporatedFE="Value" POS="A" name="low.a" ID="1981" lemmaID="22860" cBy="JKR" cDate="04/05/2001 02:29:49 PDT Thu">
        <definition>COD: below average in amount, extent, or intensity</definition>
        <sentenceCount annotated="34" total="196"/>
        <lexeme order="1" headword="false" breakBefore="false" POS="A" name="low"/>
        <semType name="Negative" ID="99"/>
    </lexUnit>
    <lexUnit status="Created" POS="A" name="rich.a" ID="1982" lemmaID="33200" cBy="JKR" cDate="04/05/2001 02:30:10 PDT Thu">
        <definition>COD: having (something) in large amounts. </definition>
        <sentenceCount annotated="2" total="2"/>
        <lexeme order="1" headword="false" breakBefore="false" POS="A" name="rich"/>
    </lexUnit>
    <lexUnit status="Created" POS="A" name="deficient.a" ID="1983" lemmaID="9936" cBy="JKR" cDate="04/05/2001 02:31:11 PDT Thu">
        <definition>COD: insufficient or inadequate. </definition>
        <sentenceCount annotated="1" total="1"/>
        <lexeme order="1" headword="false" breakBefore="false" POS="A" name="deficient"/>
        <semType name="Negative" ID="99"/>
    </lexUnit>
    <lexUnit status="Created" POS="A" name="lacking.a" ID="1984" lemmaID="21550" cBy="JKR" cDate="04/05/2001 02:59:09 PDT Thu">
        <definition>COD: absent or deficient.</definition>
        <sentenceCount annotated="0" total="0"/>
        <lexeme order="1" headword="false" breakBefore="false" POS="A" name="lacking"/>
        <semType name="Negative" ID="99"/>
    </lexUnit>
    <lexUnit status="Created" POS="A" name="advanced.a" ID="1985" lemmaID="588" cBy="JKR" cDate="04/05/2001 02:59:38 PDT Thu">
        <definition>COD: complex; not elementary. </definition>
        <sentenceCount annotated="0" total="0"/>
        <lexeme order="1" headword="false" breakBefore="false" POS="A" name="advanced"/>
    </lexUnit>
    <lexUnit status="Created" POS="A" name="medium.a" ID="14032" lemmaID="23881" cBy="KmG" cDate="03/22/2007 03:03:14 PDT Thu">
        <definition>COD: between two extremes; average.</definition>
        <sentenceCount annotated="2" total="2"/>
        <lexeme order="1" headword="false" breakBefore="false" POS="A" name="medium"/>
    </lexUnit>
    <lexUnit status="Created" incorporatedFE="Value" POS="A" name="poor.a" ID="16251" lemmaID="29732" cBy="AlK" cDate="03/02/2011 04:43:46 PST Wed">
        <definition>FN: having a low or insufficient amount (of something)</definition>
        <sentenceCount annotated="2" total="2"/>
        <lexeme order="1" headword="false" breakBefore="false" POS="A" name="poor"/>
        <semType name="Negative" ID="99"/>
    </lexUnit>
    <lexUnit status="Created" POS="ADV" name="through the roof.adv" ID="18382" lemmaID="51988" cBy="MJE" cDate="09/24/2015 10:34:23 PDT Thu">
        <definition>FN: (of a quantity) extremely high, especially compared to former values.</definition>
        <sentenceCount annotated="0" total="0"/>
        <lexeme order="1" headword="true" breakBefore="false" POS="PREP" name="through"/>
        <lexeme order="2" headword="false" breakBefore="false" POS="ART" name="the"/>
        <lexeme order="3" headword="false" breakBefore="false" POS="N" name="roof"/>
    </lexUnit>
    <lexUnit status="Created" POS="A" name="moderate.a" ID="18664" lemmaID="24670" cBy="CFB" cDate="03/07/2016 12:20:43 PST Mon">
        <definition>FN:At roughly a middle position on a scale; medium.</definition>
        <sentenceCount annotated="0" total="0"/>
        <lexeme order="1" headword="false" breakBefore="false" POS="A" name="moderate"/>
    </lexUnit>
</frame>