<?xml version="1.0" encoding="UTF-8" standalone="yes"?>
<?xml-stylesheet type="text/xsl" href="frame.xsl"?>
<frame cBy="MJE" cDate="11/11/2008 06:50:08 PST Tue" name="Possibility" ID="2120" xsi:schemaLocation="../schema/frame.xsd" xmlns="http://framenet.icsi.berkeley.edu" xmlns:xsi="http://www.w3.org/2001/XMLSchema-instance">
    <definition>&lt;def-root&gt;A &lt;fen&gt;Possible_event&lt;/fen&gt; is deemed to have all pre-conditions satisfied; in other words, it has some probability of occurrence, if some (generally implicit) further &lt;fen&gt;Condition&lt;/fen&gt; pertains.  The &lt;fen&gt;Condition&lt;/fen&gt;, whether overt or implicit, often concerns the decision of an agent to attempt to bring the &lt;fen&gt;Possible_event&lt;/fen&gt; about. The primary implication is that certain other aspects of the situation that might have been expected to prevent the &lt;fen&gt;Possible_event&lt;/fen&gt;, usually lack of capability or permission, do not pertain.

&lt;ex&gt;&lt;fex name="Possible_event"&gt;You&lt;/fex&gt; &lt;t&gt;ca&lt;/t&gt; n't &lt;fex name="Possible_event"&gt;burn glass&lt;/fex&gt; . &lt;fex name="Condition"&gt;INI&lt;/fex&gt;&lt;/ex&gt;
&lt;ex&gt;&lt;fex name="Possible_event"&gt;You&lt;/fex&gt; &lt;t&gt;can&lt;/t&gt; &lt;fex name="Possible_event"&gt;have two more&lt;/fex&gt; &lt;fex name="Condition"&gt;if you want&lt;/fex&gt; .&lt;/ex&gt;
&lt;ex&gt;&lt;fex name="Possible_event"&gt;This sense of lack&lt;/fex&gt; &lt;t&gt;can&lt;/t&gt; &lt;fex name="Condition"&gt;never&lt;/fex&gt; &lt;fex name="Possible_event"&gt;be satisfied&lt;/fex&gt; .&lt;/ex&gt;
&lt;ex&gt;&lt;fex name="Possible_event"&gt;We&lt;/fex&gt; just &lt;t&gt;ca&lt;/t&gt; n't &lt;fex name="Possible_event"&gt;stand it&lt;/fex&gt; &lt;fex name="Time"&gt;anymore&lt;/fex&gt; . &lt;fex name="Condition"&gt;INI&lt;/fex&gt;&lt;/ex&gt;

This frame is confusable with the Capability frame, which specifically involves an Agent who is presented as needing only the decision to perform an Action in order to successfully perform the Action.&lt;/def-root&gt;</definition>
    <FE bgColor="008000" fgColor="FFFFFF" coreType="Core-Unexpressed" cBy="MJE" cDate="11/11/2008 06:50:08 PST Tue" abbrev="Evt" name="Possible_event" ID="13096">
        <definition>&lt;def-root&gt;The &lt;fen&gt;Possible_event&lt;/fen&gt; has met its preconditions, and will occur if some further &lt;fen&gt;Condition&lt;/fen&gt; holds.

&lt;/def-root&gt;</definition>
        <semType name="State_of_affairs" ID="177"/>
    </FE>
    <FE bgColor="0000FF" fgColor="FFFFFF" coreType="Extra-Thematic" cBy="MJE" cDate="11/11/2008 06:50:08 PST Tue" abbrev="Cond" name="Circumstances" ID="13098">
        <definition>&lt;def-root&gt;The &lt;fen&gt;Circumstances&lt;/fen&gt; under which the preconditions of the &lt;fen&gt;Possible_event&lt;/fen&gt; are met.

&lt;ex&gt;&lt;fex name="Circumstances"&gt;In this weather&lt;/fex&gt;, an experienced pilot &lt;t&gt;can&lt;/t&gt; still manage to fly 500 miles.&lt;/ex&gt;

&lt;/def-root&gt;</definition>
    </FE>
    <FE bgColor="800080" fgColor="FFFFFF" coreType="Extra-Thematic" cBy="MJE" cDate="11/11/2008 06:50:08 PST Tue" abbrev="Exp" name="Explanation" ID="13099">
        <definition>&lt;def-root&gt;An entity, event, or state that brings about the possibility of the &lt;fen&gt;Possible_event&lt;/fen&gt;. &lt;/def-root&gt;</definition>
    </FE>
    <FE bgColor="00BFFF" fgColor="FFFFFF" coreType="Core-Unexpressed" cBy="MJE" cDate="11/11/2008 07:28:56 PST Tue" abbrev="" name="Condition" ID="13104">
        <definition>&lt;def-root&gt;The state-of-affairs that does not hold, but if it did, the &lt;fen&gt;Possible_event&lt;/fen&gt; would occur.

&lt;ex&gt;&lt;fex name="Condition"&gt;If he wants&lt;/fex&gt; , he &lt;t&gt;can&lt;/t&gt; have all the fishsticks .&lt;/ex&gt;&lt;/def-root&gt;</definition>
    </FE>
    <FE bgColor="FFA500" fgColor="FFFFFF" coreType="Peripheral" cBy="MJE" cDate="06/30/2009 05:07:04 PDT Tue" abbrev="" name="Time" ID="13262">
        <definition>&lt;def-root&gt;The time at which the &lt;fen&gt;Possible_event&lt;/fen&gt; can occur.

&lt;ex&gt;You &lt;t&gt;can&lt;/t&gt; come in &lt;fex name="Time"&gt;now&lt;/fex&gt;.&lt;/ex&gt;&lt;/def-root&gt;</definition>
    </FE>
    <frameRelation type="Inherits from"/>
    <frameRelation type="Is Inherited by">
        <relatedFrame ID="990">Capability</relatedFrame>
    </frameRelation>
    <frameRelation type="Perspective on"/>
    <frameRelation type="Is Perspectivized in"/>
    <frameRelation type="Uses"/>
    <frameRelation type="Is Used by"/>
    <frameRelation type="Subframe of"/>
    <frameRelation type="Has Subframe(s)"/>
    <frameRelation type="Precedes"/>
    <frameRelation type="Is Preceded by"/>
    <frameRelation type="Is Inchoative of"/>
    <frameRelation type="Is Causative of"/>
    <frameRelation type="See also">
        <relatedFrame ID="990">Capability</relatedFrame>
    </frameRelation>
    <lexUnit status="Needs_SCs" POS="V" name="can.v" ID="15260" lemmaID="48766" cBy="MJE" cDate="11/11/2008 07:45:13 PST Tue">
        <definition>FN: be able to</definition>
        <sentenceCount annotated="57" total="58"/>
        <lexeme order="1" headword="true" breakBefore="false" POS="V" name="can"/>
    </lexUnit>
    <lexUnit status="Created" POS="V" name="might.v" ID="17411" lemmaID="24252" cBy="EGp" cDate="07/22/2013 10:43:58 PDT Mon">
        <definition>FN: used to express possibility</definition>
        <sentenceCount annotated="0" total="0"/>
        <lexeme order="1" headword="false" breakBefore="false" POS="V" name="might"/>
    </lexUnit>
    <lexUnit status="Created" POS="V" name="may.v" ID="17412" lemmaID="23758" cBy="EGp" cDate="07/22/2013 10:44:33 PDT Mon">
        <definition>FN: used to express possibility</definition>
        <sentenceCount annotated="0" total="0"/>
        <lexeme order="1" headword="false" breakBefore="false" POS="V" name="may"/>
    </lexUnit>
    <lexUnit status="Created" POS="V" name="could.v" ID="17413" lemmaID="51660" cBy="EGp" cDate="07/22/2013 10:48:53 PDT Mon">
        <definition>FN: used to express possibility</definition>
        <sentenceCount annotated="7" total="7"/>
        <lexeme order="1" headword="true" breakBefore="false" POS="V" name="could"/>
    </lexUnit>
</frame>