<?xml version="1.0" encoding="UTF-8" standalone="yes"?>
<?xml-stylesheet type="text/xsl" href="frame.xsl"?>
<frame cBy="MJE" cDate="08/20/2001 06:40:52 PDT Mon" name="Post_lose_possession" ID="208" xsi:schemaLocation="../schema/frame.xsd" xmlns="http://framenet.icsi.berkeley.edu" xmlns:xsi="http://www.w3.org/2001/XMLSchema-instance">
    <definition>&lt;def-root&gt;The subframe of Relinquish in which the &lt;fen&gt;Owner&lt;/fen&gt; (= Donor) no longer has the &lt;fen&gt;Possession&lt;/fen&gt; (=Theme).&lt;/def-root&gt;</definition>
    <semType name="Non-Lexical Frame" ID="16"/>
    <semType name="Negative" ID="99"/>
    <FE bgColor="0000FF" fgColor="FFFFFF" coreType="Core" cBy="MJE" cDate="09/03/2002 05:19:27 PDT Tue" abbrev="Own" name="Owner" ID="3685">
        <definition>&lt;def-root&gt;The entity that no longer owns the posession.&lt;/def-root&gt;</definition>
    </FE>
    <FE bgColor="800080" fgColor="FFFFFF" coreType="Core" cBy="MJE" cDate="09/03/2002 05:19:31 PDT Tue" abbrev="Pos" name="Possession" ID="3686">
        <definition>&lt;def-root&gt;The thing which was owned by the &lt;fen&gt;Owner&lt;/fen&gt;.
(This does not include bodyparts or medical conditions, but does include intellectual property, etc.)&lt;/def-root&gt;</definition>
    </FE>
    <FE bgColor="FF00FF" fgColor="FFFFFF" coreType="Peripheral" cBy="Hay" cDate="10/02/2003 11:36:53 PDT Thu" abbrev="Manr" name="Manner" ID="5357">
        <definition>&lt;def-root&gt;Any description of the possession state which is not covered by more specific FEs, including epistemic modification (probably, presumably, mysteriously) and general descriptions comparing events (the same way).&lt;/def-root&gt;</definition>
        <semType name="Manner" ID="173"/>
    </FE>
    <FE bgColor="FFA500" fgColor="FFFFFF" coreType="Peripheral" cBy="KmG" cDate="02/22/2007 11:51:55 PST Thu" abbrev="tim" name="Time" ID="11069">
        <definition>&lt;def-root&gt;This FE indicates the &lt;fen&gt;Time&lt;/fen&gt; when the Post_lose_possession event occurs. &lt;/def-root&gt;</definition>
    </FE>
    <frameRelation type="Inherits from">
        <relatedFrame ID="118">Possession</relatedFrame>
    </frameRelation>
    <frameRelation type="Is Inherited by">
        <relatedFrame ID="1187">Post_giving</relatedFrame>
    </frameRelation>
    <frameRelation type="Perspective on"/>
    <frameRelation type="Is Perspectivized in"/>
    <frameRelation type="Uses"/>
    <frameRelation type="Is Used by"/>
    <frameRelation type="Subframe of">
        <relatedFrame ID="212">Lose_possession_scenario</relatedFrame>
    </frameRelation>
    <frameRelation type="Has Subframe(s)"/>
    <frameRelation type="Precedes"/>
    <frameRelation type="Is Preceded by">
        <relatedFrame ID="206">Lose_possession</relatedFrame>
    </frameRelation>
    <frameRelation type="Is Inchoative of"/>
    <frameRelation type="Is Causative of"/>
    <frameRelation type="See also"/>
</frame>