<?xml version="1.0" encoding="UTF-8" standalone="yes"?>
<?xml-stylesheet type="text/xsl" href="frame.xsl"?>
<frame cBy="MJE" cDate="07/16/2004 02:47:35 PDT Fri" name="Post_transfer" ID="1189" xsi:schemaLocation="../schema/frame.xsd" xmlns="http://framenet.icsi.berkeley.edu" xmlns:xsi="http://www.w3.org/2001/XMLSchema-instance">
    <definition>&lt;def-root&gt;The stage after the &lt;fen&gt;Theme&lt;/fen&gt; is in the possession of the &lt;fen&gt;Recipient&lt;/fen&gt;.&lt;/def-root&gt;</definition>
    <semType name="Non-Lexical Frame" ID="16"/>
    <FE bgColor="FF0000" fgColor="FFFFFF" coreType="Core" cBy="MJE" cDate="07/16/2004 02:47:35 PDT Fri" abbrev="don" name="Donor" ID="6925">
        <definition>&lt;def-root&gt;The individual that has just given the &lt;fen&gt;Theme&lt;/fen&gt; away.
&lt;/def-root&gt;</definition>
    </FE>
    <FE bgColor="0000FF" fgColor="FFFFFF" coreType="Core" cBy="MJE" cDate="07/16/2004 02:47:35 PDT Fri" abbrev="the" name="Theme" ID="6926">
        <definition>&lt;def-root&gt;The entity which has ended up in the possession of the &lt;fen&gt;Recipient&lt;/fen&gt;&lt;/def-root&gt;</definition>
        <semType name="Physical_object" ID="68"/>
    </FE>
    <FE bgColor="FF00FF" fgColor="FFFFFF" coreType="Peripheral" cBy="MJE" cDate="07/16/2004 02:47:35 PDT Fri" abbrev="Manr" name="Manner" ID="6928">
        <definition>&lt;def-root&gt;The way that the &lt;fen&gt;Donor&lt;/fen&gt; possesses the &lt;fen&gt;Theme&lt;/fen&gt;.

&lt;/def-root&gt;</definition>
        <semType name="Manner" ID="173"/>
    </FE>
    <FE bgColor="008000" fgColor="FFFFFF" coreType="Core" cBy="MJE" cDate="07/16/2004 02:52:48 PDT Fri" abbrev="" name="Recipient" ID="6929">
        <definition>&lt;def-root&gt;The individual that has ended up with the &lt;fen&gt;Theme&lt;/fen&gt;.&lt;/def-root&gt;</definition>
    </FE>
    <FE bgColor="FFA500" fgColor="FFFFFF" coreType="Peripheral" cBy="KmG" cDate="02/22/2007 11:52:40 PST Thu" abbrev="tim" name="Time" ID="11070">
        <definition>&lt;def-root&gt;This FE indicates the &lt;fen&gt;Time&lt;/fen&gt; when the Post_transfer event occurs. &lt;/def-root&gt;</definition>
    </FE>
    <frameRelation type="Inherits from">
        <relatedFrame ID="118">Possession</relatedFrame>
    </frameRelation>
    <frameRelation type="Is Inherited by"/>
    <frameRelation type="Perspective on"/>
    <frameRelation type="Is Perspectivized in">
        <relatedFrame ID="1182">Post_receiving</relatedFrame>
        <relatedFrame ID="1187">Post_giving</relatedFrame>
    </frameRelation>
    <frameRelation type="Uses"/>
    <frameRelation type="Is Used by"/>
    <frameRelation type="Subframe of">
        <relatedFrame ID="1192">Transfer_scenario</relatedFrame>
    </frameRelation>
    <frameRelation type="Has Subframe(s)"/>
    <frameRelation type="Precedes"/>
    <frameRelation type="Is Preceded by">
        <relatedFrame ID="178">Transfer</relatedFrame>
    </frameRelation>
    <frameRelation type="Is Inchoative of"/>
    <frameRelation type="Is Causative of"/>
    <frameRelation type="See also"/>
</frame>