<?xml version="1.0" encoding="UTF-8" standalone="yes"?>
<?xml-stylesheet type="text/xsl" href="frame.xsl"?>
<frame cBy="Tess" cDate="08/20/2002 03:27:45 PDT Tue" name="Praiseworthiness" ID="399" xsi:schemaLocation="../schema/frame.xsd" xmlns="http://framenet.icsi.berkeley.edu" xmlns:xsi="http://www.w3.org/2001/XMLSchema-instance">
    <definition>&lt;def-root&gt;The &lt;fen&gt;Behavior&lt;/fen&gt; of an &lt;fen&gt;Evaluee&lt;/fen&gt; is described in terms of the reaction it deserves from somebody, such as praise, blame or admiration.

&lt;ex&gt;It was &lt;t&gt;honorable&lt;/t&gt; &lt;fex name="Evaluee"&gt;of you&lt;/fex&gt; &lt;fex name="Behavior"&gt;to help that person&lt;/fex&gt;.&lt;/ex&gt;&lt;/def-root&gt;</definition>
    <FE bgColor="800080" fgColor="FFFFFF" coreType="Core" cBy="Tess" cDate="08/20/2002 04:41:38 PDT Tue" abbrev="Eval" name="Evaluee" ID="3592">
        <definition>&lt;def-root&gt;The &lt;fen&gt;Behavior&lt;/fen&gt; of the &lt;fen&gt;Evaluee&lt;/fen&gt; is being judged as worthy of a particular reaction.
&lt;ex&gt;It was &lt;t&gt;commendable&lt;/t&gt; &lt;fex name="Eval"&gt;of Lisa&lt;/fex&gt; &lt;fex name="Beh"&gt;to give so much to charity&lt;/fex&gt;.&lt;/ex&gt;&lt;/def-root&gt;</definition>
    </FE>
    <FE bgColor="008000" fgColor="FFFFFF" coreType="Core" cBy="Tess" cDate="08/20/2002 04:42:59 PDT Tue" abbrev="Beh" name="Behavior" ID="3593">
        <definition>&lt;def-root&gt;This FE indicates the &lt;fen&gt;Behavior&lt;/fen&gt; on which the assessment of praiseworthiness is based.
&lt;ex&gt;&lt;fex name="Beh"&gt;Your behavior&lt;/fex&gt; is &lt;t&gt;commendable&lt;/t&gt;&lt;/ex&gt;
&lt;ex&gt;The children made a &lt;t&gt;commendable&lt;/t&gt; &lt;fex name="Beh"&gt;effort&lt;/fex&gt;.&lt;/ex&gt;&lt;/def-root&gt;</definition>
    </FE>
    <FE bgColor="FF00FF" fgColor="FFFFFF" coreType="Peripheral" cBy="Tess" cDate="08/22/2002 02:41:42 PDT Thu" abbrev="Deg" name="Degree" ID="3609">
        <definition>&lt;def-root&gt;This FE identifies the &lt;fen&gt;Degree&lt;/fen&gt; to which the judgement or reaction is deserved.
&lt;ex&gt;&lt;fex name="Beh"&gt;Your actions&lt;/fex&gt; were &lt;fex name="Deg"&gt;very&lt;/fex&gt; &lt;t&gt;commendable&lt;/t&gt;&lt;/ex&gt;&lt;/def-root&gt;</definition>
        <semType name="Degree" ID="172"/>
    </FE>
    <FE bgColor="7FFF00" fgColor="000000" coreType="Peripheral" cBy="MiL" cDate="06/07/2006 04:56:17 PDT Wed" abbrev="" name="Judge" ID="10265">
        <definition>&lt;def-root&gt;The individual whose point of view is taken in assigning the judgment denoted by the target.&lt;/def-root&gt;</definition>
    </FE>
    <FEcoreSet>
        <memberFE name="Evaluee" ID="3592"/>
        <memberFE name="Behavior" ID="3593"/>
    </FEcoreSet>
    <frameRelation type="Inherits from">
        <relatedFrame ID="369">Social_behavior_evaluation</relatedFrame>
    </frameRelation>
    <frameRelation type="Is Inherited by"/>
    <frameRelation type="Perspective on"/>
    <frameRelation type="Is Perspectivized in"/>
    <frameRelation type="Uses">
        <relatedFrame ID="28">Judgment</relatedFrame>
    </frameRelation>
    <frameRelation type="Is Used by"/>
    <frameRelation type="Subframe of"/>
    <frameRelation type="Has Subframe(s)"/>
    <frameRelation type="Precedes"/>
    <frameRelation type="Is Preceded by"/>
    <frameRelation type="Is Inchoative of"/>
    <frameRelation type="Is Causative of"/>
    <frameRelation type="See also"/>
    <lexUnit status="Finished_Initial" POS="A" name="praiseworthy.a" ID="7313" lemmaID="30031" cBy="Tess" cDate="08/20/2002 03:29:44 PDT Tue">
        <definition>COD: deserving of praise</definition>
        <sentenceCount annotated="7" total="39"/>
        <lexeme order="1" headword="false" breakBefore="false" POS="A" name="praiseworthy"/>
    </lexUnit>
    <lexUnit status="Finished_Initial" POS="A" name="commendable.a" ID="7314" lemmaID="7333" cBy="Tess" cDate="08/20/2002 03:41:10 PDT Tue">
        <definition>COD: deserving praise</definition>
        <sentenceCount annotated="16" total="76"/>
        <lexeme order="1" headword="false" breakBefore="false" POS="A" name="commendable"/>
    </lexUnit>
    <lexUnit status="Finished_Initial" POS="A" name="reprehensible.a" ID="7315" lemmaID="32722" cBy="Tess" cDate="08/20/2002 03:41:48 PDT Tue">
        <definition>COD: deserving censure or condemnation</definition>
        <sentenceCount annotated="7" total="38"/>
        <lexeme order="1" headword="false" breakBefore="false" POS="A" name="reprehensible"/>
    </lexUnit>
    <lexUnit status="Finished_Initial" POS="A" name="blameworthy.a" ID="7317" lemmaID="3755" cBy="Tess" cDate="08/20/2002 03:43:36 PDT Tue">
        <definition>FN: deserving reproach or blame</definition>
        <sentenceCount annotated="5" total="11"/>
        <lexeme order="1" headword="false" breakBefore="false" POS="A" name="blameworthy"/>
    </lexUnit>
    <lexUnit status="Finished_Initial" POS="A" name="deplorable.a" ID="7318" lemmaID="10224" cBy="Tess" cDate="08/20/2002 03:44:13 PDT Tue">
        <definition>COD: deserving strong condemnation; shockingly bad</definition>
        <sentenceCount annotated="23" total="81"/>
        <lexeme order="1" headword="false" breakBefore="false" POS="A" name="deplorable"/>
    </lexUnit>
    <lexUnit status="Finished_Initial" POS="A" name="lamentable.a" ID="7319" lemmaID="21623" cBy="Tess" cDate="08/20/2002 03:45:18 PDT Tue">
        <definition>COD: deplorable or regrettable</definition>
        <sentenceCount annotated="10" total="42"/>
        <lexeme order="1" headword="false" breakBefore="false" POS="A" name="lamentable"/>
    </lexUnit>
    <lexUnit status="Finished_Initial" POS="A" name="laudable.a" ID="7320" lemmaID="21815" cBy="Tess" cDate="08/20/2002 03:55:23 PDT Tue">
        <definition>FN: to be deserving of praise</definition>
        <sentenceCount annotated="16" total="70"/>
        <lexeme order="1" headword="false" breakBefore="false" POS="A" name="laudable"/>
    </lexUnit>
    <lexUnit status="Finished_Initial" POS="A" name="admirable.a" ID="7321" lemmaID="522" cBy="Tess" cDate="08/20/2002 04:55:48 PDT Tue">
        <definition>COD: deserving respect and approval</definition>
        <sentenceCount annotated="31" total="129"/>
        <lexeme order="1" headword="false" breakBefore="false" POS="A" name="admirable"/>
    </lexUnit>
    <lexUnit status="Finished_Initial" POS="A" name="pitiable.a" ID="7322" lemmaID="29161" cBy="Tess" cDate="08/20/2002 04:57:06 PDT Tue">
        <definition>COD: deserving or arousing pity</definition>
        <sentenceCount annotated="5" total="13"/>
        <lexeme order="1" headword="false" breakBefore="false" POS="A" name="pitiable"/>
    </lexUnit>
    <lexUnit status="Finished_Initial" POS="A" name="estimable.a" ID="7323" lemmaID="13141" cBy="Tess" cDate="08/20/2002 05:14:12 PDT Tue">
        <definition>COD: worthy of great respect</definition>
        <sentenceCount annotated="5" total="16"/>
        <lexeme order="1" headword="false" breakBefore="false" POS="A" name="estimable"/>
    </lexUnit>
    <lexUnit status="Finished_Initial" POS="A" name="creditable.a" ID="7324" lemmaID="8868" cBy="Tess" cDate="08/20/2002 05:15:54 PDT Tue">
        <definition>COD: deserving public acknowledgement and praise but not necessarily outstanding or successful. </definition>
        <sentenceCount annotated="13" total="65"/>
        <lexeme order="1" headword="false" breakBefore="false" POS="A" name="creditable"/>
    </lexUnit>
    <lexUnit status="Finished_Initial" POS="A" name="detestable.a" ID="7325" lemmaID="10446" cBy="Tess" cDate="08/20/2002 05:32:29 PDT Tue">
        <definition>COD: deserving intense dislike</definition>
        <sentenceCount annotated="6" total="21"/>
        <lexeme order="1" headword="false" breakBefore="false" POS="A" name="detestable"/>
    </lexUnit>
    <lexUnit status="Finished_Initial" POS="A" name="abominable.a" ID="7326" lemmaID="139" cBy="Tess" cDate="08/21/2002 03:11:23 PDT Wed">
        <definition>FN: deserving of revulsion or disgust</definition>
        <sentenceCount annotated="11" total="48"/>
        <lexeme order="1" headword="false" breakBefore="false" POS="A" name="abominable"/>
    </lexUnit>
    <lexUnit status="Finished_Initial" POS="A" name="execrable.a" ID="7327" lemmaID="13416" cBy="Tess" cDate="08/21/2002 03:13:05 PDT Wed">
        <definition>FN: detestable; worthy of execration</definition>
        <sentenceCount annotated="4" total="7"/>
        <lexeme order="1" headword="false" breakBefore="false" POS="A" name="execrable"/>
    </lexUnit>
    <lexUnit status="Created" POS="A" name="honorable.a" ID="7328" lemmaID="18339" cBy="Tess" cDate="08/21/2002 03:14:23 PDT Wed">
        <definition>COD: bringing or worthy of honour</definition>
        <sentenceCount annotated="0" total="0"/>
        <lexeme order="1" headword="false" breakBefore="false" POS="A" name="honorable"/>
    </lexUnit>
    <lexUnit status="Created" POS="A" name="dishonorable.a" ID="7329" lemmaID="10990" cBy="Tess" cDate="08/21/2002 03:34:05 PDT Wed">
        <definition>FN: worthy of or causing dishonor</definition>
        <sentenceCount annotated="0" total="0"/>
        <lexeme order="1" headword="false" breakBefore="false" POS="A" name="dishonorable"/>
    </lexUnit>
    <lexUnit status="Finished_Initial" POS="A" name="meritorious.a" ID="7330" lemmaID="24035" cBy="Tess" cDate="08/21/2002 04:13:15 PDT Wed">
        <definition>COD: deserving reward or praise</definition>
        <sentenceCount annotated="6" total="18"/>
        <lexeme order="1" headword="false" breakBefore="false" POS="A" name="meritorious"/>
    </lexUnit>
    <lexUnit status="Created" POS="A" name="despicable.a" ID="8533" lemmaID="10374" cBy="MJE" cDate="04/09/2003 05:32:47 PDT Wed">
        <definition>COD:  deserving hatred and contempt.</definition>
        <sentenceCount annotated="0" total="0"/>
        <lexeme order="1" headword="false" breakBefore="false" POS="A" name="despicable"/>
    </lexUnit>
</frame>