<?xml version="1.0" encoding="UTF-8" standalone="yes"?>
<?xml-stylesheet type="text/xsl" href="frame.xsl"?>
<frame cBy="MJE" cDate="07/16/2004 02:20:40 PDT Fri" name="Pre_giving" ID="1186" xsi:schemaLocation="../schema/frame.xsd" xmlns="http://framenet.icsi.berkeley.edu" xmlns:xsi="http://www.w3.org/2001/XMLSchema-instance">
    <definition>&lt;def-root&gt;The stage of giving just before the &lt;fen&gt;Donor&lt;/fen&gt; discontinues possession of the &lt;fen&gt;Theme&lt;/fen&gt;, yielding it to the &lt;fen&gt;Recipient&lt;/fen&gt;.

&lt;/def-root&gt;</definition>
    <semType name="Non-Lexical Frame" ID="16"/>
    <FE bgColor="FF0000" fgColor="FFFFFF" coreType="Core" cBy="MJE" cDate="07/16/2004 02:20:40 PDT Fri" abbrev="don" name="Donor" ID="6910">
        <definition>&lt;def-root&gt;The individual that has possession of the &lt;fen&gt;Theme&lt;/fen&gt; and is about to transfer possession to the &lt;fen&gt;Recipient&lt;/fen&gt;.

&lt;/def-root&gt;</definition>
    </FE>
    <FE bgColor="0000FF" fgColor="FFFFFF" coreType="Core" cBy="MJE" cDate="07/16/2004 02:20:40 PDT Fri" abbrev="Pos" name="Theme" ID="6911">
        <definition>&lt;def-root&gt;The entity which is in the possession of the &lt;fen&gt;Donor&lt;/fen&gt;, which later ends up in the possession of the &lt;fen&gt;Recipient&lt;/fen&gt;.

&lt;/def-root&gt;</definition>
        <semType name="Physical_object" ID="68"/>
    </FE>
    <FE bgColor="FF00FF" fgColor="FFFFFF" coreType="Peripheral" cBy="MJE" cDate="07/16/2004 02:20:40 PDT Fri" abbrev="Manr" name="Manner" ID="6913">
        <definition>&lt;def-root&gt;The way that the &lt;fen&gt;Donor&lt;/fen&gt; possesses the &lt;fen&gt;Theme&lt;/fen&gt;.

&lt;/def-root&gt;</definition>
        <semType name="Manner" ID="173"/>
    </FE>
    <FE bgColor="008000" fgColor="FFFFFF" coreType="Peripheral" cBy="MJE" cDate="07/16/2004 02:25:18 PDT Fri" abbrev="rec" name="Recipient" ID="6914">
        <definition>&lt;def-root&gt;The individual who is about to come into possession of the &lt;fen&gt;Theme&lt;/fen&gt;.&lt;/def-root&gt;</definition>
    </FE>
    <FE bgColor="FFA500" fgColor="FFFFFF" coreType="Peripheral" cBy="KmG" cDate="02/22/2007 11:57:24 PST Thu" abbrev="tim" name="Time" ID="11075">
        <definition>&lt;def-root&gt;This FE indicates the &lt;fen&gt;Time&lt;/fen&gt; when the Pre_giving event occurs. &lt;/def-root&gt;</definition>
    </FE>
    <frameRelation type="Inherits from">
        <relatedFrame ID="207">Pre_lose_possession</relatedFrame>
    </frameRelation>
    <frameRelation type="Is Inherited by"/>
    <frameRelation type="Perspective on">
        <relatedFrame ID="1188">Pre_transfer</relatedFrame>
    </frameRelation>
    <frameRelation type="Is Perspectivized in"/>
    <frameRelation type="Uses"/>
    <frameRelation type="Is Used by"/>
    <frameRelation type="Subframe of">
        <relatedFrame ID="1190">Giving_scenario</relatedFrame>
    </frameRelation>
    <frameRelation type="Has Subframe(s)"/>
    <frameRelation type="Precedes">
        <relatedFrame ID="139">Giving</relatedFrame>
    </frameRelation>
    <frameRelation type="Is Preceded by"/>
    <frameRelation type="Is Inchoative of"/>
    <frameRelation type="Is Causative of"/>
    <frameRelation type="See also"/>
</frame>