<?xml version="1.0" encoding="UTF-8" standalone="yes"?>
<?xml-stylesheet type="text/xsl" href="frame.xsl"?>
<frame cBy="MJE" cDate="07/16/2004 02:43:10 PDT Fri" name="Pre_transfer" ID="1188" xsi:schemaLocation="../schema/frame.xsd" xmlns="http://framenet.icsi.berkeley.edu" xmlns:xsi="http://www.w3.org/2001/XMLSchema-instance">
    <definition>&lt;def-root&gt;The stage before the transfer has taken place, with the &lt;fen&gt;Theme&lt;/fen&gt; in the possession of the &lt;fen&gt;Donor&lt;/fen&gt;.&lt;/def-root&gt;</definition>
    <semType name="Non-Lexical Frame" ID="16"/>
    <FE bgColor="FF0000" fgColor="FFFFFF" coreType="Core" cBy="MJE" cDate="07/16/2004 02:43:10 PDT Fri" abbrev="don" name="Donor" ID="6920">
        <definition>&lt;def-root&gt;The individual that is about to transfer the &lt;fen&gt;Theme&lt;/fen&gt; to the &lt;fen&gt;Recipient&lt;/fen&gt;.
&lt;/def-root&gt;</definition>
    </FE>
    <FE bgColor="0000FF" fgColor="FFFFFF" coreType="Core" cBy="MJE" cDate="07/16/2004 02:43:10 PDT Fri" abbrev="the" name="Theme" ID="6921">
        <definition>&lt;def-root&gt;The entity which is in the possession of the &lt;fen&gt;Donor&lt;/fen&gt;.

&lt;/def-root&gt;</definition>
        <semType name="Physical_object" ID="68"/>
    </FE>
    <FE bgColor="FF00FF" fgColor="FFFFFF" coreType="Peripheral" cBy="MJE" cDate="07/16/2004 02:43:10 PDT Fri" abbrev="Manr" name="Manner" ID="6923">
        <definition>&lt;def-root&gt;The way that the &lt;fen&gt;Recipient&lt;/fen&gt; or &lt;fen&gt;Donor&lt;/fen&gt; possesses the &lt;fen&gt;Theme&lt;/fen&gt;.

&lt;/def-root&gt;</definition>
        <semType name="Manner" ID="173"/>
    </FE>
    <FE bgColor="008000" fgColor="FFFFFF" coreType="Peripheral" cBy="MJE" cDate="07/16/2004 02:46:33 PDT Fri" abbrev="rec" name="Recipient" ID="6924">
        <definition>&lt;def-root&gt;The individual who is about to receive the &lt;fen&gt;Theme&lt;/fen&gt;.&lt;/def-root&gt;</definition>
    </FE>
    <FE bgColor="FFA500" fgColor="FFFFFF" coreType="Peripheral" cBy="KmG" cDate="02/22/2007 11:58:32 PST Thu" abbrev="tim" name="Time" ID="11076">
        <definition>&lt;def-root&gt;This FE indicates the Time when the Pre_transfer event occurs. &lt;/def-root&gt;</definition>
    </FE>
    <frameRelation type="Inherits from">
        <relatedFrame ID="118">Possession</relatedFrame>
    </frameRelation>
    <frameRelation type="Is Inherited by"/>
    <frameRelation type="Perspective on"/>
    <frameRelation type="Is Perspectivized in">
        <relatedFrame ID="1186">Pre_giving</relatedFrame>
        <relatedFrame ID="1181">Pre_receiving</relatedFrame>
    </frameRelation>
    <frameRelation type="Uses"/>
    <frameRelation type="Is Used by"/>
    <frameRelation type="Subframe of">
        <relatedFrame ID="1192">Transfer_scenario</relatedFrame>
    </frameRelation>
    <frameRelation type="Has Subframe(s)"/>
    <frameRelation type="Precedes">
        <relatedFrame ID="178">Transfer</relatedFrame>
    </frameRelation>
    <frameRelation type="Is Preceded by"/>
    <frameRelation type="Is Inchoative of"/>
    <frameRelation type="Is Causative of"/>
    <frameRelation type="See also"/>
</frame>