<?xml version="1.0" encoding="UTF-8" standalone="yes"?>
<?xml-stylesheet type="text/xsl" href="frame.xsl"?>
<frame cBy="MJE" cDate="09/06/2005 05:46:49 PDT Tue" name="Preference" ID="1626" xsi:schemaLocation="../schema/frame.xsd" xmlns="http://framenet.icsi.berkeley.edu" xmlns:xsi="http://www.w3.org/2001/XMLSchema-instance">
    <definition>&lt;def-root&gt;An &lt;fen&gt;Experiencer&lt;/fen&gt; has a greater desire to participate in some &lt;fen&gt;Event&lt;/fen&gt;, as against another (contextually recoverable) event which exhibits a specific &lt;fen&gt;Contrast&lt;/fen&gt; with the &lt;fen&gt;Event&lt;/fen&gt;. Alternatively, the &lt;fen&gt;Experiencer&lt;/fen&gt; may have a greater desire that some &lt;fen&gt;Focal_participant&lt;/fen&gt; participate in the &lt;fen&gt;Event&lt;/fen&gt;. The &lt;fen&gt;Location_of_event&lt;/fen&gt; may also be mentioned.

&lt;ex&gt;&lt;fex name="Explanation"&gt;Why&lt;/fex&gt; do &lt;fex name="Experiencer"&gt;women&lt;/fex&gt; &lt;t&gt;prefer&lt;/t&gt; &lt;fex name="Focal_participant"&gt;manly faces&lt;/fex&gt;?&lt;/ex&gt;
&lt;ex&gt;&lt;fex name="Experiencer"&gt;I&lt;/fex&gt; &lt;t&gt;prefer&lt;/t&gt; &lt;fex name="Focal_participant"&gt;open source programs&lt;/fex&gt; &lt;fex name="Contrast"&gt;over proprietary ones&lt;/fex&gt;.&lt;/ex&gt;
&lt;ex&gt;&lt;fex name="Experiencer"&gt;Other customers&lt;/fex&gt; &lt;t&gt;prefer&lt;/t&gt; &lt;fex name="Event"&gt;to send us an order together with a cheque&lt;/fex&gt;.&lt;/ex&gt;
&lt;ex&gt;&lt;fex name="Experiencer"&gt;I&lt;/fex&gt; &lt;t&gt;prefer&lt;/t&gt; &lt;fex name="Focal_participant"&gt;my tartar sauce&lt;/fex&gt; &lt;fex name="Location_of_event"&gt;on fish&lt;/fex&gt;.&lt;/ex&gt;&lt;/def-root&gt;</definition>
    <FE bgColor="FF0000" fgColor="FFFFFF" coreType="Core" cBy="MJE" cDate="09/06/2005 05:46:49 PDT Tue" abbrev="Exp" name="Experiencer" ID="9062">
        <definition>&lt;def-root&gt;The &lt;fen&gt;Experiencer&lt;/fen&gt; is the person (or sentient being) who wishes for the &lt;fen&gt;Event&lt;/fen&gt; to occur.&lt;/def-root&gt;</definition>
        <semType name="Sentient" ID="5"/>
    </FE>
    <FE bgColor="00008B" fgColor="FFFFFF" coreType="Core" cBy="MJE" cDate="09/06/2005 05:46:49 PDT Tue" abbrev="Evnt" name="Event" ID="9063">
        <definition>&lt;def-root&gt;The change that the &lt;fen&gt;Experiencer&lt;/fen&gt; would like to see.&lt;/def-root&gt;</definition>
        <semType name="State_of_affairs" ID="177"/>
    </FE>
    <FE bgColor="0000FF" fgColor="FFFFFF" coreType="Core" cBy="MJE" cDate="09/06/2005 05:46:49 PDT Tue" abbrev="Foc" name="Focal_participant" ID="9064">
        <definition>&lt;def-root&gt;This is the entity that the &lt;fen&gt;Experiencer&lt;/fen&gt; wishes to be affected by some &lt;fen&gt;Event&lt;/fen&gt;.&lt;/def-root&gt;</definition>
    </FE>
    <FE bgColor="FF69B4" fgColor="FFFFFF" coreType="Peripheral" cBy="MJE" cDate="09/06/2005 05:46:49 PDT Tue" abbrev="Degr" name="Degree" ID="9065">
        <definition>&lt;def-root&gt;The &lt;fen&gt;Degree&lt;/fen&gt; is the extent of the &lt;fen&gt;Experiencer&lt;/fen&gt;'s Desiring.&lt;/def-root&gt;</definition>
        <semType name="Degree" ID="172"/>
    </FE>
    <FE bgColor="FF00FF" fgColor="FFFFFF" coreType="Peripheral" cBy="MJE" cDate="09/06/2005 05:46:49 PDT Tue" abbrev="Manr" name="Manner" ID="9066">
        <definition>&lt;def-root&gt;The way in which the &lt;fen&gt;Experiencer&lt;/fen&gt; desires something.

&lt;/def-root&gt;</definition>
        <semType name="Manner" ID="173"/>
    </FE>
    <FE bgColor="9F79EE" fgColor="FFFFFF" coreType="Extra-Thematic" cBy="MJE" cDate="09/06/2005 05:46:49 PDT Tue" abbrev="exp" name="Explanation" ID="9067">
        <definition>&lt;def-root&gt;The &lt;fen&gt;Explanation&lt;/fen&gt; shows why the &lt;fen&gt;Experiencer&lt;/fen&gt; wants the &lt;fen&gt;Event&lt;/fen&gt; to occur.  This FE occurs frequently as a PP complement headed by &lt;ment&gt;for&lt;/ment&gt;. 
&lt;/def-root&gt;</definition>
        <semType name="State_of_affairs" ID="177"/>
    </FE>
    <FE bgColor="800080" fgColor="FFFFFF" coreType="Peripheral" cBy="MJE" cDate="09/06/2005 05:46:49 PDT Tue" abbrev="Purp" name="Purpose_of_event" ID="9068">
        <definition>&lt;def-root&gt;The &lt;fen&gt;Purpose_of_event&lt;/fen&gt; is the purpose pertaining to the desired &lt;fen&gt;Event&lt;/fen&gt;.

&lt;/def-root&gt;</definition>
    </FE>
    <FE bgColor="FFD700" fgColor="FFFFFF" coreType="Peripheral" cBy="MJE" cDate="09/06/2005 05:46:49 PDT Tue" abbrev="EvT" name="Time_of_event" ID="9069">
        <definition>&lt;def-root&gt;The time that the &lt;fen&gt;Event&lt;/fen&gt; would ideally occur.
&lt;/def-root&gt;</definition>
    </FE>
    <FE bgColor="00BFFF" fgColor="FFFFFF" coreType="Core" cBy="MJE" cDate="09/06/2005 05:46:49 PDT Tue" abbrev="PEv" name="Location_of_event" ID="9070">
        <definition>&lt;def-root&gt;The &lt;fen&gt;Location_of_event&lt;/fen&gt; is the place involved in the desired &lt;fen&gt;Event&lt;/fen&gt;.
&lt;/def-root&gt;</definition>
    </FE>
    <FE bgColor="FFA500" fgColor="FFFFFF" coreType="Peripheral" cBy="MJE" cDate="09/06/2005 05:46:49 PDT Tue" abbrev="Time" name="Time" ID="9071">
        <definition>&lt;def-root&gt;The &lt;fen&gt;Time&lt;/fen&gt; is when the &lt;fen&gt;Experiencer&lt;/fen&gt; desires something.
&lt;/def-root&gt;</definition>
        <semType name="Time" ID="141"/>
    </FE>
    <FE bgColor="008000" fgColor="FFFFFF" coreType="Peripheral" cBy="MJE" cDate="09/06/2005 05:46:49 PDT Tue" abbrev="Place" name="Place" ID="9072">
        <definition>&lt;def-root&gt;Where the event takes place.  Note that this FE is of extremely rare occurrence in this frame.
&lt;/def-root&gt;</definition>
        <semType name="Locative_relation" ID="182"/>
    </FE>
    <FE bgColor="808080" fgColor="FFFFFF" coreType="Peripheral" cBy="MJE" cDate="09/06/2005 05:46:49 PDT Tue" abbrev="Dur" name="Duration" ID="9073">
        <definition>&lt;def-root&gt;The amount of time for which the &lt;fen&gt;Experiencer&lt;/fen&gt; has desired something.
&lt;/def-root&gt;</definition>
        <semType name="Duration" ID="142"/>
    </FE>
    <FE bgColor="A52A2A" fgColor="FFFFFF" coreType="Core" cBy="MJE" cDate="09/06/2005 06:24:54 PDT Tue" abbrev="con" name="Contrast" ID="9075">
        <definition>&lt;def-root&gt;An alternative &lt;fen&gt;Event&lt;/fen&gt; or &lt;fen&gt;Focal_participant&lt;/fen&gt; that is less desirable for the &lt;fen&gt;Experiencer&lt;/fen&gt;.

&lt;ex&gt;I always &lt;t&gt;preferred&lt;/t&gt; trackballs &lt;fex name="con"&gt;over mouses&lt;/fex&gt;.&lt;/ex&gt;&lt;/def-root&gt;</definition>
    </FE>
    <FEcoreSet>
        <memberFE name="Event" ID="9063"/>
        <memberFE name="Focal_participant" ID="9064"/>
        <memberFE name="Location_of_event" ID="9070"/>
    </FEcoreSet>
    <frameRelation type="Inherits from">
        <relatedFrame ID="366">Desiring</relatedFrame>
    </frameRelation>
    <frameRelation type="Is Inherited by"/>
    <frameRelation type="Perspective on"/>
    <frameRelation type="Is Perspectivized in"/>
    <frameRelation type="Uses"/>
    <frameRelation type="Is Used by">
        <relatedFrame ID="2689">Sacrificing_for</relatedFrame>
    </frameRelation>
    <frameRelation type="Subframe of"/>
    <frameRelation type="Has Subframe(s)"/>
    <frameRelation type="Precedes"/>
    <frameRelation type="Is Preceded by"/>
    <frameRelation type="Is Inchoative of"/>
    <frameRelation type="Is Causative of"/>
    <frameRelation type="See also"/>
    <lexUnit status="Needs_SCs" POS="V" name="prefer.v" ID="12764" lemmaID="30170" cBy="MJE" cDate="09/06/2005 06:29:41 PDT Tue">
        <definition>COD: like (someone or something) better than another or others; tend to choose.</definition>
        <sentenceCount annotated="1" total="120"/>
        <lexeme order="1" headword="false" breakBefore="false" POS="V" name="prefer"/>
    </lexUnit>
    <lexUnit status="Created" POS="V" name="disprefer.v" ID="12765" lemmaID="50250" cBy="MJE" cDate="09/06/2005 06:31:33 PDT Tue">
        <definition>FN: to like or tend to choose less.</definition>
        <sentenceCount annotated="0" total="0"/>
        <lexeme order="1" headword="true" breakBefore="false" POS="V" name="disprefer"/>
    </lexUnit>
    <lexUnit status="Created" POS="V" name="favor.v" ID="13918" lemmaID="14057" cBy="KmG" cDate="03/02/2007 01:14:14 PST Fri">
        <definition>FN: prefer</definition>
        <sentenceCount annotated="1" total="1"/>
        <lexeme order="1" headword="false" breakBefore="false" POS="V" name="favor"/>
    </lexUnit>
</frame>