<?xml version="1.0" encoding="UTF-8" standalone="yes"?>
<?xml-stylesheet type="text/xsl" href="frame.xsl"?>
<frame cBy="KmG" cDate="04/25/2008 04:46:16 PDT Fri" name="Prevent_or_allow_possession" ID="2056" xsi:schemaLocation="../schema/frame.xsd" xmlns="http://framenet.icsi.berkeley.edu" xmlns:xsi="http://www.w3.org/2001/XMLSchema-instance">
    <definition>&lt;def-root&gt;An &lt;fen&gt;Agent&lt;/fen&gt; or &lt;fen&gt;Potential_hindrance&lt;/fen&gt; keeps a &lt;fen&gt;Protagonist&lt;/fen&gt; from having a &lt;fen&gt;State_of_affairs&lt;/fen&gt; that they need or desire, or, despite the possibility of preventing the possession, they allow the &lt;fen&gt;Protagonist&lt;/fen&gt; to have the &lt;fen&gt;State_of_affairs&lt;/fen&gt;.

&lt;ex&gt;&lt;fex name="Agent"&gt;His parents&lt;/fex&gt; &lt;t&gt;deprived&lt;/t&gt; &lt;fex name="Protagonist"&gt;him&lt;/fex&gt; &lt;fex name="State_of_affairs"&gt;of food&lt;/fex&gt; &lt;fex name="Duration"&gt;for days on end&lt;/fex&gt;.&lt;/ex&gt;

&lt;ex&gt;&lt;fex name="Potential_hindrance"&gt;Our lonely city&lt;/fex&gt; &lt;t&gt;starves&lt;/t&gt; &lt;fex name="Protagonist"&gt;us&lt;/fex&gt; &lt;fex name="State_of_affairs"&gt;of original live music&lt;/fex&gt;.&lt;/ex&gt;

&lt;ex&gt;&lt;fex name="Protagonist"&gt;Employees&lt;/fex&gt; were &lt;t&gt;denied&lt;/t&gt; &lt;fex name="State_of_affairs"&gt;overtime pay and meal breaks&lt;/fex&gt;. &lt;fex name="Agent"&gt;CNI&lt;/fex&gt; &lt;/ex&gt; 
&lt;ex&gt;&lt;t&gt;Allow&lt;/t&gt; &lt;fex name="Protagonist"&gt;me&lt;/fex&gt; &lt;fex name="State_of_affairs"&gt;just one more cupcake&lt;/fex&gt; ! &lt;fex name="Agent"&gt;CNI&lt;/fex&gt;&lt;/ex&gt;&lt;/def-root&gt;</definition>
    <FE bgColor="2E8B57" fgColor="FFFFFF" coreType="Core" cBy="KmG" cDate="04/25/2008 04:46:16 PDT Fri" abbrev="Pre" name="Potential_hindrance" ID="12602">
        <definition>&lt;def-root&gt;The &lt;fen&gt;Potential_hindrance&lt;/fen&gt; is the force which keeps the &lt;fen&gt;Event&lt;/fen&gt; from happening, or does not prevent it.

&lt;ex&gt;&lt;fex name="Potential_hindrance"&gt;Israeli law&lt;/fex&gt; effectively &lt;t&gt;deprived&lt;/t&gt; &lt;fex name="Protagonist"&gt;the owners&lt;/fex&gt; &lt;fex name="State_of_affairs"&gt;of their homes and lands&lt;/fex&gt;.&lt;/ex&gt;&lt;/def-root&gt;</definition>
    </FE>
    <FE bgColor="1E90FF" fgColor="FFFFFF" coreType="Core" cBy="KmG" cDate="04/25/2008 04:46:16 PDT Fri" abbrev="Event" name="State_of_affairs" ID="12603">
        <definition>&lt;def-root&gt;The  is the situation, state-of-affairs, or state of having a possession that the &lt;fen&gt;Protagonist&lt;/fen&gt; is kept from having.

&lt;ex&gt;Their parents &lt;t&gt;denied&lt;/t&gt; them &lt;fex name="State_of_affairs"&gt;a brand new car&lt;/fex&gt; upon their sweet 16.&lt;/ex&gt;&lt;/def-root&gt;</definition>
        <semType name="State_of_affairs" ID="177"/>
    </FE>
    <FE bgColor="FFA500" fgColor="FFFFFF" coreType="Peripheral" cBy="KmG" cDate="04/25/2008 04:46:16 PDT Fri" abbrev="Time" name="Time" ID="12604">
        <definition>&lt;def-root&gt;The &lt;fen&gt;Time&lt;/fen&gt; is when the &lt;fen&gt;Potential_hindrance&lt;/fen&gt; keeps the &lt;fen&gt;Event&lt;/fen&gt; from taking place.&lt;/def-root&gt;</definition>
        <semType name="Time" ID="141"/>
    </FE>
    <FE bgColor="006400" fgColor="FFFFFF" coreType="Peripheral" cBy="KmG" cDate="04/25/2008 04:46:16 PDT Fri" abbrev="Place" name="Place" ID="12605">
        <definition>&lt;def-root&gt;The &lt;fen&gt;Place&lt;/fen&gt; is where the &lt;fen&gt;Potential_hindrance&lt;/fen&gt; keeps the &lt;fen&gt;Event&lt;/fen&gt; from taking place.&lt;/def-root&gt;</definition>
        <semType name="Locative_relation" ID="182"/>
    </FE>
    <FE bgColor="FF0000" fgColor="FFFFFF" coreType="Core" cBy="KmG" cDate="04/25/2008 04:46:16 PDT Fri" abbrev="Age" name="Agent" ID="12606">
        <definition>&lt;def-root&gt;The &lt;fen&gt;Agent&lt;/fen&gt; is the  person who keeps the &lt;fen&gt;Event&lt;/fen&gt; from happening.

&lt;ex&gt;&lt;fex name="Agent"&gt;The uncaring King Frank&lt;/fex&gt; often &lt;t&gt;starves&lt;/t&gt; his citizens of tax relief.&lt;/ex&gt;&lt;/def-root&gt;</definition>
        <excludesFE name="Potential_hindrance" ID="12602"/>
    </FE>
    <FE bgColor="0000FF" fgColor="FFFFFF" coreType="Core" cBy="KmG" cDate="04/25/2008 04:57:14 PDT Fri" abbrev="Pro" name="Protagonist" ID="12607">
        <definition>&lt;def-root&gt;The &lt;fen&gt;Protagonist&lt;/fen&gt; is the person who is kept from having the &lt;fen&gt;State_of_affairs&lt;/fen&gt;.&lt;/def-root&gt;</definition>
    </FE>
    <FE bgColor="9F79EE" fgColor="FFFFFF" coreType="Extra-Thematic" cBy="KmG" cDate="04/25/2008 05:01:20 PDT Fri" abbrev="Pur" name="Purpose" ID="12608">
        <definition>&lt;def-root&gt;The reason why the &lt;fen&gt;Agent&lt;/fen&gt; keeps the &lt;fen&gt;Protagonist&lt;/fen&gt; from having the &lt;fen&gt;State_of_affairs&lt;/fen&gt;.

&lt;ex&gt;I have suggested &lt;t&gt;depriving&lt;/t&gt; children of TV-viewing time &lt;fex name="Purpose"&gt;as a sanction&lt;/fex&gt;.&lt;/ex&gt;&lt;/def-root&gt;</definition>
    </FE>
    <FE bgColor="800080" fgColor="FFFFFF" coreType="Peripheral" cBy="KmG" cDate="04/25/2008 05:12:13 PDT Fri" abbrev="Dur" name="Duration" ID="12609">
        <definition>&lt;def-root&gt;The length of time for which the &lt;fen&gt;Protagonist&lt;/fen&gt; is denied the &lt;fen&gt;State_of_affairs&lt;/fen&gt;.&lt;/def-root&gt;</definition>
    </FE>
    <FE bgColor="00008B" fgColor="FFFFFF" coreType="Extra-Thematic" cBy="KmG" cDate="04/25/2008 05:23:19 PDT Fri" abbrev="Exp" name="Explanation" ID="12610">
        <definition>&lt;def-root&gt;How it is possible that the deprivation event occurs.

&lt;ex&gt;&lt;fex name="Explanation"&gt;By acting as his own agent&lt;/fex&gt;, Joe &lt;t&gt;deprived&lt;/t&gt; himself of this valuable information.&lt;/ex&gt;&lt;/def-root&gt;</definition>
    </FE>
    <FE bgColor="FF00FF" fgColor="000000" coreType="Extra-Thematic" cBy="JKs" cDate="05/21/2008 11:42:47 PDT Wed" abbrev="" name="Frequency" ID="12663">
        <definition>&lt;def-root&gt;This FE marks the frequency with which the &lt;fen&gt;Protagonist&lt;/fen&gt; is prevented from having the &lt;fen&gt;State_of_affairs&lt;/fen&gt;.&lt;/def-root&gt;</definition>
    </FE>
    <FE bgColor="A9A9A9" fgColor="000000" coreType="Extra-Thematic" cBy="JKs" cDate="05/21/2008 11:59:45 PDT Wed" abbrev="" name="Containing_event" ID="12664">
        <definition>&lt;def-root&gt;An event that occurs or state of affairs that holds at the time of prevention and which the prevention is taken to be a part of.&lt;/def-root&gt;</definition>
    </FE>
    <frameRelation type="Inherits from">
        <relatedFrame ID="516">Preventing_or_letting</relatedFrame>
    </frameRelation>
    <frameRelation type="Is Inherited by"/>
    <frameRelation type="Perspective on"/>
    <frameRelation type="Is Perspectivized in"/>
    <frameRelation type="Uses">
        <relatedFrame ID="118">Possession</relatedFrame>
    </frameRelation>
    <frameRelation type="Is Used by"/>
    <frameRelation type="Subframe of"/>
    <frameRelation type="Has Subframe(s)"/>
    <frameRelation type="Precedes"/>
    <frameRelation type="Is Preceded by"/>
    <frameRelation type="Is Inchoative of"/>
    <frameRelation type="Is Causative of"/>
    <frameRelation type="See also"/>
    <lexUnit status="Finished_Initial" POS="V" name="deprive.v" ID="14970" lemmaID="50875" cBy="KmG" cDate="04/25/2008 05:06:06 PDT Fri">
        <definition>FN: keep from having</definition>
        <sentenceCount annotated="20" total="152"/>
        <lexeme order="1" headword="true" breakBefore="false" POS="V" name="deprive"/>
    </lexUnit>
    <lexUnit status="Finished_Initial" POS="V" name="starve.v" ID="14971" lemmaID="37848" cBy="KmG" cDate="04/25/2008 05:06:32 PDT Fri">
        <definition>FN: render someone totally without a desired possession or state-of-affairs.</definition>
        <sentenceCount annotated="8" total="91"/>
        <lexeme order="1" headword="false" breakBefore="false" POS="V" name="starve"/>
    </lexUnit>
    <lexUnit status="Finished_Initial" POS="V" name="deny.v" ID="14972" lemmaID="10197" cBy="KmG" cDate="04/25/2008 05:07:09 PDT Fri">
        <definition>FN: not allow to have something</definition>
        <sentenceCount annotated="9" total="139"/>
        <lexeme order="1" headword="false" breakBefore="false" POS="V" name="deny"/>
    </lexUnit>
    <lexUnit status="Created" POS="V" name="allow.v" ID="18784" lemmaID="1066" cBy="MJE" cDate="08/31/2016 06:23:26 PDT Wed">
        <definition>FN: let (someone) have.</definition>
        <sentenceCount annotated="0" total="0"/>
        <lexeme order="1" headword="false" breakBefore="false" POS="V" name="allow"/>
    </lexUnit>
    <lexUnit status="Created" POS="V" name="permit.v" ID="18785" lemmaID="28521" cBy="MJE" cDate="08/31/2016 06:24:06 PDT Wed">
        <definition>FN: allow (someone) to have.</definition>
        <sentenceCount annotated="0" total="0"/>
        <lexeme order="1" headword="false" breakBefore="false" POS="V" name="permit"/>
    </lexUnit>
</frame>