<?xml version="1.0" encoding="UTF-8" standalone="yes"?>
<?xml-stylesheet type="text/xsl" href="frame.xsl"?>
<frame cBy="AlK" cDate="07/30/2010 01:28:12 PDT Fri" name="Probability" ID="2360" xsi:schemaLocation="../schema/frame.xsd" xmlns="http://framenet.icsi.berkeley.edu" xmlns:xsi="http://www.w3.org/2001/XMLSchema-instance">
    <definition>&lt;def-root&gt;This frame characterizes the likelihood that a &lt;fen&gt;Hypothetical_event&lt;/fen&gt; will happen as a position on a scale of impossible to inevitable. The likelihood can expressed as numerical &lt;fen&gt;Odds&lt;/fen&gt; or a metaphorical representation of the &lt;fen&gt;Position&lt;/fen&gt; on a scale.

&lt;ex&gt;There's a &lt;fex name="Position"&gt;20 %&lt;/fex&gt; &lt;t&gt;chance&lt;/t&gt; that you'll succeed.&lt;/ex&gt;
&lt;ex&gt;The &lt;t&gt;odds&lt;/t&gt; that he'll actually do it are &lt;fex name="Odds"&gt;one in a million&lt;/fex&gt;.&lt;/ex&gt;&lt;/def-root&gt;</definition>
    <FE bgColor="800080" fgColor="FFFFFF" coreType="Core" cBy="AlK" cDate="07/30/2010 02:26:13 PDT Fri" abbrev="" name="Odds" ID="14095">
        <definition>&lt;def-root&gt;A numerical representation of the probability that a Hypothetical_event will occur.

&lt;ex&gt;There's a &lt;fex name="Odds"&gt;95 %&lt;/fex&gt; &lt;t&gt;chance&lt;/t&gt; of rain today.&lt;/ex&gt;&lt;/def-root&gt;</definition>
    </FE>
    <FE bgColor="9400D3" fgColor="FFFFFF" coreType="Core" cBy="AlK" cDate="07/30/2010 02:30:56 PDT Fri" abbrev="pos" name="Position" ID="14096">
        <definition>&lt;def-root&gt;A metaphorical representation of the position on the scale of likelihood that the Hypothetical_event will occur.

&lt;ex&gt;&lt;t&gt;Chances&lt;/t&gt; are &lt;fex name="Position"&gt;slim&lt;/fex&gt; that he'll pull through.&lt;/ex&gt;&lt;/def-root&gt;</definition>
    </FE>
    <FE bgColor="008000" fgColor="FFFFFF" coreType="Core" cBy="AlK" cDate="07/30/2010 02:32:55 PDT Fri" abbrev="" name="Hypothetical_event" ID="14097">
        <definition>&lt;def-root&gt;The event that is expected to happen with a certain likelihood.

&lt;ex&gt;He's got a small &lt;t&gt;chance&lt;/t&gt; &lt;fex name="Hypothetical_event"&gt;of making it out alive&lt;/fex&gt;.&lt;/ex&gt;&lt;/def-root&gt;</definition>
    </FE>
    <frameRelation type="Inherits from"/>
    <frameRelation type="Is Inherited by"/>
    <frameRelation type="Perspective on"/>
    <frameRelation type="Is Perspectivized in"/>
    <frameRelation type="Uses">
        <relatedFrame ID="95">Position_on_a_scale</relatedFrame>
    </frameRelation>
    <frameRelation type="Is Used by"/>
    <frameRelation type="Subframe of"/>
    <frameRelation type="Has Subframe(s)"/>
    <frameRelation type="Precedes"/>
    <frameRelation type="Is Preceded by"/>
    <frameRelation type="Is Inchoative of"/>
    <frameRelation type="Is Causative of"/>
    <frameRelation type="See also"/>
    <lexUnit status="Finished_Initial" POS="N" name="chance.n" ID="15962" lemmaID="6028" cBy="AlK" cDate="07/30/2010 05:21:54 PDT Fri">
        <definition>FN: the likelihood of an event happening</definition>
        <sentenceCount annotated="33" total="35"/>
        <lexeme order="1" headword="false" breakBefore="false" POS="N" name="chance"/>
    </lexUnit>
    <lexUnit status="Created" POS="N" name="odds.n" ID="15980" lemmaID="26529" cBy="AlK" cDate="08/03/2010 01:03:14 PDT Tue">
        <definition>FN: ratio describing the probability of an outcome</definition>
        <sentenceCount annotated="1" total="1"/>
        <lexeme order="1" headword="false" breakBefore="false" POS="N" name="odds"/>
    </lexUnit>
    <lexUnit status="Created" POS="N" name="probability.n" ID="15981" lemmaID="30519" cBy="AlK" cDate="08/03/2010 01:07:50 PDT Tue">
        <definition>FN: likelihood of an event occuring</definition>
        <sentenceCount annotated="0" total="0"/>
        <lexeme order="1" headword="false" breakBefore="false" POS="N" name="probability"/>
    </lexUnit>
    <lexUnit status="Created" POS="N" name="likelihood.n" ID="15982" lemmaID="22345" cBy="AlK" cDate="08/03/2010 01:13:17 PDT Tue">
        <definition>FN: characterization of whether or not an event occurs</definition>
        <sentenceCount annotated="0" total="0"/>
        <lexeme order="1" headword="false" breakBefore="false" POS="N" name="likelihood"/>
    </lexUnit>
    <lexUnit status="Created" POS="N" name="significance.n" ID="15983" lemmaID="35882" cBy="AlK" cDate="08/03/2010 01:19:10 PDT Tue">
        <definition>FN: characterization of whether an event occurs randomly</definition>
        <sentenceCount annotated="0" total="0"/>
        <lexeme order="1" headword="false" breakBefore="false" POS="N" name="significance"/>
    </lexUnit>
    <lexUnit status="Created" POS="N" name="chances.n" ID="15995" lemmaID="51203" cBy="AlK" cDate="08/05/2010 03:54:21 PDT Thu">
        <definition>FN: the likelihood of an event happening</definition>
        <sentenceCount annotated="0" total="0"/>
        <lexeme order="1" headword="true" breakBefore="false" POS="N" name="chances"/>
    </lexUnit>
</frame>