<?xml version="1.0" encoding="UTF-8" standalone="yes"?>
<?xml-stylesheet type="text/xsl" href="frame.xsl"?>
<frame cBy="MJE" cDate="06/29/2001 06:38:50 PDT Fri" name="Process_stopped_state" ID="153" xsi:schemaLocation="../schema/frame.xsd" xmlns="http://framenet.icsi.berkeley.edu" xmlns:xsi="http://www.w3.org/2001/XMLSchema-instance">
    <definition>&lt;def-root&gt;The State of an Entity after an Event has stopped, i.e. part of an X-schema.
NB:  Refer to Event frame.&lt;/def-root&gt;</definition>
    <semType name="Non-Lexical Frame" ID="16"/>
    <FE bgColor="FF0000" fgColor="FFFFFF" coreType="Core" cBy="MJE" cDate="06/29/2001 06:44:56 PDT Fri" abbrev="pro" name="Process" ID="1191">
        <definition>&lt;def-root&gt;The overall event which is stopped.&lt;/def-root&gt;</definition>
    </FE>
    <FE bgColor="FFA500" fgColor="FFFFFF" coreType="Peripheral" cBy="MJE" cDate="07/19/2006 04:13:23 PDT Wed" abbrev="tim" name="Time" ID="10383">
        <definition>&lt;def-root&gt;The point at which the &lt;fen&gt;Process&lt;/fen&gt; is not continuing.&lt;/def-root&gt;</definition>
    </FE>
    <FE bgColor="1E90FF" fgColor="FFFFFF" coreType="Peripheral" cBy="MJE" cDate="07/19/2006 04:15:05 PDT Wed" abbrev="dur" name="Duration" ID="10385">
        <definition>&lt;def-root&gt;The length of time that the &lt;fen&gt;Process&lt;/fen&gt; does not resume.&lt;/def-root&gt;</definition>
    </FE>
    <frameRelation type="Inherits from">
        <relatedFrame ID="150">State</relatedFrame>
    </frameRelation>
    <frameRelation type="Is Inherited by">
        <relatedFrame ID="181">Activity_paused_state</relatedFrame>
    </frameRelation>
    <frameRelation type="Perspective on"/>
    <frameRelation type="Is Perspectivized in"/>
    <frameRelation type="Uses"/>
    <frameRelation type="Is Used by">
        <relatedFrame ID="168">Activity_abandoned_state</relatedFrame>
    </frameRelation>
    <frameRelation type="Subframe of">
        <relatedFrame ID="233">Process</relatedFrame>
    </frameRelation>
    <frameRelation type="Has Subframe(s)"/>
    <frameRelation type="Precedes">
        <relatedFrame ID="148">Process_resume</relatedFrame>
    </frameRelation>
    <frameRelation type="Is Preceded by">
        <relatedFrame ID="144">Process_stop</relatedFrame>
        <relatedFrame ID="1765">Process_pause</relatedFrame>
    </frameRelation>
    <frameRelation type="Is Inchoative of"/>
    <frameRelation type="Is Causative of"/>
    <frameRelation type="See also"/>
</frame>