<?xml version="1.0" encoding="UTF-8" standalone="yes"?>
<?xml-stylesheet type="text/xsl" href="frame.xsl"?>
<frame cBy="MJE" cDate="06/27/2001 06:14:27 PDT Wed" name="Process_stop" ID="144" xsi:schemaLocation="../schema/frame.xsd" xmlns="http://framenet.icsi.berkeley.edu" xmlns:xsi="http://www.w3.org/2001/XMLSchema-instance">
    <definition>&lt;def-root&gt;A &lt;fen&gt;Process&lt;/fen&gt; stops at a certain &lt;fen&gt;Time&lt;/fen&gt; and &lt;fen&gt;Place&lt;/fen&gt;.  &lt;fen&gt;Reason&lt;/fen&gt; may also be specified.  A &lt;fen&gt;Duration&lt;/fen&gt; may be included in order to indicate the length of the persistence of the Paused-state before action resumes.  NB:  Refer to Process frame.
&lt;ex&gt;&lt;/ex&gt;
&lt;ex&gt;&lt;fex name="Process"&gt;The strident, static-like hiss&lt;/fex&gt; &lt;t&gt;ceased&lt;/t&gt; &lt;fex name="Manner"&gt;abruptly&lt;/fex&gt;.&lt;/ex&gt;

&lt;ex&gt;&lt;fex name="Process"&gt;The use of railway-owned vehicles on aggregates traffic&lt;/fex&gt; &lt;t&gt;ceased&lt;/t&gt; &lt;fex name="Degree"&gt;altogether&lt;/fex&gt; &lt;fex name="Time"&gt;in 1989&lt;/fex&gt;.&lt;/ex&gt;&lt;/def-root&gt;</definition>
    <FE bgColor="0000FF" fgColor="FFFFFF" coreType="Core" cBy="MJE" cDate="06/27/2001 06:18:32 PDT Wed" abbrev="Prc" name="Process" ID="1122">
        <definition>&lt;def-root&gt;The &lt;fen&gt;Process&lt;/fen&gt; which is halting.&lt;/def-root&gt;</definition>
    </FE>
    <FE bgColor="008000" fgColor="FFFFFF" coreType="Peripheral" cBy="MJE" cDate="06/27/2001 06:18:32 PDT Wed" abbrev="Place" name="Place" ID="1123">
        <definition>&lt;def-root&gt;Where the event takes place.&lt;/def-root&gt;</definition>
        <semType name="Locative_relation" ID="182"/>
    </FE>
    <FE bgColor="FF0000" fgColor="FFFFFF" coreType="Extra-Thematic" cBy="MJE" cDate="06/27/2001 06:18:32 PDT Wed" abbrev="Expl" name="Explanation" ID="1124">
        <definition>&lt;def-root&gt;This FE identifies the &lt;fen&gt;Explanation&lt;/fen&gt; of an event occur.&lt;/def-root&gt;</definition>
    </FE>
    <FE bgColor="FFA500" fgColor="FFFFFF" coreType="Peripheral" cBy="MJE" cDate="06/27/2001 06:18:32 PDT Wed" abbrev="Time" name="Time" ID="1125">
        <definition>&lt;def-root&gt;When the event occurs.&lt;/def-root&gt;</definition>
        <semType name="Time" ID="141"/>
    </FE>
    <FE bgColor="FF69B4" fgColor="FFFFFF" coreType="Peripheral" cBy="MJE" cDate="06/27/2001 07:22:48 PDT Wed" abbrev="Degr" name="Degree" ID="1126">
        <definition>&lt;def-root&gt;&lt;fen&gt;Degree&lt;/fen&gt; to which the event occurs.&lt;/def-root&gt;</definition>
        <semType name="Degree" ID="172"/>
    </FE>
    <FE bgColor="9400D3" fgColor="FFFFFF" coreType="Extra-Thematic" cBy="MJE" cDate="06/27/2001 07:22:48 PDT Wed" abbrev="Depict" name="Depictive" ID="1127">
        <definition>&lt;def-root&gt;Depictive phrase describing the actor of an action.&lt;/def-root&gt;</definition>
    </FE>
    <FE bgColor="FF00FF" fgColor="FFFFFF" coreType="Peripheral" cBy="MJE" cDate="06/27/2001 07:22:48 PDT Wed" abbrev="Manr" name="Manner" ID="1129">
        <definition>&lt;def-root&gt;&lt;fen&gt;Manner&lt;/fen&gt; of performing an action.&lt;/def-root&gt;</definition>
        <semType name="Manner" ID="173"/>
    </FE>
    <FE bgColor="9F79EE" fgColor="FFFFFF" coreType="Extra-Thematic" cBy="MJE" cDate="06/27/2001 07:22:48 PDT Wed" abbrev="Result" name="Result" ID="1131">
        <definition>&lt;def-root&gt;The &lt;fen&gt;Result&lt;/fen&gt; of an event.&lt;/def-root&gt;</definition>
    </FE>
    <FE bgColor="800080" fgColor="FFFFFF" coreType="Extra-Thematic" cBy="MJE" cDate="11/15/2001 03:16:39 PST Thu" abbrev="Fin" name="Final_subevent" ID="2114">
        <definition>&lt;def-root&gt;The &lt;fen&gt;Final_subevent&lt;/fen&gt; of an event.

&lt;ex&gt;The peace march &lt;t&gt;stopped&lt;/t&gt; &lt;fex name="Final_subevent"&gt;with a prayer&lt;/fex&gt;.&lt;/ex&gt;&lt;/def-root&gt;</definition>
    </FE>
    <FE bgColor="7CCD73" fgColor="FFFFFF" coreType="Extra-Thematic" cBy="MJE" cDate="11/15/2001 03:23:15 PST Thu" abbrev="Dur" name="Duration" ID="2116">
        <definition>&lt;def-root&gt;The amount of time that a process remains stopped.&lt;/def-root&gt;</definition>
        <semType name="Duration" ID="142"/>
    </FE>
    <FE bgColor="0000FF" fgColor="FFFFFF" coreType="Extra-Thematic" cBy="Hay" cDate="10/02/2003 11:36:54 PDT Thu" abbrev="Freq" name="Frequency" ID="5368">
        <definition>&lt;def-root&gt;The number of times that the Process stops.,

&lt;ex&gt;Mining activities on the opal fields &lt;t&gt;ceased&lt;/t&gt; &lt;fex name="Frequency"&gt;twice&lt;/fex&gt; in the last two weeks due to heavy rain storms&lt;/ex&gt;&lt;/def-root&gt;</definition>
    </FE>
    <frameRelation type="Inherits from">
        <relatedFrame ID="187">Event</relatedFrame>
    </frameRelation>
    <frameRelation type="Is Inherited by">
        <relatedFrame ID="166">Activity_stop</relatedFrame>
    </frameRelation>
    <frameRelation type="Perspective on"/>
    <frameRelation type="Is Perspectivized in"/>
    <frameRelation type="Uses"/>
    <frameRelation type="Is Used by"/>
    <frameRelation type="Subframe of">
        <relatedFrame ID="233">Process</relatedFrame>
    </frameRelation>
    <frameRelation type="Has Subframe(s)"/>
    <frameRelation type="Precedes">
        <relatedFrame ID="153">Process_stopped_state</relatedFrame>
        <relatedFrame ID="1764">Process_uncompleted_state</relatedFrame>
    </frameRelation>
    <frameRelation type="Is Preceded by">
        <relatedFrame ID="145">Process_continue</relatedFrame>
    </frameRelation>
    <frameRelation type="Is Inchoative of"/>
    <frameRelation type="Is Causative of"/>
    <frameRelation type="See also"/>
    <lexUnit status="Created" POS="V" name="stop.v" ID="2788" lemmaID="38186" cBy="MJE" cDate="06/27/2001 06:20:36 PDT Wed">
        <definition>FN: cause to come to an end. </definition>
        <sentenceCount annotated="2" total="2"/>
        <lexeme order="1" headword="false" breakBefore="false" POS="V" name="stop"/>
    </lexUnit>
    <lexUnit status="Insufficient_Attestations" POS="V" name="discontinue.v" ID="2789" lemmaID="10876" cBy="MJE" cDate="06/27/2001 06:20:54 PDT Wed">
        <definition>COD: stop doing, providing, or making. </definition>
        <sentenceCount annotated="0" total="201"/>
        <lexeme order="1" headword="false" breakBefore="false" POS="V" name="discontinue"/>
    </lexUnit>
    <lexUnit status="Created" POS="V" name="desist.v" ID="2791" lemmaID="10359" cBy="MJE" cDate="06/27/2001 06:21:32 PDT Wed">
        <definition>FN: to cease an action</definition>
        <sentenceCount annotated="0" total="0"/>
        <lexeme order="1" headword="false" breakBefore="false" POS="V" name="desist"/>
    </lexUnit>
    <lexUnit status="Insufficient_Attestations" POS="V" name="quit.v" ID="2792" lemmaID="31560" cBy="MJE" cDate="06/27/2001 06:22:41 PDT Wed">
        <definition>COD: stop or discontinue. </definition>
        <sentenceCount annotated="1" total="115"/>
        <lexeme order="1" headword="false" breakBefore="false" POS="V" name="quit"/>
    </lexUnit>
    <lexUnit status="Finished_Initial" POS="V" name="cease.v" ID="2793" lemmaID="5844" cBy="MJE" cDate="06/27/2001 06:23:01 PDT Wed">
        <definition>COD: come or bring to an end; stop. </definition>
        <sentenceCount annotated="15" total="143"/>
        <lexeme order="1" headword="false" breakBefore="false" POS="V" name="cease"/>
    </lexUnit>
    <lexUnit status="Finished_Initial" POS="N" name="cessation.n" ID="2794" lemmaID="5963" cBy="MJE" cDate="06/27/2001 06:23:20 PDT Wed">
        <definition>COD: the fact or process of ceasing. </definition>
        <sentenceCount annotated="17" total="83"/>
        <lexeme order="1" headword="false" breakBefore="false" POS="N" name="cessation"/>
    </lexUnit>
    <lexUnit status="Finished_Initial" POS="N" name="discontinuation.n" ID="2795" lemmaID="44958" cBy="MJE" cDate="06/27/2001 06:24:39 PDT Wed">
        <definition>FN: the act or instance of stopping (a process, creation, act)</definition>
        <sentenceCount annotated="6" total="12"/>
        <lexeme order="1" headword="false" breakBefore="false" POS="N" name="discontinuation"/>
    </lexUnit>
    <lexUnit status="Created" POS="N" name="halt.n" ID="14507" lemmaID="50716" cBy="KmG" cDate="08/02/2007 05:12:04 PDT Thu">
        <definition>FN: stop</definition>
        <sentenceCount annotated="1" total="1"/>
        <lexeme order="1" headword="true" breakBefore="false" POS="N" name="halt"/>
    </lexUnit>
    <lexUnit status="Created" POS="N" name="shutdown.n" ID="16135" lemmaID="51251" cBy="MLC" cDate="10/29/2010 01:40:00 PDT Fri">
        <definition>FN: the halting of a process (note: that the locale at which the process takes place may be used instead of the process proper) </definition>
        <sentenceCount annotated="1" total="1"/>
        <lexeme order="1" headword="true" breakBefore="false" POS="N" name="shutdown"/>
    </lexUnit>
    <lexUnit status="Finished_Initial" POS="V" name="kill.v" ID="16389" lemmaID="21304" cBy="AlK" cDate="07/08/2011 01:35:01 PDT Fri">
        <definition>FN: to end a process prematurely</definition>
        <sentenceCount annotated="0" total="2"/>
        <lexeme order="1" headword="false" breakBefore="false" POS="V" name="kill"/>
    </lexUnit>
    <lexUnit status="Created" POS="V" name="shut down.v" ID="18331" lemmaID="51370" cBy="WMcQ" cDate="09/23/2015 02:05:40 PDT Wed">
        <definition>FN: halting a process.</definition>
        <sentenceCount annotated="0" total="0"/>
        <lexeme order="1" headword="true" breakBefore="false" POS="V" name="shut"/>
        <lexeme order="2" headword="false" breakBefore="false" POS="ADV" name="down"/>
    </lexUnit>
</frame>