<?xml version="1.0" encoding="UTF-8" standalone="yes"?>
<?xml-stylesheet type="text/xsl" href="frame.xsl"?>
<frame cBy="AlK" cDate="03/31/2011 10:46:58 PDT Thu" name="Product_line" ID="2524" xsi:schemaLocation="../schema/frame.xsd" xmlns="http://framenet.icsi.berkeley.edu" xmlns:xsi="http://www.w3.org/2001/XMLSchema-instance">
    <definition>&lt;def-root&gt;A specified &lt;fen&gt;Designer&lt;/fen&gt; or a &lt;fen&gt;Brand&lt;/fen&gt; creates and distributes a &lt;fen&gt;Collection&lt;/fen&gt; of related &lt;fen&gt;Products&lt;/fen&gt;. The individual &lt;fen&gt;Products&lt;/fen&gt; may all be part of a set or may just be related by season or other arbitrary reason.

&lt;ex&gt;The &lt;fex name="Desc"&gt;new&lt;/fex&gt; &lt;fex name="Brand"&gt;Gucci&lt;/fex&gt; &lt;fex name="Coll"&gt;&lt;t&gt;line&lt;/t&gt;&lt;/fex&gt; is due out in early Spring.&lt;/ex&gt;

&lt;ex&gt;He gave her the entire &lt;fex name="Brand"&gt;Oscar de la Renta&lt;/fex&gt; &lt;fex name="Desc"&gt;spring&lt;/fex&gt;&lt;fex name="Coll"&gt;&lt;t&gt;collection&lt;/t&gt;&lt;/fex&gt; for her birthday.&lt;/ex&gt;

&lt;ex&gt;&lt;fex name="Brand"&gt;Clorox&lt;/fex&gt; now &lt;m&gt;produces&lt;/m&gt; a &lt;fex name="Coll"&gt;&lt;t&gt;line&lt;/t&gt;&lt;/fex&gt; &lt;fex name="Products"&gt;of eco-friendly cleaning products&lt;/fex&gt;.&lt;/ex&gt;

&lt;ex&gt;&lt;fex name="D"&gt;Her&lt;/fex&gt; &lt;fex name="Desc"&gt;new&lt;/fex&gt; &lt;fex name="Products"&gt;product&lt;/fex&gt; &lt;fex name="Coll"&gt;&lt;t&gt;line&lt;/t&gt;&lt;/fex&gt; turned out to be a wild success.&lt;/ex&gt;&lt;/def-root&gt;</definition>
    <FE bgColor="0000FF" fgColor="FFFFFF" coreType="Core" cBy="AlK" cDate="03/31/2011 10:52:50 PDT Thu" abbrev="" name="Brand" ID="14392">
        <definition>&lt;def-root&gt;The company that produces the &lt;fen&gt;Collection&lt;/fen&gt; of &lt;fen&gt;Products&lt;/fen&gt;.

&lt;ex&gt;Did you see the new &lt;fex name="Brand"&gt;Kate Spade&lt;/fex&gt; &lt;t&gt;line&lt;/t&gt;?&lt;/ex&gt;&lt;/def-root&gt;</definition>
    </FE>
    <FE bgColor="006400" fgColor="FFFFFF" coreType="Core" cBy="AlK" cDate="03/31/2011 10:52:58 PDT Thu" abbrev="Coll" name="Collection" ID="14393">
        <definition>&lt;def-root&gt;The set of &lt;fen&gt;Products&lt;/fen&gt; produced by the &lt;fen&gt;Brand&lt;/fen&gt;.

&lt;ex&gt;They're so damn rich, they could buy this whole &lt;fex name="Coll"&gt;&lt;t&gt;line&lt;/t&gt;&lt;/fex&gt; without batting an eyelash.&lt;/ex&gt;&lt;/def-root&gt;</definition>
    </FE>
    <FE bgColor="800080" fgColor="FFFFFF" coreType="Core" cBy="AlK" cDate="03/31/2011 10:53:05 PDT Thu" abbrev="" name="Products" ID="14394">
        <definition>&lt;def-root&gt;The individual items produced by the &lt;fen&gt;Brand&lt;/fen&gt;.

&lt;ex&gt;Jaques just showed us his Fall &lt;t&gt;line&lt;/t&gt; &lt;fex name="Products"&gt;of cocktail dresses&lt;/fex&gt;.&lt;/ex&gt;&lt;/def-root&gt;</definition>
    </FE>
    <FE bgColor="9400D3" fgColor="FFFFFF" coreType="Peripheral" cBy="CVa" cDate="01/08/2013 03:27:47 PST Tue" abbrev="Desc" name="Descriptor" ID="15848">
        <definition>&lt;def-root&gt;A characteristic of the &lt;fen&gt;Collection&lt;/fen&gt; or individual &lt;fen&gt;Products&lt;/fen&gt;.

&lt;ex&gt;His &lt;fex name="Desc"&gt;debut&lt;/fex&gt; &lt;t&gt;collection&lt;/t&gt; had brilliant crisp white shirts, beautiful eveningwear, and denim that was a little suspect.&lt;/ex&gt;&lt;/def-root&gt;</definition>
    </FE>
    <FE bgColor="FFFF00" fgColor="000000" coreType="Peripheral" cBy="CVa" cDate="01/08/2013 04:28:10 PST Tue" abbrev="Name" name="Collection_name" ID="15849">
        <definition>&lt;def-root&gt;The name of the &lt;fen&gt;Collection&lt;/fen&gt; of &lt;fen&gt;Products&lt;/fen&gt; produced by the &lt;fen&gt;Brand&lt;/fen&gt;.

&lt;ex&gt;The Greenwich armchair from Barnsley House's &lt;fex name="Name"&gt;Winterthur&lt;/fex&gt; &lt;t&gt;collection&lt;/t&gt; is a must for those looking for sturdy yet stylish garden furniture.&lt;/ex&gt;&lt;/def-root&gt;</definition>
    </FE>
    <FE bgColor="FF0000" fgColor="FFFFFF" coreType="Core" cBy="CVa" cDate="01/08/2013 04:29:57 PST Tue" abbrev="D" name="Designer" ID="15850">
        <definition>&lt;def-root&gt;The person who designs the &lt;fen&gt;Collection&lt;/fen&gt;. 

&lt;ex&gt;Did you see &lt;fex name="D"&gt;Louis'&lt;/fex&gt; new &lt;t&gt;line&lt;/t&gt;?&lt;/ex&gt;&lt;/def-root&gt;</definition>
    </FE>
    <FEcoreSet>
        <memberFE name="Brand" ID="14392"/>
        <memberFE name="Designer" ID="15850"/>
    </FEcoreSet>
    <FEcoreSet>
        <memberFE name="Collection" ID="14393"/>
        <memberFE name="Products" ID="14394"/>
    </FEcoreSet>
    <frameRelation type="Inherits from">
        <relatedFrame ID="103">Aggregate</relatedFrame>
    </frameRelation>
    <frameRelation type="Is Inherited by"/>
    <frameRelation type="Perspective on"/>
    <frameRelation type="Is Perspectivized in"/>
    <frameRelation type="Uses"/>
    <frameRelation type="Is Used by"/>
    <frameRelation type="Subframe of"/>
    <frameRelation type="Has Subframe(s)"/>
    <frameRelation type="Precedes"/>
    <frameRelation type="Is Preceded by">
        <relatedFrame ID="2691">Product_development</relatedFrame>
    </frameRelation>
    <frameRelation type="Is Inchoative of"/>
    <frameRelation type="Is Causative of"/>
    <frameRelation type="See also"/>
    <lexUnit status="Created" POS="N" name="line.n" ID="16288" lemmaID="22407" cBy="AlK" cDate="03/31/2011 10:53:29 PDT Thu">
        <definition>FN: a group of related products created by a company</definition>
        <sentenceCount annotated="2" total="2"/>
        <lexeme order="1" headword="false" breakBefore="false" POS="N" name="line"/>
    </lexUnit>
    <lexUnit status="Finished_Initial" POS="N" name="collection.n" ID="17227" lemmaID="7176" cBy="CVa" cDate="01/08/2013 03:43:45 PST Tue">
        <definition>FN: a set of realted items produced by a company</definition>
        <sentenceCount annotated="10" total="10"/>
        <lexeme order="1" headword="false" breakBefore="false" POS="N" name="collection"/>
    </lexUnit>
</frame>