<?xml version="1.0" encoding="UTF-8" standalone="yes"?>
<?xml-stylesheet type="text/xsl" href="frame.xsl"?>
<frame cBy="ACW" cDate="01/23/2003 02:22:41 PST Thu" name="Prohibiting_or_licensing" ID="521" xsi:schemaLocation="../schema/frame.xsd" xmlns="http://framenet.icsi.berkeley.edu" xmlns:xsi="http://www.w3.org/2001/XMLSchema-instance">
    <definition>&lt;def-root&gt;In this frame a &lt;fen&gt;State_of_affairs&lt;/fen&gt; is prohibited (or allowed) by a &lt;fen&gt;Principle&lt;/fen&gt;. Raising constructions are common in this frame. Because laws and principles usually focus on what is not allowed, the words of this frame that are synonyms of prohibit.v are considered more basic, and the words that are synonyms of permit.v are marked with the semantic type "Negative".

&lt;ex&gt; &lt;fex name="State_of_affairs"&gt;Guns&lt;/fex&gt; were &lt;t&gt;prohibited&lt;/t&gt; &lt;fex name="Place"&gt;in the airport&lt;/fex&gt; .&lt;/ex&gt; 
&lt;ex&gt; &lt;fex name="Principle"&gt;Code 1425&lt;/fex&gt; &lt;t&gt;bans&lt;/t&gt; &lt;fex name="State_of_affairs"&gt;large trucks&lt;/fex&gt; &lt;fex name="Place"&gt;in the tunnel&lt;/fex&gt;.&lt;/ex&gt;
&lt;ex&gt; &lt;fex name="State_of_affairs"&gt;Children&lt;/fex&gt; were not &lt;t&gt;permitted&lt;/t&gt; &lt;fex name="State_of_affairs"&gt;in the office&lt;/fex&gt;. &lt;fex name="Prin"&gt;CNI&lt;/fex&gt;&lt;/ex&gt; 
&lt;ex&gt; &lt;fex name="Principle"&gt;Code 1425&lt;/fex&gt; &lt;t&gt;allows&lt;/t&gt; &lt;fex name="State_of_affairs"&gt;us&lt;/fex&gt; &lt;fex name="State_of_affairs"&gt;to deduct interest payments&lt;/fex&gt;.&lt;/ex&gt;
&lt;ex&gt;&lt;fex name="Principle"&gt;No religion&lt;/fex&gt; &lt;t&gt;accepts&lt;/t&gt; &lt;fex name="State_of_affairs"&gt;discrimination against women&lt;/fex&gt;.&lt;/ex&gt;

In this frame the &lt;fen&gt;Principle&lt;/fen&gt; which prohibits the &lt;fen&gt;State_of_affairs&lt;/fen&gt; is not an agent who denies permission to a specific individual or group of individuals, and thus differs from the Authority in the Deny_permission frame. &lt;/def-root&gt;</definition>
    <FE bgColor="FF0000" fgColor="FFFFFF" coreType="Core" cBy="ACW" cDate="01/23/2003 02:27:34 PST Thu" abbrev="" name="State_of_affairs" ID="4124">
        <definition>&lt;def-root&gt;&lt;/def-root&gt;</definition>
    </FE>
    <FE bgColor="800080" fgColor="FFFFFF" coreType="Core" cBy="ACW" cDate="01/23/2003 02:28:13 PST Thu" abbrev="Prin" name="Principle" ID="4125">
        <definition>&lt;def-root&gt;A moral, legal, or social norm which rules a &lt;fen&gt;State_of_affairs&lt;/fen&gt; to be inadmissible behavior or an outcome of behavior.

&lt;ex&gt;&lt;fex name="Prin"&gt;The Establishment Clause of the First Amendment&lt;/fex&gt; plainly &lt;t&gt;prohibits&lt;/t&gt; the
establishment of a national religion by Congress.&lt;/ex&gt;

&lt;/def-root&gt;</definition>
        <semType name="Artifact" ID="61"/>
    </FE>
    <FE bgColor="FFA500" fgColor="FFFFFF" coreType="Peripheral" cBy="ACW" cDate="01/23/2003 02:50:52 PST Thu" abbrev="Place" name="Place" ID="4130">
        <definition>&lt;def-root&gt;The &lt;fen&gt;Place&lt;/fen&gt; is where the prohibiting occurs.&lt;/def-root&gt;</definition>
        <semType name="Locative_relation" ID="182"/>
    </FE>
    <FE bgColor="2E8B57" fgColor="FFFFFF" coreType="Peripheral" cBy="ACW" cDate="01/23/2003 02:51:24 PST Thu" abbrev="Time" name="Time" ID="4131">
        <definition>&lt;def-root&gt;The &lt;fen&gt;Time&lt;/fen&gt; is when the prohibiting occurs.&lt;/def-root&gt;</definition>
        <semType name="Time" ID="141"/>
    </FE>
    <FE bgColor="00008B" fgColor="FFFFFF" coreType="Extra-Thematic" cBy="ACW" cDate="01/23/2003 02:51:54 PST Thu" abbrev="cir" name="Circumstances" ID="4132">
        <definition>&lt;def-root&gt;The &lt;fen&gt;Circumstances&lt;/fen&gt; are the conditions under which the &lt;fen&gt;State_of_affairs&lt;/fen&gt; is prohibited.&lt;/def-root&gt;</definition>
    </FE>
    <FE bgColor="00BFFF" fgColor="FFFFFF" coreType="Extra-Thematic" cBy="KmG" cDate="12/14/2006 05:33:46 PST Thu" abbrev="Exp" name="Explanation" ID="10939">
        <definition>&lt;def-root&gt;The reason for which the &lt;fen&gt;State_of_affairs&lt;/fen&gt; is prohibited. &lt;/def-root&gt;</definition>
    </FE>
    <frameRelation type="Inherits from"/>
    <frameRelation type="Is Inherited by"/>
    <frameRelation type="Perspective on"/>
    <frameRelation type="Is Perspectivized in"/>
    <frameRelation type="Uses">
        <relatedFrame ID="950">Law</relatedFrame>
    </frameRelation>
    <frameRelation type="Is Used by"/>
    <frameRelation type="Subframe of"/>
    <frameRelation type="Has Subframe(s)"/>
    <frameRelation type="Precedes"/>
    <frameRelation type="Is Preceded by"/>
    <frameRelation type="Is Inchoative of"/>
    <frameRelation type="Is Causative of"/>
    <frameRelation type="See also"/>
    <lexUnit status="Created" POS="V" name="ban.v" ID="8181" lemmaID="2779" cBy="ACW" cDate="01/23/2003 02:39:44 PST Thu">
        <definition>COD: officially or legally prohibit. </definition>
        <sentenceCount annotated="8" total="8"/>
        <lexeme order="1" headword="false" breakBefore="false" POS="V" name="ban"/>
    </lexUnit>
    <lexUnit status="Created" POS="V" name="forbid.v" ID="8182" lemmaID="15016" cBy="ACW" cDate="01/23/2003 02:40:23 PST Thu">
        <definition>COD: refuse to allow. </definition>
        <sentenceCount annotated="0" total="0"/>
        <lexeme order="1" headword="false" breakBefore="false" POS="V" name="forbid"/>
    </lexUnit>
    <lexUnit status="Finished_Initial" POS="V" name="prohibit.v" ID="8184" lemmaID="30653" cBy="ACW" cDate="01/23/2003 02:41:26 PST Thu">
        <definition>FN: to forbid by law</definition>
        <sentenceCount annotated="22" total="246"/>
        <lexeme order="1" headword="false" breakBefore="false" POS="V" name="prohibit"/>
    </lexUnit>
    <lexUnit status="Created" POS="V" name="proscribe.v" ID="8185" lemmaID="30806" cBy="ACW" cDate="01/23/2003 02:42:42 PST Thu">
        <definition>COD: forbid, especially by law.</definition>
        <sentenceCount annotated="1" total="1"/>
        <lexeme order="1" headword="false" breakBefore="false" POS="V" name="proscribe"/>
    </lexUnit>
    <lexUnit status="Created" POS="V" name="outlaw.v" ID="8186" lemmaID="27103" cBy="ACW" cDate="01/23/2003 02:43:37 PST Thu">
        <definition>COD: ban. </definition>
        <sentenceCount annotated="1" total="1"/>
        <lexeme order="1" headword="false" breakBefore="false" POS="V" name="outlaw"/>
    </lexUnit>
    <lexUnit status="Created" POS="N" name="ban.n" ID="8187" lemmaID="2778" cBy="ACW" cDate="01/23/2003 02:57:15 PST Thu">
        <definition>COD: an official or legal prohibition. </definition>
        <sentenceCount annotated="4" total="4"/>
        <lexeme order="1" headword="false" breakBefore="false" POS="N" name="ban"/>
    </lexUnit>
    <lexUnit status="Created" POS="N" name="prohibition.n" ID="8188" lemmaID="30654" cBy="ACW" cDate="01/23/2003 02:58:10 PST Thu">
        <definition>COD: the action of prohibiting. </definition>
        <sentenceCount annotated="2" total="2"/>
        <lexeme order="1" headword="false" breakBefore="false" POS="N" name="prohibition"/>
    </lexUnit>
    <lexUnit status="In_Use" POS="V" name="bar.v" ID="14690" lemmaID="2857" cBy="JKs" cDate="01/23/2008 03:43:06 PST Wed">
        <definition>FN: to prohibit something from happening</definition>
        <sentenceCount annotated="5" total="17"/>
        <lexeme order="1" headword="false" breakBefore="false" POS="V" name="bar"/>
    </lexUnit>
    <lexUnit status="Created" POS="V" name="allow.v" ID="18752" lemmaID="1066" cBy="MJE" cDate="08/26/2016 11:47:29 PDT Fri">
        <definition>COD: admit as legal or acceptable. </definition>
        <sentenceCount annotated="6" total="7"/>
        <lexeme order="1" headword="false" breakBefore="false" POS="V" name="allow"/>
        <semType name="Negative" ID="99"/>
    </lexUnit>
    <lexUnit status="Created" POS="V" name="entitle.v" ID="18753" lemmaID="12874" cBy="MJE" cDate="08/26/2016 11:47:39 PDT Fri">
        <definition>FN: allow some state of affairs</definition>
        <sentenceCount annotated="3" total="3"/>
        <lexeme order="1" headword="false" breakBefore="false" POS="V" name="entitle"/>
        <semType name="Negative" ID="99"/>
    </lexUnit>
    <lexUnit status="Created" POS="V" name="permit.v" ID="18754" lemmaID="28521" cBy="MJE" cDate="08/26/2016 11:47:51 PDT Fri">
        <definition>FN: admit as acceptable or legal.</definition>
        <sentenceCount annotated="21" total="221"/>
        <lexeme order="1" headword="false" breakBefore="false" POS="V" name="permit"/>
        <semType name="Negative" ID="99"/>
    </lexUnit>
    <lexUnit status="Created" POS="V" name="sanction.v" ID="18755" lemmaID="34079" cBy="MJE" cDate="08/26/2016 11:49:27 PDT Fri">
        <definition>FN: allow.</definition>
        <sentenceCount annotated="0" total="0"/>
        <lexeme order="1" headword="false" breakBefore="false" POS="V" name="sanction"/>
        <semType name="Negative" ID="99"/>
    </lexUnit>
</frame>