<?xml version="1.0" encoding="UTF-8" standalone="yes"?>
<?xml-stylesheet type="text/xsl" href="frame.xsl"?>
<frame cBy="JKR" cDate="05/20/2005 04:21:27 PDT Fri" name="Prominence" ID="1460" xsi:schemaLocation="../schema/frame.xsd" xmlns="http://framenet.icsi.berkeley.edu" xmlns:xsi="http://www.w3.org/2001/XMLSchema-instance">
    <definition>&lt;def-root&gt;An &lt;fen&gt;Entity&lt;/fen&gt; stands out perceptually in comparison to other members of its type.

&lt;ex&gt;&lt;fex name="Entity"&gt;Pilot Mountain in NC&lt;/fex&gt; &lt;m&gt;is&lt;/m&gt; &lt;fex name="Degree"&gt;very&lt;/fex&gt; &lt;t&gt;prominent&lt;/t&gt;.&lt;/ex&gt;

&lt;ex&gt;First, from the Saturday images, the most &lt;t&gt;prominent&lt;/t&gt; &lt;fex name="Entity"&gt;feature&lt;/fex&gt; is a
sharp spike emerging from the tailward side of the nucleus.&lt;/ex&gt;

&lt;ex&gt;I was left with a deep and &lt;t&gt;conspicuous&lt;/t&gt; &lt;fex name="Entity"&gt;scar&lt;/fex&gt; (about 10cm long) which felt uncomfortably tight and itchy.&lt;/ex&gt;

&lt;/def-root&gt;</definition>
    <FE bgColor="FF0000" fgColor="FFFFFF" coreType="Core" cBy="JKR" cDate="05/20/2005 04:21:27 PDT Fri" abbrev="" name="Entity" ID="8012">
        <definition>&lt;def-root&gt;The &lt;fen&gt;Entity&lt;/fen&gt; for which the saliency &lt;fen&gt;Attribute&lt;/fen&gt; is appropriate and under consideration.

&lt;ex&gt; If you are asked to search for the plus sign with red-vertical and green-horizontal elements, &lt;fex name="Entity"&gt;all the red and green plus signs&lt;/fex&gt; may seem to &lt;m&gt;become&lt;/m&gt; &lt;t&gt;salient&lt;/t&gt;.&lt;/ex&gt;

&lt;/def-root&gt;</definition>
    </FE>
    <FE bgColor="1E90FF" fgColor="FFFFFF" coreType="Core" cBy="JKR" cDate="05/20/2005 04:21:27 PDT Fri" abbrev="att" name="Attribute" ID="8013">
        <definition>&lt;def-root&gt;The feature of the &lt;fen&gt;Entity&lt;/fen&gt; which is under discussion, namely perceptual salience.

&lt;ex&gt;The diagram, (a frequency distribution chart) shows a &lt;fex name="att"&gt;prominently&lt;/fex&gt; &lt;t&gt;conspicuous&lt;/t&gt; region of stars that extend from the extremely bright and hot stars to the faint and cool variety. &lt;/ex&gt;&lt;/def-root&gt;</definition>
    </FE>
    <FE bgColor="FF00FF" fgColor="FFFFFF" coreType="Peripheral" cBy="JKR" cDate="05/20/2005 04:21:27 PDT Fri" abbrev="deg" name="Degree" ID="8014">
        <definition>&lt;def-root&gt;A modifier expressing  the deviation of the prominence from the norm or from the value for another &lt;fen&gt;Entity&lt;/fen&gt;.

&lt;ex&gt;The gobies (the family Gobiidae) are not a &lt;fex name="Degree"&gt;very&lt;/fex&gt; &lt;t&gt;conspicuous&lt;/t&gt; part of the fish
fauna in most of. the Mekong Basin.&lt;/ex&gt;&lt;/def-root&gt;</definition>
        <semType name="Degree" ID="172"/>
    </FE>
    <FE bgColor="FFA500" fgColor="FFFFFF" coreType="Extra-Thematic" cBy="JKR" cDate="05/20/2005 04:21:27 PDT Fri" abbrev="tim" name="Time" ID="8015">
        <definition>&lt;def-root&gt;The &lt;fen&gt;Time&lt;/fen&gt; during which the &lt;fen&gt;Entity&lt;/fen&gt; is in the state of having  a particular salience.

&lt;ex&gt;The affection for American culture seemed more &lt;t&gt;prominent&lt;/t&gt; &lt;fex name="tim"&gt;last year&lt;/fex&gt;.&lt;/ex&gt;&lt;/def-root&gt;</definition>
        <semType name="Time" ID="141"/>
    </FE>
    <FE bgColor="A52A2A" fgColor="FFFFFF" coreType="Extra-Thematic" cBy="JKR" cDate="05/20/2005 04:21:27 PDT Fri" abbrev="cir" name="Circumstances" ID="8016">
        <definition>&lt;def-root&gt;Some specification of the circumstances under which the &lt;fen&gt;Entity&lt;/fen&gt; has a particular degree of prominence.

&lt;ex&gt;Europa is also &lt;t&gt;prominent&lt;/t&gt; &lt;fex name="cir"&gt;at a distance of 25000 km&lt;/fex&gt; and Io is visible in the
distance.&lt;/ex&gt;&lt;/def-root&gt;</definition>
    </FE>
    <FE bgColor="008000" fgColor="FFFFFF" coreType="Peripheral" cBy="KmG" cDate="02/26/2007 12:33:38 PST Mon" abbrev="pla" name="Place" ID="11097">
        <definition>&lt;def-root&gt;This FE refers to the location where the &lt;fen&gt;Entity&lt;/fen&gt; has a prominence of some &lt;fen&gt;Attribute&lt;/fen&gt;. &lt;/def-root&gt;</definition>
    </FE>
    <frameRelation type="Inherits from">
        <relatedFrame ID="1015">Gradable_attributes</relatedFrame>
    </frameRelation>
    <frameRelation type="Is Inherited by"/>
    <frameRelation type="Perspective on"/>
    <frameRelation type="Is Perspectivized in"/>
    <frameRelation type="Uses"/>
    <frameRelation type="Is Used by">
        <relatedFrame ID="402">First_rank</relatedFrame>
    </frameRelation>
    <frameRelation type="Subframe of"/>
    <frameRelation type="Has Subframe(s)"/>
    <frameRelation type="Precedes"/>
    <frameRelation type="Is Preceded by"/>
    <frameRelation type="Is Inchoative of"/>
    <frameRelation type="Is Causative of"/>
    <frameRelation type="See also"/>
    <lexUnit status="Finished_Initial" POS="A" name="salient.a" ID="12125" lemmaID="34000" cBy="JKR" cDate="05/20/2005 04:57:24 PDT Fri">
        <definition>COD: most noticeable or important</definition>
        <sentenceCount annotated="21" total="127"/>
        <lexeme order="1" headword="false" breakBefore="false" POS="A" name="salient"/>
    </lexUnit>
    <lexUnit status="Created" POS="A" name="prominent.a" ID="12126" lemmaID="30689" cBy="JKR" cDate="05/20/2005 04:57:59 PDT Fri">
        <definition>COD: particularly noticeable.</definition>
        <sentenceCount annotated="1" total="1"/>
        <lexeme order="1" headword="false" breakBefore="false" POS="A" name="prominent"/>
    </lexUnit>
    <lexUnit status="Finished_Initial" POS="A" name="conspicuous.a" ID="12127" lemmaID="7942" cBy="JKR" cDate="05/20/2005 04:59:07 PDT Fri">
        <definition>COD: attracting notice or attention</definition>
        <sentenceCount annotated="18" total="133"/>
        <lexeme order="1" headword="false" breakBefore="false" POS="A" name="conspicuous"/>
    </lexUnit>
    <lexUnit status="Created" POS="A" name="eye-catching.a" ID="12129" lemmaID="13722" cBy="JKR" cDate="05/20/2005 05:12:32 PDT Fri">
        <definition>COD: immediately appealing or noticeable.</definition>
        <sentenceCount annotated="0" total="0"/>
        <lexeme order="1" headword="false" breakBefore="false" POS="A" name="eye-catching"/>
    </lexUnit>
    <lexUnit status="Created" POS="A" name="flashy.a" ID="12130" lemmaID="14630" cBy="JKR" cDate="05/20/2005 05:13:19 PDT Fri">
        <definition>COD:  ostentatiously stylish.</definition>
        <sentenceCount annotated="0" total="0"/>
        <lexeme order="1" headword="false" breakBefore="false" POS="A" name="flashy"/>
    </lexUnit>
    <lexUnit status="Finished_Initial" POS="A" name="blatant.a" ID="13863" lemmaID="3783" cBy="KmG" cDate="02/26/2007 12:17:49 PST Mon">
        <definition>COD: open and unashamed; flagrant.</definition>
        <sentenceCount annotated="19" total="145"/>
        <lexeme order="1" headword="false" breakBefore="false" POS="A" name="blatant"/>
    </lexUnit>
    <lexUnit status="Finished_Initial" POS="A" name="quiet.a" ID="15392" lemmaID="31527" cBy="JKs" cDate="07/02/2009 01:32:00 PDT Thu">
        <definition>FN: not flashy, noticeable, or eventful.</definition>
        <sentenceCount annotated="71" total="217"/>
        <lexeme order="1" headword="false" breakBefore="false" POS="A" name="quiet"/>
        <semType name="Negative" ID="99"/>
    </lexUnit>
</frame>