<?xml version="1.0" encoding="UTF-8" standalone="yes"?>
<?xml-stylesheet type="text/xsl" href="frame.xsl"?>
<frame cBy="MJE" cDate="04/02/2007 01:05:09 PDT Mon" name="Proportional_quantity" ID="1923" xsi:schemaLocation="../schema/frame.xsd" xmlns="http://framenet.icsi.berkeley.edu" xmlns:xsi="http://www.w3.org/2001/XMLSchema-instance">
    <definition>&lt;def-root&gt;The &lt;fen&gt;Denoted_quantity&lt;/fen&gt; is (generally) an imprecise characterization of the quantity of &lt;fen&gt;Individuals&lt;/fen&gt; or a &lt;fen&gt;Mass&lt;/fen&gt;, made with reference to a relatively easily and precisely imaginable &lt;fen&gt;Reference_quantity&lt;/fen&gt;.

&lt;ex&gt;It took &lt;t&gt;&lt;fex name="Denoted_quantity"&gt;about&lt;/fex&gt;&lt;/t&gt; &lt;fex name="Reference_quantity"&gt;three&lt;/fex&gt; &lt;fex name="Individuals"&gt;hours&lt;/fex&gt;, but we 're done now.&lt;/ex&gt;
&lt;ex&gt;But there were &lt;t&gt;&lt;fex name="Denoted_quantity"&gt;barely&lt;/fex&gt;&lt;/t&gt; &lt;fex name="Reference_quantity"&gt;300&lt;/fex&gt; in the whole district. &lt;fex name="Individuals"&gt;DNI&lt;/fex&gt;&lt;/ex&gt;
&lt;ex&gt;Put in right &lt;fex name="Denoted_quantity"&gt;&lt;t&gt;around&lt;/t&gt;&lt;/fex&gt; &lt;fex name="Reference_quantity"&gt;a pinch and a half&lt;/fex&gt;. &lt;fex name="Mass"&gt;DNI&lt;/fex&gt; &lt;/ex&gt;
&lt;ex&gt;She waited &lt;t&gt;&lt;fex name="Denoted_quantity"&gt;a good&lt;/fex&gt;&lt;/t&gt; &lt;fex name="Individuals"&gt;second&lt;/fex&gt; before knocking.&lt;/ex&gt;
&lt;ex&gt;She waited &lt;t&gt;a good&lt;/t&gt; &lt;fex name="Reference_quantity"&gt;second&lt;/fex&gt; before knocking.&lt;/ex&gt;&lt;/def-root&gt;</definition>
    <FE bgColor="0000FF" fgColor="FFFFFF" coreType="Core" cBy="MJE" cDate="04/02/2007 01:05:09 PDT Mon" abbrev="" name="Denoted_quantity" ID="11573">
        <definition>&lt;def-root&gt;The quantity denoted by phrases headed by the Target. &lt;/def-root&gt;</definition>
        <semType name="Quantity" ID="59"/>
    </FE>
    <FE bgColor="800080" fgColor="FFFFFF" coreType="Core" cBy="MJE" cDate="04/02/2007 01:05:10 PDT Mon" abbrev="M" name="Mass" ID="11574">
        <definition>&lt;def-root&gt;A substance that is being quantified.
&lt;/def-root&gt;</definition>
    </FE>
    <FE bgColor="008000" fgColor="FFFFFF" coreType="Core" cBy="MJE" cDate="04/02/2007 01:05:10 PDT Mon" abbrev="Ind" name="Individuals" ID="11575">
        <definition>&lt;def-root&gt;A collection of entities, either quantifiable physical beings (e.g. &lt;m&gt;toads&lt;/m&gt;) or quantifiable units whether physical or not (e.g. &lt;m&gt;dollars&lt;/m&gt;).
&lt;/def-root&gt;</definition>
    </FE>
    <FE bgColor="FF0000" fgColor="FFFFFF" coreType="Extra-Thematic" cBy="MJE" cDate="04/02/2007 01:05:10 PDT Mon" abbrev="q_p" name="Q_prop" ID="11576">
        <definition>&lt;def-root&gt;A property of the &lt;fen&gt;Denoted_quantity&lt;/fen&gt;.

&lt;/def-root&gt;</definition>
    </FE>
    <FE bgColor="00BFFF" fgColor="FFFFFF" coreType="Core" cBy="MJE" cDate="04/02/2007 01:14:12 PDT Mon" abbrev="ref" name="Reference_quantity" ID="11577">
        <definition>&lt;def-root&gt;A relatively precise quantity in some oft-used form that is used as the basis for defining the &lt;fen&gt;Denoted_quantity&lt;/fen&gt;.&lt;/def-root&gt;</definition>
    </FE>
    <FE bgColor="FF69B4" fgColor="FFFFFF" coreType="Peripheral" cBy="KmG" cDate="08/06/2007 03:02:00 PDT Mon" abbrev="" name="Degree" ID="11952">
        <definition>&lt;def-root&gt;This frame element selects some gradable attribute and modifies the expected value for it.&lt;/def-root&gt;</definition>
    </FE>
    <frameRelation type="Inherits from"/>
    <frameRelation type="Is Inherited by"/>
    <frameRelation type="Perspective on"/>
    <frameRelation type="Is Perspectivized in"/>
    <frameRelation type="Uses"/>
    <frameRelation type="Is Used by"/>
    <frameRelation type="Subframe of"/>
    <frameRelation type="Has Subframe(s)"/>
    <frameRelation type="Precedes"/>
    <frameRelation type="Is Preceded by"/>
    <frameRelation type="Is Inchoative of"/>
    <frameRelation type="Is Causative of"/>
    <frameRelation type="See also">
        <relatedFrame ID="2960">Hedging</relatedFrame>
    </frameRelation>
    <lexUnit status="Needs_SCs" POS="PREP" name="about.prep" ID="14273" lemmaID="154" cBy="MJE" cDate="04/02/2007 01:33:22 PDT Mon">
        <definition>COD: approximately.</definition>
        <sentenceCount annotated="15" total="15"/>
        <lexeme order="1" headword="false" breakBefore="false" POS="PREP" name="about"/>
    </lexUnit>
    <lexUnit status="Add_Annotation" POS="A" name="a good.a" ID="14274" lemmaID="50624" cBy="MJE" cDate="04/02/2007 01:35:18 PDT Mon">
        <definition>FN: close, confident approximation of (some value)</definition>
        <sentenceCount annotated="3" total="168"/>
        <lexeme order="1" headword="false" breakBefore="false" POS="ART" name="a"/>
        <lexeme order="2" headword="true" breakBefore="false" POS="A" name="good"/>
    </lexUnit>
    <lexUnit status="Created" POS="PREP" name="over.prep" ID="14275" lemmaID="27195" cBy="MJE" cDate="04/02/2007 01:36:23 PDT Mon">
        <definition>FN: at least</definition>
        <sentenceCount annotated="20" total="20"/>
        <lexeme order="1" headword="false" breakBefore="false" POS="PREP" name="over"/>
    </lexUnit>
    <lexUnit status="Needs_SCs" POS="PREP" name="almost.prep" ID="14276" lemmaID="50625" cBy="MJE" cDate="04/02/2007 01:36:44 PDT Mon">
        <definition>COD: very nearly.</definition>
        <sentenceCount annotated="7" total="7"/>
        <lexeme order="1" headword="true" breakBefore="false" POS="PREP" name="almost"/>
    </lexUnit>
    <lexUnit status="Created" POS="ADV" name="approximately.adv" ID="14277" lemmaID="1785" cBy="MJE" cDate="04/02/2007 01:37:07 PDT Mon">
        <definition>FN: estimating a value; about. </definition>
        <sentenceCount annotated="5" total="5"/>
        <lexeme order="1" headword="false" breakBefore="false" POS="ADV" name="approximately"/>
    </lexUnit>
    <lexUnit status="Needs_SCs" POS="PREP" name="around.prep" ID="14278" lemmaID="1963" cBy="MJE" cDate="04/02/2007 01:37:57 PDT Mon">
        <definition>COD: approximately.</definition>
        <sentenceCount annotated="5" total="5"/>
        <lexeme order="1" headword="false" breakBefore="false" POS="PREP" name="around"/>
    </lexUnit>
    <lexUnit status="Created" POS="PREP" name="circa.prep" ID="14279" lemmaID="6543" cBy="MJE" cDate="04/02/2007 01:38:07 PDT Mon">
        <definition>FN: at approximately (some date). </definition>
        <sentenceCount annotated="0" total="0"/>
        <lexeme order="1" headword="false" breakBefore="false" POS="PREP" name="circa"/>
    </lexUnit>
    <lexUnit status="Created" POS="ADV" name="or so.adv" ID="14280" lemmaID="50626" cBy="MJE" cDate="04/02/2007 01:38:43 PDT Mon">
        <definition>FN: about the value of</definition>
        <sentenceCount annotated="0" total="0"/>
        <lexeme order="1" headword="false" breakBefore="false" POS="C" name="or"/>
        <lexeme order="2" headword="true" breakBefore="false" POS="ADV" name="so"/>
    </lexUnit>
    <lexUnit status="Created" POS="PREP" name="in neighborhood (of).prep" ID="14281" lemmaID="50627" cBy="MJE" cDate="04/02/2007 01:40:08 PDT Mon">
        <definition>FN: in vague approximation of some value.</definition>
        <sentenceCount annotated="0" total="0"/>
        <lexeme order="1" headword="true" breakBefore="false" POS="PREP" name="in"/>
        <lexeme order="2" headword="false" breakBefore="true" POS="N" name="neighborhood"/>
    </lexUnit>
    <lexUnit status="Problem" POS="PREP" name="in vicinity (of).prep" ID="14282" lemmaID="50628" cBy="MJE" cDate="04/02/2007 01:45:30 PDT Mon">
        <definition>FN: a ballpark estimate of</definition>
        <sentenceCount annotated="0" total="0"/>
        <lexeme order="1" headword="true" breakBefore="false" POS="PREP" name="in"/>
        <lexeme order="2" headword="false" breakBefore="true" POS="N" name="vicinity"/>
    </lexUnit>
    <lexUnit status="Created" POS="ADV" name="nearly.adv" ID="14283" lemmaID="25558" cBy="MJE" cDate="04/02/2007 01:47:00 PDT Mon">
        <definition>COD: very close to; almost.</definition>
        <sentenceCount annotated="11" total="11"/>
        <lexeme order="1" headword="false" breakBefore="false" POS="ADV" name="nearly"/>
    </lexUnit>
    <lexUnit status="Needs_SCs" POS="PREP" name="under.prep" ID="14284" lemmaID="41920" cBy="MJE" cDate="04/02/2007 01:47:43 PDT Mon">
        <definition>FN: below some value</definition>
        <sentenceCount annotated="1" total="1"/>
        <lexeme order="1" headword="false" breakBefore="false" POS="PREP" name="under"/>
    </lexUnit>
    <lexUnit status="Created" POS="A" name="close (to).a" ID="14285" lemmaID="6857" cBy="MJE" cDate="04/02/2007 01:50:49 PDT Mon">
        <definition>FN: near to some value. </definition>
        <sentenceCount annotated="0" total="0"/>
        <lexeme order="1" headword="false" breakBefore="false" POS="A" name="close"/>
    </lexUnit>
    <lexUnit status="Created" POS="ADV" name="roughly.adv" ID="14286" lemmaID="33599" cBy="MJE" cDate="04/02/2007 01:51:24 PDT Mon">
        <definition>COD: approximately.</definition>
        <sentenceCount annotated="0" total="0"/>
        <lexeme order="1" headword="false" breakBefore="false" POS="ADV" name="roughly"/>
    </lexUnit>
    <lexUnit status="Problem" POS="PREP" name="upwards of.prep" ID="14287" lemmaID="50629" cBy="MJE" cDate="04/02/2007 01:52:04 PDT Mon">
        <definition>FN: at least (some value)</definition>
        <sentenceCount annotated="0" total="0"/>
        <lexeme order="1" headword="true" breakBefore="false" POS="ADV" name="upwards"/>
        <lexeme order="2" headword="false" breakBefore="false" POS="PREP" name="of"/>
    </lexUnit>
    <lexUnit status="Created" POS="ADV" name="precisely.adv" ID="14288" lemmaID="30096" cBy="MJE" cDate="04/02/2007 01:53:10 PDT Mon">
        <definition>FN: exactly</definition>
        <sentenceCount annotated="0" total="0"/>
        <lexeme order="1" headword="false" breakBefore="false" POS="ADV" name="precisely"/>
    </lexUnit>
    <lexUnit status="Created" POS="ADV" name="exactly.adv" ID="14289" lemmaID="13319" cBy="MJE" cDate="04/02/2007 01:53:23 PDT Mon">
        <definition>FN: precisely at some value; no more, no less. </definition>
        <sentenceCount annotated="0" total="0"/>
        <lexeme order="1" headword="false" breakBefore="false" POS="ADV" name="exactly"/>
    </lexUnit>
    <lexUnit status="Created" POS="ART" name="some.art" ID="14290" lemmaID="50630" cBy="MJE" cDate="04/02/2007 01:55:47 PDT Mon">
        <definition>COD: (used with a number) approximately.</definition>
        <sentenceCount annotated="44" total="44"/>
        <lexeme order="1" headword="true" breakBefore="false" POS="ART" name="some"/>
    </lexUnit>
    <lexUnit status="Problem" POS="PREP" name="something like.prep" ID="14291" lemmaID="50631" cBy="MJE" cDate="04/02/2007 01:56:31 PDT Mon">
        <definition>FN: around (some value)</definition>
        <sentenceCount annotated="0" total="0"/>
        <lexeme order="1" headword="true" breakBefore="false" POS="N" name="something"/>
        <lexeme order="2" headword="false" breakBefore="false" POS="PREP" name="like"/>
    </lexUnit>
    <lexUnit status="Created" POS="ADV" name="at least.adv" ID="14292" lemmaID="50632" cBy="MJE" cDate="04/02/2007 01:58:17 PDT Mon">
        <definition>FN: in estimation of a value at its minimum. </definition>
        <sentenceCount annotated="12" total="12"/>
        <lexeme order="1" headword="true" breakBefore="false" POS="PREP" name="at"/>
        <lexeme order="2" headword="false" breakBefore="false" POS="A" name="least"/>
    </lexUnit>
    <lexUnit status="Created" POS="N" name="tops.n" ID="14293" lemmaID="40750" cBy="MJE" cDate="04/02/2007 01:58:55 PDT Mon">
        <definition>FN: at the most</definition>
        <sentenceCount annotated="0" total="0"/>
        <lexeme order="1" headword="false" breakBefore="false" POS="N" name="tops"/>
    </lexUnit>
    <lexUnit status="Created" POS="N" name="minimum.n" ID="14294" lemmaID="50633" cBy="MJE" cDate="04/02/2007 01:59:26 PDT Mon">
        <definition>FN: at the very least</definition>
        <sentenceCount annotated="0" total="55"/>
        <lexeme order="1" headword="true" breakBefore="false" POS="N" name="minimum"/>
    </lexUnit>
    <lexUnit status="Created" POS="ADV" name="at most.adv" ID="14295" lemmaID="50634" cBy="MJE" cDate="04/02/2007 01:59:53 PDT Mon">
        <definition>FN: in estimation of a value at its maximum. </definition>
        <sentenceCount annotated="1" total="1"/>
        <lexeme order="1" headword="true" breakBefore="false" POS="PREP" name="at"/>
        <lexeme order="2" headword="false" breakBefore="false" POS="A" name="most"/>
    </lexUnit>
    <lexUnit status="Created" incorporatedFE="Reference_quantity" POS="ADV" name="thereabouts.adv" ID="14296" lemmaID="40074" cBy="MJE" cDate="04/02/2007 02:10:43 PDT Mon">
        <definition>COD: used to indicate that a date or figure is approximate.</definition>
        <sentenceCount annotated="0" total="0"/>
        <lexeme order="1" headword="false" breakBefore="false" POS="ADV" name="thereabouts"/>
    </lexUnit>
    <lexUnit status="Created" POS="ADV" name="barely.adv" ID="14298" lemmaID="2901" cBy="MJE" cDate="04/02/2007 02:15:00 PDT Mon">
        <definition>COD: just at and no more above (some value). </definition>
        <sentenceCount annotated="0" total="0"/>
        <lexeme order="1" headword="false" breakBefore="false" POS="ADV" name="barely"/>
    </lexUnit>
    <lexUnit status="Created" POS="A" name="odd.a" ID="14340" lemmaID="50651" cBy="RLG" cDate="04/03/2007 11:37:01 PDT Tue">
        <definition>COD: in the region of.</definition>
        <sentenceCount annotated="0" total="0"/>
        <lexeme order="1" headword="true" breakBefore="false" POS="A" name="odd"/>
    </lexUnit>
    <lexUnit status="Created" POS="ART" name="much.art" ID="14525" lemmaID="50722" cBy="KmG" cDate="08/15/2007 01:21:50 PDT Wed">
        <definition>FN: a lot of (some number of individuals/mass)</definition>
        <sentenceCount annotated="12" total="12"/>
        <lexeme order="1" headword="true" breakBefore="false" POS="ART" name="much"/>
    </lexUnit>
    <lexUnit status="Created" POS="ART" name="little.art" ID="15244" lemmaID="50952" cBy="JKs" cDate="09/30/2008 03:51:36 PDT Tue">
        <definition>FN: not very much of (mass/individuals)</definition>
        <sentenceCount annotated="0" total="0"/>
        <lexeme order="1" headword="true" breakBefore="false" POS="ART" name="little"/>
    </lexUnit>
    <lexUnit status="Created" POS="ART" name="most.art" ID="18672" lemmaID="52133" cBy="CFB" cDate="03/17/2016 06:47:50 PDT Thu">
        <definition>FN: the majority, the larger part (of)</definition>
        <sentenceCount annotated="0" total="0"/>
        <lexeme order="1" headword="true" breakBefore="false" POS="ART" name="most"/>
    </lexUnit>
</frame>