<?xml version="1.0" encoding="UTF-8" standalone="yes"?>
<?xml-stylesheet type="text/xsl" href="frame.xsl"?>
<frame cBy="JKR" cDate="10/11/2005 06:02:10 PDT Tue" name="Protecting" ID="1631" xsi:schemaLocation="../schema/frame.xsd" xmlns="http://framenet.icsi.berkeley.edu" xmlns:xsi="http://www.w3.org/2001/XMLSchema-instance">
    <definition>&lt;def-root&gt;Some &lt;fen&gt;Protection&lt;/fen&gt; prevents a &lt;fen&gt;Danger&lt;/fen&gt; from harming an &lt;fen&gt;Asset&lt;/fen&gt;.

&lt;ex&gt;&lt;fex name="Protection"&gt;The rubber on her sneakers&lt;/fex&gt; &lt;t&gt;protected&lt;/t&gt; &lt;fex name="Asset"&gt;her&lt;/fex&gt; &lt;fex name="Danger"&gt;from the mud&lt;/fex&gt;.&lt;/ex&gt;

&lt;ex&gt;&lt;fex name="Protection"&gt;The coral reefs&lt;/fex&gt; &lt;t&gt;shielded&lt;/t&gt; &lt;fex name="Asset"&gt;the coastline&lt;/fex&gt; &lt;fex name="Danger"&gt;from the worst of the waves&lt;/fex&gt;.&lt;/ex&gt;

&lt;ex&gt;&lt;fex name="Protection"&gt;A growing number of sustainable farmers&lt;/fex&gt; are preserving agricultural variety and &lt;t&gt;protecting&lt;/t&gt; &lt;fex name="Asset"&gt;biodiversity&lt;/fex&gt; &lt;fex name="Means"&gt;by raising ?heritage? or ?heirloom? varieties&lt;/fex&gt;.&lt;/ex&gt;

&lt;ex&gt;&lt;fex name="Protection"&gt;The man responsible for this entire ordeal&lt;/fex&gt; &lt;fex name="Event_description"&gt;cowardly&lt;/fex&gt; &lt;t&gt;shielded&lt;/t&gt; &lt;fex name="Asset"&gt;himself&lt;/fex&gt; &lt;fex name="Danger"&gt;from justice&lt;/fex&gt; &lt;fex name="Instrument"&gt;with the little boy's struggling body&lt;/fex&gt;.&lt;/ex&gt;&lt;/def-root&gt;</definition>
    <FE bgColor="FF0000" fgColor="FFFFFF" coreType="Core" cBy="JKR" cDate="10/11/2005 06:02:10 PDT Tue" abbrev="pro" name="Protection" ID="9084">
        <definition>&lt;def-root&gt;The person, entity, or action that prevents harm to an &lt;fen&gt;Asset&lt;/fen&gt;.

&lt;ex&gt;&lt;fex name="pro"&gt;The tabloid's deal with the woman&lt;/fex&gt; &lt;t&gt;shielded&lt;/t&gt; Schwarzenegger.&lt;/ex&gt;&lt;/def-root&gt;</definition>
    </FE>
    <FE bgColor="008000" fgColor="FFFFFF" coreType="Peripheral" cBy="JKR" cDate="10/11/2005 06:02:10 PDT Tue" abbrev="Place" name="Place" ID="9085">
        <definition>&lt;def-root&gt;The place where the &lt;fen&gt;Danger&lt;/fen&gt; threatened the &lt;fen&gt;Asset&lt;/fen&gt;.



&lt;ex&gt;To make his way on a foreign soil, he needed different guardians from those that &lt;t&gt;protected&lt;/t&gt; him &lt;fex name="Place"&gt;in his own birthplace&lt;/fex&gt; .&lt;/ex&gt;
&lt;/def-root&gt;</definition>
        <semType name="Locative_relation" ID="182"/>
    </FE>
    <FE bgColor="FFA500" fgColor="FFFFFF" coreType="Peripheral" cBy="JKR" cDate="10/11/2005 06:02:11 PDT Tue" abbrev="Time" name="Time" ID="9087">
        <definition>&lt;def-root&gt;The time when the &lt;fen&gt;Danger&lt;/fen&gt; threatens.

&lt;ex&gt;Regardless of the distribution media, USPTO information is &lt;t&gt;safeguarded&lt;/t&gt; &lt;fex name="Time"&gt;before, during, and after dissemination&lt;/fex&gt; from improper access and modification.&lt;/ex&gt;&lt;/def-root&gt;</definition>
        <semType name="Time" ID="141"/>
    </FE>
    <FE bgColor="800080" fgColor="FFFFFF" coreType="Core" cBy="JKR" cDate="10/11/2005 06:02:11 PDT Tue" abbrev="Danger" name="Danger" ID="9088">
        <definition>&lt;def-root&gt;A situation that could damage the &lt;fen&gt;Asset&lt;/fen&gt;.


&lt;ex&gt;Other nations tended to muffle or modulate their occasional annoyance with the
country that was their &lt;t&gt;shield&lt;/t&gt; &lt;fex name="Danger"&gt;against the Soviet threat&lt;/fex&gt;.&lt;/ex&gt;&lt;/def-root&gt;</definition>
    </FE>
    <FE bgColor="0000FF" fgColor="FFFFFF" coreType="Core" cBy="JKR" cDate="10/11/2005 06:02:11 PDT Tue" abbrev="Asset" name="Asset" ID="9089">
        <definition>&lt;def-root&gt;Something desirable possessed by or directly associated with the &lt;fen&gt;Protection&lt;/fen&gt; which might be lost or damaged.

&lt;ex&gt;Almost 10 years later, that agreement &lt;t&gt;insulated&lt;/t&gt; &lt;fex name="Asset"&gt;Microsoft&lt;/fex&gt; from liability on copyright claims over the graphical user interface (GUI).&lt;/ex&gt;&lt;/def-root&gt;</definition>
    </FE>
    <FE bgColor="FF00FF" fgColor="FFFFFF" coreType="Peripheral" cBy="JKR" cDate="10/11/2005 06:41:29 PDT Tue" abbrev="mea" name="Means" ID="9091">
        <definition>&lt;def-root&gt;An event involving the &lt;fen&gt;Protection&lt;/fen&gt; that removes the &lt;fen&gt;Asset&lt;/fen&gt; from potential harm through the &lt;fen&gt;Danger&lt;/fen&gt;.

&lt;ex&gt;Jackson &lt;t&gt;secured&lt;/t&gt; the flank &lt;fex name="mea"&gt;by timely charging the enemy and driving him back&lt;/fex&gt;.&lt;/ex&gt;&lt;/def-root&gt;</definition>
        <semType name="State_of_affairs" ID="177"/>
    </FE>
    <FE bgColor="d0d0d0" fgColor="FFFFFF" coreType="Peripheral" cBy="JKR" cDate="10/11/2005 06:43:12 PDT Tue" abbrev="ins" name="Instrument" ID="9092">
        <definition>&lt;def-root&gt;An entity directed by a volitional agent acting as a &lt;fen&gt;Protection&lt;/fen&gt; which interacts with an undergoer to accomplish the security of the &lt;fen&gt;Asset&lt;/fen&gt; from harm by the &lt;fen&gt;Danger&lt;/fen&gt;.

&lt;ex&gt;Your Brake Pads Parts order is encrypted and &lt;t&gt;safeguarded&lt;/t&gt; &lt;fex name="ins"&gt;with the latest
SSL technology&lt;/fex&gt; for a protected and secure shopping experience!&lt;/ex&gt;&lt;/def-root&gt;</definition>
    </FE>
    <FE bgColor="00BFFF" fgColor="FFFFFF" coreType="Peripheral" cBy="JKR" cDate="10/11/2005 06:52:37 PDT Tue" abbrev="man" name="Manner" ID="9093">
        <definition>&lt;def-root&gt;Any description of the protecting event (or state) which is not covered by more specific FEs, including force (&lt;ment&gt;hard&lt;/ment&gt;, &lt;ment&gt;softly&lt;/ment&gt;), secondary effects (&lt;ment&gt;quietly&lt;/ment&gt;, &lt;ment&gt;loudly&lt;/ment&gt;), and general descriptions comparing events (the same way). In cases of agentive &lt;fen&gt;Protection&lt;/fen&gt;, it may indicate salient characteristics of an agent that also affect the action (&lt;ment&gt;carefully&lt;/ment&gt;).

&lt;ex&gt;Finally, I thank all of the curators of all of the museums around the world who
have &lt;fex name="man"&gt;carefully&lt;/fex&gt; &lt;t&gt;protected&lt;/t&gt; the Ivory-billed specimens in their care.&lt;/ex&gt;&lt;/def-root&gt;</definition>
        <semType name="Manner" ID="173"/>
    </FE>
    <FE bgColor="9400D3" fgColor="FFFFFF" coreType="Extra-Thematic" cBy="JKR" cDate="10/11/2005 06:55:55 PDT Tue" abbrev="eve" name="Event_description" ID="9094">
        <definition>&lt;def-root&gt;Tthis FE is used for phrases that describe the protecting event as a whole.  It applies to appraisals of the event, typically a judgment of its expectedness. The notion of appraisal requires a factive portrayal of the event. 
It also applies to descriptions of the protecting event as a role filler in another frame. 

&lt;/def-root&gt;</definition>
    </FE>
    <FE bgColor="A52A2A" fgColor="FFFFFF" coreType="Extra-Thematic" cBy="RLG" cDate="07/24/2006 06:01:45 PDT Mon" abbrev="des" name="Descriptor" ID="10415">
        <definition>&lt;def-root&gt;A description or characteristic of the &lt;fen&gt;Protection&lt;/fen&gt;.&lt;/def-root&gt;</definition>
    </FE>
    <FE bgColor="7CCD73" fgColor="FFFFFF" coreType="Extra-Thematic" cBy="KmG" cDate="10/16/2007 12:32:05 PDT Tue" abbrev="" name="Degree" ID="11994">
        <definition>&lt;def-root&gt;This frame element selects some gradable attribute and modifies the expected value for it.&lt;/def-root&gt;</definition>
    </FE>
    <FE bgColor="1E90FF" fgColor="000000" coreType="Extra-Thematic" cBy="JKs" cDate="05/21/2008 01:46:16 PDT Wed" abbrev="" name="Explanation" ID="12665">
        <definition>&lt;def-root&gt;The &lt;fen&gt;Explanation&lt;/fen&gt; denotes a proposition from which the act of protecting logically follows.&lt;/def-root&gt;</definition>
    </FE>
    <FE bgColor="008000" fgColor="000000" coreType="Extra-Thematic" cBy="JKs" cDate="05/27/2008 09:54:18 PDT Tue" abbrev="" name="Duration" ID="12671">
        <definition>&lt;def-root&gt;FN: This FE denotes the length of time in which the &lt;fen&gt;Asset&lt;/fen&gt; is protected.&lt;/def-root&gt;</definition>
    </FE>
    <FE bgColor="9F79EE" fgColor="000000" coreType="Extra-Thematic" cBy="JKs" cDate="05/27/2008 10:00:17 PDT Tue" abbrev="" name="Depictive" ID="12672">
        <definition>&lt;def-root&gt;FN: This FE describes a participant of the state of affairs introduced by the target as being in some state during the action. &lt;/def-root&gt;</definition>
    </FE>
    <FE bgColor="7FFF00" fgColor="000000" coreType="Extra-Thematic" cBy="JKs" cDate="05/27/2008 10:23:00 PDT Tue" abbrev="" name="Beneficiary" ID="12673">
        <definition>&lt;def-root&gt;FN: This extra-thematic FE applies to participants that derive a benefit from the protecting event.&lt;/def-root&gt;</definition>
    </FE>
    <frameRelation type="Inherits from"/>
    <frameRelation type="Is Inherited by"/>
    <frameRelation type="Perspective on"/>
    <frameRelation type="Is Perspectivized in"/>
    <frameRelation type="Uses">
        <relatedFrame ID="378">Run_risk</relatedFrame>
    </frameRelation>
    <frameRelation type="Is Used by">
        <relatedFrame ID="2602">Armor</relatedFrame>
    </frameRelation>
    <frameRelation type="Subframe of"/>
    <frameRelation type="Has Subframe(s)"/>
    <frameRelation type="Precedes"/>
    <frameRelation type="Is Preceded by"/>
    <frameRelation type="Is Inchoative of"/>
    <frameRelation type="Is Causative of"/>
    <frameRelation type="See also"/>
    <lexUnit status="Finished_Initial" POS="V" name="protect.v" ID="12789" lemmaID="30841" cBy="JKR" cDate="10/11/2005 06:31:45 PDT Tue">
        <definition>COD: keep safe from harm or injury.</definition>
        <sentenceCount annotated="31" total="191"/>
        <lexeme order="1" headword="false" breakBefore="false" POS="V" name="protect"/>
    </lexUnit>
    <lexUnit status="Finished_Initial" POS="V" name="shield.v" ID="12790" lemmaID="35506" cBy="JKR" cDate="10/11/2005 06:32:49 PDT Tue">
        <definition>COD: protect from a danger, risk, etc.</definition>
        <sentenceCount annotated="22" total="192"/>
        <lexeme order="1" headword="false" breakBefore="false" POS="V" name="shield"/>
    </lexUnit>
    <lexUnit status="Created" POS="V" name="safeguard.v" ID="12791" lemmaID="33930" cBy="JKR" cDate="10/11/2005 06:38:27 PDT Tue">
        <definition>COD: protect with a safeguard.</definition>
        <sentenceCount annotated="3" total="3"/>
        <lexeme order="1" headword="false" breakBefore="false" POS="V" name="safeguard"/>
    </lexUnit>
    <lexUnit status="Created" POS="V" name="insulate.v" ID="12792" lemmaID="20215" cBy="JKR" cDate="10/11/2005 06:39:37 PDT Tue">
        <definition>COD: protect from something unpleasant.</definition>
        <sentenceCount annotated="0" total="0"/>
        <lexeme order="1" headword="false" breakBefore="false" POS="V" name="insulate"/>
    </lexUnit>
    <lexUnit status="Created" POS="V" name="secure.v" ID="12793" lemmaID="34807" cBy="JKR" cDate="10/11/2005 06:40:15 PDT Tue">
        <definition>COD: protect against threats</definition>
        <sentenceCount annotated="3" total="3"/>
        <lexeme order="1" headword="false" breakBefore="false" POS="V" name="secure"/>
    </lexUnit>
    <lexUnit status="Created" POS="N" name="protection [event].n" ID="12794" lemmaID="50265" cBy="JKR" cDate="10/12/2005 10:54:21 PDT Wed">
        <definition>COD: the action or state of protecting or being protected.</definition>
        <sentenceCount annotated="4" total="4"/>
        <lexeme order="1" headword="true" breakBefore="false" POS="N" name="protection"/>
    </lexUnit>
    <lexUnit status="Created" POS="N" name="protection [entity].n" ID="12795" lemmaID="30842" cBy="JKR" cDate="10/12/2005 10:58:08 PDT Wed">
        <definition>COD: a person or thing that protects.</definition>
        <sentenceCount annotated="9" total="9"/>
        <lexeme order="1" headword="false" breakBefore="false" POS="N" name="protection"/>
    </lexUnit>
    <lexUnit status="Created" POS="N" name="safeguard.n" ID="12796" lemmaID="33929" cBy="JKR" cDate="10/12/2005 10:59:00 PDT Wed">
        <definition>COD: a measure taken to protect or prevent something.</definition>
        <sentenceCount annotated="4" total="4"/>
        <lexeme order="1" headword="false" breakBefore="false" POS="N" name="safeguard"/>
    </lexUnit>
    <lexUnit status="Created" POS="N" name="shield.n" ID="12797" lemmaID="35505" cBy="JKR" cDate="10/12/2005 11:00:07 PDT Wed">
        <definition>COD: a person or thing providing protection</definition>
        <sentenceCount annotated="0" total="0"/>
        <lexeme order="1" headword="false" breakBefore="false" POS="N" name="shield"/>
    </lexUnit>
    <lexUnit status="Finished_Initial" POS="N" name="bulwark.n" ID="12798" lemmaID="4896" cBy="JKR" cDate="10/12/2005 11:12:15 PDT Wed">
        <definition>FN: a strong support or protection</definition>
        <sentenceCount annotated="20" total="69"/>
        <lexeme order="1" headword="false" breakBefore="false" POS="N" name="bulwark"/>
    </lexUnit>
    <lexUnit status="Finished_Initial" POS="V" name="guard.v" ID="14700" lemmaID="16985" cBy="JKs" cDate="01/25/2008 10:28:06 PST Fri">
        <definition>FN: to keep watch over some asset</definition>
        <sentenceCount annotated="22" total="171"/>
        <lexeme order="1" headword="false" breakBefore="false" POS="V" name="guard"/>
    </lexUnit>
    <lexUnit status="Created" POS="N" name="shelter.n" ID="16767" lemmaID="51459" cBy="RLG" cDate="11/03/2011 01:37:29 PDT Thu">
        <definition>FN: a shield against something harmful.</definition>
        <sentenceCount annotated="1" total="1"/>
        <lexeme order="1" headword="true" breakBefore="false" POS="N" name="shelter"/>
    </lexUnit>
    <lexUnit status="Created" POS="V" name="shelter.v" ID="16768" lemmaID="35483" cBy="RLG" cDate="11/03/2011 01:38:18 PDT Thu">
        <definition>FN: give protection to.</definition>
        <sentenceCount annotated="0" total="0"/>
        <lexeme order="1" headword="false" breakBefore="false" POS="V" name="shelter"/>
    </lexUnit>
    <lexUnit status="Created" POS="N" name="cover.n" ID="16769" lemmaID="51460" cBy="RLG" cDate="11/03/2011 01:56:21 PDT Thu">
        <definition>FN: protection, often from attack from above.</definition>
        <sentenceCount annotated="0" total="0"/>
        <lexeme order="1" headword="true" breakBefore="false" POS="N" name="cover"/>
    </lexUnit>
</frame>