<?xml version="1.0" encoding="UTF-8" standalone="yes"?>
<?xml-stylesheet type="text/xsl" href="frame.xsl"?>
<frame cBy="MJE" cDate="03/28/2007 11:32:17 PDT Wed" name="Provide_lodging" ID="1916" xsi:schemaLocation="../schema/frame.xsd" xmlns="http://framenet.icsi.berkeley.edu" xmlns:xsi="http://www.w3.org/2001/XMLSchema-instance">
    <definition>&lt;def-root&gt;A &lt;fen&gt;Host&lt;/fen&gt; provides a temporary &lt;fen&gt;Residence&lt;/fen&gt; for a &lt;fen&gt;Lodger&lt;/fen&gt;.

&lt;ex&gt;&lt;fex name="Host"&gt;We&lt;/fex&gt; &lt;t&gt;housed&lt;/t&gt; &lt;fex name="Lodger"&gt;her&lt;/fex&gt; &lt;fex name="Residence"&gt;in our home&lt;/fex&gt; &lt;fex name="Time"&gt;for a while&lt;/fex&gt;.&lt;/ex&gt;&lt;/def-root&gt;</definition>
    <FE bgColor="FF0000" fgColor="FFFFFF" coreType="Core" cBy="MJE" cDate="03/28/2007 11:32:17 PDT Wed" abbrev="Gro" name="Host" ID="11508">
        <definition>&lt;def-root&gt;The &lt;fen&gt;Host&lt;/fen&gt; is the individual (or group of individuals) that own or control the &lt;fen&gt;Residence&lt;/fen&gt; and allow the  &lt;fen&gt;Lodger&lt;/fen&gt; to temporarily stay there.&lt;/def-root&gt;</definition>
        <semType name="Sentient" ID="5"/>
    </FE>
    <FE bgColor="0000FF" fgColor="FFFFFF" coreType="Core" cBy="MJE" cDate="03/28/2007 11:32:17 PDT Wed" abbrev="Gre" name="Lodger" ID="11509">
        <definition>&lt;def-root&gt;The &lt;fen&gt;Lodger&lt;/fen&gt; is the individual who is given permission to lodge in the &lt;fen&gt;Residence&lt;/fen&gt;.&lt;/def-root&gt;</definition>
        <semType name="Sentient" ID="5"/>
    </FE>
    <FE bgColor="9400D3" fgColor="FFFFFF" coreType="Extra-Thematic" cBy="MJE" cDate="03/28/2007 11:32:17 PDT Wed" abbrev="cir" name="Circumstances" ID="11511">
        <definition>&lt;def-root&gt;The &lt;fen&gt;Circumstances&lt;/fen&gt; are the conditions under which the &lt;fen&gt;Host&lt;/fen&gt; provides lodging.&lt;/def-root&gt;</definition>
    </FE>
    <FE bgColor="00BFFF" fgColor="FFFFFF" coreType="Peripheral" cBy="MJE" cDate="03/28/2007 11:32:17 PDT Wed" abbrev="Time" name="Time" ID="11512">
        <definition>&lt;def-root&gt;The &lt;fen&gt;Time&lt;/fen&gt; is when the &lt;fen&gt;Host&lt;/fen&gt; provides a Residence to the &lt;fen&gt;Lodger&lt;/fen&gt;&lt;/def-root&gt;</definition>
        <semType name="Time" ID="141"/>
    </FE>
    <FE bgColor="006400" fgColor="FFFFFF" coreType="Peripheral" cBy="MJE" cDate="03/28/2007 11:32:18 PDT Wed" abbrev="Place" name="Place" ID="11513">
        <definition>&lt;def-root&gt;The &lt;fen&gt;Place&lt;/fen&gt; is where the &lt;fen&gt;Host&lt;/fen&gt; provides a temporary &lt;fen&gt;Residence&lt;/fen&gt;.&lt;/def-root&gt;</definition>
        <semType name="Locative_relation" ID="182"/>
    </FE>
    <FE bgColor="A52A2A" fgColor="FFFFFF" coreType="Extra-Thematic" cBy="MJE" cDate="03/28/2007 11:32:18 PDT Wed" abbrev="Purp" name="Purpose" ID="11514">
        <definition>&lt;def-root&gt;The &lt;fen&gt;Purpose&lt;/fen&gt; is the goal of the &lt;fen&gt;Host&lt;/fen&gt; in allowing the &lt;fen&gt;Lodger&lt;/fen&gt; to stay.&lt;/def-root&gt;</definition>
        <semType name="State_of_affairs" ID="177"/>
    </FE>
    <FE bgColor="FFA500" fgColor="FFFFFF" coreType="Extra-Thematic" cBy="MJE" cDate="03/28/2007 11:32:18 PDT Wed" abbrev="Exp" name="Explanation" ID="11515">
        <definition>&lt;def-root&gt;The &lt;fen&gt;Explanation&lt;/fen&gt; is the cognitive cause of the &lt;fen&gt;Host&lt;/fen&gt;'s granting of permission.&lt;/def-root&gt;</definition>
        <semType name="State_of_affairs" ID="177"/>
    </FE>
    <FE bgColor="808080" fgColor="FFFFFF" coreType="Peripheral" cBy="MJE" cDate="03/28/2007 11:32:18 PDT Wed" abbrev="" name="Manner" ID="11516">
        <definition>&lt;def-root&gt;Any description of the provision of lodging which is not covered by more specific FEs, including secondary effects (&lt;ment&gt;quietly, loudly&lt;/ment&gt;), and general descriptions comparing events (&lt;ment&gt;the same way&lt;/ment&gt;). In addition, it may indicate salient characteristics of the &lt;fen&gt;Host&lt;/fen&gt; that also affect the action (&lt;ment&gt;presumptuously, coldly, deliberately, eagerly, carefully&lt;/ment&gt;). &lt;/def-root&gt;</definition>
        <semType name="Manner" ID="173"/>
    </FE>
    <FE bgColor="800080" fgColor="FFFFFF" coreType="Peripheral" cBy="MJE" cDate="03/28/2007 11:32:18 PDT Wed" abbrev="mea" name="Means" ID="11518">
        <definition>&lt;def-root&gt;An action of the &lt;fen&gt;Host&lt;/fen&gt; whereby they communicate or enact the granting of permission to stay in the Residence.

&lt;ex&gt;&lt;/ex&gt;&lt;/def-root&gt;</definition>
        <semType name="State_of_affairs" ID="177"/>
    </FE>
    <FE bgColor="008000" fgColor="FFFFFF" coreType="Core" cBy="MJE" cDate="03/28/2007 11:42:43 PDT Wed" abbrev="" name="Residence" ID="11519">
        <definition>&lt;def-root&gt;The location controlled by the &lt;fen&gt;Host&lt;/fen&gt; which the &lt;fen&gt;Lodger&lt;/fen&gt; stays at temporarily.&lt;/def-root&gt;</definition>
    </FE>
    <frameRelation type="Inherits from"/>
    <frameRelation type="Is Inherited by"/>
    <frameRelation type="Perspective on">
        <relatedFrame ID="1917">Lodging_scenario</relatedFrame>
    </frameRelation>
    <frameRelation type="Is Perspectivized in"/>
    <frameRelation type="Uses"/>
    <frameRelation type="Is Used by"/>
    <frameRelation type="Subframe of"/>
    <frameRelation type="Has Subframe(s)"/>
    <frameRelation type="Precedes"/>
    <frameRelation type="Is Preceded by"/>
    <frameRelation type="Is Inchoative of"/>
    <frameRelation type="Is Causative of"/>
    <frameRelation type="See also"/>
    <lexUnit status="Created" POS="V" name="house.v" ID="14237" lemmaID="18509" cBy="MJE" cDate="03/29/2007 12:03:49 PDT Thu">
        <definition>COD: provide with shelter or accommodation.</definition>
        <sentenceCount annotated="0" total="0"/>
        <lexeme order="1" headword="false" breakBefore="false" POS="V" name="house"/>
    </lexUnit>
    <lexUnit status="Created" POS="V" name="lodge.v" ID="14238" lemmaID="22647" cBy="MJE" cDate="03/29/2007 12:03:59 PDT Thu">
        <definition>FN: provide with requested accommodation.





</definition>
        <sentenceCount annotated="0" total="0"/>
        <lexeme order="1" headword="false" breakBefore="false" POS="V" name="lodge"/>
    </lexUnit>
    <lexUnit status="Insufficient_Attestations" POS="V" name="host.v" ID="14239" lemmaID="18472" cBy="MJE" cDate="03/29/2007 12:04:12 PDT Thu">
        <definition>FN: act as a host to in-house visitor's. </definition>
        <sentenceCount annotated="1" total="300"/>
        <lexeme order="1" headword="false" breakBefore="false" POS="V" name="host"/>
    </lexUnit>
    <lexUnit status="Created" POS="V" name="put up.v" ID="14240" lemmaID="50615" cBy="MJE" cDate="03/29/2007 12:04:29 PDT Thu">
        <definition>FN: provide a guest with accomodation. </definition>
        <sentenceCount annotated="0" total="0"/>
        <lexeme order="1" headword="true" breakBefore="false" POS="V" name="put"/>
        <lexeme order="2" headword="false" breakBefore="true" POS="ADV" name="up"/>
    </lexUnit>
</frame>