<?xml version="1.0" encoding="UTF-8" standalone="yes"?>
<?xml-stylesheet type="text/xsl" href="frame.xsl"?>
<frame cBy="RyC" cDate="08/10/2011 04:20:30 PDT Wed" name="Publishing" ID="2616" xsi:schemaLocation="../schema/frame.xsd" xmlns="http://framenet.icsi.berkeley.edu" xmlns:xsi="http://www.w3.org/2001/XMLSchema-instance">
    <definition>&lt;def-root&gt;A &lt;fen&gt;Publisher&lt;/fen&gt; makes a &lt;fen&gt;Work&lt;/fen&gt; of an &lt;fen&gt;Author&lt;/fen&gt; (or authors) available to some public &lt;fen&gt;Audience&lt;/fen&gt; for general enjoyment, examination, and reference. The &lt;fen&gt;Medium&lt;/fen&gt; of a &lt;fen&gt;Work&lt;/fen&gt; can vary; examples include books, TV programs, movies, and radio shows. Publication normally involves a number of other events, such as editing and advertising of the &lt;fen&gt;Work&lt;/fen&gt;, and mass production and sales of a represenation of the &lt;fen&gt;Work&lt;/fen&gt;; thus in the most elaborated version of publication, there are a number of other potential roles, such as editor, publicist/advertizer, distributor, printer, etc., but none of these show up as separate, syntactically distinguished roles for the LUs in this frame.

&lt;ex&gt;&lt;fex name="Publisher"&gt;Doubleday&lt;/fex&gt; is &lt;t&gt;publishing&lt;/t&gt; &lt;fex name="Work"&gt;my newest novel&lt;/fex&gt; &lt;fex name="Time"&gt;next week&lt;/fex&gt;.&lt;/ex&gt;
&lt;ex&gt;&lt;fex name="Author"&gt;I&lt;/fex&gt; 'm &lt;t&gt;publishing&lt;/t&gt; &lt;fex name="Work"&gt;my next one&lt;/fex&gt; &lt;fex name="Publisher"&gt;with Random House&lt;/fex&gt; .&lt;/ex&gt;&lt;/def-root&gt;</definition>
    <FE bgColor="FF0000" fgColor="FFFFFF" coreType="Core" cBy="RyC" cDate="08/10/2011 04:32:56 PDT Wed" abbrev="" name="Publisher" ID="14777">
        <definition>&lt;def-root&gt;The entity that acts on behalf of the &lt;fen&gt;Author&lt;/fen&gt; to release the &lt;fen&gt;Work&lt;/fen&gt; to the public.&lt;/def-root&gt;</definition>
    </FE>
    <FE bgColor="FFD700" fgColor="000000" coreType="Peripheral" cBy="RyC" cDate="08/10/2011 04:33:49 PDT Wed" abbrev="" name="Medium" ID="14780">
        <definition>&lt;def-root&gt;The format utilized by the &lt;fen&gt;Author&lt;/fen&gt; to create the &lt;fen&gt;Work&lt;/fen&gt;.&lt;/def-root&gt;</definition>
    </FE>
    <FE bgColor="0000FF" fgColor="FFFFFF" coreType="Core" cBy="RyC" cDate="08/10/2011 04:36:05 PDT Wed" abbrev="" name="Work" ID="14781">
        <definition>&lt;def-root&gt;The creation of the &lt;fen&gt;Author&lt;/fen&gt; that is made public by the &lt;fen&gt;Publisher&lt;/fen&gt;.&lt;/def-root&gt;</definition>
    </FE>
    <FE bgColor="9F79EE" fgColor="FFFFFF" coreType="Peripheral" cBy="RyC" cDate="08/10/2011 04:42:11 PDT Wed" abbrev="" name="Time" ID="14782">
        <definition>&lt;def-root&gt;The date when the &lt;fen&gt;Work&lt;/fen&gt; is available or is expected to be available.&lt;/def-root&gt;</definition>
    </FE>
    <FE bgColor="008000" fgColor="FFFFFF" coreType="Peripheral" cBy="RyC" cDate="08/10/2011 04:48:58 PDT Wed" abbrev="" name="Audience" ID="14783">
        <definition>&lt;def-root&gt;The subset of the population that the &lt;fen&gt;Work&lt;/fen&gt; is targeted towards or released to.&lt;/def-root&gt;</definition>
    </FE>
    <FE bgColor="800080" fgColor="FFFFFF" coreType="Core" cBy="MJE" cDate="04/06/2015 03:40:22 PDT Mon" abbrev="" name="Author" ID="16339">
        <definition>&lt;def-root&gt;The person or entity that is responsible for the detailed construction of the content of the &lt;fen&gt;Work&lt;/fen&gt;.  It is normally expressed in place of the &lt;fen&gt;Publisher&lt;/fen&gt; FE, but the &lt;fen&gt;Publisher&lt;/fen&gt; may cooccur with &lt;fen&gt;Author&lt;/fen&gt;, appearing as an adjunct.

&lt;/def-root&gt;</definition>
    </FE>
    <FE bgColor="FFA500" fgColor="FFFFFF" coreType="Peripheral" cBy="MJE" cDate="04/06/2015 05:14:47 PDT Mon" abbrev="" name="Purpose" ID="16340">
        <definition>&lt;def-root&gt;The situation that the &lt;fen&gt;Author&lt;/fen&gt; or &lt;fen&gt;Publisher&lt;/fen&gt; hopes to bring about by publishing.&lt;/def-root&gt;</definition>
    </FE>
    <FE bgColor="FF69B4" fgColor="FFFFFF" coreType="Peripheral" cBy="MJE" cDate="04/06/2015 05:15:58 PDT Mon" abbrev="" name="Place" ID="16341">
        <definition>&lt;def-root&gt;The location where the &lt;fen&gt;Publisher&lt;/fen&gt; releases the work.&lt;/def-root&gt;</definition>
    </FE>
    <FE bgColor="9400D3" fgColor="FFFFFF" coreType="Peripheral" cBy="MJE" cDate="04/06/2015 05:17:35 PDT Mon" abbrev="" name="Manner" ID="16342">
        <definition>&lt;def-root&gt;Any description of the action that clarifies, in a holistic way, the details of how the publication event unfolded, including comparisons to other events ('the same way') and states of performers of the action that influence the act itself ('peevishly').&lt;/def-root&gt;</definition>
    </FE>
    <FE bgColor="00BFFF" fgColor="FFFFFF" coreType="Peripheral" cBy="MJE" cDate="04/06/2015 05:23:46 PDT Mon" abbrev="" name="Means" ID="16343">
        <definition>&lt;def-root&gt;The action taken by the &lt;fen&gt;Author&lt;/fen&gt; or &lt;fen&gt;Publisher&lt;/fen&gt; that makes the &lt;fen&gt;Work&lt;/fen&gt; publicly available.&lt;/def-root&gt;</definition>
    </FE>
    <frameRelation type="Inherits from">
        <relatedFrame ID="230">Intentionally_affect</relatedFrame>
    </frameRelation>
    <frameRelation type="Is Inherited by"/>
    <frameRelation type="Perspective on"/>
    <frameRelation type="Is Perspectivized in"/>
    <frameRelation type="Uses"/>
    <frameRelation type="Is Used by"/>
    <frameRelation type="Subframe of"/>
    <frameRelation type="Has Subframe(s)"/>
    <frameRelation type="Precedes"/>
    <frameRelation type="Is Preceded by"/>
    <frameRelation type="Is Inchoative of"/>
    <frameRelation type="Is Causative of"/>
    <frameRelation type="See also"/>
    <lexUnit status="Created" POS="V" name="appear.v" ID="16494" lemmaID="1709" cBy="RyC" cDate="08/10/2011 04:53:26 PDT Wed">
        <definition>FN:  (Of a text) To be prepared for and issued to the public.</definition>
        <sentenceCount annotated="0" total="0"/>
        <lexeme order="1" headword="false" breakBefore="false" POS="V" name="appear"/>
    </lexUnit>
    <lexUnit status="Created" POS="V" name="publish.v" ID="17194" lemmaID="31051" cBy="PKe" cDate="12/19/2012 12:22:18 PST Wed">
        <definition>FN: make publicly available, us. of printed works.</definition>
        <sentenceCount annotated="0" total="0"/>
        <lexeme order="1" headword="false" breakBefore="false" POS="V" name="publish"/>
    </lexUnit>
    <lexUnit status="Created" POS="V" name="release.v" ID="17893" lemmaID="32506" cBy="MJE" cDate="04/06/2015 04:28:45 PDT Mon">
        <definition>FN: make (a record, song, or movie) publicly available.</definition>
        <sentenceCount annotated="0" total="0"/>
        <lexeme order="1" headword="false" breakBefore="false" POS="V" name="release"/>
    </lexUnit>
    <lexUnit status="Created" POS="N" name="release [event].n" ID="17894" lemmaID="32505" cBy="MJE" cDate="04/06/2015 04:29:51 PDT Mon">
        <definition>FN: the appearance of a new work.</definition>
        <sentenceCount annotated="0" total="0"/>
        <lexeme order="1" headword="false" breakBefore="false" POS="N" name="release"/>
    </lexUnit>
    <lexUnit status="Created" POS="N" name="publication.n" ID="17896" lemmaID="51832" cBy="MJE" cDate="04/06/2015 04:32:30 PDT Mon">
        <definition>FN: making a work (generally a written text) publicly available.</definition>
        <sentenceCount annotated="0" total="0"/>
        <lexeme order="1" headword="true" breakBefore="false" POS="N" name="publication"/>
    </lexUnit>
    <lexUnit status="Created" POS="V" name="put out.v" ID="17897" lemmaID="51833" cBy="MJE" cDate="04/06/2015 05:04:15 PDT Mon">
        <definition>FN: make publicly available.</definition>
        <sentenceCount annotated="0" total="0"/>
        <lexeme order="1" headword="true" breakBefore="false" POS="V" name="put"/>
        <lexeme order="2" headword="false" breakBefore="true" POS="ADV" name="out"/>
    </lexUnit>
</frame>