<?xml version="1.0" encoding="UTF-8" standalone="yes"?>
<?xml-stylesheet type="text/xsl" href="frame.xsl"?>
<frame cBy="MJE" cDate="03/03/2014 02:42:09 PST Mon" name="Putting_out_fire" ID="2820" xsi:schemaLocation="../schema/frame.xsd" xmlns="http://framenet.icsi.berkeley.edu" xmlns:xsi="http://www.w3.org/2001/XMLSchema-instance">
    <definition>&lt;def-root&gt;An &lt;fen&gt;Agent&lt;/fen&gt; causes a &lt;fen&gt;Fire&lt;/fen&gt; to no longer burn.

&lt;/def-root&gt;</definition>
    <FE bgColor="9400D3" fgColor="FFFFFF" coreType="Extra-Thematic" cBy="MJE" cDate="03/03/2014 02:42:09 PST Mon" abbrev="Depict" name="Depictive" ID="15971">
        <definition>&lt;def-root&gt;This FE identifies the &lt;fen&gt;Depictive&lt;/fen&gt; phrase describing an actor or an undergoer of an action during their participation in the event.
&lt;/def-root&gt;</definition>
    </FE>
    <FE bgColor="FF00FF" fgColor="FFFFFF" coreType="Peripheral" cBy="MJE" cDate="03/03/2014 02:42:10 PST Mon" abbrev="Manr" name="Manner" ID="15972">
        <definition>&lt;def-root&gt;This FE identifies the state of an &lt;fen&gt;Agent&lt;/fen&gt; that affects the nature of the event as the &lt;fen&gt;Agent&lt;/fen&gt; brings about the end of the &lt;fen&gt;Fire&lt;/fen&gt;.

&lt;ex&gt;The firefighters &lt;fex name="Manner"&gt;heroically&lt;/fex&gt; &lt;t&gt;extinguished&lt;/t&gt; the flames.&lt;/ex&gt;&lt;/def-root&gt;</definition>
        <semType name="Manner" ID="173"/>
    </FE>
    <FE bgColor="9F79EE" fgColor="FFFFFF" coreType="Extra-Thematic" cBy="MJE" cDate="03/03/2014 02:42:10 PST Mon" abbrev="Result" name="Result" ID="15973">
        <definition>&lt;def-root&gt;This FE identifies the &lt;fen&gt;Result&lt;/fen&gt; of the event.&lt;/def-root&gt;</definition>
    </FE>
    <FE bgColor="008000" fgColor="FFFFFF" coreType="Peripheral" cBy="MJE" cDate="03/03/2014 02:42:10 PST Mon" abbrev="Place" name="Place" ID="15975">
        <definition>&lt;def-root&gt;This FE identifies the &lt;fen&gt;Place&lt;/fen&gt; where the &lt;fen&gt;Agent&lt;/fen&gt; puts out the &lt;fen&gt;Fire&lt;/fen&gt;.&lt;/def-root&gt;</definition>
        <semType name="Locative_relation" ID="182"/>
    </FE>
    <FE bgColor="FFA500" fgColor="FFFFFF" coreType="Peripheral" cBy="MJE" cDate="03/03/2014 02:42:10 PST Mon" abbrev="Time" name="Time" ID="15976">
        <definition>&lt;def-root&gt;This FE identifies the &lt;fen&gt;Time&lt;/fen&gt; when the &lt;fen&gt;Fire&lt;/fen&gt; goes out.&lt;/def-root&gt;</definition>
        <semType name="Time" ID="141"/>
    </FE>
    <FE bgColor="FF0000" fgColor="FFFFFF" coreType="Core" cBy="MJE" cDate="03/03/2014 02:42:10 PST Mon" abbrev="Agent" name="Agent" ID="15977">
        <definition>&lt;def-root&gt;The individual or group that causes the &lt;fen&gt;Fire&lt;/fen&gt; to no longer burn.

&lt;ex&gt;&lt;fex name="Agent"&gt;The firefighters&lt;/fex&gt; &lt;t&gt;extinguished&lt;/t&gt; the wildfire.&lt;/ex&gt;&lt;/def-root&gt;</definition>
        <semType name="Sentient" ID="5"/>
    </FE>
    <FE bgColor="0000FF" fgColor="FFFFFF" coreType="Core" cBy="MJE" cDate="03/03/2014 02:42:10 PST Mon" abbrev="Act" name="Fire" ID="15978">
        <definition>&lt;def-root&gt;The combustion process that the &lt;fen&gt;Agent&lt;/fen&gt; causes to end.

&lt;ex&gt;It took four days before &lt;fex name="Fire"&gt;the fire&lt;/fex&gt;was &lt;t&gt;extinguished&lt;/t&gt;.&lt;/ex&gt;&lt;/def-root&gt;</definition>
    </FE>
    <FE bgColor="A52A2A" fgColor="FFFFFF" coreType="Peripheral" cBy="MJE" cDate="03/03/2014 02:42:10 PST Mon" abbrev="Mns" name="Means" ID="15979">
        <definition>&lt;def-root&gt;This FE identifies the &lt;fen&gt;Means&lt;/fen&gt; by which an &lt;fen&gt;Agent&lt;/fen&gt; puts out a &lt;fen&gt;Fire&lt;/fen&gt;&lt;/def-root&gt;</definition>
        <semType name="State_of_affairs" ID="177"/>
    </FE>
    <FE bgColor="800080" fgColor="FFFFFF" coreType="Peripheral" cBy="MJE" cDate="03/03/2014 02:42:10 PST Mon" abbrev="Purp" name="Purpose" ID="15980">
        <definition>&lt;def-root&gt;This FE identifies the &lt;fen&gt;Purpose&lt;/fen&gt; for which an &lt;fen&gt;Agent&lt;/fen&gt; puts out the &lt;fen&gt;Fire&lt;/fen&gt;.&lt;/def-root&gt;</definition>
        <semType name="State_of_affairs" ID="177"/>
    </FE>
    <FE bgColor="FFFF00" fgColor="000000" coreType="Peripheral" cBy="MJE" cDate="03/03/2014 02:42:10 PST Mon" abbrev="" name="Degree" ID="15981">
        <definition>&lt;def-root&gt;This FE describes the how near the &lt;fen&gt;Agent&lt;/fen&gt; is to puting out the &lt;fen&gt;Fire&lt;/fen&gt;.  &lt;/def-root&gt;</definition>
        <semType name="Degree" ID="172"/>
    </FE>
    <FE bgColor="EEE8AA" fgColor="000000" coreType="Extra-Thematic" cBy="MJE" cDate="03/03/2014 02:42:10 PST Mon" abbrev="" name="Explanation" ID="15982">
        <definition>&lt;def-root&gt;The Explanation denotes a proposition from which the main clause (headed by the target) logically follows. This often means that the Explanation causes the target's proposition, but not in all cases. &lt;/def-root&gt;</definition>
        <semType name="State_of_affairs" ID="177"/>
    </FE>
    <FE bgColor="90876C" fgColor="FFFFFF" coreType="Extra-Thematic" cBy="MJE" cDate="03/03/2014 02:42:10 PST Mon" abbrev="" name="Circumstances" ID="15983">
        <definition>&lt;def-root&gt;Circumstances describe the state of the world (at a particular time and place) which is specifically independent of the event itself and any of its participants. &lt;/def-root&gt;</definition>
    </FE>
    <FE bgColor="7CCD73" fgColor="000000" coreType="Extra-Thematic" cBy="MJE" cDate="03/03/2014 02:42:10 PST Mon" abbrev="" name="Containing_event" ID="15984">
        <definition>&lt;def-root&gt;This FE denotes an event that occurs or state of affairs that holds at a time that includes the time during which the event or state of affairs reported by the target occurs and of which it is taken to be a part.

&lt;/def-root&gt;</definition>
    </FE>
    <frameRelation type="Inherits from"/>
    <frameRelation type="Is Inherited by"/>
    <frameRelation type="Perspective on"/>
    <frameRelation type="Is Perspectivized in"/>
    <frameRelation type="Uses"/>
    <frameRelation type="Is Used by"/>
    <frameRelation type="Subframe of">
        <relatedFrame ID="2821">Fire_stopping_scenario</relatedFrame>
    </frameRelation>
    <frameRelation type="Has Subframe(s)"/>
    <frameRelation type="Precedes"/>
    <frameRelation type="Is Preceded by">
        <relatedFrame ID="2824">Fire_burning</relatedFrame>
        <relatedFrame ID="2832">Firefighting</relatedFrame>
    </frameRelation>
    <frameRelation type="Is Inchoative of"/>
    <frameRelation type="Is Causative of">
        <relatedFrame ID="2823">Fire_going_out</relatedFrame>
    </frameRelation>
    <frameRelation type="See also"/>
    <lexUnit status="New" POS="V" name="douse.v" ID="17436" lemmaID="11593" cBy="WMcQ" cDate="03/03/2014 02:55:14 PST Mon">
        <definition>FN: Extinguish (a fire) by pouring nonflammable fluid </definition>
        <sentenceCount annotated="1" total="173"/>
        <lexeme order="1" headword="false" breakBefore="false" POS="V" name="douse"/>
    </lexUnit>
    <lexUnit status="New" POS="V" name="smother.v" ID="17437" lemmaID="36565" cBy="WMcQ" cDate="03/03/2014 03:03:37 PST Mon">
        <definition>FN: Cause (a fire) to end by means of placing impermeable object or substance on it</definition>
        <sentenceCount annotated="0" total="50"/>
        <lexeme order="1" headword="false" breakBefore="false" POS="V" name="smother"/>
    </lexUnit>
    <lexUnit status="Created" POS="V" name="quench.v" ID="17438" lemmaID="31476" cBy="WMcQ" cDate="03/03/2014 03:06:43 PST Mon">
        <definition>FN: Extinguish (a fire)</definition>
        <sentenceCount annotated="0" total="0"/>
        <lexeme order="1" headword="false" breakBefore="false" POS="V" name="quench"/>
    </lexUnit>
    <lexUnit status="Rules_Defined" POS="V" name="put out.v" ID="17439" lemmaID="51671" cBy="WMcQ" cDate="03/03/2014 03:14:27 PST Mon">
        <definition>FN: Extinguish (a fire) thoroughly</definition>
        <sentenceCount annotated="2" total="2"/>
        <lexeme order="1" headword="true" breakBefore="false" POS="V" name="put"/>
        <lexeme order="2" headword="false" breakBefore="true" POS="PREP" name="out"/>
    </lexUnit>
    <lexUnit status="New" POS="V" name="extinguish.v" ID="17440" lemmaID="13657" cBy="WMcQ" cDate="03/03/2014 03:28:45 PST Mon">
        <definition>FN: Cause (a fire) to cease to burn</definition>
        <sentenceCount annotated="1" total="152"/>
        <lexeme order="1" headword="false" breakBefore="false" POS="V" name="extinguish"/>
    </lexUnit>
    <lexUnit status="Created" POS="V" name="blow out.v" ID="17441" lemmaID="51672" cBy="WMcQ" cDate="03/03/2014 03:56:27 PST Mon">
        <definition>FN: Extinguish (a fire) by blowing</definition>
        <sentenceCount annotated="0" total="0"/>
        <lexeme order="1" headword="true" breakBefore="false" POS="V" name="blow"/>
        <lexeme order="2" headword="false" breakBefore="true" POS="PREP" name="out"/>
    </lexUnit>
    <lexUnit status="Created" POS="V" name="stamp out.v" ID="17442" lemmaID="51673" cBy="WMcQ" cDate="03/03/2014 03:57:14 PST Mon">
        <definition>FN: Extinguish (a fire) by forcefully applying one's feet</definition>
        <sentenceCount annotated="0" total="0"/>
        <lexeme order="1" headword="true" breakBefore="false" POS="V" name="stamp"/>
        <lexeme order="2" headword="false" breakBefore="true" POS="PREP" name="out"/>
    </lexUnit>
    <lexUnit status="Created" POS="V" name="snuff out.v" ID="17443" lemmaID="51674" cBy="WMcQ" cDate="03/03/2014 04:19:36 PST Mon">
        <definition>FN: Extinguish (a flame) with a pinch or instrument such as a douter</definition>
        <sentenceCount annotated="0" total="0"/>
        <lexeme order="1" headword="true" breakBefore="false" POS="V" name="snuff"/>
        <lexeme order="2" headword="false" breakBefore="true" POS="PREP" name="out"/>
    </lexUnit>
</frame>