<?xml version="1.0" encoding="UTF-8" standalone="yes"?>
<?xml-stylesheet type="text/xsl" href="frame.xsl"?>
<frame cBy="MLC" cDate="08/08/2011 02:42:38 PDT Mon" name="Quantity" ID="2604" xsi:schemaLocation="../schema/frame.xsd" xmlns="http://framenet.icsi.berkeley.edu" xmlns:xsi="http://www.w3.org/2001/XMLSchema-instance">
    <definition>&lt;def-root&gt;This frame contains nouns denoting &lt;fex name="Quantity"&gt;Quantities&lt;/fex&gt; of a specified &lt;fen&gt;Entity&lt;/fen&gt; and their numerical &lt;fex name="Value"&gt;Values&lt;/fex&gt;.  Note that the nouns in this frame DO NOT convey a gradable amount on thier own.
&lt;ex&gt;His heart attack was caused by a &lt;fex name="Descriptor"&gt;high&lt;/fex&gt; &lt;fex name="Entity"&gt;cholesterol&lt;/fex&gt; &lt;fex name="Quantity"&gt;&lt;t&gt;level&lt;/t&gt;&lt;/fex&gt;.&lt;/ex&gt;
&lt;ex&gt;His &lt;fex name="Entity"&gt;cholesterol&lt;/fex&gt; &lt;fex name="Quantity"&gt;level&lt;/fex&gt; &lt;m&gt;was&lt;/m&gt; &lt;fex name="Value"&gt;124 mg/dL&lt;/fex&gt;.&lt;/ex&gt;&lt;/def-root&gt;</definition>
    <FE bgColor="008000" fgColor="FFFFFF" coreType="Core" cBy="MLC" cDate="08/08/2011 02:58:25 PDT Mon" abbrev="Ent" name="Entity" ID="14724">
        <definition>&lt;def-root&gt;&lt;fen&gt;Entity&lt;/fen&gt; identifies the concept or substance being quantified by a &lt;fen&gt;Quantity&lt;/fen&gt;. &lt;ex&gt;&lt;fex name="Entity"&gt;My blood-sugar&lt;/fex&gt; &lt;t&gt;level&lt;/t&gt; is high.&lt;/ex&gt;
&lt;ex&gt;The patients were sorted by &lt;t&gt;level&lt;/t&gt; &lt;fex name="Entity"&gt;of radiation exposure&lt;/fex&gt;.&lt;/ex&gt;&lt;/def-root&gt;</definition>
    </FE>
    <FE bgColor="0000FF" fgColor="FFFFFF" coreType="Core" cBy="MLC" cDate="08/08/2011 03:05:24 PDT Mon" abbrev="Quant" name="Quantity" ID="14725">
        <definition>&lt;def-root&gt;Identifies the &lt;fen&gt;Quantity&lt;/fen&gt;-denoting &lt;t&gt;target&lt;/t&gt; word.
&lt;ex&gt;Their &lt;fex name="Quantity"&gt;&lt;t&gt;level&lt;/t&gt;&lt;/fex&gt; of productivity decreased with each hour of overtime worked.&lt;/ex&gt;&lt;/def-root&gt;</definition>
        <semType name="Quantity" ID="59"/>
    </FE>
    <FE bgColor="800080" fgColor="FFFFFF" coreType="Core" cBy="CVa" cDate="08/10/2011 03:32:27 PDT Wed" abbrev="Val" name="Value" ID="14772">
        <definition>&lt;def-root&gt;&lt;fen&gt;Value&lt;/fen&gt; identifies the numerical amount of the &lt;fen&gt;Entity&lt;/fen&gt;.
&lt;ex&gt;He wrote me a check in the &lt;t&gt;amount&lt;/t&gt; &lt;fex name="Value"&gt;of $500&lt;/fex&gt;.&lt;/ex&gt;&lt;/def-root&gt;</definition>
    </FE>
    <FE bgColor="FFD700" fgColor="000000" coreType="Extra-Thematic" cBy="CVa" cDate="08/12/2011 01:06:43 PDT Fri" abbrev="" name="Descriptor" ID="14784">
        <definition>&lt;def-root&gt;A characterization of the &lt;fen&gt;Quantity&lt;/fen&gt;.
&lt;ex&gt;He received an &lt;fex name="Descriptor"&gt;appropriate&lt;/fex&gt; &lt;t&gt;amount&lt;/t&gt; of replies to his online survey.&lt;/ex&gt;&lt;/def-root&gt;</definition>
    </FE>
    <frameRelation type="Inherits from">
        <relatedFrame ID="108">Dimension</relatedFrame>
    </frameRelation>
    <frameRelation type="Is Inherited by"/>
    <frameRelation type="Perspective on"/>
    <frameRelation type="Is Perspectivized in"/>
    <frameRelation type="Uses"/>
    <frameRelation type="Is Used by"/>
    <frameRelation type="Subframe of"/>
    <frameRelation type="Has Subframe(s)"/>
    <frameRelation type="Precedes"/>
    <frameRelation type="Is Preceded by"/>
    <frameRelation type="Is Inchoative of"/>
    <frameRelation type="Is Causative of"/>
    <frameRelation type="See also">
        <relatedFrame ID="189">Quantified_mass</relatedFrame>
    </frameRelation>
    <lexUnit status="Finished_Initial" POS="N" name="level.n" ID="16477" lemmaID="22152" cBy="MLC" cDate="08/08/2011 03:15:57 PDT Mon">
        <definition>FN: An amount or quantity of substance.</definition>
        <sentenceCount annotated="48" total="49"/>
        <lexeme order="1" headword="false" breakBefore="false" POS="N" name="level"/>
    </lexUnit>
    <lexUnit status="Finished_Initial" POS="N" name="amount.n" ID="16492" lemmaID="1275" cBy="CVa" cDate="08/10/2011 04:28:02 PDT Wed">
        <definition>FN: a quantity</definition>
        <sentenceCount annotated="12" total="114"/>
        <lexeme order="1" headword="false" breakBefore="false" POS="N" name="amount"/>
    </lexUnit>
    <lexUnit status="Finished_Initial" POS="N" name="quantity.n" ID="16493" lemmaID="31423" cBy="CVa" cDate="08/10/2011 04:29:35 PDT Wed">
        <definition>FN: an amount </definition>
        <sentenceCount annotated="16" total="73"/>
        <lexeme order="1" headword="false" breakBefore="false" POS="N" name="quantity"/>
    </lexUnit>
    <lexUnit status="Created" POS="N" name="number.n" ID="17504" lemmaID="26257" cBy="WMcQ" cDate="06/27/2014 02:17:58 PDT Fri">
        <definition>FN: A calculated count; also, an estimate. Ex: The number was at least 1000. Ex: The number of peaches was 175.</definition>
        <sentenceCount annotated="1" total="1"/>
        <lexeme order="1" headword="false" breakBefore="false" POS="N" name="number"/>
    </lexUnit>
    <lexUnit status="Created" incorporatedFE="Quantity" POS="N" name="extent.n" ID="18662" lemmaID="52130" cBy="CFB" cDate="03/06/2016 02:57:01 PST Sun">
        <definition>FN: amount, usually of something that is not measured numerically.: I will help you to the extent that I can, but I can't promise you that I will succeed. </definition>
        <sentenceCount annotated="10" total="10"/>
        <lexeme order="1" headword="true" breakBefore="false" POS="N" name="extent"/>
        <semType name="Quantity" ID="59"/>
    </lexUnit>
    <lexUnit status="Created" POS="N" name="degree.n" ID="18674" lemmaID="9988" cBy="CFB" cDate="03/21/2016 11:16:49 PDT Mon">
        <definition>FN: Extent, amount, often used of abstract entities: degree of involvement, degree of participation</definition>
        <sentenceCount annotated="0" total="0"/>
        <lexeme order="1" headword="false" breakBefore="false" POS="N" name="degree"/>
    </lexUnit>
</frame>