<?xml version="1.0" encoding="UTF-8" standalone="yes"?>
<?xml-stylesheet type="text/xsl" href="frame.xsl"?>
<frame cBy="HCB" cDate="06/08/2001 02:59:03 PDT Fri" name="Rape" ID="127" xsi:schemaLocation="../schema/frame.xsd" xmlns="http://framenet.icsi.berkeley.edu" xmlns:xsi="http://www.w3.org/2001/XMLSchema-instance">
    <definition>&lt;def-root&gt;The words in this frame describe situations in which the &lt;fen&gt;Perpetrator&lt;/fen&gt; has sexual intercourse with the &lt;fen&gt;Victim&lt;/fen&gt; forcibly (or by threatening the use of force) and without his or her consent.
&lt;ex&gt;&lt;/ex&gt;
&lt;ex&gt;Does the press make it more difficult for &lt;t&gt;raped&lt;/t&gt; &lt;fex name="Victim"&gt;women&lt;/fex&gt; to obtain justice?&lt;/ex&gt;

&lt;ex&gt;&lt;fex name="Time"&gt;On their third&lt;/fex&gt; date &lt;fex name="Perp"&gt;he&lt;/fex&gt; took her back to his surgery and &lt;t&gt;raped&lt;/t&gt; &lt;fex name="Victim"&gt;her&lt;/fex&gt;.&lt;/ex&gt;&lt;/def-root&gt;</definition>
    <FE bgColor="FF0000" fgColor="FFFFFF" coreType="Core" cBy="HCB" cDate="06/08/2001 03:07:46 PDT Fri" abbrev="Perp" name="Perpetrator" ID="787">
        <definition>&lt;def-root&gt;This is the person who forces another person to have sexual intercourse with him or her against the other person's will.&lt;/def-root&gt;</definition>
        <semType name="Sentient" ID="5"/>
    </FE>
    <FE bgColor="800080" fgColor="FFFFFF" coreType="Core" cBy="HCB" cDate="06/08/2001 03:08:48 PDT Fri" abbrev="Vic" name="Victim" ID="788">
        <definition>&lt;def-root&gt;This is the person who is forced to engage in sexual intercourse against his or her will.&lt;/def-root&gt;</definition>
        <semType name="Sentient" ID="5"/>
    </FE>
    <FE bgColor="FF69B4" fgColor="FFFFFF" coreType="Peripheral" cBy="HCB" cDate="06/08/2001 03:09:07 PDT Fri" abbrev="Degr" name="Degree" ID="789">
        <definition>&lt;def-root&gt;Degree to which event occurs&lt;/def-root&gt;</definition>
        <semType name="Degree" ID="172"/>
    </FE>
    <FE bgColor="FFFFFF" fgColor="FF0000" coreType="Core-Unexpressed" cBy="HCB" cDate="06/08/2001 03:09:07 PDT Fri" abbrev="Evnt" name="Event" ID="792">
        <definition>&lt;def-root&gt;The rape of a &lt;fen&gt;Victim&lt;/fen&gt; by the &lt;fen&gt;Perpetrator&lt;/fen&gt;.&lt;/def-root&gt;</definition>
        <semType name="State_of_affairs" ID="177"/>
    </FE>
    <FE bgColor="FF00FF" fgColor="FFFFFF" coreType="Peripheral" cBy="HCB" cDate="06/08/2001 03:09:07 PDT Fri" abbrev="Manr" name="Manner" ID="793">
        <definition>&lt;def-root&gt;Manner of performing an action&lt;/def-root&gt;</definition>
        <semType name="Manner" ID="173"/>
    </FE>
    <FE bgColor="0000FF" fgColor="FFFFFF" coreType="Peripheral" cBy="HCB" cDate="06/08/2001 03:09:07 PDT Fri" abbrev="Means" name="Means" ID="794">
        <definition>&lt;def-root&gt;An act performed by the &lt;fen&gt;Perpetrator&lt;/fen&gt; by which the sexual crime is accomplished.&lt;/def-root&gt;</definition>
        <semType name="State_of_affairs" ID="177"/>
    </FE>
    <FE bgColor="00BFFF" fgColor="FFFFFF" coreType="Extra-Thematic" cBy="HCB" cDate="06/08/2001 03:09:08 PDT Fri" abbrev="Result" name="Result" ID="795">
        <definition>&lt;def-root&gt;Result of an event&lt;/def-root&gt;</definition>
    </FE>
    <FE bgColor="00008B" fgColor="FFFFFF" coreType="Peripheral" cBy="HCB" cDate="06/08/2001 03:10:13 PDT Fri" abbrev="Dur" name="Duration" ID="797">
        <definition>&lt;def-root&gt;The amount of time for which a state holds or a process is ongoing.&lt;/def-root&gt;</definition>
        <semType name="Duration" ID="142"/>
    </FE>
    <FE bgColor="FFA500" fgColor="FFFFFF" coreType="Peripheral" cBy="HCB" cDate="06/08/2001 03:10:13 PDT Fri" abbrev="Place" name="Place" ID="799">
        <definition>&lt;def-root&gt;Where the event takes place.&lt;/def-root&gt;</definition>
        <semType name="Locative_relation" ID="182"/>
    </FE>
    <FE bgColor="90876C" fgColor="FFFFFF" coreType="Extra-Thematic" cBy="HCB" cDate="06/08/2001 03:10:13 PDT Fri" abbrev="exp" name="Explanation" ID="800">
        <definition>&lt;def-root&gt;The &lt;fen&gt;Explanation&lt;/fen&gt; denotes a proposition from which the main clause (headed by the target) logically follows. This often means that the &lt;fen&gt;Explanation&lt;/fen&gt; causes the target's proposition, but not in all cases.&lt;/def-root&gt;</definition>
        <semType name="State_of_affairs" ID="177"/>
    </FE>
    <FE bgColor="7CCD7C" fgColor="FFFFFF" coreType="Peripheral" cBy="HCB" cDate="06/08/2001 03:10:13 PDT Fri" abbrev="Time" name="Time" ID="801">
        <definition>&lt;def-root&gt;The &lt;fen&gt;Time&lt;/fen&gt; when the event occurs.

&lt;ex&gt;The lawyer said the woman was &lt;t&gt;raped&lt;/t&gt; &lt;fex name="Time"&gt;on a night of madness&lt;/fex&gt; &lt;/ex&gt;&lt;/def-root&gt;</definition>
        <semType name="Time" ID="141"/>
    </FE>
    <FE bgColor="A52A2A" fgColor="FFFFFF" coreType="Peripheral" cBy="HCB" cDate="06/08/2001 03:26:05 PDT Fri" abbrev="Ins" name="Instrument" ID="802">
        <definition>&lt;def-root&gt;This FE is any object used to commit the crime.&lt;/def-root&gt;</definition>
        <semType name="Physical_entity" ID="70"/>
    </FE>
    <FE bgColor="9400D3" fgColor="FFFFFF" coreType="Peripheral" cBy="MJE" cDate="06/11/2003 02:14:33 PDT Wed" abbrev="Purp" name="Purpose" ID="4617">
        <definition>&lt;def-root&gt;&lt;/def-root&gt;</definition>
        <semType name="State_of_affairs" ID="177"/>
    </FE>
    <FE bgColor="0000FF" fgColor="FFFFFF" coreType="Extra-Thematic" cBy="Hay" cDate="10/02/2003 11:40:55 PDT Thu" abbrev="Freq" name="Frequency" ID="5465">
        <definition>&lt;def-root&gt;The number of times that a rape event takes place.

&lt;ex&gt; The eleven year old told the court that she was &lt;t&gt;raped&lt;/t&gt; &lt;fex name="Frequency"&gt;three times&lt;/fex&gt;.&lt;/ex&gt;&lt;/def-root&gt;</definition>
    </FE>
    <frameRelation type="Inherits from">
        <relatedFrame ID="700">Committing_crime</relatedFrame>
        <relatedFrame ID="230">Intentionally_affect</relatedFrame>
    </frameRelation>
    <frameRelation type="Is Inherited by"/>
    <frameRelation type="Perspective on"/>
    <frameRelation type="Is Perspectivized in"/>
    <frameRelation type="Uses"/>
    <frameRelation type="Is Used by"/>
    <frameRelation type="Subframe of"/>
    <frameRelation type="Has Subframe(s)"/>
    <frameRelation type="Precedes"/>
    <frameRelation type="Is Preceded by"/>
    <frameRelation type="Is Inchoative of"/>
    <frameRelation type="Is Causative of"/>
    <frameRelation type="See also"/>
    <lexUnit status="Finished_Initial" POS="V" name="rape.v" ID="2558" lemmaID="31818" cBy="HCB" cDate="06/08/2001 03:29:29 PDT Fri">
        <definition>COD: (of a man) force (another person) to have sexual intercourse with him against their will. </definition>
        <sentenceCount annotated="87" total="375"/>
        <lexeme order="1" headword="false" breakBefore="false" POS="V" name="rape"/>
    </lexUnit>
    <lexUnit status="Finished_Initial" POS="N" name="rape.n" ID="2620" lemmaID="31817" cBy="HCB" cDate="06/12/2001 04:37:35 PDT Tue">
        <definition>COD: an act or the crime of raping someone. </definition>
        <sentenceCount annotated="28" total="328"/>
        <lexeme order="1" headword="false" breakBefore="false" POS="N" name="rape"/>
    </lexUnit>
    <lexUnit status="Finished_Initial" POS="N" name="rapist.n" ID="2621" lemmaID="31827" cBy="HCB" cDate="06/12/2001 04:43:37 PDT Tue">
        <definition>COD: a man who commits rape. </definition>
        <sentenceCount annotated="10" total="110"/>
        <lexeme order="1" headword="false" breakBefore="false" POS="N" name="rapist"/>
    </lexUnit>
    <lexUnit status="Finished_Initial" POS="A" name="raped.a" ID="2714" lemmaID="44954" cBy="HCB" cDate="06/21/2001 01:47:23 PDT Thu">
        <definition>FN: having been forced (by a man) to have sexual intercourse with (him)</definition>
        <sentenceCount annotated="4" total="53"/>
        <lexeme order="1" headword="false" breakBefore="false" POS="A" name="raped"/>
    </lexUnit>
    <lexUnit status="Created" POS="V" name="sexually assault.v" ID="7347" lemmaID="46112" cBy="MJE" cDate="08/30/2002 01:51:55 PDT Fri">
        <definition>FN: force (another person) to have sexual intercourse with against their will.</definition>
        <sentenceCount annotated="0" total="0"/>
        <lexeme order="1" headword="false" breakBefore="false" POS="ADV" name="sexually"/>
        <lexeme order="2" headword="true" breakBefore="false" POS="V" name="assault"/>
    </lexUnit>
</frame>