<?xml version="1.0" encoding="UTF-8" standalone="yes"?>
<?xml-stylesheet type="text/xsl" href="frame.xsl"?>
<frame cBy="RLG" cDate="07/20/2005 04:40:28 PDT Wed" name="Rashness" ID="1581" xsi:schemaLocation="../schema/frame.xsd" xmlns="http://framenet.icsi.berkeley.edu" xmlns:xsi="http://www.w3.org/2001/XMLSchema-instance">
    <definition>&lt;def-root&gt;A &lt;fen&gt;Protagonist&lt;/fen&gt; performs some &lt;fen&gt;Action&lt;/fen&gt; without fully considering the circumstances under which he or she acts, or the possibly (negative) consequences of the &lt;fen&gt;Action&lt;/fen&gt;.  Alternatively, the &lt;fen&gt;Action&lt;/fen&gt; itself may be portrayed as having been performed under rushed circumstances.

&lt;ex&gt;Would it &lt;m&gt;be&lt;/m&gt; a little &lt;t&gt;impatient&lt;/t&gt; &lt;fex name="pro"&gt;of me&lt;/fex&gt; &lt;fex name="act"&gt;to ask when an album might appear&lt;/fex&gt;?&lt;/ex&gt;
&lt;ex&gt;He was quick to move, alert and forceful, as &lt;fex name="pro"&gt;he&lt;/fex&gt; &lt;m&gt;was&lt;/m&gt; &lt;t&gt;impetuous&lt;/t&gt; &lt;fex name="act"&gt;in attacking an enemy&lt;/fex&gt;&lt;/ex&gt;&lt;/def-root&gt;</definition>
    <FE bgColor="FF0000" fgColor="FFFFFF" coreType="Core" cBy="RLG" cDate="07/20/2005 04:50:54 PDT Wed" abbrev="pro" name="Protagonist" ID="8673">
        <definition>&lt;def-root&gt;The &lt;fen&gt;Protagonist&lt;/fen&gt; acts or is apt to act with some degree of consideration regarding the circumstances and possible consequences of an &lt;fen&gt;Action&lt;/fen&gt; he or she may perform.

&lt;ex&gt;I feel that most do, but typically &lt;fex name="pro"&gt;people&lt;/fex&gt; &lt;m&gt;are&lt;/m&gt; &lt;t&gt;rash&lt;/t&gt;, and often reach anger and hostility quickly.&lt;/ex&gt;
&lt;ex&gt;I think it &lt;m&gt;was&lt;/m&gt; &lt;t&gt;patient&lt;/t&gt; &lt;fex name="pro"&gt;of me&lt;/fex&gt; &lt;fex name="act"&gt;to wait another month&lt;/fex&gt;.&lt;/ex&gt;&lt;/def-root&gt;</definition>
        <semType name="Sentient" ID="5"/>
    </FE>
    <FE bgColor="800080" fgColor="FFFFFF" coreType="Core" cBy="RLG" cDate="07/20/2005 04:52:00 PDT Wed" abbrev="act" name="Action" ID="8674">
        <definition>&lt;def-root&gt;The &lt;fen&gt;Action&lt;/fen&gt; is carried out by the &lt;fen&gt;Protagonist&lt;/fen&gt; with or without regard for the circumstances under which it is performed or consideration of possible consequences.

&lt;ex&gt;&lt;fex name="act"&gt;What he did&lt;/fex&gt; &lt;m&gt;was&lt;/m&gt; &lt;t&gt;impetuous&lt;/t&gt; and quite irrational - some might say ill-considered.&lt;/ex&gt;
&lt;ex&gt;Caryn thinks Tom made a &lt;t&gt;rash&lt;/t&gt; &lt;fex name="act"&gt;choice&lt;/fex&gt; by electing to move to the new camp.&lt;/ex&gt;&lt;/def-root&gt;</definition>
    </FE>
    <FE bgColor="FFA500" fgColor="FFFFFF" coreType="Peripheral" cBy="RLG" cDate="07/21/2005 01:44:47 PDT Thu" abbrev="tim" name="Time" ID="8680">
        <definition>&lt;def-root&gt;The period of time when the &lt;fen&gt;Protagonist&lt;/fen&gt; acts with (or without) consideration regarding an &lt;fen&gt;Action&lt;/fen&gt;.

&lt;ex&gt;&lt;m&gt;Were&lt;/m&gt; n't you &lt;t&gt;impetuous&lt;/t&gt; &lt;fex name="tim"&gt;when you were young&lt;/fex&gt;?&lt;/ex&gt;&lt;/def-root&gt;</definition>
        <semType name="Time" ID="141"/>
    </FE>
    <FE bgColor="FF69B4" fgColor="FFFFFF" coreType="Peripheral" cBy="MJE" cDate="12/05/2005 03:30:03 PST Mon" abbrev="deg" name="Degree" ID="9560">
        <definition>&lt;def-root&gt;The extent to which the &lt;fen&gt;Action&lt;/fen&gt; of the &lt;fen&gt;Protagonist&lt;/fen&gt; deviates from the expected in its rashness. &lt;/def-root&gt;</definition>
        <semType name="Degree" ID="172"/>
    </FE>
    <FE bgColor="7FFF00" fgColor="000000" coreType="Peripheral" cBy="MiL" cDate="06/07/2006 04:57:09 PDT Wed" abbrev="" name="Judge" ID="10266">
        <definition>&lt;def-root&gt;The individual whose point of view is taken in assigning the judgment denoted by the target.&lt;/def-root&gt;</definition>
    </FE>
    <frameRelation type="Inherits from">
        <relatedFrame ID="369">Social_behavior_evaluation</relatedFrame>
    </frameRelation>
    <frameRelation type="Is Inherited by"/>
    <frameRelation type="Perspective on"/>
    <frameRelation type="Is Perspectivized in"/>
    <frameRelation type="Uses"/>
    <frameRelation type="Is Used by"/>
    <frameRelation type="Subframe of"/>
    <frameRelation type="Has Subframe(s)"/>
    <frameRelation type="Precedes"/>
    <frameRelation type="Is Preceded by"/>
    <frameRelation type="Is Inchoative of"/>
    <frameRelation type="Is Causative of"/>
    <frameRelation type="See also"/>
    <lexUnit status="Created" POS="A" name="rash.a" ID="12518" lemmaID="31849" cBy="RLG" cDate="07/20/2005 04:47:45 PDT Wed">
        <definition>COD: acting or done impetuously, without careful consideration.</definition>
        <sentenceCount annotated="0" total="0"/>
        <lexeme order="1" headword="false" breakBefore="false" POS="A" name="rash"/>
    </lexUnit>
    <lexUnit status="Created" POS="A" name="impatient.a" ID="12519" lemmaID="19113" cBy="RLG" cDate="07/20/2005 04:48:30 PDT Wed">
        <definition>COD: having or showing a lack of patience or tolerance.</definition>
        <sentenceCount annotated="0" total="0"/>
        <lexeme order="1" headword="false" breakBefore="false" POS="A" name="impatient"/>
    </lexUnit>
    <lexUnit status="Created" POS="A" name="impetuous.a" ID="12520" lemmaID="19175" cBy="RLG" cDate="07/20/2005 04:49:22 PDT Wed">
        <definition>COD: acting or done quickly and rashly.</definition>
        <sentenceCount annotated="0" total="0"/>
        <lexeme order="1" headword="false" breakBefore="false" POS="A" name="impetuous"/>
    </lexUnit>
    <lexUnit status="Needs_SCs" POS="A" name="patient.a" ID="12521" lemmaID="28059" cBy="RLG" cDate="07/20/2005 04:50:07 PDT Wed">
        <definition>FN: acting without haste, with reasonable consideration.</definition>
        <sentenceCount annotated="2" total="81"/>
        <lexeme order="1" headword="false" breakBefore="false" POS="A" name="patient"/>
    </lexUnit>
    <lexUnit status="Created" POS="A" name="precipitate.a" ID="12530" lemmaID="30087" cBy="RLG" cDate="07/22/2005 11:12:35 PDT Fri">
        <definition>COD: done, acting, or occurring suddenly or without careful consideration.</definition>
        <sentenceCount annotated="0" total="0"/>
        <lexeme order="1" headword="false" breakBefore="false" POS="A" name="precipitate"/>
    </lexUnit>
    <lexUnit status="Created" POS="A" name="precipitous.a" ID="12531" lemmaID="30090" cBy="RLG" cDate="07/22/2005 11:16:10 PDT Fri">
        <definition>FN: acting with undue haste.</definition>
        <sentenceCount annotated="0" total="0"/>
        <lexeme order="1" headword="false" breakBefore="false" POS="A" name="precipitous"/>
    </lexUnit>
</frame>