<?xml version="1.0" encoding="UTF-8" standalone="yes"?>
<?xml-stylesheet type="text/xsl" href="frame.xsl"?>
<frame cBy="AlK" cDate="09/23/2010 04:05:24 PDT Thu" name="Rate_description" ID="2421" xsi:schemaLocation="../schema/frame.xsd" xmlns="http://framenet.icsi.berkeley.edu" xmlns:xsi="http://www.w3.org/2001/XMLSchema-instance">
    <definition>&lt;def-root&gt;The LUs in this frame describe the level that a &lt;fen&gt;Rate&lt;/fen&gt;, or the variation in some quantity over a period of time, deviates from the norm. The focal &lt;fen&gt;Event&lt;/fen&gt; for which the &lt;fen&gt;Rate&lt;/fen&gt; is relevant may be profiled as metonymically referring to the &lt;fen&gt;Rate&lt;/fen&gt; of the &lt;fen&gt;Event&lt;/fen&gt;. This frame differs from Rate_quantification in that it does not describe the &lt;fen&gt;Rate&lt;/fen&gt; with a specific numerical designation.

&lt;ex&gt;The &lt;t&gt;rapid&lt;/t&gt; &lt;fex name="Event"&gt;increase in obesity&lt;/fex&gt; is a major cause of concern.&lt;/ex&gt;
&lt;ex&gt;Such systems have a &lt;fex name="Degree"&gt;very&lt;/fex&gt; &lt;t&gt;rapid&lt;/t&gt; &lt;fex name="Event"&gt;rate&lt;/fex&gt; of recovery.&lt;/ex&gt;&lt;/def-root&gt;</definition>
    <FE bgColor="FF0000" fgColor="FFFFFF" coreType="Core" cBy="CFB" cDate="09/24/2010 01:27:53 PDT Fri" abbrev="Evt" name="Event" ID="14211">
        <definition>&lt;def-root&gt;The &lt;fen&gt;Event&lt;/fen&gt; whose &lt;fen&gt;Rate&lt;/fen&gt; is being described. 

&lt;ex&gt;He was &lt;t&gt;rapidly&lt;/t&gt; &lt;fex name="Event"&gt;losing his patience&lt;/fex&gt;.&lt;/ex&gt;&lt;/def-root&gt;</definition>
        <semType name="Event" ID="75"/>
    </FE>
    <FE bgColor="800080" fgColor="FFFFFF" coreType="Core" cBy="AlK" cDate="09/24/2010 04:44:41 PDT Fri" abbrev="" name="Rate" ID="14212">
        <definition>&lt;def-root&gt;The &lt;fen&gt;Rate&lt;/fen&gt; at which something happens during an &lt;fen&gt;Event&lt;/fen&gt;.

&lt;ex&gt;Anthony marveled at the &lt;t&gt;rapid&lt;/t&gt; &lt;fex name="Rate"&gt;rate&lt;/fex&gt; of production.&lt;/ex&gt;&lt;/def-root&gt;</definition>
    </FE>
    <FE bgColor="FF00FF" fgColor="FFFFFF" coreType="Peripheral" cBy="AlK" cDate="09/27/2010 03:21:34 PDT Mon" abbrev="" name="Degree" ID="14213">
        <definition>&lt;def-root&gt;How much the &lt;fen&gt;Rate&lt;/fen&gt; deviates from a neutral or expected standard.

&lt;ex&gt;It was followed by an &lt;fex name="Degree"&gt;extremely&lt;/fex&gt; &lt;t&gt;rapid&lt;/t&gt; deterioration of order.&lt;/ex&gt;&lt;/def-root&gt;</definition>
    </FE>
    <FE bgColor="0000FF" fgColor="FFFFFF" coreType="Peripheral" cBy="AlK" cDate="09/27/2010 03:31:26 PDT Mon" abbrev="" name="Agent" ID="14214">
        <definition>&lt;def-root&gt;A participant in an &lt;fen&gt;Event&lt;/fen&gt; that is responsible for its unexpected &lt;fen&gt;Rate&lt;/fen&gt;.

&lt;ex&gt;&lt;fex name="Agent"&gt;She&lt;/fex&gt; was really &lt;t&gt;fast&lt;/t&gt; at shorthand.&lt;/ex&gt;&lt;/def-root&gt;</definition>
    </FE>
    <FEcoreSet>
        <memberFE name="Rate" ID="14212"/>
        <memberFE name="Event" ID="14211"/>
    </FEcoreSet>
    <frameRelation type="Inherits from">
        <relatedFrame ID="965">Measurable_attributes</relatedFrame>
    </frameRelation>
    <frameRelation type="Is Inherited by"/>
    <frameRelation type="Perspective on"/>
    <frameRelation type="Is Perspectivized in"/>
    <frameRelation type="Uses"/>
    <frameRelation type="Is Used by"/>
    <frameRelation type="Subframe of"/>
    <frameRelation type="Has Subframe(s)"/>
    <frameRelation type="Precedes"/>
    <frameRelation type="Is Preceded by"/>
    <frameRelation type="Is Inchoative of"/>
    <frameRelation type="Is Causative of"/>
    <frameRelation type="See also"/>
    <lexUnit status="Finished_Initial" POS="A" name="rapid.a" ID="16091" lemmaID="31821" cBy="AlK" cDate="09/27/2010 03:41:33 PDT Mon">
        <definition>FN: occuring at a higher than expected rate (especially of abstractions)</definition>
        <sentenceCount annotated="57" total="57"/>
        <lexeme order="1" headword="false" breakBefore="false" POS="A" name="rapid"/>
    </lexUnit>
    <lexUnit status="Created" POS="ADV" name="rapidly.adv" ID="16092" lemmaID="31823" cBy="AlK" cDate="09/27/2010 03:42:57 PDT Mon">
        <definition>FN: at a higher than expected rate</definition>
        <sentenceCount annotated="1" total="1"/>
        <lexeme order="1" headword="false" breakBefore="false" POS="ADV" name="rapidly"/>
    </lexUnit>
    <lexUnit status="Created" POS="A" name="fast.a" ID="16093" lemmaID="13990" cBy="AlK" cDate="09/27/2010 03:48:41 PDT Mon">
        <definition>FN: occuring at a higher than expected rate</definition>
        <sentenceCount annotated="0" total="0"/>
        <lexeme order="1" headword="false" breakBefore="false" POS="A" name="fast"/>
    </lexUnit>
</frame>