<?xml version="1.0" encoding="UTF-8" standalone="yes"?>
<?xml-stylesheet type="text/xsl" href="frame.xsl"?>
<frame cBy="AlK" cDate="09/29/2010 02:23:13 PDT Wed" name="Rate_quantification" ID="2425" xsi:schemaLocation="../schema/frame.xsd" xmlns="http://framenet.icsi.berkeley.edu" xmlns:xsi="http://www.w3.org/2001/XMLSchema-instance">
    <definition>&lt;def-root&gt;An &lt;fen&gt;Event&lt;/fen&gt; occurs that can be characterized by a given &lt;fen&gt;Rate&lt;/fen&gt;. The &lt;fen&gt;Rate&lt;/fen&gt; is a ratio of how much a particular quantity changes over time. &lt;fen&gt;Degree&lt;/fen&gt; compares the the given &lt;fen&gt;Rate&lt;/fen&gt; with a standard or expected rate for a similar &lt;fen&gt;Event&lt;/fen&gt;. The Agent is a participant in the event who is responsible for the &lt;fen&gt;Rate&lt;/fen&gt;.
&lt;ex&gt;&lt;/ex&gt;
&lt;ex&gt;We compared the &lt;fex name="Event"&gt;evolutionary&lt;/fex&gt; &lt;t&gt;&lt;fex name="Rate"&gt;rates&lt;/fex&gt;&lt;/t&gt; &lt;fex name="Entity"&gt;of the two different species of monkey&lt;/fex&gt;.&lt;/ex&gt;
&lt;ex&gt;&lt;fex name="Event"&gt;Graduation&lt;/fex&gt; &lt;t&gt;&lt;fex name="Rate"&gt;rates&lt;/fex&gt;&lt;/t&gt; have not gone up in the last decade.&lt;/ex&gt;&lt;/def-root&gt;</definition>
    <FE bgColor="FF0000" fgColor="FFFFFF" coreType="Core" cBy="AlK" cDate="09/29/2010 02:27:11 PDT Wed" abbrev="" name="Event" ID="14217">
        <definition>&lt;def-root&gt;The &lt;fen&gt;Event&lt;/fen&gt; that occurs at a certain Rate. 

&lt;ex&gt;&lt;fex name="Event"&gt;Production&lt;/fex&gt; &lt;t&gt;rates&lt;/t&gt; have risen in the last year.&lt;/ex&gt;&lt;/def-root&gt;</definition>
    </FE>
    <FE bgColor="800080" fgColor="FFFFFF" coreType="Core" cBy="AlK" cDate="09/29/2010 02:29:04 PDT Wed" abbrev="" name="Rate" ID="14218">
        <definition>&lt;def-root&gt;How much a particular salient quantity involved in an &lt;fen&gt;Event&lt;/fen&gt; changes over time.
&lt;ex&gt;His heart &lt;t&gt;&lt;fex name="Rate"&gt;rate&lt;/fex&gt;&lt;/t&gt; quickened.&lt;/ex&gt;&lt;/def-root&gt;</definition>
    </FE>
    <FE bgColor="7FFF00" fgColor="000000" coreType="Peripheral" cBy="AlK" cDate="09/29/2010 02:54:46 PDT Wed" abbrev="" name="Descriptor" ID="14219">
        <definition>&lt;def-root&gt;Any characterization of the &lt;fen&gt;Rate&lt;/fen&gt; that is not covered by another more specific FE.

&lt;ex&gt;This camera is capable of shooting at &lt;fex name="Descriptor"&gt;high&lt;/fex&gt; &lt;t&gt;speeds&lt;/t&gt;.&lt;/ex&gt;&lt;/def-root&gt;</definition>
    </FE>
    <FE bgColor="0000FF" fgColor="FFFFFF" coreType="Core" cBy="AlK" cDate="10/07/2010 01:40:12 PDT Thu" abbrev="" name="Entity" ID="14246">
        <definition>&lt;def-root&gt;A participant in the &lt;fen&gt;Event&lt;/fen&gt; who is responsible for the indicated &lt;fen&gt;Rate&lt;/fen&gt;.
&lt;ex&gt;The mating &lt;t&gt;rate&lt;/t&gt; &lt;fex name="Entity"&gt;of cats&lt;/fex&gt; has dropped dramatically.&lt;/ex&gt;&lt;/def-root&gt;</definition>
    </FE>
    <FE bgColor="008000" fgColor="FFFFFF" coreType="Peripheral" cBy="AlK" cDate="10/12/2010 02:40:24 PDT Tue" abbrev="" name="Type" ID="14248">
        <definition>&lt;def-root&gt;A name of the &lt;fen&gt;Rate&lt;/fen&gt; of or description of the particular category the &lt;fen&gt;Rate&lt;/fen&gt; belongs to.

&lt;ex&gt;His &lt;fex name="Type"&gt;heart&lt;/fex&gt; &lt;t&gt;rate&lt;/t&gt; was unusually fast.&lt;/ex&gt;&lt;/def-root&gt;</definition>
    </FE>
    <FE bgColor="FF00FF" fgColor="FFFFFF" coreType="Peripheral" cBy="MLC" cDate="10/20/2010 01:38:19 PDT Wed" abbrev="" name="Degree" ID="14254">
        <definition>&lt;def-root&gt;&lt;fen&gt;Degree&lt;/fen&gt; compares the given rate for the standard or familiar rate for a given &lt;fen&gt;Event&lt;/fen&gt;.&lt;/def-root&gt;</definition>
    </FE>
    <FEcoreSet>
        <memberFE name="Entity" ID="14246"/>
        <memberFE name="Event" ID="14217"/>
    </FEcoreSet>
    <frameRelation type="Inherits from">
        <relatedFrame ID="2427">Relational_quantity</relatedFrame>
    </frameRelation>
    <frameRelation type="Is Inherited by"/>
    <frameRelation type="Perspective on"/>
    <frameRelation type="Is Perspectivized in"/>
    <frameRelation type="Uses"/>
    <frameRelation type="Is Used by"/>
    <frameRelation type="Subframe of"/>
    <frameRelation type="Has Subframe(s)"/>
    <frameRelation type="Precedes"/>
    <frameRelation type="Is Preceded by"/>
    <frameRelation type="Is Inchoative of"/>
    <frameRelation type="Is Causative of"/>
    <frameRelation type="See also"/>
    <lexUnit status="Finished_Initial" POS="N" name="rate.n" ID="16096" lemmaID="31864" cBy="AlK" cDate="09/29/2010 03:39:50 PDT Wed">
        <definition>FN: how much a given quantity changes with respect to another quantity</definition>
        <sentenceCount annotated="32" total="32"/>
        <lexeme order="1" headword="false" breakBefore="false" POS="N" name="rate"/>
    </lexUnit>
</frame>