<?xml version="1.0" encoding="UTF-8" standalone="yes"?>
<?xml-stylesheet type="text/xsl" href="frame.xsl"?>
<frame cBy="AlK" cDate="02/03/2010 01:37:52 PST Wed" name="Reading_aloud" ID="2202" xsi:schemaLocation="../schema/frame.xsd" xmlns="http://framenet.icsi.berkeley.edu" xmlns:xsi="http://www.w3.org/2001/XMLSchema-instance">
    <definition>&lt;def-root&gt;A &lt;fen&gt;Speaker&lt;/fen&gt; interprets a written &lt;fen&gt;Text&lt;/fen&gt; and speaks the contents, usually to an &lt;fen&gt;Addressee&lt;/fen&gt;. The contents may be the &lt;fen&gt;Text&lt;/fen&gt; verbatim or a representation of the text. 

&lt;ex&gt;I do think &lt;fex name="Speaker"&gt;they&lt;/fex&gt; &lt;t&gt;read&lt;/t&gt; &lt;fex name="Addressee"&gt;to them&lt;/fex&gt; &lt;fex name="Time"&gt;when they are little&lt;/fex&gt;. &lt;fex name="Text"&gt;INI&lt;/fex&gt;&lt;/ex&gt;

&lt;ex&gt;&lt;fex name="Place"&gt;Inside the flat&lt;/fex&gt; &lt;fex name="Speaker"&gt;a fruity voice&lt;/fex&gt; was &lt;t&gt;reading&lt;/t&gt; &lt;t&gt;out&lt;/t&gt; &lt;fex name="Text"&gt;a list of figures which had something to do with the production of the pig-iron&lt;/fex&gt;. &lt;fex name="Addressee"&gt;DNI&lt;/fex&gt;&lt;/ex&gt;&lt;/def-root&gt;</definition>
    <FE bgColor="A52A2A" fgColor="FFFFFF" coreType="Core" cBy="AlK" cDate="02/08/2010 10:46:26 PST Mon" abbrev="" name="Addressee" ID="13554">
        <definition>&lt;def-root&gt;The person or people to whom the &lt;fen&gt;Speaker&lt;/fen&gt; is directing the reading of the &lt;fen&gt;Text&lt;/fen&gt;.&lt;/def-root&gt;</definition>
    </FE>
    <FE bgColor="FF0000" fgColor="FFFFFF" coreType="Core" cBy="AlK" cDate="02/08/2010 10:54:07 PST Mon" abbrev="" name="Speaker" ID="13555">
        <definition>&lt;def-root&gt;The person who reads the &lt;fen&gt;Text&lt;/fen&gt; aloud.&lt;/def-root&gt;</definition>
    </FE>
    <FE bgColor="0000FF" fgColor="FFFFFF" coreType="Core" cBy="AlK" cDate="02/08/2010 10:57:52 PST Mon" abbrev="" name="Text" ID="13556">
        <definition>&lt;def-root&gt;The source from which the &lt;fen&gt;Speaker&lt;/fen&gt; reads.&lt;/def-root&gt;</definition>
    </FE>
    <FE bgColor="FF69B4" fgColor="FFFFFF" coreType="Peripheral" cBy="AlK" cDate="02/10/2010 10:48:40 PST Wed" abbrev="" name="Manner" ID="13562">
        <definition>&lt;def-root&gt;The way that the &lt;fen&gt;Speaker&lt;/fen&gt; reads the &lt;fen&gt;Text&lt;/fen&gt; aloud.&lt;/def-root&gt;</definition>
    </FE>
    <FE bgColor="00BFFF" fgColor="FFFFFF" coreType="Extra-Thematic" cBy="AlK" cDate="02/16/2010 12:02:24 PST Tue" abbrev="" name="Source" ID="13570">
        <definition>&lt;def-root&gt;The medium from which the &lt;fen&gt;Text&lt;/fen&gt; is read.&lt;/def-root&gt;</definition>
    </FE>
    <FE bgColor="FFD700" fgColor="000000" coreType="Peripheral" cBy="AlK" cDate="02/16/2010 12:04:33 PST Tue" abbrev="" name="Time" ID="13571">
        <definition>&lt;def-root&gt;When the reading takes place.&lt;/def-root&gt;</definition>
    </FE>
    <FE bgColor="9F79EE" fgColor="000000" coreType="Peripheral" cBy="AlK" cDate="02/23/2010 01:00:29 PST Tue" abbrev="" name="Purpose" ID="13592">
        <definition>&lt;def-root&gt;The result that the &lt;fen&gt;Speaker&lt;/fen&gt; is trying to achieve by reading aloud.&lt;/def-root&gt;</definition>
    </FE>
    <FE bgColor="1E90FF" fgColor="FFFFFF" coreType="Peripheral" cBy="MJE" cDate="07/27/2010 05:55:47 PDT Tue" abbrev="" name="Place" ID="14084">
        <definition>&lt;def-root&gt;The location at which the reading takes place.&lt;/def-root&gt;</definition>
    </FE>
    <FE bgColor="2E8B57" fgColor="FFFFFF" coreType="Peripheral" cBy="CVa" cDate="01/08/2013 02:13:37 PST Tue" abbrev="" name="Means" ID="15842">
        <definition>&lt;def-root&gt;The method by which the &lt;fen&gt;Text&lt;/fen&gt; is read aloud by the &lt;fen&gt;Speaker&lt;/fen&gt;.
&lt;ex&gt;My mother always &lt;t&gt;read&lt;/t&gt; to me &lt;fex name="Means"&gt;by candle light&lt;/fex&gt;.&lt;/ex&gt;  &lt;/def-root&gt;</definition>
    </FE>
    <frameRelation type="Inherits from">
        <relatedFrame ID="43">Statement</relatedFrame>
        <relatedFrame ID="2836">Reading_activity</relatedFrame>
    </frameRelation>
    <frameRelation type="Is Inherited by"/>
    <frameRelation type="Perspective on"/>
    <frameRelation type="Is Perspectivized in"/>
    <frameRelation type="Uses"/>
    <frameRelation type="Is Used by"/>
    <frameRelation type="Subframe of"/>
    <frameRelation type="Has Subframe(s)"/>
    <frameRelation type="Precedes"/>
    <frameRelation type="Is Preceded by"/>
    <frameRelation type="Is Inchoative of"/>
    <frameRelation type="Is Causative of"/>
    <frameRelation type="See also"/>
    <lexUnit status="Needs_SCs" POS="V" name="read.v" ID="15621" lemmaID="31968" cBy="AlK" cDate="02/10/2010 11:16:04 PST Wed">
        <definition>FN: to interpret and speak aloud (the contents of a written message)</definition>
        <sentenceCount annotated="8" total="8"/>
        <lexeme order="1" headword="false" breakBefore="false" POS="V" name="read"/>
    </lexUnit>
    <lexUnit status="Created" POS="V" name="read out.v" ID="15948" lemmaID="51183" cBy="MJE" cDate="07/27/2010 05:50:30 PDT Tue">
        <definition>FN: to pronounce a written text out loud.</definition>
        <sentenceCount annotated="1" total="1"/>
        <lexeme order="1" headword="true" breakBefore="false" POS="V" name="read"/>
        <lexeme order="2" headword="false" breakBefore="true" POS="ADV" name="out"/>
    </lexUnit>
</frame>