<?xml version="1.0" encoding="UTF-8" standalone="yes"?>
<?xml-stylesheet type="text/xsl" href="frame.xsl"?>
<frame cBy="MJE" cDate="03/01/2002 01:50:55 PST Fri" name="Reading_perception" ID="279" xsi:schemaLocation="../schema/frame.xsd" xmlns="http://framenet.icsi.berkeley.edu" xmlns:xsi="http://www.w3.org/2001/XMLSchema-instance">
    <definition>&lt;def-root&gt;The &lt;fen&gt;Reader&lt;/fen&gt; attends to a &lt;fen&gt;Text&lt;/fen&gt; to process its information.  Sometimes a particular kind of &lt;fen&gt;Sought_phenomenon&lt;/fen&gt; is sought in the &lt;fen&gt;Text&lt;/fen&gt;.
&lt;ex&gt;&lt;/ex&gt;
The metaphor which allows motion verbs plus "through" to express reading (e.g. "went through the text", "slogging through the phonebook", "sped through the dialogue passages") is considered to be productive, and thus should be annotated in the Motion frames.  The metaphor applies most productively to motion verbs that do not specify motor program and either specify no manner information at all (e.g. "go") or only specify the manner of motion in terms of difficulty and/or speed ("slog", "speed"), although other verbs with specific information ("saunter", "swim") may occur in more colorful usage.

&lt;ex&gt;&lt;fex name="Reader"&gt;I&lt;/fex&gt; &lt;t&gt;read&lt;/t&gt; &lt;fex name="Text"&gt;A Tale of Two Cities&lt;/fex&gt; &lt;fex name="Time"&gt;last night&lt;/fex&gt;.&lt;/ex&gt;
&lt;/def-root&gt;</definition>
    <FE bgColor="FF0000" fgColor="FFFFFF" coreType="Core" cBy="MJE" cDate="03/01/2002 03:29:49 PST Fri" abbrev="Rdr" name="Reader" ID="2409">
        <definition>&lt;def-root&gt;The one who examines a Text to understand it.&lt;/def-root&gt;</definition>
        <semType name="Sentient" ID="5"/>
    </FE>
    <FE bgColor="0000FF" fgColor="FFFFFF" coreType="Core" cBy="MJE" cDate="03/01/2002 03:29:59 PST Fri" abbrev="Text" name="Text" ID="2410">
        <definition>&lt;def-root&gt;The entity that contains linguistic symbols.&lt;/def-root&gt;</definition>
    </FE>
    <FE bgColor="FF69B4" fgColor="FFFFFF" coreType="Extra-Thematic" cBy="MJE" cDate="03/01/2002 03:32:03 PST Fri" abbrev="Degr" name="Degree" ID="2411">
        <definition>&lt;def-root&gt;Degree to which event occurs&lt;/def-root&gt;</definition>
        <semType name="Degree" ID="172"/>
    </FE>
    <FE bgColor="800080" fgColor="FFFFFF" coreType="Extra-Thematic" cBy="MJE" cDate="03/01/2002 03:32:03 PST Fri" abbrev="Phen" name="Sought_phenomenon" ID="2413">
        <definition>&lt;def-root&gt;A particular characteristic or thing that the Reader intends to process.
&lt;t&gt;Read&lt;/t&gt; Chapter 7 &lt;fex name="Sought_phenomenon"&gt;only for the major concepts.&lt;/fex&gt;.&lt;/def-root&gt;</definition>
    </FE>
    <FE bgColor="FF00FF" fgColor="FFFFFF" coreType="Peripheral" cBy="MJE" cDate="03/01/2002 03:32:03 PST Fri" abbrev="Manr" name="Manner" ID="2414">
        <definition>&lt;def-root&gt;Manner of performing an action&lt;/def-root&gt;</definition>
        <semType name="Manner" ID="173"/>
    </FE>
    <FE bgColor="A52A2A" fgColor="FFFFFF" coreType="Peripheral" cBy="MJE" cDate="03/01/2002 03:32:03 PST Fri" abbrev="Mns" name="Means" ID="2415">
        <definition>&lt;def-root&gt;An act that allows the &lt;fen&gt;Reader&lt;/fen&gt; to read in the specified manner.
&lt;ex&gt;I &lt;t&gt;skimmed&lt;/t&gt; the book &lt;fex name="Mns"&gt;by reading just the section headings and the first sentences after&lt;/fex&gt;.&lt;/ex&gt;&lt;/def-root&gt;</definition>
        <semType name="State_of_affairs" ID="177"/>
    </FE>
    <FE bgColor="00BFFF" fgColor="000000" coreType="Peripheral" cBy="ACW" cDate="08/02/2002 12:32:39 PDT Fri" abbrev="Purp" name="Purpose" ID="3490">
        <definition>&lt;def-root&gt;The &lt;fen&gt;Purpose&lt;/fen&gt; is the reason for which the &lt;fen&gt;Reader&lt;/fen&gt; reads the &lt;fen&gt;Text&lt;/fen&gt;.&lt;/def-root&gt;</definition>
        <semType name="State_of_affairs" ID="177"/>
    </FE>
    <FE bgColor="FFA500" fgColor="FFFFFF" coreType="Peripheral" cBy="RLG" cDate="06/18/2003 09:20:02 PDT Wed" abbrev="Time" name="Time" ID="4641">
        <definition>&lt;def-root&gt;When the reading event takes place.
&lt;ex&gt;Charlie often &lt;t&gt;reads&lt;/t&gt; the newspaper &lt;fex name="Time"&gt;at night&lt;/fex&gt;.&lt;/ex&gt;&lt;/def-root&gt;</definition>
        <semType name="Time" ID="141"/>
    </FE>
    <FE bgColor="008000" fgColor="000000" coreType="Peripheral" cBy="RLG" cDate="06/18/2003 09:21:26 PDT Wed" abbrev="Place" name="Place" ID="4642">
        <definition>&lt;def-root&gt;Where the reading event takes place.
&lt;ex&gt;Surprisingly, few of the students &lt;t&gt;read&lt;/t&gt; much at all &lt;fex name="Place"&gt;in the designated reading rooms&lt;/fex&gt;.&lt;/ex&gt;&lt;/def-root&gt;</definition>
        <semType name="Locative_relation" ID="182"/>
    </FE>
    <FE bgColor="FFFF00" fgColor="00008B" coreType="Extra-Thematic" cBy="KmG" cDate="09/17/2007 11:26:11 PDT Mon" abbrev="" name="Circumstances" ID="11970">
        <definition>&lt;def-root&gt;Circumstances describe the state of the world (at a particular time and place) which is specifically independent of the event itself and any of its participants.&lt;/def-root&gt;</definition>
    </FE>
    <FE bgColor="2E8B57" fgColor="FFFFFF" coreType="Peripheral" cBy="AlK" cDate="02/10/2010 12:11:43 PST Wed" abbrev="" name="Context" ID="13566">
        <definition>&lt;def-root&gt;The context wherein the &lt;fen&gt;Reader&lt;/fen&gt; reads a particular &lt;fen&gt;Text&lt;/fen&gt;.&lt;/def-root&gt;</definition>
    </FE>
    <frameRelation type="Inherits from">
        <relatedFrame ID="31">Scrutiny</relatedFrame>
        <relatedFrame ID="2836">Reading_activity</relatedFrame>
    </frameRelation>
    <frameRelation type="Is Inherited by"/>
    <frameRelation type="Perspective on"/>
    <frameRelation type="Is Perspectivized in"/>
    <frameRelation type="Uses"/>
    <frameRelation type="Is Used by"/>
    <frameRelation type="Subframe of"/>
    <frameRelation type="Has Subframe(s)"/>
    <frameRelation type="Precedes"/>
    <frameRelation type="Is Preceded by"/>
    <frameRelation type="Is Inchoative of"/>
    <frameRelation type="Is Causative of"/>
    <frameRelation type="See also">
        <relatedFrame ID="2836">Reading_activity</relatedFrame>
    </frameRelation>
    <lexUnit status="Needs_SCs" POS="V" name="read.v" ID="5134" lemmaID="31968" cBy="MJE" cDate="03/01/2002 02:01:33 PST Fri">
        <definition>COD: look at and comprehend the meaning of (written or printed matter) by interpreting the characters or symbols of which it is composed. </definition>
        <sentenceCount annotated="0" total="0"/>
        <lexeme order="1" headword="false" breakBefore="false" POS="V" name="read"/>
    </lexUnit>
    <lexUnit status="Finished_Initial" POS="V" name="pore.v" ID="5135" lemmaID="45499" cBy="MJE" cDate="03/01/2002 03:20:02 PST Fri">
        <definition>COD: be absorbed in the reading or study of. </definition>
        <sentenceCount annotated="12" total="82"/>
        <lexeme order="1" headword="false" breakBefore="false" POS="V" name="pore"/>
    </lexUnit>
    <lexUnit status="Finished_Initial" POS="V" name="scan.v" ID="5136" lemmaID="34315" cBy="MJE" cDate="03/01/2002 03:25:33 PST Fri">
        <definition>COD: look at quickly in order to identify relevant features or information.</definition>
        <sentenceCount annotated="21" total="253"/>
        <lexeme order="1" headword="false" breakBefore="false" POS="V" name="scan"/>
    </lexUnit>
    <lexUnit status="Finished_Initial" POS="V" name="skim.v" ID="5137" lemmaID="36147" cBy="MJE" cDate="03/01/2002 03:28:12 PST Fri">
        <definition>COD: read (something) quickly, noting only the important points.</definition>
        <sentenceCount annotated="11" total="150"/>
        <lexeme order="1" headword="false" breakBefore="false" POS="V" name="skim"/>
    </lexUnit>
    <lexUnit status="Finished_Initial" POS="V" name="devour.v" ID="5146" lemmaID="10517" cBy="MJE" cDate="03/01/2002 04:31:54 PST Fri">
        <definition>COD: read quickly and eagerly. </definition>
        <sentenceCount annotated="4" total="62"/>
        <lexeme order="1" headword="false" breakBefore="false" POS="V" name="devour"/>
    </lexUnit>
    <lexUnit status="Created" POS="N" name="reader.n" ID="13502" lemmaID="31972" cBy="RLG" cDate="08/18/2006 04:30:36 PDT Fri">
        <definition>COD: a person who reads.</definition>
        <sentenceCount annotated="1" total="1"/>
        <lexeme order="1" headword="false" breakBefore="false" POS="N" name="reader"/>
        <semType name="Agentive_noun" ID="102"/>
    </lexUnit>
    <lexUnit status="Created" POS="V" name="peruse.v" ID="17472" lemmaID="28618" cBy="MJE" cDate="05/15/2014 05:35:56 PDT Thu">
        <definition>FN: to read casually; coexists with older meaning "examine carefully".</definition>
        <sentenceCount annotated="0" total="0"/>
        <lexeme order="1" headword="false" breakBefore="false" POS="V" name="peruse"/>
    </lexUnit>
    <lexUnit status="Created" POS="N" name="perusal.n" ID="17473" lemmaID="28617" cBy="MJE" cDate="05/15/2014 05:38:52 PDT Thu">
        <definition>FN: activity of casually reading.</definition>
        <sentenceCount annotated="0" total="0"/>
        <lexeme order="1" headword="false" breakBefore="false" POS="N" name="perusal"/>
    </lexUnit>
</frame>