<?xml version="1.0" encoding="UTF-8" standalone="yes"?>
<?xml-stylesheet type="text/xsl" href="frame.xsl"?>
<frame cBy="MJE" cDate="04/16/2002 12:56:02 PDT Tue" name="Reasoning" ID="308" xsi:schemaLocation="../schema/frame.xsd" xmlns="http://framenet.icsi.berkeley.edu" xmlns:xsi="http://www.w3.org/2001/XMLSchema-instance">
    <definition>&lt;def-root&gt;An &lt;fen&gt;Arguer&lt;/fen&gt; presents a &lt;fen&gt;Content&lt;/fen&gt;, along with &lt;fen&gt;Support&lt;/fen&gt;, to an &lt;fen&gt;Addressee&lt;/fen&gt;.  The &lt;fen&gt;Content&lt;/fen&gt; may refer elliptically to a course of action or it may refer to a proposition that the &lt;fen&gt;Addressee&lt;/fen&gt; is to believe.  Some lexical units (e.g. "prove") indicate the speaker's belief about the &lt;fen&gt;Content&lt;/fen&gt;.&lt;ex&gt;Jan &lt;t&gt;argued&lt;/t&gt; &lt;fex name="Content"&gt;that the evidence was inadmissable&lt;/fex&gt;.&lt;/ex&gt;&lt;ex&gt;Jan &lt;t&gt;argued&lt;/t&gt; &lt;fex name="Content"&gt;against the admissability of the evidence&lt;/fex&gt;.&lt;/ex&gt;&lt;ex&gt;Jan &lt;t&gt;proved&lt;/t&gt; &lt;fex name="Content"&gt; that the evidence was inadmissable&lt;/fex&gt;.&lt;/ex&gt;&lt;/def-root&gt;</definition>
    <FE bgColor="0000FF" fgColor="FFFFFF" coreType="Core" cBy="MJE" cDate="04/16/2002 12:57:45 PDT Tue" abbrev="Cont" name="Content" ID="2635">
        <definition>&lt;def-root&gt;The &lt;fen&gt;Arguer&lt;/fen&gt; wants the &lt;fen&gt;Addressee&lt;/fen&gt; to entertain the &lt;fen&gt;Content&lt;/fen&gt;, which can be a proposition to be believed or a course of action to be taken, based on the &lt;fen&gt;Support&lt;/fen&gt; presented.&lt;ex&gt;Jan &lt;t&gt;argued&lt;/t&gt; &lt;fex name="Content"&gt;that the evidence was inadmissable&lt;/fex&gt;.&lt;/ex&gt;&lt;/def-root&gt;</definition>
        <semType name="Content" ID="55"/>
    </FE>
    <FE bgColor="9F79EE" fgColor="FFFFFF" coreType="Peripheral" cBy="MJE" cDate="04/16/2002 12:57:47 PDT Tue" abbrev="Medium" name="Medium" ID="2636">
        <definition>&lt;def-root&gt;This FE identifies the physical or abstract setting in which the &lt;fen&gt;Content&lt;/fen&gt; is conveyed.&lt;ex&gt;Jan &lt;t&gt;argued&lt;/t&gt; &lt;fex name="Medium"&gt;in writing&lt;/fex&gt; that the evidence was inadmissable.&lt;/ex&gt;&lt;/def-root&gt;</definition>
    </FE>
    <FE bgColor="FF0000" fgColor="FFFFFF" coreType="Core" cBy="MJE" cDate="04/16/2002 12:57:49 PDT Tue" abbrev="Arguer" name="Arguer" ID="2637">
        <definition>&lt;def-root&gt;The &lt;fen&gt;Arguer&lt;/fen&gt; presents the &lt;fen&gt;Content&lt;/fen&gt; before the &lt;fen&gt;Addressee&lt;/fen&gt;.&lt;ex&gt;&lt;fex name="Arguer"&gt;Jan&lt;/fex&gt; &lt;t&gt;argued&lt;/t&gt; that the evidence was inadmissable.&lt;/ex&gt;&lt;/def-root&gt;</definition>
        <semType name="Sentient" ID="5"/>
    </FE>
    <FE bgColor="008000" fgColor="FFFFFF" coreType="Peripheral" cBy="MJE" cDate="04/16/2002 12:58:03 PDT Tue" abbrev="Add" name="Addressee" ID="2638">
        <definition>&lt;def-root&gt;&lt;fen&gt;Addressee&lt;/fen&gt; is the entity before whom the &lt;fen&gt;Arguer&lt;/fen&gt; presents a &lt;fen&gt;Content&lt;/fen&gt;. &lt;ex&gt;Jan &lt;t&gt;argued&lt;/t&gt; &lt;fex name="Addressee"&gt;to the court&lt;/fex&gt; that the evidence was inadmissable.&lt;/ex&gt;&lt;/def-root&gt;</definition>
        <semType name="Sentient" ID="5"/>
    </FE>
    <FE bgColor="00BFFF" fgColor="FFFFFF" coreType="Peripheral" cBy="MJE" cDate="04/16/2002 12:59:13 PDT Tue" abbrev="Support" name="Support" ID="2639">
        <definition>&lt;def-root&gt;&lt;fen&gt;Support&lt;/fen&gt; lends epistemic support to a claim, or provides a reason for a course of action.&lt;ex&gt;Jan &lt;t&gt;argued&lt;/t&gt; that gun was inadmissable as evidence &lt;fex name="Support"&gt;because the police didn't have a search warrant&lt;/fex&gt;.&lt;/ex&gt;&lt;/def-root&gt;</definition>
    </FE>
    <FE bgColor="FF00FF" fgColor="FFFFFF" coreType="Peripheral" cBy="MJE" cDate="04/16/2002 12:59:21 PDT Tue" abbrev="Manr" name="Manner" ID="2640">
        <definition>&lt;def-root&gt;This FE identifes the &lt;fen&gt;Manner&lt;/fen&gt; in which an &lt;fen&gt;Arguer&lt;/fen&gt; argues.&lt;ex&gt;Jan &lt;t&gt;argued&lt;/t&gt; &lt;fex name="Manner"&gt;convincingly&lt;/fex&gt; that the evidence was inadmissable. &lt;/ex&gt;&lt;/def-root&gt;</definition>
        <semType name="Manner" ID="173"/>
    </FE>
    <FE bgColor="A52A2A" fgColor="FFFFFF" coreType="Peripheral" cBy="MJE" cDate="04/16/2002 12:59:23 PDT Tue" abbrev="Mns" name="Means" ID="2641">
        <definition>&lt;def-root&gt;This FE identifies the &lt;fen&gt;Means&lt;/fen&gt; by which an &lt;fen&gt;Arguer&lt;/fen&gt; presents &lt;fen&gt;Content&lt;/fen&gt; to an &lt;fen&gt;Addressee&lt;/fen&gt;.&lt;ex&gt;Jan &lt;t&gt;argued&lt;/t&gt; the evidence was admissable &lt;fex name="Means"&gt;by waving the warrant in the air&lt;/fex&gt;.&lt;/ex&gt;&lt;/def-root&gt;</definition>
        <semType name="State_of_affairs" ID="177"/>
    </FE>
    <FE bgColor="9400D3" fgColor="FFFFFF" coreType="Extra-Thematic" cBy="MJE" cDate="04/16/2002 12:59:28 PDT Tue" abbrev="Depict" name="Depictive" ID="2642">
        <definition>&lt;def-root&gt;&lt;fen&gt;Depictive&lt;/fen&gt; identifies a phrase describing a participant in an action.&lt;ex&gt;Jan &lt;t&gt;argued&lt;/t&gt; that the evidence was inadmissable &lt;fex name="Depictive"&gt;in a tuxedo&lt;/fex&gt;.&lt;/ex&gt;&lt;/def-root&gt;</definition>
    </FE>
    <FE bgColor="808080" fgColor="FFFFFF" coreType="Extra-Thematic" cBy="MJE" cDate="04/16/2002 12:59:44 PDT Tue" abbrev="Result" name="Result" ID="2644">
        <definition>&lt;def-root&gt;This FE identifies the &lt;fen&gt;Result&lt;/fen&gt; of an arguing event.&lt;/def-root&gt;</definition>
    </FE>
    <FE bgColor="FF69B4" fgColor="FFFFFF" coreType="Peripheral" cBy="ACW" cDate="04/23/2002 09:20:34 PDT Tue" abbrev="Degr" name="Degree" ID="2657">
        <definition>&lt;def-root&gt;This FE identifies the &lt;fen&gt;Degree&lt;/fen&gt; to which an arguing event occurs.&lt;ex&gt;Jan &lt;t&gt;argued&lt;/t&gt; the defendant's innocence &lt;fex name="Degree"&gt;beyond a shadow of a doubt&lt;/fex&gt;.&lt;/ex&gt;&lt;/def-root&gt;</definition>
        <semType name="Degree" ID="172"/>
    </FE>
    <FE bgColor="FFA500" fgColor="FFFFFF" coreType="Peripheral" cBy="JKR" cDate="02/19/2003 02:57:34 PST Wed" abbrev="" name="Time" ID="4241">
        <definition>&lt;def-root&gt;The Time at which an &lt;fen&gt;Arguer&lt;/fen&gt; makes an argument for the &lt;fen&gt;Content&lt;/fen&gt;.

&lt;ex&gt; The government &lt;t&gt;argued&lt;/t&gt; &lt;fex name="Time"&gt;in August&lt;/fex&gt; that the prisoners should not be released&lt;/ex&gt;&lt;/def-root&gt;</definition>
        <semType name="Time" ID="141"/>
    </FE>
    <FE bgColor="9400D3" fgColor="FFFFFF" coreType="Peripheral" cBy="JKR" cDate="02/19/2003 06:26:56 PST Wed" abbrev="" name="Place" ID="4250">
        <definition>&lt;def-root&gt;This FE identifies the location where an argument is made by an &lt;fen&gt;Arguer&lt;/fen&gt;.

&lt;ex&gt;The young men will be &lt;t&gt;arguing&lt;/t&gt; their policies &lt;fex name="Place"&gt;in the school auditorium&lt;/fex&gt;.&lt;/ex&gt;&lt;/def-root&gt;</definition>
        <semType name="Locative_relation" ID="182"/>
    </FE>
    <FE bgColor="808080" fgColor="FFFFFF" coreType="Peripheral" cBy="Hay" cDate="10/02/2003 11:36:59 PDT Thu" abbrev="" name="Duration" ID="5416">
        <definition>&lt;def-root&gt;The period of time for which the &lt;fen&gt;Arguer&lt;/fen&gt; presents his or her reasoning to the &lt;fen&gt;Addressee&lt;/fen&gt;.

&lt;ex&gt;He &lt;t&gt;argued&lt;/t&gt; &lt;fex name="Duration"&gt;for hours&lt;/fex&gt; that chess is a sport &lt;/ex&gt;&lt;/def-root&gt;</definition>
        <semType name="Duration" ID="142"/>
    </FE>
    <FE bgColor="FF69B4" fgColor="000000" coreType="Extra-Thematic" cBy="MJE" cDate="08/07/2008 05:53:16 PDT Thu" abbrev="" name="Group" ID="13063">
        <definition>&lt;def-root&gt;An entity related to the &lt;fen&gt;Content&lt;/fen&gt;.&lt;/def-root&gt;</definition>
    </FE>
    <frameRelation type="Inherits from"/>
    <frameRelation type="Is Inherited by"/>
    <frameRelation type="Perspective on"/>
    <frameRelation type="Is Perspectivized in"/>
    <frameRelation type="Uses">
        <relatedFrame ID="6">Communication</relatedFrame>
    </frameRelation>
    <frameRelation type="Is Used by"/>
    <frameRelation type="Subframe of"/>
    <frameRelation type="Has Subframe(s)"/>
    <frameRelation type="Precedes"/>
    <frameRelation type="Is Preceded by"/>
    <frameRelation type="Is Inchoative of"/>
    <frameRelation type="Is Causative of"/>
    <frameRelation type="See also"/>
    <lexUnit status="Finished_Initial" POS="V" name="argue.v" ID="5585" lemmaID="1906" cBy="MJE" cDate="04/16/2002 02:44:48 PDT Tue">
        <definition>COD: give reasons or cite evidence in support of something</definition>
        <sentenceCount annotated="59" total="392"/>
        <lexeme order="1" headword="false" breakBefore="false" POS="V" name="argue"/>
    </lexUnit>
    <lexUnit status="Finished_Initial" POS="V" name="prove.v" ID="5586" lemmaID="30888" cBy="MJE" cDate="04/16/2002 03:01:57 PDT Tue">
        <definition>COD: demonstrate by evidence or argument the truth or existence of</definition>
        <sentenceCount annotated="62" total="597"/>
        <lexeme order="1" headword="false" breakBefore="false" POS="V" name="prove"/>
    </lexUnit>
    <lexUnit status="Finished_Initial" POS="V" name="reason.v" ID="5587" lemmaID="32037" cBy="MJE" cDate="04/16/2002 03:02:43 PDT Tue">
        <definition>FN: to think about something using a logical process</definition>
        <sentenceCount annotated="6" total="135"/>
        <lexeme order="1" headword="false" breakBefore="false" POS="V" name="reason"/>
    </lexUnit>
    <lexUnit status="Finished_Initial" POS="V" name="demonstrate.v" ID="5588" lemmaID="10139" cBy="MJE" cDate="04/16/2002 03:04:32 PDT Tue">
        <definition>COD: clearly show the existence or truth of</definition>
        <sentenceCount annotated="16" total="490"/>
        <lexeme order="1" headword="false" breakBefore="false" POS="V" name="demonstrate"/>
    </lexUnit>
    <lexUnit status="Finished_Initial" POS="V" name="show.v" ID="5589" lemmaID="35686" cBy="MJE" cDate="04/16/2002 03:07:04 PDT Tue">
        <definition>FN: argue, demonstrate, or prove that something is the case.</definition>
        <sentenceCount annotated="21" total="843"/>
        <lexeme order="1" headword="false" breakBefore="false" POS="V" name="show"/>
    </lexUnit>
    <lexUnit status="Finished_Initial" POS="V" name="disprove.v" ID="5590" lemmaID="11116" cBy="MJE" cDate="04/16/2002 03:11:10 PDT Tue">
        <definition>FN: to prove a proposition to be false by a set of reasoning</definition>
        <sentenceCount annotated="7" total="100"/>
        <lexeme order="1" headword="false" breakBefore="false" POS="V" name="disprove"/>
    </lexUnit>
    <lexUnit status="Finished_Initial" POS="N" name="argument.n" ID="5591" lemmaID="1907" cBy="MJE" cDate="04/16/2002 03:11:36 PDT Tue">
        <definition>COD: a set of reasons given in support of something</definition>
        <sentenceCount annotated="35" total="473"/>
        <lexeme order="1" headword="false" breakBefore="false" POS="N" name="argument"/>
    </lexUnit>
    <lexUnit status="Finished_Initial" POS="N" name="polemic.n" ID="5594" lemmaID="29583" cBy="MJE" cDate="04/16/2002 03:16:05 PDT Tue">
        <definition>COD: a strong verbal or written attack. </definition>
        <sentenceCount annotated="8" total="88"/>
        <lexeme order="1" headword="false" breakBefore="false" POS="N" name="polemic"/>
    </lexUnit>
    <lexUnit status="Finished_Initial" POS="N" name="case.n" ID="5597" lemmaID="5649" cBy="MJE" cDate="04/16/2002 03:16:47 PDT Tue">
        <definition>COD: a set of facts or arguments supporting one side of a debate or controversy</definition>
        <sentenceCount annotated="6" total="181"/>
        <lexeme order="1" headword="false" breakBefore="false" POS="N" name="case"/>
    </lexUnit>
    <lexUnit status="Created" POS="N" name="demonstration.n" ID="13480" lemmaID="10140" cBy="RLG" cDate="08/16/2006 03:18:33 PDT Wed">
        <definition>COD: the action of demonstrating something.</definition>
        <sentenceCount annotated="0" total="0"/>
        <lexeme order="1" headword="false" breakBefore="false" POS="N" name="demonstration"/>
    </lexUnit>
    <lexUnit status="Created" POS="N" name="reasoning.n" ID="17300" lemmaID="32043" cBy="CVa" cDate="01/29/2013 06:02:26 PST Tue">
        <definition>FN: an explanation </definition>
        <sentenceCount annotated="1" total="1"/>
        <lexeme order="1" headword="false" breakBefore="false" POS="N" name="reasoning"/>
    </lexUnit>
</frame>