<?xml version="1.0" encoding="UTF-8" standalone="yes"?>
<?xml-stylesheet type="text/xsl" href="frame.xsl"?>
<frame cBy="JKR" cDate="01/17/2003 02:16:38 PST Fri" name="Reason" ID="514" xsi:schemaLocation="../schema/frame.xsd" xmlns="http://framenet.icsi.berkeley.edu" xmlns:xsi="http://www.w3.org/2001/XMLSchema-instance">
    <definition>&lt;def-root&gt;A volitional  &lt;fen&gt;Agent&lt;/fen&gt; is responding to a &lt;fen&gt;State_of_affairs&lt;/fen&gt; by performing some &lt;fen&gt;Action&lt;/fen&gt;.

&lt;ex&gt;And &lt;m&gt;was&lt;/m&gt; &lt;fex name="State_of_affairs"&gt;that&lt;/fex&gt; &lt;fex name="Agent"&gt;your&lt;/fex&gt; &lt;t&gt;reason&lt;/t&gt; &lt;fex name="Action"&gt;for becoming an actor&lt;/fex&gt; ?&lt;/ex&gt;
&lt;ex&gt;But &lt;fex name="State_of_affairs"&gt;Giles&lt;/fex&gt; &lt;m&gt;is&lt;/m&gt; the &lt;t&gt;reason&lt;/t&gt; &lt;fex name="Action"&gt;that I am here&lt;/fex&gt; .&lt;/ex&gt;
&lt;ex&gt;Oh &lt;fex name="Agent"&gt;my&lt;/fex&gt; &lt;t&gt;reason&lt;/t&gt; &lt;fex name="Action"&gt;for including it&lt;/fex&gt; &lt;m&gt;was&lt;/m&gt; &lt;fex name="State_of_affairs"&gt;Section fifty four A&lt;/fex&gt;.&lt;/ex&gt;

&lt;/def-root&gt;</definition>
    <FE bgColor="FF0000" fgColor="FFFFFF" coreType="Core" cBy="JKR" cDate="01/17/2003 06:13:00 PST Fri" abbrev="" name="Agent" ID="4088">
        <definition>&lt;def-root&gt;The person who responds to a &lt;fen&gt;State_of_Affairs&lt;/fen&gt; by performing some &lt;fen&gt;Action&lt;/fen&gt;.

&lt;ex&gt;Those are &lt;fex name="Agent"&gt;my&lt;/fex&gt; &lt;t&gt;reasons&lt;/t&gt; , " said Toby . &lt;/ex&gt;&lt;/def-root&gt;</definition>
        <semType name="Sentient" ID="5"/>
    </FE>
    <FE bgColor="0000FF" fgColor="FFFFFF" coreType="Core" cBy="JKR" cDate="01/17/2003 06:15:15 PST Fri" abbrev="" name="Action" ID="4089">
        <definition>&lt;def-root&gt;The action that the &lt;fen&gt;Agent&lt;/fen&gt; performs in response to a &lt;fen&gt;State_of_Affairs&lt;/fen&gt;.

&lt;ex&gt; I find that all my &lt;t&gt;reasons&lt;/t&gt; &lt;fex name="Action"&gt;for postponing giving birth&lt;/fex&gt; still apply &lt;/ex&gt;&lt;/def-root&gt;</definition>
    </FE>
    <FE bgColor="008000" fgColor="FFFFFF" coreType="Core" cBy="JKR" cDate="01/17/2003 06:17:50 PST Fri" abbrev="" name="State_of_affairs" ID="4090">
        <definition>&lt;def-root&gt;The eventuality  that motivates the &lt;fen&gt;Agent&lt;/fen&gt;"s performing a particular &lt;fen&gt;Action&lt;/fen&gt; in response to it.

&lt;ex&gt;  My &lt;t&gt;reason&lt;/t&gt; &lt;m&gt;is&lt;/m&gt; &lt;fex name="State_of_affairs"&gt;that our cities are now designed round the motor car&lt;/fex&gt;&lt;/ex&gt;&lt;/def-root&gt;</definition>
    </FE>
    <frameRelation type="Inherits from"/>
    <frameRelation type="Is Inherited by"/>
    <frameRelation type="Perspective on"/>
    <frameRelation type="Is Perspectivized in"/>
    <frameRelation type="Uses">
        <relatedFrame ID="198">Intentionally_act</relatedFrame>
    </frameRelation>
    <frameRelation type="Is Used by">
        <relatedFrame ID="541">Deserving</relatedFrame>
    </frameRelation>
    <frameRelation type="Subframe of"/>
    <frameRelation type="Has Subframe(s)"/>
    <frameRelation type="Precedes"/>
    <frameRelation type="Is Preceded by"/>
    <frameRelation type="Is Inchoative of"/>
    <frameRelation type="Is Causative of"/>
    <frameRelation type="See also"/>
    <lexUnit status="Finished_Initial" POS="N" name="reason.n" ID="8054" lemmaID="32036" cBy="JKR" cDate="01/17/2003 05:36:30 PST Fri">
        <definition>FN:an explanation or justification</definition>
        <sentenceCount annotated="37" total="376"/>
        <lexeme order="1" headword="false" breakBefore="false" POS="N" name="reason"/>
    </lexUnit>
    <lexUnit status="Created" POS="N" name="why.n" ID="8055" lemmaID="47155" cBy="JKR" cDate="01/17/2003 05:38:10 PST Fri">
        <definition>COD:  reason or explanation</definition>
        <sentenceCount annotated="2" total="3"/>
        <lexeme order="1" headword="true" breakBefore="false" POS="N" name="why"/>
        <semType name="Interrogative" ID="21"/>
    </lexUnit>
    <lexUnit status="Created" POS="N" name="motive.n" ID="8057" lemmaID="25025" cBy="JKR" cDate="01/17/2003 05:41:04 PST Fri">
        <definition>COD: a factor inducing a person to act in a particular way</definition>
        <sentenceCount annotated="1" total="1"/>
        <lexeme order="1" headword="false" breakBefore="false" POS="N" name="motive"/>
    </lexUnit>
    <lexUnit status="Finished_Initial" POS="N" name="motivation.n" ID="8058" lemmaID="25024" cBy="JKR" cDate="01/17/2003 05:47:27 PST Fri">
        <definition>COD: a motive</definition>
        <sentenceCount annotated="30" total="232"/>
        <lexeme order="1" headword="false" breakBefore="false" POS="N" name="motivation"/>
    </lexUnit>
    <lexUnit status="Created" POS="N" name="basis.n" ID="12682" lemmaID="2991" cBy="MiL" cDate="08/23/2005 12:18:51 PDT Tue">
        <definition>COD: the underlying support for an idea, argument, or process.</definition>
        <sentenceCount annotated="0" total="0"/>
        <lexeme order="1" headword="false" breakBefore="false" POS="N" name="basis"/>
    </lexUnit>
</frame>