<?xml version="1.0" encoding="UTF-8" standalone="yes"?>
<?xml-stylesheet type="text/xsl" href="frame.xsl"?>
<frame cBy="JKR" cDate="08/17/2005 12:13:10 PDT Wed" name="Recording" ID="1615" xsi:schemaLocation="../schema/frame.xsd" xmlns="http://framenet.icsi.berkeley.edu" xmlns:xsi="http://www.w3.org/2001/XMLSchema-instance">
    <definition>&lt;def-root&gt;An &lt;fen&gt;Agent&lt;/fen&gt; sets down in permanent form information about the occurrence of a &lt;fen&gt;Phenomenon&lt;/fen&gt;. Alternatively, the &lt;fen&gt;Agent&lt;/fen&gt; records that an &lt;fen&gt;Entity&lt;/fen&gt; had a particular &lt;fen&gt;Value&lt;/fen&gt; for one of its &lt;fen&gt;Attribute&lt;/fen&gt;s.

&lt;ex&gt;&lt;fex name="Time"&gt;While visiting in Port Alberni, the day before he was diagnosed,&lt;/fex&gt; &lt;fex name="Agent"&gt;we&lt;/fex&gt; &lt;t&gt;recorded&lt;/t&gt; &lt;fex name="Phenomenon"&gt;him&lt;/fex&gt; &lt;fex name="Phenomenon"&gt;to have 14 drinks and go to the bathroom 10 times&lt;/fex&gt;.&lt;/ex&gt;

&lt;ex&gt;&lt;fex name="Phenomenon"&gt;William Hickey's death&lt;/fex&gt; is not &lt;t&gt;recorded&lt;/t&gt;. &lt;fex name="Agent"&gt;CNI&lt;/fex&gt;&lt;/ex&gt;

&lt;ex&gt;&lt;fex name="Attribute"&gt;The voter turnout&lt;/fex&gt; was &lt;t&gt;recorded&lt;/t&gt; &lt;fex name="Value"&gt;as over 90 percent&lt;/fex&gt;. &lt;fex name="age"&gt;CNI&lt;/fex&gt;&lt;/ex&gt;
&lt;ex&gt;...... &lt;fex name="Entity"&gt;voter&lt;/fex&gt;&lt;/ex&gt;

&lt;ex&gt;&lt;fex name="Phen"&gt;A number of US expressions of alarm presented during those weeks to the Israeli
government&lt;/fex&gt; were &lt;t&gt;registered&lt;/t&gt; &lt;fex name="med"&gt;in the premier's diary&lt;/fex&gt;. &lt;fex name="age"&gt;CNI&lt;/fex&gt;&lt;/ex&gt;&lt;/def-root&gt;</definition>
    <FE bgColor="FF0000" fgColor="FFFFFF" coreType="Core" cBy="JKR" cDate="08/17/2005 12:13:11 PDT Wed" abbrev="age" name="Agent" ID="8886">
        <definition>&lt;def-root&gt;The &lt;fen&gt;Agent&lt;/fen&gt; is the sentient entity that creates a permanent record of the &lt;fen&gt;Phenomenon&lt;/fen&gt;.

&lt;ex&gt;Police informed Mr Wong that &lt;fex name="age"&gt;they&lt;/fex&gt; &lt;t&gt;recorded&lt;/t&gt; the attack as a racial incident.&lt;/ex&gt;
&lt;/def-root&gt;</definition>
        <semType name="Sentient" ID="5"/>
    </FE>
    <FE bgColor="0000FF" fgColor="FFFFFF" coreType="Core" cBy="JKR" cDate="08/17/2005 12:13:12 PDT Wed" abbrev="Phen" name="Phenomenon" ID="8887">
        <definition>&lt;def-root&gt;The &lt;fen&gt;Phenomenon&lt;/fen&gt; is the entity or situation in the world of which a &lt;fen&gt;Agent&lt;/fen&gt; becomes aware. 

&lt;ex&gt;Adams took some very good advice and meticulously &lt;t&gt;recorded&lt;/t&gt; &lt;fex name="Phen"&gt;the events that ensued&lt;/fex&gt;.&lt;/ex&gt;&lt;/def-root&gt;</definition>
    </FE>
    <FE bgColor="FF00FF" fgColor="FFFFFF" coreType="Peripheral" cBy="JKR" cDate="08/17/2005 12:13:13 PDT Wed" abbrev="Manr" name="Manner" ID="8892">
        <definition>&lt;def-root&gt;Any description of the event which is not covered by more specific FEs, including secondary effects (&lt;ment&gt;quietly&lt;/ment&gt;), and general descriptions comparing events (&lt;ment&gt;the same way&lt;/ment&gt;). It may also indicate salient characteristics of an &lt;fen&gt;Agent&lt;/fen&gt;  that also affect the action (&lt;ment&gt;deliberately&lt;/ment&gt;, &lt;ment&gt;eagerly&lt;/ment&gt;, &lt;ment&gt;carefully&lt;/ment&gt;).&lt;/def-root&gt;</definition>
        <semType name="Manner" ID="173"/>
    </FE>
    <FE bgColor="A52A2A" fgColor="FFFFFF" coreType="Peripheral" cBy="JKR" cDate="08/17/2005 12:13:13 PDT Wed" abbrev="Mns" name="Means" ID="8893">
        <definition>&lt;def-root&gt;This FE identifes the action whereby the &lt;fen&gt;Agent&lt;/fen&gt; creates a record of the &lt;fen&gt;Phenomenon&lt;/fen&gt;.
&lt;/def-root&gt;</definition>
        <semType name="State_of_affairs" ID="177"/>
    </FE>
    <FE bgColor="FFA500" fgColor="FFFFFF" coreType="Peripheral" cBy="JKR" cDate="08/17/2005 12:13:13 PDT Wed" abbrev="T" name="Time" ID="8895">
        <definition>&lt;def-root&gt;This FE identifies the &lt;fen&gt;Time&lt;/fen&gt; when the &lt;fen&gt;Agent&lt;/fen&gt; creates the record of the &lt;fen&gt;Phenomenon&lt;/fen&gt;.
&lt;/def-root&gt;</definition>
        <semType name="Time" ID="141"/>
    </FE>
    <FE bgColor="9400D3" fgColor="FFFFFF" coreType="Peripheral" cBy="JKR" cDate="08/17/2005 12:13:13 PDT Wed" abbrev="" name="Purpose" ID="8896">
        <definition>&lt;def-root&gt;The goal that the &lt;fen&gt;Agent&lt;/fen&gt; has in mind in creating a record of the &lt;fen&gt;Phenomenon&lt;/fen&gt;.&lt;/def-root&gt;</definition>
        <semType name="State_of_affairs" ID="177"/>
    </FE>
    <FE bgColor="808080" fgColor="FFFFFF" coreType="Peripheral" cBy="JKR" cDate="08/17/2005 12:13:13 PDT Wed" abbrev="ins" name="Instrument" ID="8897">
        <definition>&lt;def-root&gt;The &lt;fen&gt;Agent&lt;/fen&gt; uses an &lt;fen&gt;Instrument&lt;/fen&gt; in order to create a record of the &lt;fen&gt;Phenomenon&lt;/fen&gt; or to measure an &lt;fen&gt;Entity&lt;/fen&gt;'s &lt;fen&gt;Value&lt;/fen&gt; for a specified &lt;fen&gt;Attribute&lt;/fen&gt;.&lt;/def-root&gt;</definition>
    </FE>
    <FE bgColor="800080" fgColor="FFFFFF" coreType="Core" cBy="JKR" cDate="08/17/2005 01:00:18 PDT Wed" abbrev="att" name="Attribute" ID="8918">
        <definition>&lt;def-root&gt;That feature of the &lt;fen&gt;Entity&lt;/fen&gt; which is under discussion.


&lt;ex&gt;When Mohammed was sentenced to death in the Anti-Terrorism Court in Rawalpindi
the court &lt;t&gt;recorded&lt;/t&gt; &lt;fex name="Attribute"&gt;his age&lt;/fex&gt; as  17 or 18.&lt;/ex&gt;&lt;/def-root&gt;</definition>
        <excludesFE name="Phenomenon" ID="8887"/>
    </FE>
    <FE bgColor="1E90FF" fgColor="FFFFFF" coreType="Core" cBy="JKR" cDate="08/17/2005 01:03:12 PDT Wed" abbrev="val" name="Value" ID="8919">
        <definition>&lt;def-root&gt;The &lt;fen&gt;Value&lt;/fen&gt; of the &lt;fen&gt;Entity&lt;/fen&gt; that is recorded for the specified &lt;fen&gt;Attribute&lt;/fen&gt;.

&lt;ex&gt;In the fiscal year 2000, Nepal's imports from China and Tibet were &lt;t&gt;recorded&lt;/t&gt; &lt;fex name="Value"&gt;at
166.6 million dollars&lt;/fex&gt;.&lt;/ex&gt;&lt;/def-root&gt;</definition>
        <excludesFE name="Phenomenon" ID="8887"/>
    </FE>
    <FE bgColor="00008B" fgColor="FFFFFF" coreType="Core" cBy="JKR" cDate="08/18/2005 05:03:35 PDT Thu" abbrev="ent" name="Entity" ID="8937">
        <definition>&lt;def-root&gt;An &lt;fen&gt;Entity&lt;/fen&gt; for which the &lt;fen&gt;Agent&lt;/fen&gt; records the &lt;fen&gt;Value&lt;/fen&gt; of an &lt;fen&gt;Attribute&lt;/fen&gt;.

&lt;ex&gt;At the time the Army &lt;t&gt;recorded&lt;/t&gt; &lt;fex name="ent"&gt;him&lt;/fex&gt; as a married resident of the Town of Two Creeks.&lt;/ex&gt;&lt;/def-root&gt;</definition>
    </FE>
    <FE bgColor="2E8B57" fgColor="FFFFFF" coreType="Peripheral" cBy="JKR" cDate="08/22/2005 02:21:20 PDT Mon" abbrev="med" name="Medium" ID="8938">
        <definition>&lt;def-root&gt;&lt;fen&gt;Medium&lt;/fen&gt; is the physical entity in which the &lt;fen&gt;Agent&lt;/fen&gt; creates a record of their impression of the &lt;fen&gt;Phenomenon&lt;/fen&gt;.

&lt;ex&gt;In fact, Pepys &lt;t&gt;recorded&lt;/t&gt; everything &lt;fex name="med"&gt;in his diary&lt;/fex&gt;.&lt;/ex&gt;&lt;/def-root&gt;</definition>
    </FE>
    <FE bgColor="008000" fgColor="FFFFFF" coreType="Peripheral" cBy="JKR" cDate="08/22/2005 02:30:59 PDT Mon" abbrev="lan" name="Language" ID="8939">
        <definition>&lt;def-root&gt;The symbolic system used by the &lt;fen&gt;Agent&lt;/fen&gt;.

&lt;ex&gt; I &lt;t&gt;recorded&lt;/t&gt; my notes &lt;fex name="med"&gt;in English&lt;/fex&gt;, usually translating from French.&lt;/ex&gt;&lt;/def-root&gt;</definition>
    </FE>
    <FE bgColor="006400" fgColor="FFFFFF" coreType="Peripheral" cBy="MJE" cDate="12/05/2005 11:33:37 PST Mon" abbrev="pla" name="Place" ID="9551">
        <definition>&lt;def-root&gt;The location where the &lt;fen&gt;Agent&lt;/fen&gt; sets down the facts.

&lt;ex&gt;From what the book says, these events were &lt;t&gt;recorded&lt;/t&gt; &lt;fex name="pla"&gt;in the Chamber of Mazarbul&lt;/fex&gt; .&lt;/ex&gt;&lt;/def-root&gt;</definition>
        <semType name="Locative_relation" ID="182"/>
    </FE>
    <FE bgColor="FF69B4" fgColor="FFFFFF" coreType="Extra-Thematic" cBy="JKs" cDate="07/15/2008 03:08:51 PDT Tue" abbrev="" name="Degree" ID="13021">
        <definition>&lt;def-root&gt;The extent to which the &lt;fen&gt;Phenomenon&lt;/fen&gt; has been documented.&lt;/def-root&gt;</definition>
    </FE>
    <FE bgColor="FFFF00" fgColor="000000" coreType="Extra-Thematic" cBy="JKs" cDate="07/15/2008 04:23:49 PDT Tue" abbrev="" name="Frequency" ID="13022">
        <definition>&lt;def-root&gt;The amount of times the &lt;fen&gt;Agent&lt;/fen&gt; records something per unit of time.&lt;/def-root&gt;</definition>
    </FE>
    <FE bgColor="EEE8AA" fgColor="000000" coreType="Extra-Thematic" cBy="JKs" cDate="07/15/2008 04:26:00 PDT Tue" abbrev="" name="Duration" ID="13023">
        <definition>&lt;def-root&gt;&lt;fen&gt;Duration&lt;/fen&gt; denotes the length of time from the beginning of a continuous situation (the one denoted by the target) to its end. In many cases, the continuous situation is a dynamic action which is ongoing, while in others it is simply an undifferentiated state.&lt;/def-root&gt;</definition>
    </FE>
    <FE bgColor="d0d0d0" fgColor="000000" coreType="Extra-Thematic" cBy="JKs" cDate="07/17/2008 03:28:10 PDT Thu" abbrev="" name="Period_of_iterations" ID="13033">
        <definition>&lt;def-root&gt;This FE denotes a duration in which the recording event occurred iteratively.&lt;/def-root&gt;</definition>
    </FE>
    <FEcoreSet>
        <memberFE name="Entity" ID="8937"/>
        <memberFE name="Phenomenon" ID="8887"/>
    </FEcoreSet>
    <frameRelation type="Inherits from">
        <relatedFrame ID="43">Statement</relatedFrame>
    </frameRelation>
    <frameRelation type="Is Inherited by"/>
    <frameRelation type="Perspective on"/>
    <frameRelation type="Is Perspectivized in"/>
    <frameRelation type="Uses"/>
    <frameRelation type="Is Used by"/>
    <frameRelation type="Subframe of"/>
    <frameRelation type="Has Subframe(s)"/>
    <frameRelation type="Precedes"/>
    <frameRelation type="Is Preceded by"/>
    <frameRelation type="Is Inchoative of"/>
    <frameRelation type="Is Causative of"/>
    <frameRelation type="See also"/>
    <lexUnit status="Finished_Initial" POS="V" name="record.v" ID="12641" lemmaID="32170" cBy="JKR" cDate="08/17/2005 12:21:13 PDT Wed">
        <definition>COD: state or express officially.</definition>
        <sentenceCount annotated="23" total="535"/>
        <lexeme order="1" headword="false" breakBefore="false" POS="V" name="record"/>
    </lexUnit>
    <lexUnit status="Finished_Initial" POS="V" name="register.v" ID="12658" lemmaID="32407" cBy="JKR" cDate="08/22/2005 02:16:25 PDT Mon">
        <definition>FN: record</definition>
        <sentenceCount annotated="8" total="440"/>
        <lexeme order="1" headword="false" breakBefore="false" POS="V" name="register"/>
    </lexUnit>
    <lexUnit status="Finished_Initial" POS="V" name="document.v" ID="13428" lemmaID="11370" cBy="RLG" cDate="08/08/2006 03:03:12 PDT Tue">
        <definition>COD: record in written, photographic, or other form.</definition>
        <sentenceCount annotated="20" total="272"/>
        <lexeme order="1" headword="false" breakBefore="false" POS="V" name="document"/>
    </lexUnit>
    <lexUnit status="Created" POS="V" name="chronicle.v" ID="13982" lemmaID="6463" cBy="KmG" cDate="03/14/2007 05:33:41 PDT Wed">
        <definition>COD: record (a series of events) in a factual and detailed way.</definition>
        <sentenceCount annotated="1" total="1"/>
        <lexeme order="1" headword="false" breakBefore="false" POS="V" name="chronicle"/>
    </lexUnit>
</frame>