<?xml version="1.0" encoding="UTF-8" standalone="yes"?>
<?xml-stylesheet type="text/xsl" href="frame.xsl"?>
<frame cBy="RLG" cDate="04/02/2007 12:18:25 PDT Mon" name="Reference_text" ID="1924" xsi:schemaLocation="../schema/frame.xsd" xmlns="http://framenet.icsi.berkeley.edu" xmlns:xsi="http://www.w3.org/2001/XMLSchema-instance">
    <definition>&lt;def-root&gt;In a text, a &lt;fen&gt;Source_of_information&lt;/fen&gt; is given that provides a reader of the text with further &lt;fen&gt;Information&lt;/fen&gt; relevant to the text. In this frame the author and reader are completely deprofiled, with the &lt;fen&gt;Source_of_information&lt;/fen&gt; made salient.

&lt;ex&gt;In Densmore's days it was sometimes made of an old-fashioned man's celluloid collar (&lt;t&gt;cf.&lt;/t&gt; &lt;fex name="soi"&gt;Densmore 1943: 116&lt;/fex&gt;).&lt;/ex&gt;

&lt;ex&gt;The 'foaming regions' play the role of 'internal shocks' (&lt;t&gt;cf.&lt;/t&gt; &lt;fex name="soi"&gt;Piran's recent publication&lt;/fex&gt; &lt;fex name="inf"&gt;for a review&lt;/fex&gt;) of GRB theory.&lt;/ex&gt;

&lt;ex&gt;Use my() for local variables whenever you can get away with it (but &lt;t&gt;see&lt;/t&gt; &lt;fex name="soi"&gt;perlform&lt;/fex&gt; &lt;fex name="inf"&gt;for where you can't&lt;/fex&gt;).&lt;/ex&gt;&lt;/def-root&gt;</definition>
    <FE bgColor="0000FF" fgColor="FFFFFF" coreType="Core" cBy="RLG" cDate="04/02/2007 12:20:27 PDT Mon" abbrev="soi" name="Source_of_information" ID="11578">
        <definition>&lt;def-root&gt;The &lt;fen&gt;Source_of_information&lt;/fen&gt; is referred to as a source of information related to the current text.

&lt;ex&gt;The accreting matter forms a disc whose instabilities trigger outbursts (&lt;t&gt;see&lt;/t&gt; &lt;fex name="soi"&gt;Lasota 2001&lt;/fex&gt; for a review of the instability model).&lt;/ex&gt;&lt;/def-root&gt;</definition>
    </FE>
    <FE bgColor="800080" fgColor="FFFFFF" coreType="Peripheral" cBy="RLG" cDate="04/02/2007 12:23:19 PDT Mon" abbrev="inf" name="Information" ID="11579">
        <definition>&lt;def-root&gt;The &lt;fen&gt;Source_of_information&lt;/fen&gt; contains &lt;fen&gt;Information&lt;/fen&gt; that the reader is directed to.

&lt;ex&gt;The accreting matter forms a disc whose instabilities trigger outbursts (&lt;t&gt;see&lt;/t&gt; Lasota 2001 &lt;fex name="inf"&gt;for a review of the instability model&lt;/fex&gt;). &lt;/ex&gt;&lt;/def-root&gt;</definition>
    </FE>
    <frameRelation type="Inherits from"/>
    <frameRelation type="Is Inherited by"/>
    <frameRelation type="Perspective on"/>
    <frameRelation type="Is Perspectivized in"/>
    <frameRelation type="Uses">
        <relatedFrame ID="1601">Adducing</relatedFrame>
        <relatedFrame ID="298">Text</relatedFrame>
    </frameRelation>
    <frameRelation type="Is Used by"/>
    <frameRelation type="Subframe of"/>
    <frameRelation type="Has Subframe(s)"/>
    <frameRelation type="Precedes"/>
    <frameRelation type="Is Preceded by"/>
    <frameRelation type="Is Inchoative of"/>
    <frameRelation type="Is Causative of"/>
    <frameRelation type="See also"/>
    <lexUnit status="Needs_SCs" POS="V" name="see.v" ID="14299" lemmaID="50636" cBy="RLG" cDate="04/02/2007 12:26:27 PDT Mon">
        <definition>FN: confer for further information.</definition>
        <sentenceCount annotated="21" total="118"/>
        <lexeme order="1" headword="true" breakBefore="false" POS="V" name="see"/>
    </lexUnit>
    <lexUnit status="Created" POS="V" name="cf.v" ID="14300" lemmaID="50637" cBy="RLG" cDate="04/02/2007 12:30:42 PDT Mon">
        <definition>COD: compare with.</definition>
        <sentenceCount annotated="0" total="0"/>
        <lexeme order="1" headword="true" breakBefore="false" POS="V" name="cf"/>
    </lexUnit>
    <lexUnit status="Created" POS="V" name="qv.v" ID="14301" lemmaID="50638" cBy="RLG" cDate="04/02/2007 12:32:26 PDT Mon">
        <definition>COD: used to direct a reader to another part of a text for further information.</definition>
        <sentenceCount annotated="0" total="0"/>
        <lexeme order="1" headword="true" breakBefore="false" POS="V" name="qv"/>
    </lexUnit>
    <lexUnit status="Created" POS="V" name="refer.v" ID="17121" lemmaID="49710" cBy="RyC" cDate="06/04/2012 05:25:01 PDT Mon">
        <definition>COD: to consult a source of information.</definition>
        <sentenceCount annotated="2" total="2"/>
        <lexeme order="1" headword="true" breakBefore="false" POS="V" name="refer"/>
    </lexUnit>
</frame>