<?xml version="1.0" encoding="UTF-8" standalone="yes"?>
<?xml-stylesheet type="text/xsl" href="frame.xsl"?>
<frame cBy="JKR" cDate="11/19/2004 08:41:57 PST Fri" name="Referring_by_name" ID="1253" xsi:schemaLocation="../schema/frame.xsd" xmlns="http://framenet.icsi.berkeley.edu" xmlns:xsi="http://www.w3.org/2001/XMLSchema-instance">
    <definition>&lt;def-root&gt;A &lt;fen&gt;Speaker&lt;/fen&gt; uses a particular linguistic form, a &lt;fen&gt;Name&lt;/fen&gt; to refer to an &lt;fen&gt;Entity&lt;/fen&gt;.   The &lt;fen&gt;Entity&lt;/fen&gt; often is an interlocutor but may be somebody that the &lt;fen&gt;Speaker&lt;/fen&gt; is talking about, or even just a physical object. Note that we include titles such as "Sir" in the &lt;fen&gt;Name&lt;/fen&gt; category.


&lt;ex&gt;They corresponded frequently and at length, exchanging intimate letters in which &lt;fex name="spe"&gt;he&lt;/fex&gt; &lt;t&gt;addressed&lt;/t&gt; &lt;fex name="ent"&gt;her&lt;/fex&gt; &lt;fex name="nam"&gt;as Windflower&lt;/fex&gt;. &lt;/ex&gt;

&lt;ex&gt;&lt;fex name="spe"&gt;We&lt;/fex&gt; always &lt;t&gt;called&lt;/t&gt; &lt;fex name="ent"&gt;her&lt;/fex&gt; &lt;fex name="nam"&gt;"my lady,"&lt;/fex&gt; from the moment that she was put at the head of our section;&lt;/ex&gt;

&lt;ex&gt;&lt;fex name="spe"&gt;Sharpton&lt;/fex&gt; &lt;t&gt;called&lt;/t&gt; &lt;fex name="ent"&gt;him&lt;/fex&gt; &lt;fex name="nam"&gt;Obama Baracka&lt;/fex&gt; in HIS speech .... of all the people to screw his name up! &lt;/ex&gt;

&lt;ex&gt; And then in private &lt;fex name="spe"&gt;he&lt;/fex&gt; &lt;t&gt;called&lt;/t&gt; &lt;fex name="ent"&gt;me&lt;/fex&gt; &lt;fex name="nam"&gt;"Sausage"&lt;/fex&gt;, which really pissed me off. &lt;/ex&gt;

&lt;ex&gt;I found out that &lt;fex name="Speaker"&gt;her&lt;/fex&gt; &lt;t&gt;name&lt;/t&gt; &lt;fex name="Entity"&gt;for Barack&lt;/fex&gt; &lt;m&gt;was&lt;/m&gt; &lt;fex name="Name"&gt;Obama&lt;/fex&gt; .&lt;/ex&gt;

&lt;ex&gt; &lt;fex name="spe"&gt;Advanced Micro Devices&lt;/fex&gt; is going to &lt;t&gt;call&lt;/t&gt; &lt;fex name="ent"&gt;its next chip&lt;/fex&gt; &lt;fex name="nam"&gt;the Athlon 4&lt;/fex&gt;&lt;/ex&gt;
&lt;/def-root&gt;</definition>
    <FE bgColor="FF0000" fgColor="FFFFFF" coreType="Core" cBy="JKR" cDate="11/19/2004 08:46:01 PST Fri" abbrev="spe" name="Speaker" ID="7251">
        <definition>&lt;def-root&gt;The person who uses the &lt;fen&gt;Name&lt;/fen&gt;  to refer to the &lt;fen&gt;Entity&lt;/fen&gt;.


&lt;ex&gt;&lt;fex name="spe"&gt;The Lord, who was charmed by her beauty,&lt;/fex&gt; &lt;t&gt;addressed&lt;/t&gt; her as 'than kaadhali!' (My darling) and hence the name.&lt;/ex&gt;&lt;/def-root&gt;</definition>
        <semType name="Sentient" ID="5"/>
    </FE>
    <FE bgColor="800080" fgColor="FFFFFF" coreType="Core" cBy="JKR" cDate="11/19/2004 08:47:25 PST Fri" abbrev="ent" name="Entity" ID="7252">
        <definition>&lt;def-root&gt;The entity that is designated by the &lt;fen&gt;Speaker&lt;/fen&gt; with the &lt;fen&gt;Name&lt;/fen&gt; used.

&lt;ex&gt;And that's the reason why we &lt;t&gt;called&lt;/t&gt; &lt;fex name="ent"&gt;him&lt;/fex&gt; 'Tom' when his real name was actually John. &lt;/ex&gt;
&lt;/def-root&gt;</definition>
    </FE>
    <FE bgColor="006400" fgColor="FFFFFF" coreType="Core" cBy="JKR" cDate="11/19/2004 08:51:00 PST Fri" abbrev="nam" name="Name" ID="7253">
        <definition>&lt;def-root&gt;The linguistic form used by the &lt;fen&gt;Speaker&lt;/fen&gt; to refer to the &lt;fen&gt;Entity&lt;/fen&gt;.


&lt;ex&gt;A male voice answered the call, and Jones &lt;t&gt;addressed&lt;/t&gt; the man as &lt;fex name="nam"&gt;"Johnny."&lt;/fex&gt;&lt;/ex&gt;&lt;/def-root&gt;</definition>
    </FE>
    <FE bgColor="00008B" fgColor="FFFFFF" coreType="Peripheral" cBy="JKR" cDate="11/19/2004 09:00:11 PST Fri" abbrev="tim" name="Time" ID="7254">
        <definition>&lt;def-root&gt;The point of time or interval when the &lt;fen&gt;Speaker&lt;/fen&gt; uses the &lt;fen&gt;Name&lt;/fen&gt;.

&lt;ex&gt;No one had &lt;fex name="tim"&gt;ever&lt;/fex&gt; &lt;t&gt;called&lt;/t&gt; her "my lady".&lt;/ex&gt;&lt;/def-root&gt;</definition>
        <semType name="Time" ID="141"/>
    </FE>
    <FE bgColor="FFA500" fgColor="000000" coreType="Extra-Thematic" cBy="PKe" cDate="01/18/2012 05:16:39 PST Wed" abbrev="des" name="Descriptor" ID="15410">
        <definition>&lt;def-root&gt;Describes the &lt;fen&gt;Name&lt;/fen&gt;.

&lt;ex&gt;&lt;fex name="Speaker"&gt;Our&lt;/fex&gt; &lt;fex name="des"&gt;new&lt;/fex&gt; &lt;t&gt;name&lt;/t&gt; &lt;fex name="Entity"&gt;for Jack&lt;/fex&gt; is &lt;fex name="Name"&gt;Jill&lt;/fex&gt;.&lt;/ex&gt;&lt;/def-root&gt;</definition>
    </FE>
    <frameRelation type="Inherits from"/>
    <frameRelation type="Is Inherited by">
        <relatedFrame ID="1250">Labeling</relatedFrame>
    </frameRelation>
    <frameRelation type="Perspective on"/>
    <frameRelation type="Is Perspectivized in"/>
    <frameRelation type="Uses">
        <relatedFrame ID="228">Being_named</relatedFrame>
    </frameRelation>
    <frameRelation type="Is Used by">
        <relatedFrame ID="305">Attention_getting</relatedFrame>
    </frameRelation>
    <frameRelation type="Subframe of"/>
    <frameRelation type="Has Subframe(s)"/>
    <frameRelation type="Precedes"/>
    <frameRelation type="Is Preceded by"/>
    <frameRelation type="Is Inchoative of"/>
    <frameRelation type="Is Causative of"/>
    <frameRelation type="See also"/>
    <lexUnit status="Created" POS="V" name="address.v" ID="11209" lemmaID="468" cBy="JKR" cDate="11/19/2004 08:53:06 PST Fri">
        <definition>FN: begin a conversational turn by referring to one's interlocutor</definition>
        <sentenceCount annotated="0" total="0"/>
        <lexeme order="1" headword="false" breakBefore="false" POS="V" name="address"/>
    </lexUnit>
    <lexUnit status="Finished_Initial" POS="V" name="call.v" ID="11210" lemmaID="5229" cBy="JKR" cDate="11/19/2004 08:55:52 PST Fri">
        <definition>FN: address by a specified name, title, etc.</definition>
        <sentenceCount annotated="39" total="110"/>
        <lexeme order="1" headword="false" breakBefore="false" POS="V" name="call"/>
    </lexUnit>
    <lexUnit status="Created" POS="V" name="refer.v" ID="11220" lemmaID="49710" cBy="JKR" cDate="11/19/2004 10:28:17 PST Fri">
        <definition>FN: designate a person with a name or title</definition>
        <sentenceCount annotated="46" total="47"/>
        <lexeme order="1" headword="true" breakBefore="false" POS="V" name="refer"/>
    </lexUnit>
    <lexUnit status="Created" POS="N" name="name.n" ID="12655" lemmaID="25401" cBy="RLG" cDate="08/22/2005 01:04:42 PDT Mon">
        <definition>COD: a word or set of words by which someone or something is known, addressed, or referred to.</definition>
        <sentenceCount annotated="11" total="11"/>
        <lexeme order="1" headword="false" breakBefore="false" POS="N" name="name"/>
    </lexUnit>
    <lexUnit status="Created" POS="N" name="designation.n" ID="12656" lemmaID="10347" cBy="RLG" cDate="08/22/2005 01:05:54 PDT Mon">
        <definition>FN: a speaker's name or term for some entity.</definition>
        <sentenceCount annotated="3" total="4"/>
        <lexeme order="1" headword="false" breakBefore="false" POS="N" name="designation"/>
    </lexUnit>
</frame>