<?xml version="1.0" encoding="UTF-8" standalone="yes"?>
<?xml-stylesheet type="text/xsl" href="frame.xsl"?>
<frame cBy="JKR" cDate="07/18/2005 12:29:15 PDT Mon" name="Reforming_a_system" ID="1571" xsi:schemaLocation="../schema/frame.xsd" xmlns="http://framenet.icsi.berkeley.edu" xmlns:xsi="http://www.w3.org/2001/XMLSchema-instance">
    <definition>&lt;def-root&gt;Because it no longer functions adequately under the given circumstances, an &lt;fen&gt;Agent&lt;/fen&gt; (or non-Agentive &lt;fen&gt;Cause&lt;/fen&gt;) undertakes steps to change the structural makeup of a complex &lt;fen&gt;Entity&lt;/fen&gt; with interdependent parts, for instance an institution or a system of laws. The &lt;fen&gt;Degree&lt;/fen&gt; of change is typically gradual and partial rather than revolutionary and total. Note that with some LUs the &lt;fen&gt;Entity&lt;/fen&gt; can be unexpressed when it is identical to the &lt;fen&gt;Agent&lt;/fen&gt;.

&lt;ex&gt;&lt;fex name="Agent"&gt;They&lt;/fex&gt; want to &lt;t&gt;reform&lt;/t&gt; &lt;fex name="Entity"&gt;the law on Sunday trading&lt;/fex&gt;.&lt;/ex&gt;
&lt;ex&gt;At the same time , &lt;fex name="Agent"&gt;the government&lt;/fex&gt; &lt;t&gt;reformed&lt;/t&gt; &lt;fex name="Entity"&gt;the rating system as it applied to companies&lt;/fex&gt;.&lt;/ex&gt;

&lt;ex&gt;This study investigates &lt;fex name="Manner"&gt;how&lt;/fex&gt; and &lt;fex name="Explanation"&gt;why&lt;/fex&gt; &lt;fex name="Agent"&gt;the majority of large Slovak companies&lt;/fex&gt; &lt;t&gt;restructured&lt;/t&gt; &lt;fex name="Means"&gt;without the help of foreign investors or a government&lt;/fex&gt;. &lt;fex name="Entity"&gt;DNI&lt;/fex&gt;&lt;/ex&gt;&lt;/def-root&gt;</definition>
    <FE bgColor="FF0000" fgColor="FFFFFF" coreType="Core" cBy="JKR" cDate="07/18/2005 12:29:15 PDT Mon" abbrev="age" name="Agent" ID="8586">
        <definition>&lt;def-root&gt;The sentient entity that effects a change in the &lt;fen&gt;Entity&lt;/fen&gt;.

&lt;/def-root&gt;</definition>
        <semType name="Sentient" ID="5"/>
        <excludesFE name="Cause" ID="8762"/>
    </FE>
    <FE bgColor="A52A2A" fgColor="FFFFFF" coreType="Peripheral" cBy="JKR" cDate="07/18/2005 12:29:15 PDT Mon" abbrev="tim" name="Time" ID="8591">
        <definition>&lt;def-root&gt;The time at which the change of the &lt;fen&gt;Entity&lt;/fen&gt; is caused.

&lt;ex&gt;The House of Representatives, on a bipartisan basis, sought to &lt;t&gt;reform&lt;/t&gt; the program &lt;fex name="Time"&gt;this year&lt;/fex&gt;.&lt;/ex&gt;&lt;/def-root&gt;</definition>
        <semType name="Time" ID="141"/>
    </FE>
    <FE bgColor="FF69B4" fgColor="FFFFFF" coreType="Peripheral" cBy="JKR" cDate="07/18/2005 12:29:15 PDT Mon" abbrev="deg" name="Degree" ID="8592">
        <definition>&lt;def-root&gt;The extent to which the &lt;fen&gt;Entity&lt;/fen&gt; differs from its former state at the end of the reform.

&lt;ex&gt;I am trying to &lt;fex name="deg"&gt;completely&lt;/fex&gt; &lt;t&gt;overhaul&lt;/t&gt; my diet, and i need help.&lt;/ex&gt;&lt;/def-root&gt;</definition>
        <semType name="Degree" ID="172"/>
    </FE>
    <FE bgColor="FF00FF" fgColor="FFFFFF" coreType="Peripheral" cBy="JKR" cDate="07/18/2005 12:29:15 PDT Mon" abbrev="man" name="Manner" ID="8593">
        <definition>&lt;def-root&gt; Any description of the  event causing the change of the &lt;fen&gt;Entity&lt;/fen&gt; which is not covered by more specific FEs, including secondary effects (&lt;ment&gt;quietly&lt;/ment&gt;), general descriptions comparing events (&lt;ment&gt;the same way&lt;/ment&gt;), and salient characteristics of the &lt;fen&gt;Agent&lt;/fen&gt; that also affect the action (&lt;ment&gt;carefully&lt;/ment&gt;). 

&lt;/def-root&gt;</definition>
        <semType name="Manner" ID="173"/>
    </FE>
    <FE bgColor="FFA500" fgColor="FFFFFF" coreType="Extra-Thematic" cBy="JKR" cDate="07/18/2005 12:29:15 PDT Mon" abbrev="exp" name="Explanation" ID="8594">
        <definition>&lt;def-root&gt;The &lt;fen&gt;Explanation&lt;/fen&gt; denotes a proposition from which reform event logically follows. In many cases, the state of affairs denoted is specifically one that the &lt;fen&gt;Agent&lt;/fen&gt; takes as a reason for reforming the entity.

&lt;ex&gt;But his great-grandson, Aurangzeb (1618-1707), &lt;t&gt;reformed&lt;/t&gt;
the policy &lt;fex name="exp"&gt;due to religious conflicts&lt;/fex&gt;. &lt;/ex&gt;&lt;/def-root&gt;</definition>
        <semType name="State_of_affairs" ID="177"/>
    </FE>
    <FE bgColor="7CCD7C" fgColor="FFFFFF" coreType="Core" cBy="JKR" cDate="07/18/2005 12:29:15 PDT Mon" abbrev="ent" name="Entity" ID="8596">
        <definition>&lt;def-root&gt;This FE denotes a complex, abstract, human-created entity with interdependent parts which has either deteriorated or is no longer adequate for its purpose given a change in circumstances and which the &lt;fen&gt;Agent&lt;/fen&gt; therefore wants to modify.

&lt;ex&gt;Particular attention will be devoted to recent proposals to &lt;t&gt;reform&lt;/t&gt; &lt;fex name="ent"&gt;UK competition policy&lt;/fex&gt;.&lt;/ex&gt;&lt;/def-root&gt;</definition>
    </FE>
    <FE bgColor="90876C" fgColor="FFFFFF" coreType="Peripheral" cBy="JKR" cDate="07/18/2005 12:29:15 PDT Mon" abbrev="pur" name="Purpose" ID="8598">
        <definition>&lt;def-root&gt;An action that the &lt;fen&gt;Agent&lt;/fen&gt; intends to accomplish by effecting a change in the &lt;fen&gt;Entity&lt;/fen&gt;.

&lt;ex&gt;Indeed, as the world becomes increasingly paperless, it would be prudent to consider &lt;t&gt;overhauling&lt;/t&gt; the rules &lt;fex name="pur"&gt;in order to adapt them to a digitalized society&lt;/fex&gt;.&lt;/ex&gt;&lt;/def-root&gt;</definition>
        <semType name="State_of_affairs" ID="177"/>
    </FE>
    <FE bgColor="800080" fgColor="FFFFFF" coreType="Peripheral" cBy="JKR" cDate="07/27/2005 09:48:51 PDT Wed" abbrev="ini" name="Initial_category" ID="8717">
        <definition>&lt;def-root&gt;The category of which the &lt;fen&gt;Entity&lt;/fen&gt; is a member before the &lt;fen&gt;Agent&lt;/fen&gt; causes a change in its makeup.

&lt;ex&gt;Since 1986, the Vietnamese Government has performed a 'doi moi' (renovation)
policy that &lt;t&gt;reformed&lt;/t&gt; the economy &lt;fex name="ini"&gt;from central planning economy&lt;/fex&gt; to market.&lt;/ex&gt;&lt;/def-root&gt;</definition>
    </FE>
    <FE bgColor="00008B" fgColor="FFFFFF" coreType="Peripheral" cBy="JKR" cDate="07/27/2005 09:50:27 PDT Wed" abbrev="fin" name="Final_category" ID="8718">
        <definition>&lt;def-root&gt;The category that the &lt;fen&gt;Entity&lt;/fen&gt; belongs to after it has undergone the change.

&lt;ex&gt;We have also &lt;t&gt;reformed&lt;/t&gt; the office managing system from a "proprietorship" &lt;fex name="Final_category"&gt;to a "partnership"&lt;/fex&gt;.&lt;/ex&gt;&lt;/def-root&gt;</definition>
    </FE>
    <FE bgColor="2E8B57" fgColor="FFFFFF" coreType="Peripheral" cBy="MiL" cDate="07/27/2005 04:28:33 PDT Wed" abbrev="Mea" name="Means" ID="8722">
        <definition>&lt;def-root&gt;This FE identifies the steps or actions directly enabling reform.  &lt;/def-root&gt;</definition>
        <semType name="State_of_affairs" ID="177"/>
    </FE>
    <FE bgColor="d0d0d0" fgColor="000000" coreType="Extra-Thematic" cBy="MiL" cDate="07/27/2005 05:30:26 PDT Wed" abbrev="re-e" name="Re-encoding" ID="8723">
        <definition>&lt;def-root&gt;An alternative description of expressed action&lt;/def-root&gt;</definition>
    </FE>
    <FE bgColor="00BFFF" fgColor="000000" coreType="Extra-Thematic" cBy="MiL" cDate="07/28/2005 12:58:30 PDT Thu" abbrev="" name="Event_description" ID="8733">
        <definition>&lt;def-root&gt;This FE is used for phrases that describe the event of reforming as a whole .&lt;/def-root&gt;</definition>
    </FE>
    <FE bgColor="FFFF00" fgColor="000000" coreType="Extra-Thematic" cBy="MiL" cDate="07/28/2005 03:04:28 PDT Thu" abbrev="Cir" name="Circumstances" ID="8734">
        <definition>&lt;def-root&gt;This FE describes the state of the world (at a particular time and place) which is specifically independent of the reform process.  &lt;/def-root&gt;</definition>
    </FE>
    <FE bgColor="1E90FF" fgColor="FFFFFF" coreType="Peripheral" cBy="MiL" cDate="07/28/2005 05:39:11 PDT Thu" abbrev="Dur" name="Duration" ID="8737">
        <definition>&lt;def-root&gt;The length of time over which reforming takes place&lt;/def-root&gt;</definition>
        <semType name="Duration" ID="142"/>
    </FE>
    <FE bgColor="FFA500" fgColor="000000" coreType="Core" cBy="MiL" cDate="07/29/2005 04:18:13 PDT Fri" abbrev="" name="Cause" ID="8762">
        <definition>&lt;def-root&gt;This FE is for non-human causes, such as a processes or institutions, responsible for reform.  

&lt;ex&gt;Thus , &lt;fex name="Cause"&gt;radical reform&lt;/fex&gt; &lt;t&gt;restructures&lt;/t&gt; rape offences in ways that it is hoped will facilitate the prosecution process without jeopardising the interests of the accused .&lt;/ex&gt;&lt;/def-root&gt;</definition>
    </FE>
    <FE bgColor="FFD700" fgColor="000000" coreType="Peripheral" cBy="KmG" cDate="05/04/2006 04:18:43 PDT Thu" abbrev="Pla" name="Place" ID="10080">
        <definition>&lt;def-root&gt;The place where the reformation occurs.&lt;/def-root&gt;</definition>
        <semType name="Locative_relation" ID="182"/>
    </FE>
    <FEcoreSet>
        <memberFE name="Agent" ID="8586"/>
        <memberFE name="Cause" ID="8762"/>
    </FEcoreSet>
    <frameRelation type="Inherits from"/>
    <frameRelation type="Is Inherited by"/>
    <frameRelation type="Perspective on"/>
    <frameRelation type="Is Perspectivized in"/>
    <frameRelation type="Uses">
        <relatedFrame ID="683">Cause_change</relatedFrame>
    </frameRelation>
    <frameRelation type="Is Used by"/>
    <frameRelation type="Subframe of"/>
    <frameRelation type="Has Subframe(s)"/>
    <frameRelation type="Precedes"/>
    <frameRelation type="Is Preceded by"/>
    <frameRelation type="Is Inchoative of"/>
    <frameRelation type="Is Causative of"/>
    <frameRelation type="See also"/>
    <lexUnit status="Created" POS="N" name="reform.n" ID="12477" lemmaID="32331" cBy="JKR" cDate="07/18/2005 12:43:55 PDT Mon">
        <definition>COD:  the action or process of reforming.</definition>
        <sentenceCount annotated="5" total="5"/>
        <lexeme order="1" headword="false" breakBefore="false" POS="N" name="reform"/>
    </lexUnit>
    <lexUnit status="Created" POS="V" name="reform.v" ID="12478" lemmaID="32332" cBy="JKR" cDate="07/18/2005 12:46:00 PDT Mon">
        <definition>COD: make changes in (something, especially an institution or practice) in order to improve it.</definition>
        <sentenceCount annotated="0" total="0"/>
        <lexeme order="1" headword="false" breakBefore="false" POS="V" name="reform"/>
    </lexUnit>
    <lexUnit status="Finished_Initial" POS="V" name="overhaul.v" ID="12479" lemmaID="27287" cBy="JKR" cDate="07/18/2005 12:46:43 PDT Mon">
        <definition>FN: to make changes so as to improve the functioning of</definition>
        <sentenceCount annotated="26" total="127"/>
        <lexeme order="1" headword="false" breakBefore="false" POS="V" name="overhaul"/>
    </lexUnit>
    <lexUnit status="Created" POS="N" name="overhaul.n" ID="12480" lemmaID="27286" cBy="JKR" cDate="07/18/2005 12:50:39 PDT Mon">
        <definition>FN: the act of making changes so as to improve the functioning of</definition>
        <sentenceCount annotated="0" total="0"/>
        <lexeme order="1" headword="false" breakBefore="false" POS="N" name="overhaul"/>
    </lexUnit>
    <lexUnit status="Finished_Initial" POS="V" name="restructure.v" ID="12553" lemmaID="32953" cBy="MiL" cDate="07/27/2005 03:12:23 PDT Wed">
        <definition>FN: change the organization of a system.</definition>
        <sentenceCount annotated="63" total="310"/>
        <lexeme order="1" headword="false" breakBefore="false" POS="V" name="restructure"/>
    </lexUnit>
</frame>