<?xml version="1.0" encoding="UTF-8" standalone="yes"?>
<?xml-stylesheet type="text/xsl" href="frame.xsl"?>
<frame cBy="RLG" cDate="08/24/2011 01:07:08 PDT Wed" name="Relational_location" ID="2625" xsi:schemaLocation="../schema/frame.xsd" xmlns="http://framenet.icsi.berkeley.edu" xmlns:xsi="http://www.w3.org/2001/XMLSchema-instance">
    <definition>&lt;def-root&gt;This is a general frame that identifies a &lt;fen&gt;Profiled_region&lt;/fen&gt; whose configuration is specified by an image schema (specified in more specific child frames) and located relative to a &lt;fen&gt;Ground&lt;/fen&gt;.&lt;/def-root&gt;</definition>
    <semType name="Non-Lexical Frame" ID="16"/>
    <FE bgColor="FF0000" fgColor="FFFFFF" coreType="Core" cBy="RLG" cDate="08/24/2011 01:07:08 PDT Wed" abbrev="reg" name="Profiled_region" ID="14831">
        <definition>&lt;def-root&gt;The region which is located relative to the Ground and which is shaped according to an image schema.&lt;/def-root&gt;</definition>
        <semType name="Location" ID="54"/>
    </FE>
    <FE bgColor="1E90FF" fgColor="FFFFFF" coreType="Extra-Thematic" cBy="RLG" cDate="08/24/2011 01:07:08 PDT Wed" abbrev="Cnst" name="Constituent_parts" ID="14832">
        <definition>&lt;def-root&gt;Salient parts that make up a &lt;fen&gt;Profiled_region&lt;/fen&gt;.  &lt;/def-root&gt;</definition>
    </FE>
    <FE bgColor="800080" fgColor="FFFFFF" coreType="Peripheral" cBy="RLG" cDate="08/24/2011 01:07:08 PDT Wed" abbrev="rel" name="Relative_location" ID="14833">
        <definition>&lt;def-root&gt;A place that a &lt;fen&gt;Profiled_region&lt;/fen&gt; is located with respect to.&lt;/def-root&gt;</definition>
        <semType name="Locative_relation" ID="182"/>
    </FE>
    <FE bgColor="0000FF" fgColor="FFFFFF" coreType="Extra-Thematic" cBy="RLG" cDate="08/24/2011 01:07:08 PDT Wed" abbrev="for" name="Formational_cause" ID="14834">
        <definition>&lt;def-root&gt;Indicates the action (or causer) which brings the features of the &lt;fen&gt;Profiled_region&lt;/fen&gt; about.  This FE should also include words that indicate that there was no salient formation.
&lt;/def-root&gt;</definition>
    </FE>
    <FE bgColor="808080" fgColor="FFFFFF" coreType="Extra-Thematic" cBy="RLG" cDate="08/24/2011 01:07:08 PDT Wed" abbrev="ContP" name="Container_possessor" ID="14835">
        <definition>&lt;def-root&gt;The location that the &lt;fen&gt;Profiled_region&lt;/fen&gt; is a part of.&lt;/def-root&gt;</definition>
    </FE>
    <FE bgColor="008000" fgColor="FFFFFF" coreType="Extra-Thematic" cBy="RLG" cDate="08/24/2011 01:07:08 PDT Wed" abbrev="des" name="Descriptor" ID="14837">
        <definition>&lt;def-root&gt;The Descriptor is a temporary condition of the &lt;fen&gt;Profiled_region&lt;/fen&gt;.&lt;/def-root&gt;</definition>
    </FE>
    <FE bgColor="FFFF00" fgColor="A52A2A" coreType="Extra-Thematic" cBy="RLG" cDate="08/24/2011 01:07:08 PDT Wed" abbrev="RelEvnt" name="Related_event" ID="14838">
        <definition>&lt;def-root&gt;An event related to the &lt;fen&gt;Profiled_region&lt;/fen&gt; in some way other than (1) Formational_cause (which is a separate FE) or an intended use (which would place the instance in Locale_by_use), or (3) a defining event (which would place the instance in Locale_by_event).&lt;/def-root&gt;</definition>
        <semType name="Event" ID="75"/>
    </FE>
    <FE bgColor="A52A2A" fgColor="FFFFFF" coreType="Extra-Thematic" cBy="RLG" cDate="08/24/2011 01:07:08 PDT Wed" abbrev="Inh" name="Inherent_purpose" ID="14839">
        <definition>&lt;def-root&gt;The activity that is carried out in the &lt;fen&gt;Profiled_region&lt;/fen&gt;.&lt;/def-root&gt;</definition>
    </FE>
    <FE bgColor="FFA500" fgColor="FFFFFF" coreType="Core" cBy="RLG" cDate="08/24/2011 01:12:12 PDT Wed" abbrev="gro" name="Ground" ID="14840">
        <definition>&lt;def-root&gt;An entity whose location is relatively well-known and which, thus, can serve as a land-mark to identify the &lt;fen&gt;Profiled_region&lt;/fen&gt;.&lt;/def-root&gt;</definition>
    </FE>
    <frameRelation type="Inherits from">
        <relatedFrame ID="192">Locale</relatedFrame>
    </frameRelation>
    <frameRelation type="Is Inherited by">
        <relatedFrame ID="1490">Relational_natural_features</relatedFrame>
        <relatedFrame ID="2626">Locale_by_collocation</relatedFrame>
    </frameRelation>
    <frameRelation type="Perspective on"/>
    <frameRelation type="Is Perspectivized in"/>
    <frameRelation type="Uses">
        <relatedFrame ID="2016">Image_schema</relatedFrame>
    </frameRelation>
    <frameRelation type="Is Used by"/>
    <frameRelation type="Subframe of"/>
    <frameRelation type="Has Subframe(s)"/>
    <frameRelation type="Precedes"/>
    <frameRelation type="Is Preceded by"/>
    <frameRelation type="Is Inchoative of"/>
    <frameRelation type="Is Causative of"/>
    <frameRelation type="See also"/>
</frame>