<?xml version="1.0" encoding="UTF-8" standalone="yes"?>
<?xml-stylesheet type="text/xsl" href="frame.xsl"?>
<frame cBy="MJE" cDate="12/13/2001 06:19:24 PST Thu" name="Relation" ID="248" xsi:schemaLocation="../schema/frame.xsd" xmlns="http://framenet.icsi.berkeley.edu" xmlns:xsi="http://www.w3.org/2001/XMLSchema-instance">
    <definition>&lt;def-root&gt;A relation holds between &lt;fen&gt;Entity_1&lt;/fen&gt; and &lt;fen&gt;Entity_2&lt;/fen&gt;.

&lt;ex&gt;I see no &lt;t&gt;relation&lt;/t&gt; &lt;fex name="Entities"&gt;between these animals&lt;/fex&gt;.&lt;/ex&gt;&lt;/def-root&gt;</definition>
    <FE bgColor="0000FF" fgColor="FFFFFF" coreType="Core" cBy="MJE" cDate="09/03/2002 07:35:05 PDT Tue" abbrev="Ent1" name="Entity_1" ID="3695">
        <definition>&lt;def-root&gt;An entity with a relationship to &lt;fen&gt;Entity_2&lt;/fen&gt;.

&lt;ex&gt;&lt;fex name="Entity_1"&gt;This topic&lt;/fex&gt; &lt;m&gt;has&lt;/m&gt; no &lt;t&gt;relation&lt;/t&gt; to the matter at hand.&lt;/ex&gt;&lt;/def-root&gt;</definition>
        <requiresFE name="Entity_2" ID="3696"/>
        <excludesFE name="Entities" ID="7535"/>
    </FE>
    <FE bgColor="800080" fgColor="FFFFFF" coreType="Core" cBy="MJE" cDate="09/03/2002 07:36:23 PDT Tue" abbrev="Ent2" name="Entity_2" ID="3696">
        <definition>&lt;def-root&gt;The entity with a relationship to &lt;fen&gt;Entity_1&lt;/fen&gt;.

&lt;ex&gt;This topic &lt;m&gt;has&lt;/m&gt; no &lt;t&gt;relation&lt;/t&gt; &lt;fex name="Entity_2"&gt;to the matter at hand&lt;/fex&gt;.&lt;/ex&gt;&lt;/def-root&gt;</definition>
        <requiresFE name="Entity_1" ID="3695"/>
        <excludesFE name="Entities" ID="7535"/>
    </FE>
    <FE bgColor="008000" fgColor="FFFFFF" coreType="Core-Unexpressed" cBy="Pam" cDate="02/28/2005 01:31:21 PST Mon" abbrev="Ents" name="Entities" ID="7535">
        <definition>&lt;def-root&gt;The things that are related to each other. Collective expression of the FEs &lt;fen&gt;Entity_1&lt;/fen&gt; and &lt;fen&gt;Entity_2&lt;/fen&gt;.

&lt;ex&gt;The &lt;t&gt;relation&lt;/t&gt; &lt;fex name="Entities"&gt;between these data sets&lt;/fex&gt; is not clear to me.&lt;/ex&gt;&lt;/def-root&gt;</definition>
    </FE>
    <FE bgColor="FF0000" fgColor="FFFFFF" coreType="Core-Unexpressed" cBy="MJE" cDate="11/12/2008 04:38:17 PST Wed" abbrev="" name="Relation_type" ID="13120">
        <definition>&lt;def-root&gt;A characterization of the relation that determines what model is active for further reasoning.

&lt;ex&gt;There is a &lt;fex name="Relation_type"&gt;kinship&lt;/fex&gt; &lt;t&gt;relation&lt;/t&gt; between them .&lt;/ex&gt;

&lt;/def-root&gt;</definition>
    </FE>
    <frameRelation type="Inherits from"/>
    <frameRelation type="Is Inherited by">
        <relatedFrame ID="258">Accompaniment</relatedFrame>
        <relatedFrame ID="982">Idiosyncrasy</relatedFrame>
        <relatedFrame ID="1010">Partitive</relatedFrame>
        <relatedFrame ID="1689">Relation_between_individuals</relatedFrame>
        <relatedFrame ID="81">Relative_time</relatedFrame>
        <relatedFrame ID="1160">Basis_for_attribute</relatedFrame>
        <relatedFrame ID="1897">Simultaneity</relatedFrame>
        <relatedFrame ID="2121">Duration_relation</relatedFrame>
        <relatedFrame ID="2135">Sequence</relatedFrame>
        <relatedFrame ID="2716">Inherent_purpose</relatedFrame>
        <relatedFrame ID="1029">Identicality</relatedFrame>
    </frameRelation>
    <frameRelation type="Perspective on"/>
    <frameRelation type="Is Perspectivized in"/>
    <frameRelation type="Uses"/>
    <frameRelation type="Is Used by"/>
    <frameRelation type="Subframe of"/>
    <frameRelation type="Has Subframe(s)"/>
    <frameRelation type="Precedes"/>
    <frameRelation type="Is Preceded by"/>
    <frameRelation type="Is Inchoative of"/>
    <frameRelation type="Is Causative of"/>
    <frameRelation type="See also"/>
    <lexUnit status="Needs_SCs" POS="N" name="relation.n" ID="7362" lemmaID="32489" cBy="MJE" cDate="09/03/2002 07:37:03 PDT Tue">
        <definition>COD: the way in which two or more people or things are connected or related. </definition>
        <sentenceCount annotated="10" total="101"/>
        <lexeme order="1" headword="false" breakBefore="false" POS="N" name="relation"/>
    </lexUnit>
</frame>