<?xml version="1.0" encoding="UTF-8" standalone="yes"?>
<?xml-stylesheet type="text/xsl" href="frame.xsl"?>
<frame cBy="JKR" cDate="11/25/2003 10:24:23 PST Tue" name="Reliance" ID="901" xsi:schemaLocation="../schema/frame.xsd" xmlns="http://framenet.icsi.berkeley.edu" xmlns:xsi="http://www.w3.org/2001/XMLSchema-instance">
    <definition>&lt;def-root&gt;A &lt;fen&gt;Protagonist&lt;/fen&gt; needs a &lt;fen&gt;Means&lt;/fen&gt; action performed for their &lt;fen&gt;Benefit&lt;/fen&gt;.  The relevant &lt;fen&gt;Means&lt;/fen&gt; action is often evoked only by reference to  an &lt;fen&gt;Intermediary&lt;/fen&gt; who performs it. Also, if the &lt;fen&gt;Protagonist&lt;/fen&gt; performs the &lt;fen&gt;Means&lt;/fen&gt; action themselves, the &lt;fen&gt;Instrument&lt;/fen&gt; that they use may be referred to in place of the &lt;fen&gt;Means&lt;/fen&gt; Note that when one of the three interrelated FEs &lt;fen&gt;Means&lt;/fen&gt;, &lt;fen&gt;Instrument&lt;/fen&gt; and &lt;fen&gt;Intermediary&lt;/fen&gt; is realized overtly, the other two are blocked from overt realization as clause-level arguments of the target.&lt;ex&gt;&lt;/ex&gt;

When the &lt;fen&gt;Protagonist&lt;/fen&gt; is a sentient being, it is implied that they put their trust in the &lt;fen&gt;Intermediary&lt;/fen&gt; to help in the achievement of the &lt;fen&gt;Benefit&lt;/fen&gt;. 

The extent to which the &lt;fen&gt;Protagonist&lt;/fen&gt; is dependent on an &lt;fen&gt;Intermediary&lt;/fen&gt; or &lt;fen&gt;Instrument&lt;/fen&gt; can be indicated in a &lt;fen&gt;Degree&lt;/fen&gt; phrase.&lt;ex&gt;&lt;/ex&gt;

A set of  &lt;fen&gt;Circumstances&lt;/fen&gt; in which the &lt;fen&gt;Protagonist&lt;/fen&gt;'s need for the &lt;fen&gt;Benefit&lt;/fen&gt; arises, may also be specified. &lt;ex&gt;&lt;/ex&gt;


The difference between the &lt;fen&gt;Benefit&lt;/fen&gt; that the &lt;fen&gt;Means&lt;/fen&gt; action provides and the &lt;fen&gt;Purpose&lt;/fen&gt; that the &lt;fen&gt;Protagonist&lt;/fen&gt; has is very subtle. For our purposes we will assume that one can form a predication from &lt;fen&gt;Benefit&lt;/fen&gt; and &lt;fen&gt;Means&lt;/fen&gt; on the one hand, and &lt;fen&gt;Protagonist&lt;/fen&gt; and &lt;fen&gt;Purpose&lt;/fen&gt; on the other, but that they cannot be intermingled (cf. examples (7) and (8) below). With for-PPs such as in (6) it is not clear which FE they instantiate, &lt;fen&gt;Benefit&lt;/fen&gt; or &lt;fen&gt;Purpose&lt;/fen&gt;. We will arbitrarily call them &lt;fen&gt;Benefit&lt;/fen&gt;&lt;ex&gt;&lt;/ex&gt;


&lt;ex&gt;(1) &lt;fex name="Protagonist"&gt;I&lt;/fex&gt; &lt;t&gt;rely&lt;/t&gt; &lt;fex name="Intermediary"&gt;on you&lt;/fex&gt;  &lt;fex name="Benefit"&gt;to see that my name is not sullied&lt;/fex&gt;.&lt;/ex&gt;

&lt;ex&gt;(2) &lt;fex name="Protagonist"&gt;The system&lt;/fex&gt; can &lt;t&gt;rely&lt;/t&gt; &lt;fex name="Degree"&gt;entirely&lt;/fex&gt;  &lt;fex name="Instrument"&gt;on coaxial cable&lt;/fex&gt; or entirely on optical fibre, just as a tree and  branch network can be based on either technology .&lt;/ex&gt;

&lt;ex&gt;(3) The Tories had got him into this and &lt;fex name="Protagonist"&gt;he&lt;/fex&gt; &lt;t&gt;relied&lt;/t&gt;  &lt;fex name="Intermediary"&gt;on them&lt;/fex&gt; &lt;fex name="Benefit"&gt;to get him out&lt;/fex&gt;.&lt;/ex&gt;

&lt;ex&gt;(4) I knew &lt;fex name="Protagonist"&gt;we&lt;/fex&gt; could &lt;t&gt;rely&lt;/t&gt; &lt;fex name="Intermediary"&gt;on you&lt;/fex&gt;.  &lt;fex name="Benefit"&gt;DNI&lt;/fex&gt; &lt;/ex&gt;

&lt;ex&gt;(5) &lt;fex name="Benefit"&gt;To get the economy moving&lt;/fex&gt; &lt;fex name="Protagonist"&gt;he&lt;/fex&gt; will &lt;t&gt;rely&lt;/t&gt; &lt;fex name="Means"&gt;on repairing the infrastructure of America&lt;/fex&gt;&lt;/ex&gt;

&lt;ex&gt;(6) Later , when the Northern Ireland Office was established , &lt;fex name="Protagonist"&gt;it&lt;/fex&gt; &lt;t&gt;relied&lt;/t&gt; &lt;fex name="Degree"&gt;heavily&lt;/fex&gt; &lt;fex name="Intermediary"&gt;on it&lt;/fex&gt;  &lt;fex name="Benefit"&gt;for the information on which it based security and political activities&lt;/fex&gt;.&lt;/ex&gt;

&lt;ex&gt;(7) &lt;fex name="Protagonist"&gt;She&lt;/fex&gt; would have to &lt;t&gt;rely&lt;/t&gt; &lt;fex name="Means"&gt;on his help&lt;/fex&gt; &lt;fex name="Purpose"&gt;to get through the fight in one piece&lt;/fex&gt;.  --  She got through the fight in one piece/*His help got through the fight in one piece&lt;/ex&gt;

&lt;ex&gt;(8) &lt;fex name="Protagonist"&gt;I&lt;/fex&gt; &lt;t&gt;rely&lt;/t&gt; &lt;fex name="Means"&gt;on his help&lt;/fex&gt; &lt;fex name="Benefit"&gt;to get me through a long season&lt;/fex&gt; -- His help got me through a long season/*I got me through a long season &lt;/ex&gt;

&lt;ex&gt;(9) &lt;fex name="Protagonist"&gt;We&lt;/fex&gt; &lt;t&gt;rely&lt;/t&gt; &lt;fex name="Means"&gt;on your helping us&lt;/fex&gt; &lt;/ex&gt;


&lt;ex&gt; (10) You can &lt;t&gt;rely&lt;/t&gt; on him &lt;fex name="Circumstances"&gt;when the chips are down&lt;/fex&gt; to inspire the troops&lt;/ex&gt;&lt;/def-root&gt;</definition>
    <FE bgColor="FF0000" fgColor="FFFFFF" coreType="Core" cBy="JKR" cDate="11/25/2003 10:31:22 PST Tue" abbrev="" name="Protagonist" ID="5764">
        <definition>&lt;def-root&gt;The person or thing whose needs are served by the &lt;fen&gt;Means&lt;/fen&gt; action.

&lt;ex&gt; &lt;fex name="Protagonist"&gt;I&lt;/fex&gt; &lt;t&gt;rely&lt;/t&gt; on this walking stick to get me around&lt;/ex&gt;&lt;/def-root&gt;</definition>
        <semType name="Sentient" ID="5"/>
    </FE>
    <FE bgColor="7CCD7C" fgColor="FFFFFF" coreType="Core" cBy="JKR" cDate="11/25/2003 10:31:55 PST Tue" abbrev="" name="Benefit" ID="5765">
        <definition>&lt;def-root&gt;An action or state that the &lt;fen&gt;Means&lt;/fen&gt; action brings about and from which the &lt;fen&gt;Protagonist&lt;/fen&gt; profits.

&lt;ex&gt;He still &lt;t&gt;relies&lt;/t&gt; on me &lt;fex name="Benefit"&gt;to do the head work&lt;/fex&gt;&lt;/ex&gt;&lt;/def-root&gt;</definition>
        <excludesFE name="Purpose" ID="5770"/>
    </FE>
    <FE bgColor="FF00FF" fgColor="FFFFFF" coreType="Peripheral" cBy="JKR" cDate="11/25/2003 10:32:41 PST Tue" abbrev="" name="Degree" ID="5766">
        <definition>&lt;def-root&gt;The extent to which the achievement of the &lt;fen&gt;Benefit&lt;/fen&gt; depends on the &lt;fen&gt;Means&lt;/fen&gt; action.

&lt;ex&gt; He knows I &lt;t&gt;rely&lt;/t&gt; &lt;fex name="Degree"&gt;entirely&lt;/fex&gt; on him to point out all my blunders and spelling mistakes.&lt;/ex&gt;&lt;/def-root&gt;</definition>
        <semType name="Degree" ID="172"/>
    </FE>
    <FE bgColor="800080" fgColor="FFFFFF" coreType="Core" cBy="JKR" cDate="11/25/2003 10:33:23 PST Tue" abbrev="" name="Intermediary" ID="5767">
        <definition>&lt;def-root&gt;The person or thing that performs a &lt;fen&gt;Means&lt;/fen&gt; action to the &lt;fen&gt;Benefit&lt;/fen&gt; of the &lt;fen&gt;Protagonist&lt;/fen&gt;.

&lt;ex&gt;We &lt;t&gt;rely&lt;/t&gt;  &lt;fex name="Intermediary"&gt;on you&lt;/fex&gt; for feedback and input&lt;/ex&gt;
&lt;/def-root&gt;</definition>
        <excludesFE name="Means" ID="5771"/>
    </FE>
    <FE bgColor="0000FF" fgColor="FFFFFF" coreType="Core" cBy="JKR" cDate="11/25/2003 06:07:57 PST Tue" abbrev="" name="Instrument" ID="5769">
        <definition>&lt;def-root&gt;An object that the &lt;fen&gt;Protagonist&lt;/fen&gt; uses to realize a &lt;fen&gt;Benefit&lt;/fen&gt;.

&lt;ex&gt;I hate having to &lt;t&gt;rely&lt;/t&gt; &lt;fex name="Instrument"&gt;on my car&lt;/fex&gt; to get where I want to go&lt;/ex&gt;&lt;/def-root&gt;</definition>
        <semType name="Physical_entity" ID="70"/>
        <excludesFE name="Intermediary" ID="5767"/>
    </FE>
    <FE bgColor="008000" fgColor="FFFFFF" coreType="Core" cBy="JKR" cDate="11/25/2003 06:09:18 PST Tue" abbrev="" name="Purpose" ID="5770">
        <definition>&lt;def-root&gt;An action or state that the &lt;fen&gt;Protagonist&lt;/fen&gt; wants to bring about.  It is more or less the &lt;fen&gt;Benefit&lt;/fen&gt; viewed in relation to the &lt;fen&gt;Protagonist&lt;/fen&gt; rather than the &lt;fen&gt;Means&lt;/fen&gt;.

&lt;ex&gt;The user will quickly begin to &lt;t&gt;rely&lt;/t&gt; on the pills &lt;fex name="Purpose"&gt;to cope with life pressures&lt;/fex&gt;.&lt;/ex&gt;&lt;/def-root&gt;</definition>
        <semType name="State_of_affairs" ID="177"/>
    </FE>
    <FE bgColor="FFA500" fgColor="FFFFFF" coreType="Core" cBy="JKR" cDate="11/25/2003 06:12:37 PST Tue" abbrev="" name="Means" ID="5771">
        <definition>&lt;def-root&gt;An action performed either by the &lt;fen&gt;Protagonist&lt;/fen&gt; or an &lt;fen&gt;Intermediary&lt;/fen&gt; that has a &lt;fen&gt;Benefit&lt;/fen&gt; for  the &lt;fen&gt;Protagonist&lt;/fen&gt; attached to it.


&lt;ex&gt;We &lt;t&gt;rely&lt;/t&gt; &lt;fex name="Means"&gt;on your response&lt;/fex&gt;&lt;/ex&gt;&lt;/def-root&gt;</definition>
        <semType name="State_of_affairs" ID="177"/>
        <excludesFE name="Instrument" ID="5769"/>
    </FE>
    <FE bgColor="1E90FF" fgColor="FFFFFF" coreType="Extra-Thematic" cBy="JKR" cDate="11/25/2003 08:51:39 PST Tue" abbrev="" name="Circumstances" ID="5773">
        <definition>&lt;def-root&gt;The conditions when the &lt;fen&gt;Protagonist&lt;/fen&gt; needs to rely on an &lt;fen&gt;Instrument&lt;/fen&gt; or &lt;fen&gt;Intermediary&lt;/fen&gt;.

&lt;ex&gt;We have to fully rely on him &lt;fex name="Circumstances"&gt;when times get a little rough&lt;/fex&gt;&lt;/ex&gt;&lt;/def-root&gt;</definition>
    </FE>
    <frameRelation type="Inherits from"/>
    <frameRelation type="Is Inherited by"/>
    <frameRelation type="Perspective on"/>
    <frameRelation type="Is Perspectivized in"/>
    <frameRelation type="Uses">
        <relatedFrame ID="900">Contingency</relatedFrame>
        <relatedFrame ID="1375">Needing</relatedFrame>
    </frameRelation>
    <frameRelation type="Is Used by"/>
    <frameRelation type="Subframe of"/>
    <frameRelation type="Has Subframe(s)"/>
    <frameRelation type="Precedes"/>
    <frameRelation type="Is Preceded by"/>
    <frameRelation type="Is Inchoative of"/>
    <frameRelation type="Is Causative of"/>
    <frameRelation type="See also"/>
    <lexUnit status="Finished_Initial" POS="V" name="rely.v" ID="9940" lemmaID="48590" cBy="Hay" cDate="11/26/2003 08:42:30 PST Wed">
        <definition>COD: depend on with full trust.</definition>
        <sentenceCount annotated="49" total="305"/>
        <lexeme order="1" headword="true" breakBefore="false" POS="V" name="rely"/>
    </lexUnit>
    <lexUnit status="Finished_Initial" POS="V" name="depend.v" ID="10002" lemmaID="48597" cBy="JKR" cDate="12/02/2003 07:43:07 PST Tue">
        <definition>COD: rely on</definition>
        <sentenceCount annotated="21" total="394"/>
        <lexeme order="1" headword="true" breakBefore="false" POS="V" name="depend"/>
    </lexUnit>
    <lexUnit status="Finished_Initial" POS="V" name="count.v" ID="10005" lemmaID="8564" cBy="JKR" cDate="12/04/2003 04:49:06 PST Thu">
        <definition>COD: rely on</definition>
        <sentenceCount annotated="28" total="226"/>
        <lexeme order="1" headword="false" breakBefore="false" POS="V" name="count"/>
    </lexUnit>
    <lexUnit status="Finished_Initial" POS="N" name="reliance.n" ID="10006" lemmaID="32520" cBy="JKR" cDate="12/04/2003 05:06:13 PST Thu">
        <definition>COD: dependence on or trust in someone or something</definition>
        <sentenceCount annotated="13" total="135"/>
        <lexeme order="1" headword="false" breakBefore="false" POS="N" name="reliance"/>
    </lexUnit>
    <lexUnit status="Created" POS="N" name="dependence.n" ID="12618" lemmaID="50210" cBy="JKR" cDate="08/10/2005 03:35:44 PDT Wed">
        <definition>FN: the state of relying on someone or something for financial or other support.</definition>
        <sentenceCount annotated="0" total="0"/>
        <lexeme order="1" headword="true" breakBefore="false" POS="N" name="dependence"/>
    </lexUnit>
    <lexUnit status="Created" POS="N" name="dependency.n" ID="12619" lemmaID="50211" cBy="JKR" cDate="08/10/2005 03:36:10 PDT Wed">
        <definition>FN: the state of relying on someone or something for financial or other support.</definition>
        <sentenceCount annotated="3" total="3"/>
        <lexeme order="1" headword="true" breakBefore="false" POS="N" name="dependency"/>
    </lexUnit>
</frame>