<?xml version="1.0" encoding="UTF-8" standalone="yes"?>
<?xml-stylesheet type="text/xsl" href="frame.xsl"?>
<frame cBy="MJE" cDate="10/18/2002 10:58:37 PDT Fri" name="Render_nonfunctional" ID="416" xsi:schemaLocation="../schema/frame.xsd" xmlns="http://framenet.icsi.berkeley.edu" xmlns:xsi="http://www.w3.org/2001/XMLSchema-instance">
    <definition>&lt;def-root&gt;An &lt;fen&gt;Agent&lt;/fen&gt; affects an &lt;fen&gt;Artifact&lt;/fen&gt; so that it is no longer capable of performing its inherent function.

&lt;ex&gt;&lt;fex name="Agent"&gt;I&lt;/fex&gt; &lt;t&gt;broke&lt;/t&gt; &lt;fex name="Artifact"&gt;the TV&lt;/fex&gt;.&lt;/ex&gt;&lt;/def-root&gt;</definition>
    <FE bgColor="FF0000" fgColor="FFFFFF" coreType="Core" cBy="MJE" cDate="03/25/2003 05:38:33 PST Tue" abbrev="" name="Agent" ID="4313">
        <definition>&lt;def-root&gt;The sentient entity causes the Artifact to not function.&lt;/def-root&gt;</definition>
        <semType name="Sentient" ID="5"/>
    </FE>
    <FE bgColor="0000FF" fgColor="FFFFFF" coreType="Core" cBy="MJE" cDate="03/25/2003 05:41:32 PST Tue" abbrev="Art" name="Artifact" ID="4314">
        <definition>&lt;def-root&gt;The device that no longer works.&lt;/def-root&gt;</definition>
    </FE>
    <FE bgColor="800080" fgColor="FFFFFF" coreType="Extra-Thematic" cBy="MJE" cDate="03/25/2003 07:19:22 PST Tue" abbrev="Purp" name="Purpose" ID="4315">
        <definition>&lt;def-root&gt;An event that the &lt;fen&gt;Agent&lt;/fen&gt; hopes to bring about by breaking an &lt;fen&gt;Artifact&lt;/fen&gt;.
&lt;ex&gt;I &lt;t&gt;totaled&lt;/t&gt; my car &lt;fex name="Purp"&gt;so I wouldn't have to renew the tags&lt;/fex&gt;.&lt;/ex&gt;&lt;/def-root&gt;</definition>
        <semType name="State_of_affairs" ID="177"/>
    </FE>
    <FE bgColor="FF69B4" fgColor="FFFFFF" coreType="Peripheral" cBy="MJE" cDate="03/25/2003 07:23:24 PST Tue" abbrev="Mns" name="Means" ID="4316">
        <definition>&lt;def-root&gt;The action that the &lt;fen&gt;Agent&lt;/fen&gt; performs which results in the &lt;fen&gt;Artifact&lt;/fen&gt; being inoperable.

&lt;ex&gt;I guess I &lt;t&gt;broke&lt;/t&gt; the doorknob &lt;fex name="Mns"&gt;by twisting it too hard&lt;/fex&gt;.&lt;/ex&gt;&lt;/def-root&gt;</definition>
        <semType name="State_of_affairs" ID="177"/>
    </FE>
    <FE bgColor="2E8B57" fgColor="FFFFFF" coreType="Core" cBy="RLG" cDate="01/12/2005 04:05:24 PST Wed" abbrev="cau" name="Cause" ID="7420">
        <definition>&lt;def-root&gt;An inanimate entity or force that renders the &lt;fen&gt;Artifact&lt;/fen&gt; non-functional.&lt;/def-root&gt;</definition>
    </FE>
    <FE bgColor="008000" fgColor="FFFFFF" coreType="Peripheral" cBy="RLG" cDate="01/12/2005 04:08:39 PST Wed" abbrev="tim" name="Time" ID="7421">
        <definition>&lt;def-root&gt;The time at which the event takes place.&lt;/def-root&gt;</definition>
        <semType name="Time" ID="141"/>
    </FE>
    <FE bgColor="FFA500" fgColor="000000" coreType="Peripheral" cBy="RLG" cDate="01/12/2005 04:09:38 PST Wed" abbrev="pla" name="Place" ID="7422">
        <definition>&lt;def-root&gt;The place at which the event takes place.&lt;/def-root&gt;</definition>
        <semType name="Locative_relation" ID="182"/>
    </FE>
    <FE bgColor="FF00FF" fgColor="FFFFFF" coreType="Peripheral" cBy="MJE" cDate="08/15/2006 01:33:27 PDT Tue" abbrev="man" name="Manner" ID="10501">
        <definition>&lt;def-root&gt;A holistic description of the event (e.g. &lt;ment&gt;the same way&lt;/ment&gt;), including depictions of the &lt;fen&gt;Agent&lt;/fen&gt; in terms of how the state of the &lt;fen&gt;Agent&lt;/fen&gt; affects the overall action (e.g &lt;ment&gt;maliciously&lt;/ment&gt;).&lt;/def-root&gt;</definition>
    </FE>
    <FE bgColor="006400" fgColor="FFFFFF" coreType="Extra-Thematic" cBy="AlK" cDate="10/02/2008 05:04:06 PDT Thu" abbrev="" name="Frequency" ID="13071">
        <definition>&lt;def-root&gt;Meaning: This frame element is defined as the number of times an event occurs per some unit of time. A Frequency expression answers the question how often. It is to be distinguished from Iteration, which pertains simply to the number of times an event occurs--Iteration expressions answer the question how many times.&lt;/def-root&gt;</definition>
    </FE>
    <FE bgColor="EEE8AA" fgColor="000000" coreType="Extra-Thematic" cBy="AlK" cDate="10/02/2008 05:18:05 PDT Thu" abbrev="" name="Degree" ID="13072">
        <definition>&lt;def-root&gt;Degree to which event occurs&lt;/def-root&gt;</definition>
        <semType name="Degree" ID="172"/>
    </FE>
    <FE bgColor="7FFF00" fgColor="000000" coreType="Extra-Thematic" cBy="AlK" cDate="10/06/2008 11:27:31 PDT Mon" abbrev="" name="Duration" ID="13073">
        <definition>&lt;def-root&gt;The length of time that the &lt;fen&gt;Artifact&lt;/fen&gt; is (or has been) rendered nonfunctional. &lt;/def-root&gt;</definition>
    </FE>
    <FE bgColor="808080" fgColor="FFFFFF" coreType="Peripheral" cBy="AlK" cDate="10/06/2008 12:56:47 PDT Mon" abbrev="" name="Depictive" ID="13074">
        <definition>&lt;def-root&gt;This FE is used for any &lt;fen&gt;Depictive&lt;/fen&gt; phrase describing the state of particpant while lack of functionality is being rendered.&lt;/def-root&gt;</definition>
    </FE>
    <FEcoreSet>
        <memberFE name="Agent" ID="4313"/>
        <memberFE name="Cause" ID="7420"/>
    </FEcoreSet>
    <frameRelation type="Inherits from">
        <relatedFrame ID="10">Transitive_action</relatedFrame>
    </frameRelation>
    <frameRelation type="Is Inherited by"/>
    <frameRelation type="Perspective on"/>
    <frameRelation type="Is Perspectivized in"/>
    <frameRelation type="Uses"/>
    <frameRelation type="Is Used by">
        <relatedFrame ID="1200">Being_operational</relatedFrame>
    </frameRelation>
    <frameRelation type="Subframe of"/>
    <frameRelation type="Has Subframe(s)"/>
    <frameRelation type="Precedes"/>
    <frameRelation type="Is Preceded by"/>
    <frameRelation type="Is Inchoative of"/>
    <frameRelation type="Is Causative of"/>
    <frameRelation type="See also"/>
    <lexUnit status="Insufficient_Attestations" POS="V" name="total.v" ID="8463" lemmaID="40804" cBy="MJE" cDate="03/25/2003 05:25:51 PST Tue">
        <definition>COD: destroy or kill.</definition>
        <sentenceCount annotated="0" total="0"/>
        <lexeme order="1" headword="false" breakBefore="false" POS="V" name="total"/>
    </lexUnit>
    <lexUnit status="Created" POS="V" name="break.v" ID="8464" lemmaID="4496" cBy="MJE" cDate="03/25/2003 05:37:11 PST Tue">
        <definition>FN: make non-functional</definition>
        <sentenceCount annotated="0" total="0"/>
        <lexeme order="1" headword="false" breakBefore="false" POS="V" name="break"/>
    </lexUnit>
    <lexUnit status="Insufficient_Attestations" POS="V" name="hose.v" ID="8465" lemmaID="18460" cBy="MJE" cDate="03/25/2003 07:02:39 PST Tue">
        <definition>FN: to render completely useless.</definition>
        <sentenceCount annotated="0" total="0"/>
        <lexeme order="1" headword="false" breakBefore="false" POS="V" name="hose"/>
    </lexUnit>
    <lexUnit status="Created" POS="V" name="knock out.v" ID="10860" lemmaID="49450" cBy="KlB" cDate="08/18/2004 05:06:51 PDT Wed">
        <definition>COD: destroy or disable equipment.</definition>
        <sentenceCount annotated="0" total="0"/>
        <lexeme order="1" headword="true" breakBefore="false" POS="V" name="knock"/>
        <lexeme order="2" headword="false" breakBefore="true" POS="ADV" name="out"/>
    </lexUnit>
    <lexUnit status="Finished_Initial" POS="V" name="disable.v" ID="11445" lemmaID="10776" cBy="MJE" cDate="12/14/2004 11:10:04 PST Tue">
        <definition>COD: put out of action.</definition>
        <sentenceCount annotated="23" total="186"/>
        <lexeme order="1" headword="false" breakBefore="false" POS="V" name="disable"/>
    </lexUnit>
    <lexUnit status="Finished_Initial" POS="V" name="incapacitate.v" ID="14977" lemmaID="19376" cBy="JKs" cDate="04/28/2008 02:53:04 PDT Mon">
        <definition>FN: to cause something to stop functioning</definition>
        <sentenceCount annotated="24" total="97"/>
        <lexeme order="1" headword="false" breakBefore="false" POS="V" name="incapacitate"/>
    </lexUnit>
</frame>