<?xml version="1.0" encoding="UTF-8" standalone="yes"?>
<?xml-stylesheet type="text/xsl" href="frame.xsl"?>
<frame cBy="ACW" cDate="01/14/2003 02:48:51 PST Tue" name="Reporting" ID="483" xsi:schemaLocation="../schema/frame.xsd" xmlns="http://framenet.icsi.berkeley.edu" xmlns:xsi="http://www.w3.org/2001/XMLSchema-instance">
    <definition>&lt;def-root&gt;In this frame an &lt;fen&gt;Informer&lt;/fen&gt; informs the &lt;fen&gt;Authorities&lt;/fen&gt; of the illegal or otherwise improper &lt;fen&gt;Behavior&lt;/fen&gt; of the &lt;fen&gt;Wrongdoer&lt;/fen&gt;. &lt;ex&gt; &lt;fex name="Informer"&gt;Tony&lt;/fex&gt; &lt;t&gt;reported&lt;/t&gt; &lt;fex name="Wrongdoer"&gt;Michael&lt;/fex&gt; &lt;fex name="Authorities"&gt;to the police&lt;/fex&gt; &lt;fex name="Behavior"&gt;for breaking into his car&lt;/fex&gt;. &lt;/ex&gt; &lt;ex&gt; &lt;fex name="Informer"&gt;The teacher&lt;/fex&gt; &lt;t&gt;reported&lt;/t&gt; &lt;fex name="Behavior"&gt;the bathroom vandalism&lt;/fex&gt;. &lt;fex name="Aut"&gt;DNI&lt;/fex&gt; &lt;/ex&gt;&lt;/def-root&gt;</definition>
    <FE bgColor="FF0000" fgColor="FFFFFF" coreType="Core" cBy="ACW" cDate="01/14/2003 02:57:54 PST Tue" abbrev="Inf" name="Informer" ID="4020">
        <definition>&lt;def-root&gt;The &lt;fen&gt;Informer&lt;/fen&gt; reports the activities of the &lt;fen&gt;Wrongdoer&lt;/fen&gt; to the &lt;fen&gt;Authorities&lt;/fen&gt;.&lt;/def-root&gt;</definition>
    </FE>
    <FE bgColor="0000FF" fgColor="FFFFFF" coreType="Core" cBy="ACW" cDate="01/14/2003 03:00:13 PST Tue" abbrev="Wd" name="Wrongdoer" ID="4021">
        <definition>&lt;def-root&gt;The &lt;fen&gt;Wrongdoer&lt;/fen&gt; has his or her activities reported to the &lt;fen&gt;Authorities&lt;/fen&gt;.&lt;/def-root&gt;</definition>
    </FE>
    <FE bgColor="9400D3" fgColor="FFFFFF" coreType="Core" cBy="ACW" cDate="01/14/2003 03:01:29 PST Tue" abbrev="Aut" name="Authorities" ID="4022">
        <definition>&lt;def-root&gt;The &lt;fen&gt;Authorities&lt;/fen&gt; are the officials, government or otherwise, who handle misbehavior.&lt;/def-root&gt;</definition>
    </FE>
    <FE bgColor="006400" fgColor="FFFFFF" coreType="Core" cBy="ACW" cDate="01/14/2003 03:02:45 PST Tue" abbrev="" name="Behavior" ID="4023">
        <definition>&lt;def-root&gt;The &lt;fen&gt;Behavior&lt;/fen&gt; is the action or actions for which the &lt;fen&gt;Wrongdoer&lt;/fen&gt; is reported.&lt;/def-root&gt;</definition>
    </FE>
    <FE bgColor="2E8B57" fgColor="FFFFFF" coreType="Peripheral" cBy="ACW" cDate="01/16/2003 01:29:23 PST Thu" abbrev="Time" name="Time" ID="4067">
        <definition>&lt;def-root&gt;The &lt;fen&gt;Time&lt;/fen&gt; when the &lt;fen&gt;Informer&lt;/fen&gt; reports the &lt;fen&gt;Behavior&lt;/fen&gt; of the &lt;fen&gt;Wrongdoer&lt;/fen&gt;.&lt;/def-root&gt;</definition>
        <semType name="Time" ID="141"/>
    </FE>
    <FE bgColor="00BFFF" fgColor="FFFFFF" coreType="Peripheral" cBy="ACW" cDate="01/16/2003 01:31:57 PST Thu" abbrev="Place" name="Place" ID="4068">
        <definition>&lt;def-root&gt;The &lt;fen&gt;Place&lt;/fen&gt; is the location where the reporting occurs.&lt;/def-root&gt;</definition>
        <semType name="Locative_relation" ID="182"/>
    </FE>
    <FE bgColor="800080" fgColor="FFFFFF" coreType="Extra-Thematic" cBy="ACW" cDate="01/16/2003 01:34:22 PST Thu" abbrev="Purp" name="Purpose" ID="4069">
        <definition>&lt;def-root&gt;The &lt;fen&gt;Purpose&lt;/fen&gt; is the purpose for which the &lt;fen&gt;Informer&lt;/fen&gt; reports the &lt;fen&gt;Wrongdoer&lt;/fen&gt;.&lt;/def-root&gt;</definition>
        <semType name="State_of_affairs" ID="177"/>
    </FE>
    <FEcoreSet>
        <memberFE name="Wrongdoer" ID="4021"/>
        <memberFE name="Behavior" ID="4023"/>
    </FEcoreSet>
    <frameRelation type="Inherits from"/>
    <frameRelation type="Is Inherited by"/>
    <frameRelation type="Perspective on"/>
    <frameRelation type="Is Perspectivized in"/>
    <frameRelation type="Uses">
        <relatedFrame ID="6">Communication</relatedFrame>
    </frameRelation>
    <frameRelation type="Is Used by"/>
    <frameRelation type="Subframe of"/>
    <frameRelation type="Has Subframe(s)"/>
    <frameRelation type="Precedes"/>
    <frameRelation type="Is Preceded by"/>
    <frameRelation type="Is Inchoative of"/>
    <frameRelation type="Is Causative of"/>
    <frameRelation type="See also"/>
    <lexUnit status="Created" POS="V" name="report.v" ID="7937" lemmaID="32709" cBy="ACW" cDate="01/14/2003 03:13:40 PST Tue">
        <definition>FN: inform the authorities of the wrongful actions of someone</definition>
        <sentenceCount annotated="4" total="4"/>
        <lexeme order="1" headword="false" breakBefore="false" POS="V" name="report"/>
    </lexUnit>
    <lexUnit status="Insufficient_Attestations" POS="V" name="rat.v" ID="7945" lemmaID="31859" cBy="ACW" cDate="01/15/2003 11:45:26 PST Wed">
        <definition>COD: inform on someone. </definition>
        <sentenceCount annotated="4" total="51"/>
        <lexeme order="1" headword="false" breakBefore="false" POS="V" name="rat"/>
    </lexUnit>
    <lexUnit status="Created" POS="V" name="inform.v" ID="7946" lemmaID="19889" cBy="ACW" cDate="01/15/2003 11:46:10 PST Wed">
        <definition>COD: give incriminating information about (someone) to the police or other authority. </definition>
        <sentenceCount annotated="2" total="2"/>
        <lexeme order="1" headword="false" breakBefore="false" POS="V" name="inform"/>
    </lexUnit>
    <lexUnit status="Created" POS="V" name="tell (on).v" ID="7947" lemmaID="39772" cBy="ACW" cDate="01/15/2003 11:47:16 PST Wed">
        <definition>COD: inform on.</definition>
        <sentenceCount annotated="0" total="0"/>
        <lexeme order="1" headword="false" breakBefore="false" POS="V" name="tell"/>
    </lexUnit>
    <lexUnit status="Created" POS="V" name="rat out.v" ID="7984" lemmaID="47084" cBy="ACW" cDate="01/15/2003 03:02:38 PST Wed">
        <definition>COD: inform on</definition>
        <sentenceCount annotated="0" total="0"/>
        <lexeme order="1" headword="true" breakBefore="false" POS="V" name="rat"/>
        <lexeme order="2" headword="false" breakBefore="false" POS="ADV" name="out"/>
    </lexUnit>
    <lexUnit status="Created" POS="N" name="squeal.n" ID="8010" lemmaID="37637" cBy="ACW" cDate="01/16/2003 01:11:56 PST Thu">
        <definition>COD:  inform on someone. </definition>
        <sentenceCount annotated="0" total="0"/>
        <lexeme order="1" headword="false" breakBefore="false" POS="N" name="squeal"/>
    </lexUnit>
    <lexUnit status="Needs_SCs" POS="V" name="snitch.v" ID="8011" lemmaID="36656" cBy="ACW" cDate="01/16/2003 01:13:23 PST Thu">
        <definition>COD: inform on someone. </definition>
        <sentenceCount annotated="3" total="9"/>
        <lexeme order="1" headword="false" breakBefore="false" POS="V" name="snitch"/>
    </lexUnit>
    <lexUnit status="Insufficient_Attestations" POS="V" name="peach.v" ID="8012" lemmaID="28155" cBy="ACW" cDate="01/16/2003 01:24:20 PST Thu">
        <definition>COD: inform on. </definition>
        <sentenceCount annotated="0" total="0"/>
        <lexeme order="1" headword="false" breakBefore="false" POS="V" name="peach"/>
    </lexUnit>
    <lexUnit status="Created" POS="N" name="fink.n" ID="8126" lemmaID="14424" cBy="ACW" cDate="01/22/2003 05:49:59 PST Wed">
        <definition>COD: an informer. </definition>
        <sentenceCount annotated="0" total="0"/>
        <lexeme order="1" headword="false" breakBefore="false" POS="N" name="fink"/>
    </lexUnit>
    <lexUnit status="Created" POS="N" name="informer.n" ID="8127" lemmaID="19898" cBy="ACW" cDate="01/22/2003 05:50:54 PST Wed">
        <definition>COD: a person who informs on another person to the police or other authority. </definition>
        <sentenceCount annotated="0" total="0"/>
        <lexeme order="1" headword="false" breakBefore="false" POS="N" name="informer"/>
    </lexUnit>
    <lexUnit status="Needs_SCs" POS="N" name="snitch.n" ID="8128" lemmaID="36657" cBy="ACW" cDate="01/22/2003 05:56:40 PST Wed">
        <definition>COD: an informer. </definition>
        <sentenceCount annotated="3" total="18"/>
        <lexeme order="1" headword="false" breakBefore="false" POS="N" name="snitch"/>
    </lexUnit>
    <lexUnit status="Created" POS="N" name="nark.n" ID="8129" lemmaID="25436" cBy="ACW" cDate="01/22/2003 05:58:29 PST Wed">
        <definition>COD: a police informer. </definition>
        <sentenceCount annotated="0" total="0"/>
        <lexeme order="1" headword="false" breakBefore="false" POS="N" name="nark"/>
    </lexUnit>
    <lexUnit status="Created" POS="V" name="fink.v" ID="12690" lemmaID="50230" cBy="JKR" cDate="08/23/2005 03:22:11 PDT Tue">
        <definition>COD: inform on.</definition>
        <sentenceCount annotated="0" total="0"/>
        <lexeme order="1" headword="true" breakBefore="false" POS="V" name="fink"/>
    </lexUnit>
</frame>