<?xml version="1.0" encoding="UTF-8" standalone="yes"?>
<?xml-stylesheet type="text/xsl" href="frame.xsl"?>
<frame cBy="RLG" cDate="10/14/2011 02:06:22 PDT Fri" name="Representative" ID="2678" xsi:schemaLocation="../schema/frame.xsd" xmlns="http://framenet.icsi.berkeley.edu" xmlns:xsi="http://www.w3.org/2001/XMLSchema-instance">
    <definition>&lt;def-root&gt;A &lt;fen&gt;Representative&lt;/fen&gt; is authorized by a &lt;fen&gt;Represented&lt;/fen&gt; to communicate on behalf of the &lt;fen&gt;Represented&lt;/fen&gt;.

&lt;ex&gt;&lt;fex name="Representative"&gt;She&lt;/fex&gt; is a &lt;t&gt;representative&lt;/t&gt; &lt;fex name="Representative"&gt;for Pepsi&lt;/fex&gt;.&lt;/ex&gt;&lt;/def-root&gt;</definition>
    <FE bgColor="0000FF" fgColor="FFFFFF" coreType="Peripheral" cBy="RLG" cDate="10/14/2011 02:06:22 PDT Fri" abbrev="Ori" name="Origin" ID="15247">
        <definition>&lt;def-root&gt;The &lt;fen&gt;Origin&lt;/fen&gt; is the place where the &lt;fen&gt;Representative&lt;/fen&gt; was born or lived a salient part of her or his life.&lt;/def-root&gt;</definition>
    </FE>
    <FE bgColor="FF0000" fgColor="FFFFFF" coreType="Core" cBy="RLG" cDate="10/14/2011 02:06:23 PDT Fri" abbrev="rep" name="Representative" ID="15248">
        <definition>&lt;def-root&gt;The &lt;fen&gt;Representative&lt;/fen&gt; speaks for another.&lt;/def-root&gt;</definition>
        <semType name="Human" ID="80"/>
    </FE>
    <FE bgColor="006400" fgColor="FFFFFF" coreType="Extra-Thematic" cBy="RLG" cDate="10/14/2011 02:06:23 PDT Fri" abbrev="Pers_char" name="Persistent_characteristic" ID="15249">
        <definition>&lt;def-root&gt;The &lt;fen&gt;Persistent_characteristic&lt;/fen&gt; is a physiological characteristic or personality trait of the &lt;fen&gt;Representative&lt;/fen&gt; which is concieved of as persisting over time.&lt;/def-root&gt;</definition>
    </FE>
    <FE bgColor="00BFFF" fgColor="FFFFFF" coreType="Extra-Thematic" cBy="RLG" cDate="10/14/2011 02:06:23 PDT Fri" abbrev="Desc" name="Descriptor" ID="15250">
        <definition>&lt;def-root&gt;The &lt;fen&gt;Descriptor&lt;/fen&gt; is a temporary condition of the &lt;fen&gt;Representative&lt;/fen&gt;.&lt;/def-root&gt;</definition>
    </FE>
    <FE bgColor="00008B" fgColor="FFFFFF" coreType="Peripheral" cBy="RLG" cDate="10/14/2011 02:06:23 PDT Fri" abbrev="Age" name="Age" ID="15251">
        <definition>&lt;def-root&gt;The &lt;fen&gt;Age&lt;/fen&gt; is the length of time the &lt;fen&gt;Representative&lt;/fen&gt; has been alive.&lt;/def-root&gt;</definition>
    </FE>
    <FE bgColor="800080" fgColor="FFFFFF" coreType="Peripheral" cBy="RLG" cDate="10/14/2011 02:06:23 PDT Fri" abbrev="Eth" name="Ethnicity" ID="15252">
        <definition>&lt;def-root&gt;The &lt;fen&gt;Ethnicity&lt;/fen&gt; is the religious, racial, national, socio-economic or cultural group to which the &lt;fen&gt;Representative&lt;/fen&gt; belongs.&lt;/def-root&gt;</definition>
    </FE>
    <FE bgColor="FFA500" fgColor="000000" coreType="Extra-Thematic" cBy="RLG" cDate="10/14/2011 02:06:23 PDT Fri" abbrev="coa" name="Context_of_acquaintance" ID="15253">
        <definition>&lt;def-root&gt;An expression indicating the context with which the &lt;fen&gt;Representative&lt;/fen&gt; is associated.
&lt;/def-root&gt;</definition>
    </FE>
    <FE bgColor="7CCD7C" fgColor="FFFFFF" coreType="Peripheral" cBy="RLG" cDate="10/14/2011 02:06:23 PDT Fri" abbrev="rnk" name="Rank" ID="15254">
        <definition>&lt;def-root&gt;&lt;fen&gt;Rank&lt;/fen&gt; is the position in a hierarchy that a &lt;fen&gt;Representative&lt;/fen&gt; occupies within an organization.&lt;/def-root&gt;</definition>
    </FE>
    <FE bgColor="FF00FF" fgColor="FFFFFF" coreType="Peripheral" cBy="RLG" cDate="10/14/2011 02:06:23 PDT Fri" abbrev="poe" name="Place_of_employment" ID="15255">
        <definition>&lt;def-root&gt;This FE identifies the Place where the &lt;fen&gt;Representative&lt;/fen&gt; works.&lt;/def-root&gt;</definition>
    </FE>
    <FE bgColor="1E90FF" fgColor="FFFFFF" coreType="Peripheral" cBy="RLG" cDate="10/14/2011 02:06:23 PDT Fri" abbrev="repd" name="Represented" ID="15256">
        <definition>&lt;def-root&gt;The &lt;fen&gt;Represented&lt;/fen&gt; authorizes the &lt;fen&gt;Representative&lt;/fen&gt; to communicate on its behalf.&lt;/def-root&gt;</definition>
    </FE>
    <FE bgColor="A52A2A" fgColor="FFFFFF" coreType="Peripheral" cBy="RLG" cDate="10/14/2011 02:06:23 PDT Fri" abbrev="typ" name="Type" ID="15257">
        <definition>&lt;def-root&gt;This FE identifies the &lt;fen&gt;Type&lt;/fen&gt; of &lt;fen&gt;Representative&lt;/fen&gt;.&lt;/def-root&gt;</definition>
    </FE>
    <FE bgColor="9400D3" fgColor="FFFFFF" coreType="Peripheral" cBy="RLG" cDate="10/14/2011 02:06:23 PDT Fri" abbrev="com" name="Compensation" ID="15258">
        <definition>&lt;def-root&gt;The &lt;fen&gt;Compensation&lt;/fen&gt; is the payment that the &lt;fen&gt;Representative&lt;/fen&gt; receives for performing a task.&lt;/def-root&gt;</definition>
    </FE>
    <FE bgColor="FF00FF" fgColor="FFFFFF" coreType="Peripheral" cBy="RLG" cDate="10/14/2011 02:06:23 PDT Fri" abbrev="cb" name="Contract_basis" ID="15259">
        <definition>&lt;def-root&gt;The &lt;fen&gt;Contract_basis&lt;/fen&gt; describes the conditions of employment with respect to permanency, hours per time period, or payment basis.

&lt;ex&gt;Smithers is a &lt;fex name="cb"&gt;half-time&lt;/fex&gt; &lt;t&gt;spokesperson&lt;/t&gt; for Procteur et Gamble &lt;/ex&gt;&lt;/def-root&gt;</definition>
    </FE>
    <frameRelation type="Inherits from">
        <relatedFrame ID="1071">People_by_vocation</relatedFrame>
    </frameRelation>
    <frameRelation type="Is Inherited by"/>
    <frameRelation type="Perspective on"/>
    <frameRelation type="Is Perspectivized in"/>
    <frameRelation type="Uses"/>
    <frameRelation type="Is Used by"/>
    <frameRelation type="Subframe of"/>
    <frameRelation type="Has Subframe(s)"/>
    <frameRelation type="Precedes"/>
    <frameRelation type="Is Preceded by"/>
    <frameRelation type="Is Inchoative of"/>
    <frameRelation type="Is Causative of"/>
    <frameRelation type="See also"/>
    <lexUnit status="Created" POS="N" name="spokesman.n" ID="16743" lemmaID="37441" cBy="RLG" cDate="10/14/2011 02:18:14 PDT Fri">
        <definition>FN: a male spokesperson</definition>
        <sentenceCount annotated="3" total="3"/>
        <lexeme order="1" headword="false" breakBefore="false" POS="N" name="spokesman"/>
    </lexUnit>
    <lexUnit status="Created" POS="N" name="representative.n" ID="17210" lemmaID="50812" cBy="PKe" cDate="01/02/2013 12:02:55 PST Wed">
        <definition>FN: One who acts on another's behalf or on the behalfof a group of people.</definition>
        <sentenceCount annotated="0" total="0"/>
        <lexeme order="1" headword="true" breakBefore="false" POS="N" name="representative"/>
    </lexUnit>
    <lexUnit status="Created" POS="N" name="spokeswoman.n" ID="17211" lemmaID="37442" cBy="PKe" cDate="01/02/2013 12:05:45 PST Wed">
        <definition>FN: a female spokesperson</definition>
        <sentenceCount annotated="0" total="0"/>
        <lexeme order="1" headword="false" breakBefore="false" POS="N" name="spokeswoman"/>
    </lexUnit>
    <lexUnit status="Created" POS="N" name="spokesperson.n" ID="17212" lemmaID="51339" cBy="PKe" cDate="01/02/2013 12:07:58 PST Wed">
        <definition>FN: a person who advocates for and speaks on behalf of another or an organization</definition>
        <sentenceCount annotated="0" total="0"/>
        <lexeme order="1" headword="true" breakBefore="false" POS="N" name="spokesperson"/>
    </lexUnit>
</frame>