<?xml version="1.0" encoding="UTF-8" standalone="yes"?>
<?xml-stylesheet type="text/xsl" href="frame.xsl"?>
<frame cBy="CVa" cDate="07/21/2014 11:38:27 PDT Mon" name="Rescuing" ID="2841" xsi:schemaLocation="../schema/frame.xsd" xmlns="http://framenet.icsi.berkeley.edu" xmlns:xsi="http://www.w3.org/2001/XMLSchema-instance">
    <definition>&lt;def-root&gt;An &lt;fen&gt;Agent&lt;/fen&gt; saves a &lt;fen&gt;Patient&lt;/fen&gt; or an &lt;fen&gt;Asset&lt;/fen&gt; from a &lt;fen&gt;Harmful_situation&lt;/fen&gt;. 

&lt;ex&gt;&lt;fex name="Agent"&gt;Israeli commandos&lt;/fex&gt; &lt;t&gt;rescued&lt;/t&gt; &lt;fex name="Patient"&gt;the hostages&lt;/fex&gt; and left.&lt;/ex&gt; 

&lt;ex&gt;&lt;fex name="Agent"&gt;His German shepherd&lt;/fex&gt; &lt;t&gt;saved&lt;/t&gt; &lt;fex name="Patient"&gt;him&lt;/fex&gt; &lt;fex name="Harm"&gt;from drowing&lt;/fex&gt; once.&lt;/ex&gt;

&lt;ex&gt;&lt;fex name="Agent"&gt;She&lt;/fex&gt; &lt;t&gt;saved&lt;/t&gt; &lt;fex name="Asset"&gt;my life&lt;/fex&gt; &lt;fex name="Place"&gt;on the bridge&lt;/fex&gt; &lt;fex name="Time"&gt;yesterday&lt;/fex&gt;.&lt;/ex&gt;&lt;/def-root&gt;</definition>
    <FE bgColor="FF0000" fgColor="FFFFFF" coreType="Core" cBy="CVa" cDate="07/21/2014 11:40:13 PDT Mon" abbrev="" name="Agent" ID="16152">
        <definition>&lt;def-root&gt;The sentient being who rescues the &lt;fen&gt;Patient&lt;/fen&gt; or &lt;fen&gt;Asset&lt;/fen&gt; from the &lt;fen&gt;Harmful_situation&lt;/fen&gt;.

&lt;ex&gt;&lt;fex name="Agent"&gt;He&lt;/fex&gt; &lt;t&gt;rescued&lt;/t&gt; the innocent girl from a fate worse than death. &lt;/ex&gt;&lt;/def-root&gt;</definition>
    </FE>
    <FE bgColor="0000FF" fgColor="FFFFFF" coreType="Core" cBy="CVa" cDate="07/21/2014 11:41:06 PDT Mon" abbrev="" name="Patient" ID="16153">
        <definition>&lt;def-root&gt;The living being who is rescued by the &lt;fen&gt;Agent&lt;/fen&gt;.

&lt;ex&gt;&lt;fex name="Patient"&gt;Three foxes&lt;/fex&gt; were &lt;t&gt;saved&lt;/t&gt; from being savagely ripped apart.&lt;/ex&gt;&lt;/def-root&gt;</definition>
    </FE>
    <FE bgColor="008000" fgColor="FFFFFF" coreType="Core" cBy="CVa" cDate="07/21/2014 11:42:12 PDT Mon" abbrev="" name="Asset" ID="16154">
        <definition>&lt;def-root&gt;The entity that is judged to be valueable which might be lost or damaged by the &lt;fen&gt;Harmful_situation&lt;/fen&gt;.

&lt;ex&gt;She &lt;t&gt;saved&lt;/t&gt; &lt;fex name="Asset"&gt;countless lives&lt;/fex&gt; during her short stay on the plantation.&lt;/ex&gt;&lt;/def-root&gt;</definition>
    </FE>
    <FE bgColor="800080" fgColor="FFFFFF" coreType="Core" cBy="CVa" cDate="07/21/2014 11:44:46 PDT Mon" abbrev="Harm" name="Harmful_situation" ID="16155">
        <definition>&lt;def-root&gt;An event that occurs which could result in injury or harm to the &lt;fen&gt;Patient&lt;/fen&gt; or &lt;fen&gt;Asset&lt;/fen&gt;.

&lt;ex&gt;Three foxes were &lt;t&gt;saved&lt;/t&gt; &lt;fex name="Harm"&gt;from being savagely ripped apart&lt;/fex&gt;.&lt;/ex&gt;&lt;/def-root&gt;</definition>
    </FE>
    <FE bgColor="FFD700" fgColor="000000" coreType="Peripheral" cBy="CVa" cDate="07/21/2014 11:46:17 PDT Mon" abbrev="" name="Time" ID="16156">
        <definition>&lt;def-root&gt;The time at which the &lt;fen&gt;Agent&lt;/fen&gt; rescues the &lt;fen&gt;Patient&lt;/fen&gt; or &lt;fen&gt;Asset&lt;/fen&gt;.

&lt;ex&gt;She &lt;t&gt;saved&lt;/t&gt; my life on the bridge &lt;fex name="Time"&gt;yesterday&lt;/fex&gt;.&lt;/ex&gt;&lt;/def-root&gt;</definition>
    </FE>
    <FE bgColor="FF00FF" fgColor="FFFFFF" coreType="Peripheral" cBy="CVa" cDate="07/21/2014 11:46:54 PDT Mon" abbrev="" name="Manner" ID="16157">
        <definition>&lt;def-root&gt;The way in which the &lt;fen&gt;Agent&lt;/fen&gt; rescues the &lt;fen&gt;Patient&lt;/fen&gt; or &lt;fen&gt;Asset&lt;/fen&gt;.

&lt;ex&gt;Kevin informed her that he would &lt;fex name="Manner"&gt;happily&lt;/fex&gt; &lt;t&gt;save&lt;/t&gt; her, given the opportunity.&lt;/ex&gt;&lt;/def-root&gt;</definition>
    </FE>
    <FE bgColor="7CCD7C" fgColor="000000" coreType="Peripheral" cBy="CVa" cDate="07/21/2014 11:47:24 PDT Mon" abbrev="" name="Place" ID="16158">
        <definition>&lt;def-root&gt;The location at which the &lt;fen&gt;Agent&lt;/fen&gt; rescues the &lt;fen&gt;Patient&lt;/fen&gt; or &lt;fen&gt;Asset&lt;/fen&gt;.

&lt;ex&gt;She &lt;t&gt;saved&lt;/t&gt; my life &lt;fex name="Place"&gt;on the bridge&lt;/fex&gt; yesterday.&lt;/ex&gt;&lt;/def-root&gt;</definition>
    </FE>
    <FE bgColor="A52A2A" fgColor="FFFFFF" coreType="Extra-Thematic" cBy="CVa" cDate="07/21/2014 11:48:39 PDT Mon" abbrev="Circ" name="Circumstances" ID="16159">
        <definition>&lt;def-root&gt;The setting in which the rescuing act takes place.  &lt;/def-root&gt;</definition>
    </FE>
    <FE bgColor="808080" fgColor="FFFFFF" coreType="Peripheral" cBy="CVa" cDate="07/21/2014 11:50:32 PDT Mon" abbrev="" name="Instrument" ID="16160">
        <definition>&lt;def-root&gt;The tool with which the &lt;fen&gt;Agent&lt;/fen&gt; saves the &lt;fen&gt;Patient&lt;/fen&gt; or &lt;fen&gt;Asset&lt;/fen&gt;.

&lt;ex&gt;She &lt;t&gt;saved&lt;/t&gt; my life &lt;fex name="Instrument"&gt;with her words&lt;/fex&gt;.&lt;/ex&gt;&lt;/def-root&gt;</definition>
    </FE>
    <FE bgColor="9400D3" fgColor="FFFFFF" coreType="Peripheral" cBy="CVa" cDate="07/21/2014 11:51:08 PDT Mon" abbrev="" name="Means" ID="16161">
        <definition>&lt;def-root&gt;The means by which the &lt;fen&gt;Agent&lt;/fen&gt; rescues the &lt;fen&gt;Patient&lt;/fen&gt; or &lt;fen&gt;Asset&lt;/fen&gt;.

&lt;ex&gt;The nurse &lt;t&gt;saved&lt;/t&gt; my life &lt;fex name="Means"&gt;by performing CPR&lt;/fex&gt;.&lt;/ex&gt;&lt;/def-root&gt;</definition>
    </FE>
    <FE bgColor="9F79EE" fgColor="FFFFFF" coreType="Peripheral" cBy="CVa" cDate="07/21/2014 11:51:46 PDT Mon" abbrev="" name="Purpose" ID="16162">
        <definition>&lt;def-root&gt;The purpose for which the &lt;fen&gt;Agent&lt;/fen&gt; rescues the &lt;fen&gt;Patient&lt;/fen&gt; or &lt;fen&gt;Asset&lt;/fen&gt;.

&lt;ex&gt;You know he only &lt;t&gt;saved&lt;/t&gt; the dog &lt;fex name="Purpose"&gt;to get close to Miranda&lt;/fex&gt;.&lt;/ex&gt;&lt;/def-root&gt;</definition>
    </FE>
    <FE bgColor="d0d0d0" fgColor="000000" coreType="Extra-Thematic" cBy="CVa" cDate="07/21/2014 11:52:46 PDT Mon" abbrev="Exp" name="Explanation" ID="16163">
        <definition>&lt;def-root&gt;A state of affairs that the &lt;fen&gt;Agent&lt;/fen&gt; is responding to in performing the action.&lt;/def-root&gt;</definition>
    </FE>
    <FE bgColor="FF69B4" fgColor="000000" coreType="Peripheral" cBy="CVa" cDate="07/21/2014 11:55:41 PDT Mon" abbrev="" name="Degree" ID="16165">
        <definition>&lt;def-root&gt;The extent to which the &lt;fen&gt;Patient&lt;/fen&gt; or &lt;fen&gt;Asset&lt;/fen&gt; is actually saved.

&lt;ex&gt;He &lt;fex name="Degree"&gt;wholly&lt;/fex&gt; &lt;t&gt;saved&lt;/t&gt; the town from hunger.&lt;/ex&gt;&lt;/def-root&gt;</definition>
    </FE>
    <FEcoreSet>
        <memberFE name="Patient" ID="16153"/>
        <memberFE name="Asset" ID="16154"/>
    </FEcoreSet>
    <frameRelation type="Inherits from">
        <relatedFrame ID="230">Intentionally_affect</relatedFrame>
    </frameRelation>
    <frameRelation type="Is Inherited by"/>
    <frameRelation type="Perspective on"/>
    <frameRelation type="Is Perspectivized in"/>
    <frameRelation type="Uses">
        <relatedFrame ID="1763">Risk_scenario</relatedFrame>
    </frameRelation>
    <frameRelation type="Is Used by"/>
    <frameRelation type="Subframe of"/>
    <frameRelation type="Has Subframe(s)"/>
    <frameRelation type="Precedes"/>
    <frameRelation type="Is Preceded by"/>
    <frameRelation type="Is Inchoative of"/>
    <frameRelation type="Is Causative of"/>
    <frameRelation type="See also"/>
    <lexUnit status="New" POS="V" name="rescue.v" ID="17640" lemmaID="32809" cBy="CVa" cDate="07/21/2014 11:56:27 PDT Mon">
        <definition>FN: to save someone or something from a dangerous situation</definition>
        <sentenceCount annotated="25" total="69"/>
        <lexeme order="1" headword="false" breakBefore="false" POS="V" name="rescue"/>
    </lexUnit>
    <lexUnit status="New" POS="V" name="save.v" ID="17641" lemmaID="34243" cBy="CVa" cDate="07/21/2014 11:57:03 PDT Mon">
        <definition>FN: to rescue someone or something from potential harm or danger</definition>
        <sentenceCount annotated="18" total="168"/>
        <lexeme order="1" headword="false" breakBefore="false" POS="V" name="save"/>
    </lexUnit>
</frame>