<?xml version="1.0" encoding="UTF-8" standalone="yes"?>
<?xml-stylesheet type="text/xsl" href="frame.xsl"?>
<frame cBy="JKR" cDate="06/29/2004 10:55:02 PDT Tue" name="Research" ID="1152" xsi:schemaLocation="../schema/frame.xsd" xmlns="http://framenet.icsi.berkeley.edu" xmlns:xsi="http://www.w3.org/2001/XMLSchema-instance">
    <definition>&lt;def-root&gt;A &lt;fen&gt;Researcher&lt;/fen&gt; (an individual a group or institution) attempts to answer a &lt;fen&gt;Question&lt;/fen&gt; by means of consulting literature,  observation, or conducting experiments in a particular &lt;fen&gt;Field&lt;/fen&gt; pertinent to the &lt;fen&gt;Question&lt;/fen&gt;. The &lt;fen&gt;Question&lt;/fen&gt; may be underspecified in the form of a &lt;fen&gt;Topic&lt;/fen&gt;.


&lt;ex&gt; &lt;fex name="res"&gt;Simmons and Nadel&lt;/fex&gt; did &lt;t&gt;research&lt;/t&gt; &lt;fex name="top"&gt;pertaining to Ardea purpurea and Egretta garzetta&lt;/fex&gt; &lt;fex name="tim"&gt;in 1998&lt;/fex&gt;&lt;/ex&gt;&lt;/def-root&gt;</definition>
    <FE bgColor="FF0000" fgColor="FFFFFF" coreType="Core" cBy="JKR" cDate="06/29/2004 11:10:31 PDT Tue" abbrev="res" name="Researcher" ID="6668">
        <definition>&lt;def-root&gt;The people engaged in a research endeavor.

&lt;ex&gt;Before he became an astronaut, &lt;fex name="res"&gt;Grunsfeld&lt;/fex&gt; &lt;m&gt;did&lt;/m&gt; &lt;t&gt;research&lt;/t&gt; in physics. &lt;/ex&gt;&lt;/def-root&gt;</definition>
        <semType name="Sentient" ID="5"/>
    </FE>
    <FE bgColor="00008B" fgColor="FFFFFF" coreType="Core-Unexpressed" cBy="JKR" cDate="06/29/2004 11:11:26 PDT Tue" abbrev="fie" name="Field" ID="6669">
        <definition>&lt;def-root&gt;An area of inquiry.

&lt;ex&gt;&lt;/ex&gt;&lt;/def-root&gt;</definition>
    </FE>
    <FE bgColor="0000FF" fgColor="FFFFFF" coreType="Core" cBy="JKR" cDate="06/29/2004 11:14:00 PDT Tue" abbrev="que" name="Question" ID="6670">
        <definition>&lt;def-root&gt;A significant unanswered open proposition which the &lt;fen&gt;Researcher&lt;/fen&gt; is attempting to resolve.

&lt;ex&gt;When we have &lt;t&gt;researched&lt;/t&gt; &lt;fex name="que"&gt;why Brazilian mothers have stopped breastfeeding&lt;/fex&gt;, principal reasons given are 'poor milk' and 'insufficient milk' .&lt;/ex&gt;&lt;/def-root&gt;</definition>
    </FE>
    <FE bgColor="800080" fgColor="FFFFFF" coreType="Core" cBy="JKR" cDate="06/29/2004 11:17:05 PDT Tue" abbrev="top" name="Topic" ID="6671">
        <definition>&lt;def-root&gt;A phenomenon or idea involved in a &lt;fen&gt;Question&lt;/fen&gt;.

&lt;ex&gt;Would you take part in &lt;t&gt;research&lt;/t&gt; &lt;fex name="top"&gt;on the best place to have a baby&lt;/fex&gt;? &lt;/ex&gt;&lt;/def-root&gt;</definition>
    </FE>
    <FE bgColor="A52A2A" fgColor="FFFFFF" coreType="Peripheral" cBy="JKR" cDate="06/29/2004 11:23:29 PDT Tue" abbrev="tim" name="Time" ID="6672">
        <definition>&lt;def-root&gt;The time when  the research is carried out.

&lt;ex&gt;&lt;fex name="tim"&gt;During summer of 1999&lt;/fex&gt;, I did &lt;t&gt;research&lt;/t&gt; using a technique called "Path Integral Monte
Carlo", to simulate quantum particles.&lt;/ex&gt;&lt;/def-root&gt;</definition>
        <semType name="Time" ID="141"/>
    </FE>
    <FE bgColor="FF00FF" fgColor="FFFFFF" coreType="Peripheral" cBy="JKR" cDate="11/20/2004 11:34:48 PST Sat" abbrev="mea" name="Means" ID="7288">
        <definition>&lt;def-root&gt;The experimentations, observations, or other procedures performed by the &lt;fen&gt;Researcher&lt;/fen&gt; in order to find an answer to the &lt;fen&gt;Question&lt;/fen&gt;.

&lt;ex&gt;The workgroup has &lt;t&gt;researched&lt;/t&gt; this issue &lt;fex name="mea"&gt;by reviewing the basin plans of other regions and other various sources&lt;/fex&gt;.&lt;/ex&gt;&lt;/def-root&gt;</definition>
        <semType name="State_of_affairs" ID="177"/>
    </FE>
    <FE bgColor="FFA500" fgColor="FFFFFF" coreType="Extra-Thematic" cBy="JKR" cDate="11/20/2004 11:39:23 PST Sat" abbrev="pop" name="Population" ID="7289">
        <definition>&lt;def-root&gt;A group of entities that are studied by the &lt;fen&gt;Researcher&lt;/fen&gt; to answer the &lt;fen&gt;Question&lt;/fen&gt;. The studied group need not be the only kind of entity that provides evidence for answering the research &lt;fen&gt;Question&lt;/fen&gt;.

&lt;ex&gt;Prior researchers have &lt;t&gt;investigated&lt;/t&gt; senile dementia &lt;fex name="pop"&gt;in relatively small populations&lt;/fex&gt;.&lt;/ex&gt;&lt;/def-root&gt;</definition>
    </FE>
    <FE bgColor="FF69B4" fgColor="FFFFFF" coreType="Peripheral" cBy="JKR" cDate="11/20/2004 11:45:11 PST Sat" abbrev="man" name="Manner" ID="7290">
        <definition>&lt;def-root&gt;Any description of the event (or state) which is not covered by more specific FEs, including epistemic modification (probably, presumably, mysteriously),  general descriptions comparing events (the same way). It may indicate salient characteristics of the Researcher that also affect the action (deliberately, eagerly, carefully). 

&lt;ex&gt;The West Chicago Park District &lt;fex name="man"&gt;carefully&lt;/fex&gt; &lt;t&gt;researched&lt;/t&gt; how much of an increase was
needed to accomplish all of our goals.&lt;/ex&gt;&lt;/def-root&gt;</definition>
        <semType name="Manner" ID="173"/>
    </FE>
    <FE bgColor="00BFFF" fgColor="FFFFFF" coreType="Peripheral" cBy="JKR" cDate="03/03/2005 05:17:07 PST Thu" abbrev="pur" name="Purpose" ID="7632">
        <definition>&lt;def-root&gt;&lt;fen&gt;Purpose&lt;/fen&gt; indicates an action that the &lt;fen&gt;Researcher&lt;/fen&gt; intends to accomplish by performing research.

&lt;ex&gt;We &lt;t&gt;research&lt;/t&gt; this fungus &lt;fex name="pur"&gt;to fight ailments in tobacco and tomato fields&lt;/fex&gt;.&lt;/ex&gt;&lt;/def-root&gt;</definition>
        <semType name="State_of_affairs" ID="177"/>
    </FE>
    <FE bgColor="2E8B57" fgColor="FFFFFF" coreType="Extra-Thematic" cBy="RLG" cDate="04/18/2005 08:34:57 PDT Mon" abbrev="dur" name="Duration_of_state" ID="7817">
        <definition>&lt;def-root&gt;The &lt;fen&gt;Duration_of_state&lt;/fen&gt; is the period of time over which the research takes place.

&lt;ex&gt;That particular think tank &lt;t&gt;researched&lt;/t&gt; population change &lt;fex name="dur"&gt;for over three decades&lt;/fex&gt;.&lt;/ex&gt;&lt;/def-root&gt;</definition>
    </FE>
    <FE bgColor="006400" fgColor="FFFFFF" coreType="Peripheral" cBy="RLG" cDate="04/18/2005 09:22:12 PDT Mon" abbrev="pla" name="Place" ID="7818">
        <definition>&lt;def-root&gt;The physical place where the research is carried out.

&lt;ex&gt;Johnson and Randall's &lt;t&gt;research&lt;/t&gt; &lt;fex name="pla"&gt;in Africa&lt;/fex&gt; has proven extremely valuable.&lt;/ex&gt;&lt;/def-root&gt;</definition>
        <semType name="Locative_relation" ID="182"/>
    </FE>
    <FE bgColor="d0d0d0" fgColor="000000" coreType="Extra-Thematic" cBy="RLG" cDate="04/18/2005 01:06:25 PDT Mon" abbrev="typ" name="Type" ID="7832">
        <definition>&lt;def-root&gt;The &lt;fen&gt;Type&lt;/fen&gt;, or subclass of research.

&lt;ex&gt;His lab conducts a lot of &lt;fex name="typ"&gt;mainstream&lt;/fex&gt; &lt;t&gt;research&lt;/t&gt;.&lt;/ex&gt;
&lt;ex&gt;Several institutes exist only for &lt;fex name="typ"&gt;theoretical&lt;/fex&gt; &lt;t&gt;research&lt;/t&gt;.&lt;/ex&gt;&lt;/def-root&gt;</definition>
    </FE>
    <FEcoreSet>
        <memberFE name="Field" ID="6669"/>
        <memberFE name="Topic" ID="6671"/>
        <memberFE name="Question" ID="6670"/>
    </FEcoreSet>
    <frameRelation type="Inherits from">
        <relatedFrame ID="31">Scrutiny</relatedFrame>
    </frameRelation>
    <frameRelation type="Is Inherited by">
        <relatedFrame ID="2340">Trying_out</relatedFrame>
    </frameRelation>
    <frameRelation type="Perspective on"/>
    <frameRelation type="Is Perspectivized in"/>
    <frameRelation type="Uses">
        <relatedFrame ID="22">Cogitation</relatedFrame>
    </frameRelation>
    <frameRelation type="Is Used by"/>
    <frameRelation type="Subframe of"/>
    <frameRelation type="Has Subframe(s)"/>
    <frameRelation type="Precedes"/>
    <frameRelation type="Is Preceded by"/>
    <frameRelation type="Is Inchoative of"/>
    <frameRelation type="Is Causative of"/>
    <frameRelation type="See also"/>
    <lexUnit status="Finished_Initial" POS="V" name="research.v" ID="10684" lemmaID="32812" cBy="JKR" cDate="06/29/2004 11:12:13 PDT Tue">
        <definition>COD: carry out research into</definition>
        <sentenceCount annotated="38" total="221"/>
        <lexeme order="1" headword="false" breakBefore="false" POS="V" name="research"/>
    </lexUnit>
    <lexUnit status="Finished_Initial" POS="N" name="research.n" ID="10685" lemmaID="32811" cBy="JKR" cDate="06/29/2004 11:13:28 PDT Tue">
        <definition>COD: the systematic investigation into and study of materials and sources in order to establish facts and reach new conclusions.</definition>
        <sentenceCount annotated="143" total="405"/>
        <lexeme order="1" headword="false" breakBefore="false" POS="N" name="research"/>
    </lexUnit>
    <lexUnit status="Finished_Initial" POS="V" name="investigate.v" ID="11277" lemmaID="20534" cBy="JKR" cDate="11/20/2004 11:14:48 PST Sat">
        <definition>COD: carry out research into (a subject).</definition>
        <sentenceCount annotated="18" total="20"/>
        <lexeme order="1" headword="false" breakBefore="false" POS="V" name="investigate"/>
    </lexUnit>
</frame>