<?xml version="1.0" encoding="UTF-8" standalone="yes"?>
<?xml-stylesheet type="text/xsl" href="frame.xsl"?>
<frame cBy="ACW" cDate="06/04/2002 11:46:53 PDT Tue" name="Reshaping" ID="344" xsi:schemaLocation="../schema/frame.xsd" xmlns="http://framenet.icsi.berkeley.edu" xmlns:xsi="http://www.w3.org/2001/XMLSchema-instance">
    <definition>&lt;def-root&gt;In this frame a &lt;fen&gt;Deformer&lt;/fen&gt; deforms a &lt;fen&gt;Patient&lt;/fen&gt; possibly against a &lt;fen&gt;Resistant_surface&lt;/fen&gt; such that it undergoes a shape-change from its canonical or original shape into the &lt;fen&gt;Configuration&lt;/fen&gt;, a new shape. Some of these words indicate that the &lt;fen&gt;Configuration&lt;/fen&gt; is an undesirable alteration of the norm, and in such cases the lexical unit is marked with the semantic type Negative_judgement.   This frame does not include senses that specifically indicate causing harm to a living being.  

&lt;ex&gt;&lt;fex name="Def"&gt;Ellen&lt;/fex&gt; &lt;t&gt;crumpled&lt;/t&gt; &lt;fex name="Patient"&gt;the paper&lt;/fex&gt; &lt;fex name="Configuration"&gt;into a ball&lt;/fex&gt;.&lt;/ex&gt; 

&lt;ex&gt;&lt;fex name="Def"&gt;Michael&lt;/fex&gt; &lt;t&gt;flattened&lt;/t&gt; &lt;fex name="Patient"&gt;the can&lt;/fex&gt; &lt;fex name="Resistant_surface"&gt;against his head&lt;/fex&gt;.&lt;/ex&gt; 

&lt;ex&gt;Mix butter and sardines very thoroughly , &lt;t&gt;mashing&lt;/t&gt; &lt;fex name="Patient"&gt;them&lt;/fex&gt; &lt;fex name="Ins"&gt;with a fork&lt;/fex&gt; &lt;fex name="Configuration"&gt;until you have a smooth paste&lt;/fex&gt;. &lt;fex name="Def"&gt;CNI&lt;/fex&gt;&lt;/ex&gt; 

&lt;ex&gt;&lt;fex name="Cause"&gt;A killer hurricane&lt;/fex&gt; &lt;fex name="Mnr"&gt;nearly&lt;/fex&gt; &lt;t&gt;flattened&lt;/t&gt; &lt;fex name="Patient"&gt;Sylvester Stallone's five luxury homes in Hawaii&lt;/fex&gt;.&lt;/ex&gt; &lt;/def-root&gt;</definition>
    <FE bgColor="FF0000" fgColor="FFFFFF" coreType="Core" cBy="ACW" cDate="06/04/2002 11:52:38 PDT Tue" abbrev="Def" name="Deformer" ID="2957">
        <definition>&lt;def-root&gt;The &lt;fen&gt;Deformer&lt;/fen&gt; is the one who does the reshaping.

&lt;ex&gt;&lt;fex name="Def"&gt;The lieutenant&lt;/fex&gt; &lt;t&gt;crushed&lt;/t&gt; it angrily with his boot before looking back at Hencke.&lt;/ex&gt;&lt;/def-root&gt;</definition>
        <semType name="Sentient" ID="5"/>
    </FE>
    <FE bgColor="2E8B57" fgColor="FFFFFF" coreType="Peripheral" cBy="ACW" cDate="06/04/2002 11:52:41 PDT Tue" abbrev="Ins" name="Instrument" ID="2958">
        <definition>&lt;def-root&gt;This FE identifies the &lt;fen&gt;Instrument&lt;/fen&gt; with which the &lt;fen&gt;Deformer&lt;/fen&gt; affects the &lt;fen&gt;Patient&lt;/fen&gt;.  &lt;ex&gt;The lieutenant &lt;t&gt;crushed&lt;/t&gt; it angrily &lt;fex name="Ins"&gt;with his boot&lt;/fex&gt; before looking back at Hencke.&lt;/ex&gt;&lt;/def-root&gt;</definition>
        <semType name="Physical_entity" ID="70"/>
    </FE>
    <FE bgColor="FF00FF" fgColor="FFFFFF" coreType="Peripheral" cBy="ACW" cDate="06/04/2002 11:52:42 PDT Tue" abbrev="Mnr" name="Manner" ID="2959">
        <definition>&lt;def-root&gt;The FE &lt;fen&gt;Manner&lt;/fen&gt; identifies the manner in which an &lt;fen&gt;Deformer&lt;/fen&gt; intentionally affects the &lt;fen&gt;Patient&lt;/fen&gt;.  &lt;ex&gt;The lieutenant &lt;t&gt;crushed&lt;/t&gt; it &lt;fex name="Mnr"&gt;angrily&lt;/fex&gt; with his boot before looking back at Hencke.&lt;/ex&gt;&lt;/def-root&gt;</definition>
        <semType name="Manner" ID="173"/>
    </FE>
    <FE bgColor="FF69B4" fgColor="FFFFFF" coreType="Peripheral" cBy="ACW" cDate="06/04/2002 11:52:43 PDT Tue" abbrev="Mns" name="Means" ID="2960">
        <definition>&lt;def-root&gt;The FE &lt;fen&gt;Means&lt;/fen&gt; identifies the means by which the &lt;fen&gt;Deformer&lt;/fen&gt; intentionally affects the &lt;fen&gt;Patient&lt;/fen&gt;.&lt;/def-root&gt;</definition>
        <semType name="State_of_affairs" ID="177"/>
    </FE>
    <FE bgColor="0000FF" fgColor="FFFFFF" coreType="Core" cBy="ACW" cDate="06/04/2002 11:52:47 PDT Tue" abbrev="Pat" name="Patient" ID="2961">
        <definition>&lt;def-root&gt;The &lt;fen&gt;Patient&lt;/fen&gt; is the entity acted on and that undergoes a change.  &lt;ex&gt;Jack plucked the flower out of his morning coat and closed his fist slowly over it , &lt;t&gt;crushing&lt;/t&gt; &lt;fex name="Patient"&gt;it&lt;/fex&gt; into a pulp.&lt;/ex&gt;  &lt;/def-root&gt;</definition>
    </FE>
    <FE bgColor="d0d0d0" fgColor="000000" coreType="Peripheral" cBy="ACW" cDate="06/04/2002 11:52:48 PDT Tue" abbrev="Place" name="Place" ID="2962">
        <definition>&lt;def-root&gt;The &lt;fen&gt;Place&lt;/fen&gt; indicates where the &lt;fen&gt;Deformer&lt;/fen&gt; intentionally affects the &lt;fen&gt;Patient&lt;/fen&gt;. &lt;/def-root&gt;</definition>
        <semType name="Locative_relation" ID="182"/>
    </FE>
    <FE bgColor="800080" fgColor="FFFFFF" coreType="Extra-Thematic" cBy="ACW" cDate="06/04/2002 11:52:49 PDT Tue" abbrev="Purp" name="Purpose" ID="2963">
        <definition>&lt;def-root&gt;This FE identifies the purpose for which the &lt;fen&gt;Deformer&lt;/fen&gt; intentionally affects the &lt;fen&gt;Patient&lt;/fen&gt;.  &lt;ex&gt;What 's more , when you 've finished with it simply wipe it clean and then &lt;t&gt;fold&lt;/t&gt; it flat&lt;fex name="Purp"&gt; for easy storage&lt;/fex&gt;.&lt;/ex&gt;&lt;/def-root&gt;</definition>
        <semType name="State_of_affairs" ID="177"/>
    </FE>
    <FE bgColor="FFA500" fgColor="FFFFFF" coreType="Peripheral" cBy="ACW" cDate="06/04/2002 11:52:52 PDT Tue" abbrev="Time" name="Time" ID="2964">
        <definition>&lt;def-root&gt;The FE &lt;fen&gt;Time&lt;/fen&gt; identifies when the &lt;fen&gt;Deformer&lt;/fen&gt; intentionally affects the &lt;fen&gt;Patient&lt;/fen&gt;.  &lt;ex&gt;The lieutenant &lt;t&gt;crushed&lt;/t&gt; it angrily with his boot &lt;fex name="Time"&gt;before looking back at Hencke&lt;/fex&gt;.&lt;/ex&gt;&lt;/def-root&gt;</definition>
        <semType name="Time" ID="141"/>
    </FE>
    <FE bgColor="9400D3" fgColor="FFFFFF" coreType="Extra-Thematic" cBy="ACW" cDate="06/04/2002 12:04:11 PDT Tue" abbrev="Result" name="Result" ID="2965">
        <definition>&lt;def-root&gt;The &lt;fen&gt;Result&lt;/fen&gt; is the shape the &lt;fen&gt;Patient&lt;/fen&gt; becomes.  &lt;ex&gt;Jack plucked the flower out of his morning coat and closed his fist slowly over it , &lt;t&gt;crushing&lt;/t&gt; it &lt;fex name="Result"&gt;into a pulp&lt;/fex&gt;.&lt;/ex&gt;&lt;/def-root&gt;</definition>
    </FE>
    <FE bgColor="00008B" fgColor="FFFFFF" coreType="Peripheral" cBy="ACW" cDate="06/04/2002 12:34:39 PDT Tue" abbrev="Res_surf" name="Resistant_surface" ID="2966">
        <definition>&lt;def-root&gt;The &lt;fen&gt;Resistant_surface&lt;/fen&gt; is the surface against which a &lt;fen&gt;Deformer&lt;/fen&gt; presses the &lt;fen&gt;Patient&lt;/fen&gt;.  &lt;ex&gt;Michael &lt;t&gt;flattened&lt;/t&gt; the can &lt;fex name="Res_surf"&gt;against his head&lt;/fex&gt; . &lt;/ex&gt; &lt;ex&gt;She &lt;t&gt;crushed&lt;/t&gt; her cigarette &lt;fex name="Res_surf"&gt;in the ashtray&lt;/fex&gt; and stood up to go.&lt;/ex&gt;&lt;/def-root&gt;</definition>
    </FE>
    <FE bgColor="A52A2A" fgColor="FFFFFF" coreType="Peripheral" cBy="ACW" cDate="06/06/2002 04:33:05 PDT Thu" abbrev="Loc" name="Locus" ID="2989">
        <definition>&lt;def-root&gt;The &lt;fen&gt;Locus&lt;/fen&gt; is the locus of the reshaping action; it is essentially a simultaneous &lt;fen&gt;Instrument&lt;/fen&gt; and &lt;fen&gt;Resistant_surface&lt;/fen&gt;.

&lt;ex&gt;Russell &lt;t&gt;crumpled&lt;/t&gt; the paper cups &lt;fex name="Locus"&gt;in his fist&lt;/fex&gt;.&lt;/ex&gt;&lt;/def-root&gt;</definition>
    </FE>
    <FE bgColor="006400" fgColor="FFFFFF" coreType="Core" cBy="ACW" cDate="06/11/2002 04:35:25 PDT Tue" abbrev="Cause" name="Cause" ID="3024">
        <definition>&lt;def-root&gt;The &lt;fen&gt;Cause&lt;/fen&gt; is an animate or inanimate entity, a force, or event that produces an effect. Volitionality is not a necessary characteristic of &lt;fen&gt;Cause&lt;/fen&gt;s.  &lt;ex&gt;&lt;fex name="Cause"&gt;The strong winds&lt;/fex&gt; &lt;t&gt;deformed&lt;/t&gt; the structure of the outhouse.&lt;/ex&gt; &lt;ex&gt;&lt;fex name="Cause"&gt;The rockslide&lt;/fex&gt; &lt;t&gt;squashed&lt;/t&gt; our summer villa.&lt;/ex&gt;&lt;/def-root&gt;</definition>
        <excludesFE name="Deformer" ID="2957"/>
    </FE>
    <FE bgColor="00BFFF" fgColor="FFFFFF" coreType="Extra-Thematic" cBy="gGK" cDate="06/21/2002 12:46:12 PDT Fri" abbrev="Iter" name="Iterations" ID="3152">
        <definition>&lt;def-root&gt;The FE &lt;fen&gt;Iterations&lt;/fen&gt; indicates the number of times the reshaping has occurred.&lt;/def-root&gt;</definition>
    </FE>
    <FE bgColor="9F79EE" fgColor="FFFFFF" coreType="Extra-Thematic" cBy="MJE" cDate="09/18/2002 05:46:35 PDT Wed" abbrev="Exp" name="Explanation" ID="3721">
        <definition>&lt;def-root&gt;The &lt;fen&gt;Explanation&lt;/fen&gt; indicates a state of affairs that the &lt;fen&gt;Deformer&lt;/fen&gt; is responding to in performing the reshaping.
&lt;/def-root&gt;</definition>
        <semType name="State_of_affairs" ID="177"/>
    </FE>
    <FE bgColor="1E90FF" fgColor="FFFFFF" coreType="Peripheral" cBy="MJE" cDate="10/17/2002 06:41:22 PDT Thu" abbrev="Degr" name="Degree" ID="3829">
        <definition>&lt;def-root&gt;The degree to which the &lt;fen&gt;Patient&lt;/fen&gt; is reshaped. &lt;ex&gt;The steamroller &lt;t&gt;flattened&lt;/t&gt; my shoes &lt;fex name="Degr"&gt;completely&lt;/fex&gt;.&lt;/ex&gt;&lt;/def-root&gt;</definition>
        <semType name="Degree" ID="172"/>
    </FE>
    <FE bgColor="808080" fgColor="FFFFFF" coreType="Extra-Thematic" cBy="MJE" cDate="10/17/2002 06:43:49 PDT Thu" abbrev="Subr" name="Subregion" ID="3830">
        <definition>&lt;def-root&gt;The part of the &lt;fen&gt;Patient&lt;/fen&gt; which is directly affected by the reshaping. &lt;ex&gt;He &lt;t&gt;warped&lt;/t&gt; the steering rack &lt;fex name="Subr"&gt;on the left side&lt;/fex&gt;.&lt;/ex&gt;&lt;/def-root&gt;</definition>
        <semType name="Locative_relation" ID="182"/>
    </FE>
    <FE bgColor="7FFF00" fgColor="000000" coreType="Extra-Thematic" cBy="PKe" cDate="08/23/2011 05:25:55 PDT Tue" abbrev="" name="Goal" ID="14817">
        <definition>&lt;def-root&gt;The location that the &lt;fen&gt;Patient&lt;/fen&gt; ends up in.&lt;/def-root&gt;</definition>
    </FE>
    <FE bgColor="EEE8AA" fgColor="000000" coreType="Extra-Thematic" cBy="PKe" cDate="08/25/2011 03:31:03 PDT Thu" abbrev="" name="Containing_event" ID="14875">
        <definition>&lt;def-root&gt;This FE denotes an event that occurs or state of affairs that holds at a time that includes the time during which the event or state of affairs reported by the target occurs and of which it is taken to be a part.&lt;/def-root&gt;</definition>
    </FE>
    <FE bgColor="FFFF00" fgColor="000000" coreType="Extra-Thematic" cBy="PKe" cDate="08/25/2011 03:38:51 PDT Thu" abbrev="" name="Circumstances" ID="14878">
        <definition>&lt;def-root&gt;The conditions under which the &lt;fen&gt;Patient&lt;/fen&gt; is shaped.  &lt;ex&gt;&lt;fex name="Cause"&gt;The machine&lt;/fex&gt; &lt;t&gt;crushed&lt;/t&gt; &lt;fex name="Patient"&gt;rocks&lt;/fex&gt; &lt;fex name="Circumstances"&gt;in the baking heat&lt;/fex&gt;.&lt;/ex&gt;&lt;/def-root&gt;</definition>
    </FE>
    <FE bgColor="FFD700" fgColor="000000" coreType="Extra-Thematic" cBy="PKe" cDate="08/29/2011 05:54:41 PDT Mon" abbrev="imp" name="Imposed_purpose" ID="14900">
        <definition>&lt;def-root&gt;The state of the &lt;fen&gt;Patient&lt;/fen&gt; with respect to the change that the &lt;fen&gt;Deformer&lt;/fen&gt; brings about by making the adjustment.  &lt;ex&gt;You should &lt;t&gt;fold&lt;/t&gt; the contraption &lt;fex name="imp"&gt;to fit in the bag&lt;/fex&gt;.&lt;/ex&gt;&lt;/def-root&gt;</definition>
    </FE>
    <FE bgColor="7CCD73" fgColor="000000" coreType="Core" cBy="PKe" cDate="08/29/2011 06:00:28 PDT Mon" abbrev="con" name="Configuration" ID="14901">
        <definition>&lt;def-root&gt;A state that holds of the &lt;fen&gt;Patient&lt;/fen&gt; or a relation that holds among the constituent parts of the &lt;fen&gt;Patient&lt;/fen&gt; as a result of the arranging action.&lt;/def-root&gt;</definition>
    </FE>
    <FEcoreSet>
        <memberFE name="Deformer" ID="2957"/>
        <memberFE name="Cause" ID="3024"/>
    </FEcoreSet>
    <frameRelation type="Inherits from">
        <relatedFrame ID="415">Damaging</relatedFrame>
    </frameRelation>
    <frameRelation type="Is Inherited by"/>
    <frameRelation type="Perspective on"/>
    <frameRelation type="Is Perspectivized in"/>
    <frameRelation type="Uses"/>
    <frameRelation type="Is Used by"/>
    <frameRelation type="Subframe of"/>
    <frameRelation type="Has Subframe(s)"/>
    <frameRelation type="Precedes"/>
    <frameRelation type="Is Preceded by"/>
    <frameRelation type="Is Inchoative of"/>
    <frameRelation type="Is Causative of"/>
    <frameRelation type="See also"/>
    <lexUnit status="Finished_Initial" incorporatedFE="Configuration" POS="V" name="scrunch.v" ID="5971" lemmaID="34612" cBy="ACW" cDate="06/04/2002 12:06:24 PDT Tue">
        <definition>COD: crush or squeeze into a compact mass. </definition>
        <sentenceCount annotated="5" total="35"/>
        <lexeme order="1" headword="false" breakBefore="false" POS="V" name="scrunch"/>
    </lexUnit>
    <lexUnit status="Finished_Initial" incorporatedFE="Configuration" POS="V" name="flatten.v" ID="5973" lemmaID="14644" cBy="ACW" cDate="06/04/2002 12:27:14 PDT Tue">
        <definition>COD: make flat or flatter.</definition>
        <sentenceCount annotated="18" total="219"/>
        <lexeme order="1" headword="false" breakBefore="false" POS="V" name="flatten"/>
    </lexUnit>
    <lexUnit status="Finished_Initial" incorporatedFE="Configuration" POS="V" name="crumple.v" ID="5974" lemmaID="9127" cBy="ACW" cDate="06/04/2002 01:50:41 PDT Tue">
        <definition>COD: crush or become crushed so as to become creased and wrinkled</definition>
        <sentenceCount annotated="23" total="136"/>
        <lexeme order="1" headword="false" breakBefore="false" POS="V" name="crumple"/>
    </lexUnit>
    <lexUnit status="Needs_SCs" POS="V" name="squish.v" ID="5975" lemmaID="45717" cBy="ACW" cDate="06/04/2002 02:36:57 PDT Tue">
        <definition>COD: squash.</definition>
        <sentenceCount annotated="2" total="7"/>
        <lexeme order="1" headword="false" breakBefore="false" POS="V" name="squish"/>
    </lexUnit>
    <lexUnit status="Finished_Initial" incorporatedFE="Configuration" POS="V" name="dent.v" ID="5976" lemmaID="10185" cBy="ACW" cDate="06/04/2002 02:40:13 PDT Tue">
        <definition>FN: cause to have a slight hollow indentation</definition>
        <sentenceCount annotated="8" total="117"/>
        <lexeme order="1" headword="false" breakBefore="false" POS="V" name="dent"/>
        <semType name="Negative_judgment" ID="14"/>
    </lexUnit>
    <lexUnit status="Finished_Initial" POS="V" name="squash.v" ID="5997" lemmaID="37619" cBy="ACW" cDate="06/05/2002 10:48:28 PDT Wed">
        <definition>COD: crush or squeeze (something)so that it becomes flat, soft, or out of shape. </definition>
        <sentenceCount annotated="9" total="145"/>
        <lexeme order="1" headword="false" breakBefore="false" POS="V" name="squash"/>
    </lexUnit>
    <lexUnit status="Finished_Initial" incorporatedFE="Configuration" POS="V" name="crush.v" ID="5998" lemmaID="9137" cBy="ACW" cDate="06/05/2002 10:53:01 PDT Wed">
        <definition>COD: deform by compressing forcefully or crease or crumple (cloth or paper)</definition>
        <sentenceCount annotated="21" total="272"/>
        <lexeme order="1" headword="false" breakBefore="false" POS="V" name="crush"/>
    </lexUnit>
    <lexUnit status="Needs_SCs" POS="V" name="warp.v" ID="6090" lemmaID="43467" cBy="ACW" cDate="06/11/2002 04:29:16 PDT Tue">
        <definition>COD: cause to become bent or twisted out of shape, typically from the action of heat or damp. </definition>
        <sentenceCount annotated="2" total="71"/>
        <lexeme order="1" headword="false" breakBefore="false" POS="V" name="warp"/>
        <semType name="Negative_judgment" ID="14"/>
    </lexUnit>
    <lexUnit status="Created" incorporatedFE="Configuration" POS="V" name="roll.v" ID="6114" lemmaID="33454" cBy="ACW" cDate="06/13/2002 04:35:06 PDT Thu">
        <definition>COD: flatten (something) by passing a roller over it or by passing it between rollers. </definition>
        <sentenceCount annotated="0" total="0"/>
        <lexeme order="1" headword="false" breakBefore="false" POS="V" name="roll"/>
    </lexUnit>
    <lexUnit status="Finished_Initial" incorporatedFE="Configuration" POS="V" name="fold.v" ID="6170" lemmaID="14912" cBy="ACW" cDate="06/18/2002 09:29:03 PDT Tue">
        <definition>COD: bend (something) over on itself so that one part of it covers another. </definition>
        <sentenceCount annotated="68" total="363"/>
        <lexeme order="1" headword="false" breakBefore="false" POS="V" name="fold"/>
    </lexUnit>
    <lexUnit status="Created" POS="V" name="form.v" ID="7612" lemmaID="15132" cBy="MJE" cDate="10/17/2002 06:25:39 PDT Thu">
        <definition>FN: to cause something to have a certain form</definition>
        <sentenceCount annotated="1" total="1"/>
        <lexeme order="1" headword="false" breakBefore="false" POS="V" name="form"/>
    </lexUnit>
    <lexUnit status="Created" POS="V" name="shape.v" ID="7613" lemmaID="35389" cBy="MJE" cDate="10/17/2002 06:26:06 PDT Thu">
        <definition>FN: to form into a shape</definition>
        <sentenceCount annotated="0" total="0"/>
        <lexeme order="1" headword="false" breakBefore="false" POS="V" name="shape"/>
    </lexUnit>
    <lexUnit status="Created" POS="V" name="mold.v" ID="7614" lemmaID="25052" cBy="MJE" cDate="10/17/2002 06:27:55 PDT Thu">
        <definition>FN: to reshape something pliable, especially by pressing with the hands, often against a mould </definition>
        <sentenceCount annotated="1" total="1"/>
        <lexeme order="1" headword="false" breakBefore="false" POS="V" name="mold"/>
    </lexUnit>
    <lexUnit status="Created" POS="N" name="deformation.n" ID="7615" lemmaID="9962" cBy="MJE" cDate="10/17/2002 06:37:03 PDT Thu">
        <definition>FN: causing something to change from its original shape, usually with negative consequences</definition>
        <sentenceCount annotated="0" total="0"/>
        <lexeme order="1" headword="false" breakBefore="false" POS="N" name="deformation"/>
        <semType name="Negative_judgment" ID="14"/>
    </lexUnit>
    <lexUnit status="Created" POS="V" name="bend.v" ID="7616" lemmaID="3348" cBy="MJE" cDate="10/17/2002 06:38:52 PDT Thu">
        <definition>FN: to apply force to something causing it to become curved</definition>
        <sentenceCount annotated="0" total="0"/>
        <lexeme order="1" headword="false" breakBefore="false" POS="V" name="bend"/>
    </lexUnit>
    <lexUnit status="Insufficient_Attestations" POS="V" name="launch.v" ID="15084" lemmaID="21828" cBy="KmG" cDate="06/10/2008 10:33:51 PDT Tue">
        <definition>FN: to smooth the surface of something</definition>
        <sentenceCount annotated="0" total="0"/>
        <lexeme order="1" headword="false" breakBefore="false" POS="V" name="launch"/>
    </lexUnit>
    <lexUnit status="Created" incorporatedFE="Configuration" POS="V" name="curl.v" ID="15344" lemmaID="9288" cBy="RLG" cDate="05/21/2009 02:28:13 PDT Thu">
        <definition>FN: form into a coil, or curved shape.</definition>
        <sentenceCount annotated="0" total="0"/>
        <lexeme order="1" headword="false" breakBefore="false" POS="V" name="curl"/>
    </lexUnit>
</frame>