<?xml version="1.0" encoding="UTF-8" standalone="yes"?>
<?xml-stylesheet type="text/xsl" href="frame.xsl"?>
<frame cBy="JKR" cDate="08/29/2005 04:24:45 PDT Mon" name="Respond_to_proposal" ID="1623" xsi:schemaLocation="../schema/frame.xsd" xmlns="http://framenet.icsi.berkeley.edu" xmlns:xsi="http://www.w3.org/2001/XMLSchema-instance">
    <definition>&lt;def-root&gt;A &lt;fen&gt;Speaker&lt;/fen&gt; addresses a &lt;fen&gt;Proposal&lt;/fen&gt; made by an &lt;fen&gt;Interlocutor&lt;/fen&gt;, either agreeing to it or rejecting it. Agreeing entails a social responsibility on the &lt;fen&gt;Speaker&lt;/fen&gt; to bring about some state of affairs encoded in the &lt;fen&gt;Proposal&lt;/fen&gt;.

&lt;ex&gt;&lt;fex name="Interlocutor"&gt;They&lt;/fex&gt; were &lt;t&gt;rebuffed&lt;/t&gt; &lt;fex name="par"&gt;again&lt;/fex&gt; &lt;fex name="pla"&gt;in the larger city of Provo&lt;/fex&gt;. &lt;fex name="Speaker"&gt;CNI&lt;/fex&gt; &lt;/ex&gt;

&lt;ex&gt;&lt;fex name="Time"&gt;Last month&lt;/fex&gt; &lt;fex name="Speaker"&gt;Mr Duisenberg&lt;/fex&gt; &lt;m&gt;delivered&lt;/m&gt; a &lt;fex name="Manner"&gt;sharp&lt;/fex&gt; &lt;t&gt;rebuff&lt;/t&gt; &lt;fex name="int"&gt;to Mr Welteke&lt;/fex&gt;. &lt;/ex&gt;

&lt;ex&gt;&lt;fex name="Speaker"&gt;He&lt;/fex&gt; &lt;t&gt;rebuffed&lt;/t&gt; &lt;fex name="Proposal"&gt;Singh's every overture&lt;/fex&gt;,  &lt;fex name="Depict"&gt;relentlessly pursuing a cap on India's nuclear capability&lt;/fex&gt;.&lt;/ex&gt;&lt;/def-root&gt;</definition>
    <FE bgColor="FF0000" fgColor="FFFFFF" coreType="Core" cBy="JKR" cDate="08/29/2005 04:24:45 PDT Mon" abbrev="spr" name="Speaker" ID="9008">
        <definition>&lt;def-root&gt;The &lt;fen&gt;Speaker&lt;/fen&gt; is the person who communicates the reply or response. 

&lt;ex&gt;&lt;fex name="Speaker"&gt;Iran&lt;/fex&gt; on Saturday &lt;t&gt;rejected&lt;/t&gt; Europe's proposal for ending the standoff over Tehran's nuclear program.&lt;/ex&gt;&lt;/def-root&gt;</definition>
        <semType name="Sentient" ID="5"/>
    </FE>
    <FE bgColor="008000" fgColor="FFFFFF" coreType="Core" cBy="JKR" cDate="08/29/2005 04:24:45 PDT Mon" abbrev="int" name="Interlocutor" ID="9009">
        <definition>&lt;def-root&gt;This is the person who made the &lt;fen&gt;Proposal&lt;/fen&gt; to the &lt;fen&gt;Speaker&lt;/fen&gt; and to whom the &lt;fen&gt;Speaker&lt;/fen&gt; communicates  their response. This frame element stands in for the &lt;fen&gt;Proposal&lt;/fen&gt; and is only licensed when the &lt;fen&gt;Proposal&lt;/fen&gt;  can be understood from the context.

&lt;ex&gt;But senior SLN officials had &lt;t&gt;rebuffed&lt;/t&gt; &lt;fex name="int"&gt;the man who is ever so willing to please
the guerrillas&lt;/fex&gt;.&lt;/ex&gt;&lt;/def-root&gt;</definition>
        <semType name="Sentient" ID="5"/>
    </FE>
    <FE bgColor="7CCD73" fgColor="FFFFFF" coreType="Peripheral" cBy="JKR" cDate="08/29/2005 04:24:46 PDT Mon" abbrev="Medium" name="Medium" ID="9012">
        <definition>&lt;def-root&gt;As with &lt;fen&gt;Medium&lt;/fen&gt; in other Communication frames, the physical entity or channel used to communicate can be expressed, usually as a PP Complement headed by "on" or "in".&lt;/def-root&gt;</definition>
    </FE>
    <FE bgColor="00BFFF" fgColor="FFFFFF" coreType="Core" cBy="JKR" cDate="08/29/2005 04:24:46 PDT Mon" abbrev="pro" name="Proposal" ID="9013">
        <definition>&lt;def-root&gt;The &lt;fen&gt;Proposal&lt;/fen&gt; is the prior communication or action to which a response is given.

&lt;ex&gt;Dr. Carolyn Herrington has &lt;t&gt;accepted&lt;/t&gt; &lt;fex name="pro"&gt;our offer to become Dean of the College of Education&lt;/fex&gt; .&lt;/ex&gt;&lt;/def-root&gt;</definition>
    </FE>
    <FE bgColor="FF00FF" fgColor="FFFFFF" coreType="Peripheral" cBy="JKR" cDate="08/29/2005 04:24:46 PDT Mon" abbrev="Manr" name="Manner" ID="9014">
        <definition>&lt;def-root&gt;Any description of the event (or state) which is not covered by more specific FEs, including  secondary effects (&lt;ment&gt;quietly&lt;/ment&gt;, &lt;ment&gt;loudly&lt;/ment&gt;), and general descriptions comparing events (&lt;ment&gt;the same way&lt;/ment&gt;). It may indicate salient characteristics of the Speaker that affect the action (&lt;ment&gt;presumptuously&lt;/ment&gt;, &lt;ment&gt;coldly&lt;/ment&gt;, &lt;ment&gt;deliberately&lt;/ment&gt;, &lt;ment&gt;eagerly&lt;/ment&gt;).

&lt;ex&gt;Moreover, as with Surrey, myths have proliferated, such as that Oxford &lt;fex name="Manr"&gt;cruelly&lt;/fex&gt; &lt;t&gt;rejected&lt;/t&gt; his wife in 1576.&lt;/ex&gt;&lt;/def-root&gt;</definition>
        <semType name="Manner" ID="173"/>
    </FE>
    <FE bgColor="9400D3" fgColor="FFFFFF" coreType="Extra-Thematic" cBy="JKR" cDate="08/29/2005 04:24:46 PDT Mon" abbrev="Depict" name="Depictive" ID="9015">
        <definition>&lt;def-root&gt;Depictive phrase describing the &lt;fen&gt;Speaker&lt;/fen&gt;.


&lt;ex&gt;She &lt;t&gt;turned&lt;/t&gt; it &lt;t&gt;down&lt;/t&gt;, &lt;fex name="Depict"&gt;unaware she would some day become a member&lt;/fex&gt;.&lt;/ex&gt;&lt;/def-root&gt;</definition>
    </FE>
    <FE bgColor="A52A2A" fgColor="FFFFFF" coreType="Peripheral" cBy="JKR" cDate="08/29/2005 04:24:46 PDT Mon" abbrev="Mns" name="Means" ID="9016">
        <definition>&lt;def-root&gt;This FE identifies the &lt;fen&gt;Means&lt;/fen&gt; by the &lt;fen&gt;Speaker&lt;/fen&gt; responds to the &lt;fen&gt;Proposal&lt;/fen&gt; .  &lt;ex&gt;Others, I would say have actually &lt;t&gt;turned&lt;/t&gt; me &lt;t&gt;down&lt;/t&gt; &lt;fex name="Mns"&gt;by not replying and not responding&lt;/fex&gt;.&lt;/ex&gt;&lt;/def-root&gt;</definition>
        <semType name="State_of_affairs" ID="177"/>
    </FE>
    <FE bgColor="FFA500" fgColor="FFFFFF" coreType="Extra-Thematic" cBy="JKR" cDate="08/29/2005 04:24:46 PDT Mon" abbrev="ica" name="Internal_cause" ID="9017">
        <definition>&lt;def-root&gt;The response may be prompted by either some outside phenomenon or occurrence, or by an &lt;fen&gt;Internal_cause&lt;/fen&gt;, the &lt;fen&gt;Speaker&lt;/fen&gt; mental or emotional state.  

&lt;/def-root&gt;</definition>
    </FE>
    <FE bgColor="FF69B4" fgColor="FFFFFF" coreType="Peripheral" cBy="JKR" cDate="08/29/2005 04:24:46 PDT Mon" abbrev="pla" name="Place" ID="9018">
        <definition>&lt;def-root&gt;The location in which the &lt;fen&gt;Speaker&lt;/fen&gt;  makes a verbal response.


&lt;ex&gt;Legislation that would have required smaller school districts to share administrators has been &lt;t&gt;rebuffed&lt;/t&gt; repeatedly &lt;fex name="pla"&gt;in the Oklahoma House of Representatives&lt;/fex&gt;.&lt;/ex&gt;&lt;/def-root&gt;</definition>
        <semType name="Locative_relation" ID="182"/>
    </FE>
    <FE bgColor="2E8B57" fgColor="FFFFFF" coreType="Peripheral" cBy="JKR" cDate="08/29/2005 04:24:46 PDT Mon" abbrev="tim" name="Time" ID="9019">
        <definition>&lt;def-root&gt;The time interval during which the &lt;fen&gt;Speaker&lt;/fen&gt; makes their verbal response.

&lt;ex&gt;This must make &lt;fex name="tim"&gt;yesterday's&lt;/fex&gt; Taliban &lt;t&gt;rebuff&lt;/t&gt; all the more wounding.&lt;/ex&gt;&lt;/def-root&gt;</definition>
        <semType name="Time" ID="141"/>
    </FE>
    <FE bgColor="1E90FF" fgColor="FFFFFF" coreType="Peripheral" cBy="JKR" cDate="08/29/2005 04:24:46 PDT Mon" abbrev="pur" name="Purpose" ID="9020">
        <definition>&lt;def-root&gt;An action that the &lt;fen&gt;Speaker&lt;/fen&gt; intends to accomplish by making a verbal response.

&lt;ex&gt;He was asked to join the National Assembly ruling party, but repeatedly &lt;t&gt;turned&lt;/t&gt;
them &lt;t&gt;down&lt;/t&gt; &lt;fex name="pur"&gt;in order to continue his work as a journalist&lt;/fex&gt;.&lt;/ex&gt;&lt;/def-root&gt;</definition>
        <semType name="State_of_affairs" ID="177"/>
    </FE>
    <FE bgColor="00008B" fgColor="FFFFFF" coreType="Extra-Thematic" cBy="JKR" cDate="08/29/2005 05:18:38 PDT Mon" abbrev="par" name="Particular_iteration" ID="9021">
        <definition>&lt;def-root&gt;Expressions marked with this extra-thematic FE modify a non-iterative use of the target, and indicate that it is conceived as embedded within an iterated series of response events. &lt;/def-root&gt;</definition>
    </FE>
    <FE bgColor="808080" fgColor="FFFFFF" coreType="Peripheral" cBy="JKR" cDate="08/29/2005 05:29:25 PDT Mon" abbrev="rol" name="Role" ID="9022">
        <definition>&lt;def-root&gt;&lt;fen&gt;Role&lt;/fen&gt; denotes the capacity in which the &lt;fen&gt;Interlocutor&lt;/fen&gt; is judged.

&lt;ex&gt;The Policy Committee had
&lt;t&gt;rejected&lt;/t&gt; her &lt;fex name="rol"&gt;as a candidate for chronic dialysis&lt;/fex&gt; because of her young age. .&lt;/ex&gt;&lt;/def-root&gt;</definition>
    </FE>
    <FE bgColor="FFFF00" fgColor="000000" coreType="Extra-Thematic" cBy="KmG" cDate="02/07/2007 02:44:39 PST Wed" abbrev="G" name="Group" ID="11000">
        <definition>&lt;def-root&gt;The &lt;fen&gt;Group&lt;/fen&gt; is the set of people within which the Respond_to_proposal is occuring.&lt;/def-root&gt;</definition>
    </FE>
    <FE bgColor="0000FF" fgColor="FFFFFF" coreType="Extra-Thematic" cBy="JKs" cDate="06/17/2008 01:23:03 PDT Tue" abbrev="Ite" name="Iterations" ID="12806">
        <definition>&lt;def-root&gt;The frame element &lt;fex name="Iterations"&gt;Iterations&lt;/fex&gt; is used for expressions that indicate the number of times an event or state (of the kind denoted by the target in its clause) has taken place or held.&lt;/def-root&gt;</definition>
    </FE>
    <FE bgColor="EEE8AA" fgColor="000000" coreType="Extra-Thematic" cBy="JKs" cDate="06/17/2008 01:48:25 PDT Tue" abbrev="" name="Explanation" ID="12807">
        <definition>&lt;def-root&gt; The &lt;fen&gt;Explanation&lt;/fen&gt; denotes a proposition from which the success or failure logically follows. This often means that the &lt;fen&gt;Explanation&lt;/fen&gt; causes the success or  failure, but not in all cases.&lt;/def-root&gt;</definition>
    </FE>
    <FEcoreSet>
        <memberFE name="Proposal" ID="9013"/>
        <memberFE name="Interlocutor" ID="9009"/>
    </FEcoreSet>
    <frameRelation type="Inherits from"/>
    <frameRelation type="Is Inherited by">
        <relatedFrame ID="1625">Agree_or_refuse_to_act</relatedFrame>
    </frameRelation>
    <frameRelation type="Perspective on"/>
    <frameRelation type="Is Perspectivized in"/>
    <frameRelation type="Uses">
        <relatedFrame ID="42">Communication_response</relatedFrame>
    </frameRelation>
    <frameRelation type="Is Used by"/>
    <frameRelation type="Subframe of"/>
    <frameRelation type="Has Subframe(s)"/>
    <frameRelation type="Precedes"/>
    <frameRelation type="Is Preceded by"/>
    <frameRelation type="Is Inchoative of"/>
    <frameRelation type="Is Causative of"/>
    <frameRelation type="See also"/>
    <lexUnit status="Needs_SCs" POS="V" name="turn down.v" ID="12743" lemmaID="50248" cBy="JKR" cDate="08/29/2005 04:51:06 PDT Mon">
        <definition>COD: reject an offer or application of something or from someone.</definition>
        <sentenceCount annotated="6" total="10"/>
        <lexeme order="1" headword="true" breakBefore="false" POS="V" name="turn"/>
        <lexeme order="2" headword="false" breakBefore="true" POS="ADV" name="down"/>
    </lexUnit>
    <lexUnit status="Finished_Initial" POS="V" name="rebuff.v" ID="12744" lemmaID="32063" cBy="JKR" cDate="08/29/2005 04:51:54 PDT Mon">
        <definition>COD:  reject in an abrupt or ungracious manner.</definition>
        <sentenceCount annotated="16" total="78"/>
        <lexeme order="1" headword="false" breakBefore="false" POS="V" name="rebuff"/>
    </lexUnit>
    <lexUnit status="Created" POS="N" name="rebuff.n" ID="12745" lemmaID="32062" cBy="JKR" cDate="08/29/2005 04:52:46 PDT Mon">
        <definition>COD: an abrupt rejection.</definition>
        <sentenceCount annotated="0" total="0"/>
        <lexeme order="1" headword="false" breakBefore="false" POS="N" name="rebuff"/>
    </lexUnit>
    <lexUnit status="Finished_Initial" POS="V" name="reject.v" ID="12746" lemmaID="32472" cBy="JKR" cDate="08/29/2005 04:53:31 PDT Mon">
        <definition>COD: refuse to consider or agree to</definition>
        <sentenceCount annotated="21" total="261"/>
        <lexeme order="1" headword="false" breakBefore="false" POS="V" name="reject"/>
    </lexUnit>
    <lexUnit status="Created" POS="V" name="accept.v" ID="12747" lemmaID="257" cBy="JKR" cDate="08/29/2005 04:55:10 PDT Mon">
        <definition>FN: to give a favorable response to</definition>
        <sentenceCount annotated="4" total="4"/>
        <lexeme order="1" headword="false" breakBefore="false" POS="V" name="accept"/>
    </lexUnit>
    <lexUnit status="Created" POS="N" name="acceptance.n" ID="12748" lemmaID="261" cBy="JKR" cDate="08/29/2005 05:00:40 PDT Mon">
        <definition>FN: the act of giving a favorable response</definition>
        <sentenceCount annotated="0" total="0"/>
        <lexeme order="1" headword="false" breakBefore="false" POS="N" name="acceptance"/>
    </lexUnit>
    <lexUnit status="Created" POS="N" name="rejection.n" ID="14566" lemmaID="32473" cBy="KmG" cDate="10/24/2007 01:16:52 PDT Wed">
        <definition>FN: the act of refusing a proposal by another</definition>
        <sentenceCount annotated="1" total="1"/>
        <lexeme order="1" headword="false" breakBefore="false" POS="N" name="rejection"/>
    </lexUnit>
    <lexUnit status="Created" POS="V" name="refuse.v" ID="14586" lemmaID="32368" cBy="KmG" cDate="10/26/2007 11:33:57 PDT Fri">
        <definition>FN: to not accept an offer</definition>
        <sentenceCount annotated="0" total="0"/>
        <lexeme order="1" headword="false" breakBefore="false" POS="V" name="refuse"/>
    </lexUnit>
</frame>