<?xml version="1.0" encoding="UTF-8" standalone="yes"?>
<?xml-stylesheet type="text/xsl" href="frame.xsl"?>
<frame cBy="JKR" cDate="06/29/2004 03:03:50 PDT Tue" name="Reveal_secret" ID="1146" xsi:schemaLocation="../schema/frame.xsd" xmlns="http://framenet.icsi.berkeley.edu" xmlns:xsi="http://www.w3.org/2001/XMLSchema-instance">
    <definition>&lt;def-root&gt;A &lt;fen&gt;Speaker&lt;/fen&gt; reveals &lt;fen&gt;Information&lt;/fen&gt; that was previously secret to an &lt;fen&gt;Addressee&lt;/fen&gt;. In some cases, the &lt;fen&gt;Addressee&lt;/fen&gt; is expected to keep the &lt;fen&gt;Information&lt;/fen&gt; from other parties. The &lt;fen&gt;Information&lt;/fen&gt; may be damaging to the reputation of the &lt;fen&gt;Speaker&lt;/fen&gt;. Instead of (or in addition to) a &lt;fen&gt;Speaker&lt;/fen&gt;, a &lt;fen&gt;Medium&lt;/fen&gt; may also be mentioned. Likewise, a &lt;fen&gt;Topic&lt;/fen&gt; may be stated instead of &lt;fen&gt;Information&lt;/fen&gt;. Some lexical units in this frame imply that the &lt;fen&gt;Addressee&lt;/fen&gt; has already been confronted with the &lt;fen&gt;Information&lt;/fen&gt;. 


&lt;ex&gt;Could it be true that Martin himself was &lt;fex name="spe"&gt;the one who&lt;/fex&gt; &lt;t&gt;spilled&lt;/t&gt; the &lt;t&gt;beans&lt;/t&gt; &lt;fex name="top"&gt;on Pops and Brad's planned wedding&lt;/fex&gt;? &lt;/ex&gt;

&lt;/def-root&gt;</definition>
    <FE bgColor="FF0000" fgColor="FFFFFF" coreType="Core" cBy="JKR" cDate="06/29/2004 03:03:50 PDT Tue" abbrev="spe" name="Speaker" ID="6617">
        <definition>&lt;def-root&gt;The &lt;fen&gt;Speaker&lt;/fen&gt; is the sentient entity that reveals  the &lt;fen&gt;Information&lt;/fen&gt; (whether spoken or written). 

&lt;ex&gt;&lt;fex name="spe"&gt;Kornfeldt&lt;/fex&gt; &lt;t&gt;revealed&lt;/t&gt; that he had embezzled more than twice the amount his company owned.&lt;/ex&gt;&lt;/def-root&gt;</definition>
        <semType name="Sentient" ID="5"/>
    </FE>
    <FE bgColor="006400" fgColor="FFFFFF" coreType="Peripheral" cBy="JKR" cDate="06/29/2004 03:03:50 PDT Tue" abbrev="add" name="Addressee" ID="6618">
        <definition>&lt;def-root&gt;The &lt;fen&gt;Addressee&lt;/fen&gt; is the person to whom the &lt;fen&gt;Information&lt;/fen&gt; is revealed. 

&lt;ex&gt;Evelyn &lt;t&gt;confessed&lt;/t&gt; &lt;fex name="add"&gt;to Barney Holesum&lt;/fex&gt; about what had happened.&lt;/ex&gt;
&lt;ex&gt;An unknown intern in the White House &lt;t&gt;leaked&lt;/t&gt; the "lunch menu" &lt;fex name="add"&gt;to the press&lt;/fex&gt;.&lt;/ex&gt;&lt;/def-root&gt;</definition>
        <semType name="Sentient" ID="5"/>
    </FE>
    <FE bgColor="00BFFF" fgColor="FFFFFF" coreType="Core" cBy="JKR" cDate="06/29/2004 03:03:50 PDT Tue" abbrev="inf" name="Information" ID="6619">
        <definition>&lt;def-root&gt;&lt;fen&gt;Information&lt;/fen&gt; identifies the content that the &lt;fen&gt;Speaker&lt;/fen&gt; reveals to the &lt;fen&gt;Addressee&lt;/fen&gt;.  It can be expressed as a clause or as a noun phrase.

&lt;ex&gt;You shouldn't &lt;t&gt;reveal&lt;/t&gt; &lt;fex name="inf"&gt;any murders you've been involved in&lt;/fex&gt;, if you know what I mean.&lt;/ex&gt;&lt;/def-root&gt;</definition>
    </FE>
    <FE bgColor="0000FF" fgColor="FFFFFF" coreType="Core" cBy="JKR" cDate="06/29/2004 03:03:50 PDT Tue" abbrev="top" name="Topic" ID="6620">
        <definition>&lt;def-root&gt;The &lt;fen&gt;Topic&lt;/fen&gt; is the subject matter about which the &lt;fen&gt;Speaker&lt;/fen&gt; is speaking. It normally only appears with noun targets, or in special constructions.

&lt;ex&gt;&lt;t&gt;Revelations&lt;/t&gt; &lt;fex name="top"&gt;about the coming of the Christ&lt;/fex&gt; surfaced in early Mediaeval times.&lt;/ex&gt;&lt;/def-root&gt;</definition>
    </FE>
    <FE bgColor="FF00FF" fgColor="FFFFFF" coreType="Peripheral" cBy="JKR" cDate="06/29/2004 03:03:50 PDT Tue" abbrev="man" name="Manner" ID="6621">
        <definition>&lt;def-root&gt;&lt;fen&gt;Manner&lt;/fen&gt; is any description of the revelation which is not covered by more specific FEs, including epistemic modification (&lt;ment&gt;probably&lt;/ment&gt;, &lt;ment&gt;presumably&lt;/ment&gt;, &lt;ment&gt;mysteriously&lt;/ment&gt;), secondary effects (&lt;ment&gt;quietly&lt;/ment&gt;, &lt;ment&gt;loudly&lt;/ment&gt;), and general descriptions comparing events (&lt;ment&gt;the same way&lt;/ment&gt;). It may also indicate salient characteristics of the &lt;fen&gt;Speaker&lt;/fen&gt; that also affect the revelation (&lt;ment&gt;presumptuously&lt;/ment&gt;, &lt;ment&gt;coldly&lt;/ment&gt;, &lt;ment&gt;deliberately&lt;/ment&gt;, &lt;ment&gt;eagerly&lt;/ment&gt;, &lt;ment&gt;carefully&lt;/ment&gt;, &lt;ment&gt;maliciously&lt;/ment&gt;). 

&lt;/def-root&gt;</definition>
        <semType name="Manner" ID="173"/>
    </FE>
    <FE bgColor="FF69B4" fgColor="FFFFFF" coreType="Peripheral" cBy="JKR" cDate="06/29/2004 03:03:50 PDT Tue" abbrev="com" name="Completeness" ID="6622">
        <definition>&lt;def-root&gt;The degree to which &lt;fen&gt;Information&lt;/fen&gt; is revealed.

&lt;ex&gt;When she confessed, she confessed &lt;fex name="com"&gt;completely&lt;/fex&gt;.&lt;/ex&gt;&lt;/def-root&gt;</definition>
    </FE>
    <FE bgColor="A52A2A" fgColor="FFFFFF" coreType="Peripheral" cBy="JKR" cDate="06/29/2004 03:03:50 PDT Tue" abbrev="mea" name="Means" ID="6623">
        <definition>&lt;def-root&gt;An act whereby the &lt;fen&gt;Speaker&lt;/fen&gt; makes a revelation.
&lt;ex&gt;He &lt;t&gt;revealed&lt;/t&gt; his true feelings about the matter &lt;fex name="mea"&gt;by giving her the thumbs-up behind his back&lt;/fex&gt;.&lt;/ex&gt;&lt;/def-root&gt;</definition>
        <semType name="State_of_affairs" ID="177"/>
    </FE>
    <FE bgColor="7CCD7C" fgColor="FFFFFF" coreType="Extra-Thematic" cBy="JKR" cDate="06/29/2004 03:03:50 PDT Tue" abbrev="ica" name="Internal_cause" ID="6624">
        <definition>&lt;def-root&gt;The emotional or physical state of the &lt;fen&gt;Speaker&lt;/fen&gt; that leads to the revelation.

&lt;ex&gt;&lt;fex name="ica"&gt;Out of spite&lt;/fex&gt; Spuddmeier revealed his boss's affair.&lt;/ex&gt;&lt;/def-root&gt;</definition>
    </FE>
    <FE bgColor="808080" fgColor="FFFFFF" coreType="Core" cBy="JKR" cDate="06/29/2004 03:03:50 PDT Tue" abbrev="med" name="Medium" ID="6625">
        <definition>&lt;def-root&gt;&lt;fen&gt;Medium&lt;/fen&gt; is the physical entity or channel used by the &lt;fen&gt;Speaker&lt;/fen&gt; to transmit the statement.
&lt;ex&gt;Kim &lt;t&gt;confided&lt;/t&gt; in me &lt;fex name="Medium"&gt;over the phone&lt;/fex&gt;.&lt;/ex&gt; &lt;/def-root&gt;</definition>
    </FE>
    <FE bgColor="9400D3" fgColor="FFFFFF" coreType="Extra-Thematic" cBy="JKR" cDate="06/29/2004 03:03:50 PDT Tue" abbrev="dep" name="Depictive" ID="6626">
        <definition>&lt;def-root&gt;The state of the &lt;fen&gt;Speaker&lt;/fen&gt; during the statement.

&lt;ex&gt;He &lt;t&gt;let&lt;/t&gt; &lt;t&gt;slip&lt;/t&gt; his involvement in the coverup &lt;fex name="dep"&gt;in a drunken stupor&lt;/fex&gt; at an embassy party.&lt;/ex&gt;&lt;/def-root&gt;</definition>
    </FE>
    <FE bgColor="FFA500" fgColor="FFFFFF" coreType="Peripheral" cBy="JKR" cDate="06/29/2004 03:03:50 PDT Tue" abbrev="Time" name="Time" ID="6627">
        <definition>&lt;def-root&gt;The &lt;fen&gt;Time&lt;/fen&gt; when the revelation is made.&lt;/def-root&gt;</definition>
        <semType name="Time" ID="141"/>
    </FE>
    <FE bgColor="9F79EE" fgColor="FFFFFF" coreType="Peripheral" cBy="JKR" cDate="06/29/2004 03:03:50 PDT Tue" abbrev="pla" name="Place" ID="6628">
        <definition>&lt;def-root&gt;The FE specifies the &lt;fen&gt;Place&lt;/fen&gt; where the &lt;fen&gt;Information&lt;/fen&gt; is revealed.

&lt;ex&gt;According to the report, he &lt;t&gt;confessed&lt;/t&gt; to eating onions and gargling with generic mouthwash &lt;fex name="pla"&gt;at the station&lt;/fex&gt;.&lt;/ex&gt;&lt;/def-root&gt;</definition>
        <semType name="Locative_relation" ID="182"/>
    </FE>
    <FE bgColor="FFFF00" fgColor="000000" coreType="Extra-Thematic" cBy="MiL" cDate="07/30/2004 06:35:49 PDT Fri" abbrev="re-e" name="Re-encoding" ID="6981">
        <definition>&lt;def-root&gt;An alternative description of expressed action.&lt;/def-root&gt;</definition>
    </FE>
    <FE bgColor="EEE8AA" fgColor="000000" coreType="Extra-Thematic" cBy="KmG" cDate="05/09/2006 10:46:59 PDT Tue" abbrev="" name="Location_of_protagonist" ID="10082">
        <definition>&lt;def-root&gt;This FE is used to indicate the location of a participant in cases where the multiple participants of an event are not co-located in the typical fashion. In Release 1.2, this FE has various frame-specific names including Location of perceiver, or Location of participant; it was even (incorrectly) labelled Place in some frames. &lt;/def-root&gt;</definition>
    </FE>
    <FE bgColor="7FFF00" fgColor="000000" coreType="Extra-Thematic" cBy="KmG" cDate="05/11/2006 02:58:05 PDT Thu" abbrev="" name="Containing_event" ID="10085">
        <definition>&lt;def-root&gt;This FE identifies an event during which the &lt;fen&gt;Speaker&lt;/fen&gt; reveals &lt;fen&gt;Information&lt;/fen&gt;. 
&lt;/def-root&gt;</definition>
    </FE>
    <FE bgColor="d0d0d0" fgColor="000000" coreType="Extra-Thematic" cBy="KmG" cDate="05/18/2006 06:24:09 PDT Thu" abbrev="" name="Source_material" ID="10092">
        <definition>&lt;def-root&gt;The medium in which the secret &lt;fen&gt;Information&lt;/fen&gt; origninally resided. &lt;/def-root&gt;</definition>
    </FE>
    <FE bgColor="FFA500" fgColor="000000" coreType="Extra-Thematic" cBy="KmG" cDate="05/18/2006 06:31:02 PDT Thu" abbrev="" name="Event_description" ID="10093">
        <definition>&lt;def-root&gt;In general, this FE is used for phrases that describe the clause of the target as a whole especially any descriptions of the state of affairs denoted by the target as role fillers in other frames. &lt;/def-root&gt;</definition>
    </FE>
    <FE bgColor="2E8B57" fgColor="FFFFFF" coreType="Extra-Thematic" cBy="KmG" cDate="08/09/2006 01:39:21 PDT Wed" abbrev="peri" name="Period_of_iterations" ID="10460">
        <definition>&lt;def-root&gt;This FE describes the length of time from when the event denoted by the target began to be repeated to when it stopped.&lt;/def-root&gt;</definition>
    </FE>
    <FE bgColor="90876C" fgColor="FFFFFF" coreType="Extra-Thematic" cBy="KmG" cDate="08/09/2006 01:48:25 PDT Wed" abbrev="" name="Frequency" ID="10462">
        <definition>&lt;def-root&gt;&lt;fen&gt;Frequency&lt;/fen&gt; is defined as the number of times the Reveal_secret event occurs per some unit of time. A Frequency expression answers the question "how often."&lt;/def-root&gt;</definition>
    </FE>
    <FE bgColor="00008B" fgColor="FFFFFF" coreType="Extra-Thematic" cBy="KmG" cDate="12/04/2006 01:59:08 PST Mon" abbrev="" name="Descriptor" ID="10906">
        <definition>&lt;def-root&gt;A characteristic of the revealed secret.&lt;/def-root&gt;</definition>
    </FE>
    <FEcoreSet>
        <memberFE name="Speaker" ID="6617"/>
        <memberFE name="Medium" ID="6625"/>
    </FEcoreSet>
    <FEcoreSet>
        <memberFE name="Topic" ID="6620"/>
        <memberFE name="Information" ID="6619"/>
    </FEcoreSet>
    <frameRelation type="Inherits from">
        <relatedFrame ID="43">Statement</relatedFrame>
    </frameRelation>
    <frameRelation type="Is Inherited by"/>
    <frameRelation type="Perspective on"/>
    <frameRelation type="Is Perspectivized in"/>
    <frameRelation type="Uses"/>
    <frameRelation type="Is Used by"/>
    <frameRelation type="Subframe of"/>
    <frameRelation type="Has Subframe(s)"/>
    <frameRelation type="Precedes"/>
    <frameRelation type="Is Preceded by"/>
    <frameRelation type="Is Inchoative of"/>
    <frameRelation type="Is Causative of"/>
    <frameRelation type="See also"/>
    <lexUnit status="Finished_Initial" POS="V" name="reveal.v" ID="10665" lemmaID="33064" cBy="JKR" cDate="06/29/2004 03:45:30 PDT Tue">
        <definition>COD: disclose (previously unknown or secret information).</definition>
        <sentenceCount annotated="45" total="133"/>
        <lexeme order="1" headword="false" breakBefore="false" POS="V" name="reveal"/>
    </lexUnit>
    <lexUnit status="Finished_Initial" POS="V" name="disclose.v" ID="10666" lemmaID="10850" cBy="JKR" cDate="06/29/2004 03:46:13 PDT Tue">
        <definition>COD: make (secret or new information) known.</definition>
        <sentenceCount annotated="39" total="237"/>
        <lexeme order="1" headword="false" breakBefore="false" POS="V" name="disclose"/>
    </lexUnit>
    <lexUnit status="Finished_Initial" POS="N" name="revelation.n" ID="10667" lemmaID="33069" cBy="JKR" cDate="06/29/2004 03:47:02 PDT Tue">
        <definition>FN: making (secret or new information) known.</definition>
        <sentenceCount annotated="59" total="60"/>
        <lexeme order="1" headword="false" breakBefore="false" POS="N" name="revelation"/>
    </lexUnit>
    <lexUnit status="Needs_SCs" POS="V" name="expose.v" ID="10668" lemmaID="13590" cBy="JKR" cDate="06/29/2004 03:47:33 PDT Tue">
        <definition>COD: reveal the true, objectionable nature of.</definition>
        <sentenceCount annotated="1" total="30"/>
        <lexeme order="1" headword="false" breakBefore="false" POS="V" name="expose"/>
    </lexUnit>
    <lexUnit status="Finished_Initial" POS="N" name="disclosure.n" ID="10669" lemmaID="10851" cBy="JKR" cDate="06/29/2004 03:48:59 PDT Tue">
        <definition>FN: making (previously secret information) known</definition>
        <sentenceCount annotated="49" total="265"/>
        <lexeme order="1" headword="false" breakBefore="false" POS="N" name="disclosure"/>
    </lexUnit>
    <lexUnit status="Finished_Initial" POS="V" name="divulge.v" ID="10670" lemmaID="11326" cBy="JKR" cDate="06/29/2004 03:50:05 PDT Tue">
        <definition>COD: make known.</definition>
        <sentenceCount annotated="37" total="78"/>
        <lexeme order="1" headword="false" breakBefore="false" POS="V" name="divulge"/>
    </lexUnit>
    <lexUnit status="Insufficient_Attestations" POS="N" name="divulgence.n" ID="10671" lemmaID="11327" cBy="JKR" cDate="06/29/2004 03:51:22 PDT Tue">
        <definition>FN: public revelation of previously secret information</definition>
        <sentenceCount annotated="2" total="4"/>
        <lexeme order="1" headword="false" breakBefore="false" POS="N" name="divulgence"/>
    </lexUnit>
    <lexUnit status="Finished_Initial" POS="V" name="confess.v" ID="10672" lemmaID="7711" cBy="JKR" cDate="06/29/2004 03:52:12 PDT Tue">
        <definition>COD: admit to a crime or wrongdoing. </definition>
        <sentenceCount annotated="173" total="728"/>
        <lexeme order="1" headword="false" breakBefore="false" POS="V" name="confess"/>
    </lexUnit>
    <lexUnit status="Finished_Initial" POS="N" name="confession.n" ID="10673" lemmaID="7714" cBy="JKR" cDate="06/29/2004 03:52:51 PDT Tue">
        <definition>FN: a statement admitting to a crime</definition>
        <sentenceCount annotated="48" total="174"/>
        <lexeme order="1" headword="false" breakBefore="false" POS="N" name="confession"/>
    </lexUnit>
    <lexUnit status="Finished_Initial" POS="V" name="confide.v" ID="10674" lemmaID="7719" cBy="JKR" cDate="06/29/2004 03:54:33 PDT Tue">
        <definition>COD: tell someone about a secret or private matter in confidence.</definition>
        <sentenceCount annotated="44" total="273"/>
        <lexeme order="1" headword="false" breakBefore="false" POS="V" name="confide"/>
    </lexUnit>
    <lexUnit status="Finished_Initial" POS="V" name="spill beans.v" ID="10675" lemmaID="49265" cBy="JKR" cDate="06/29/2004 03:57:14 PDT Tue">
        <definition>COD:  reveal secret information unintentionally or indiscreetly.</definition>
        <sentenceCount annotated="7" total="34"/>
        <lexeme order="1" headword="true" breakBefore="false" POS="V" name="spill"/>
        <lexeme order="2" headword="false" breakBefore="true" POS="N" name="beans"/>
    </lexUnit>
    <lexUnit status="Finished_Initial" POS="V" name="come clean.v" ID="10725" lemmaID="49315" cBy="JKR" cDate="06/30/2004 05:48:47 PDT Wed">
        <definition>FN: to tell the whole story </definition>
        <sentenceCount annotated="19" total="72"/>
        <lexeme order="1" headword="true" breakBefore="false" POS="V" name="come"/>
        <lexeme order="2" headword="false" breakBefore="true" POS="A" name="clean"/>
    </lexUnit>
    <lexUnit status="Created" POS="V" name="let slip.v" ID="11290" lemmaID="49730" cBy="RLG" cDate="11/22/2004 02:18:13 PST Mon">
        <definition>FN: reveal or divulge secret information.</definition>
        <sentenceCount annotated="0" total="0"/>
        <lexeme order="1" headword="true" breakBefore="false" POS="V" name="let"/>
        <lexeme order="2" headword="false" breakBefore="true" POS="V" name="slip"/>
    </lexUnit>
    <lexUnit status="Finished_Initial" POS="V" name="leak.v" ID="11291" lemmaID="21928" cBy="RLG" cDate="11/22/2004 02:24:23 PST Mon">
        <definition>COD: intentionally disclose (secret information).</definition>
        <sentenceCount annotated="27" total="245"/>
        <lexeme order="1" headword="false" breakBefore="false" POS="V" name="leak"/>
    </lexUnit>
    <lexUnit status="Created" POS="IDIO" name="tip (someone's) hand.idio" ID="12514" lemmaID="50189" cBy="JKR" cDate="07/19/2005 04:13:37 PDT Tue">
        <definition>FN: reveal inadvertantly</definition>
        <sentenceCount annotated="0" total="0"/>
        <lexeme order="1" headword="true" breakBefore="false" POS="V" name="tip"/>
        <lexeme order="2" headword="false" breakBefore="false" POS="N" name="hand"/>
    </lexUnit>
    <lexUnit status="Finished_Initial" POS="V" name="admit.v" ID="13224" lemmaID="534" cBy="MiL" cDate="06/19/2006 11:31:35 PDT Mon">
        <definition>COD: confess to be true or to be the case.</definition>
        <sentenceCount annotated="105" total="827"/>
        <lexeme order="1" headword="false" breakBefore="false" POS="V" name="admit"/>
    </lexUnit>
    <lexUnit status="Needs_SCs" POS="V" name="come forward.v" ID="13225" lemmaID="50370" cBy="MiL" cDate="06/19/2006 11:38:10 PDT Mon">
        <definition>FN: Volunteer information</definition>
        <sentenceCount annotated="3" total="6"/>
        <lexeme order="1" headword="true" breakBefore="false" POS="V" name="come"/>
        <lexeme order="2" headword="false" breakBefore="false" POS="ADV" name="forward"/>
    </lexUnit>
    <lexUnit status="Created" POS="V" name="fess up.v" ID="13226" lemmaID="50371" cBy="MiL" cDate="06/19/2006 11:43:59 PDT Mon">
        <definition>FN: admit information</definition>
        <sentenceCount annotated="0" total="0"/>
        <lexeme order="1" headword="true" breakBefore="false" POS="V" name="fess"/>
        <lexeme order="2" headword="false" breakBefore="false" POS="ADV" name="up"/>
    </lexUnit>
    <lexUnit status="Created" POS="V" name="let on.v" ID="17592" lemmaID="51705" cBy="CVa" cDate="07/10/2014 10:13:24 PDT Thu">
        <definition>FN: to divulge information </definition>
        <sentenceCount annotated="0" total="0"/>
        <lexeme order="1" headword="true" breakBefore="false" POS="V" name="let"/>
        <lexeme order="2" headword="false" breakBefore="false" POS="PREP" name="on"/>
    </lexUnit>
</frame>