<?xml version="1.0" encoding="UTF-8" standalone="yes"?>
<?xml-stylesheet type="text/xsl" href="frame.xsl"?>
<frame cBy="ACW" cDate="04/12/2002 11:29:59 PDT Fri" name="Rite" ID="301" xsi:schemaLocation="../schema/frame.xsd" xmlns="http://framenet.icsi.berkeley.edu" xmlns:xsi="http://www.w3.org/2001/XMLSchema-instance">
    <definition>&lt;def-root&gt;This frame concerns rituals performed in line with religious beliefs or tradition.

&lt;ex&gt;In certain &lt;fex name="Desired_state_of_affairs"&gt;fertility&lt;/fex&gt; &lt;t&gt;rites&lt;/t&gt; &lt;fex name="Place"&gt;in Burma&lt;/fex&gt; , a woman desirous of offspring is required not only to approach the King Cobra but to plant a kiss on its mouth .&lt;/ex&gt;

&lt;ex&gt;&lt;fex name="Member"&gt;He&lt;/fex&gt; was &lt;t&gt;ordered&lt;/t&gt; &lt;fex name="New_status"&gt;a priest&lt;/fex&gt; &lt;fex name="Time"&gt;in 1944&lt;/fex&gt;. &lt;fex name="Leader"&gt;CNI&lt;/fex&gt; &lt;/ex&gt;&lt;/def-root&gt;</definition>
    <semType name="Non-perspectivalized_frame" ID="52"/>
    <FE bgColor="FF0000" fgColor="FFFFFF" coreType="Core" cBy="ACW" cDate="04/12/2002 12:06:25 PDT Fri" abbrev="Ldr" name="Leader" ID="2594">
        <definition>&lt;def-root&gt;This is the religious or cultural leader who performs and/or leads the rite.

&lt;ex&gt;&lt;fex name="Ldr"&gt;The medicine man&lt;/fex&gt; performs this &lt;t&gt;ritual&lt;/t&gt;&lt;/ex&gt;&lt;/def-root&gt;</definition>
        <semType name="Sentient" ID="5"/>
    </FE>
    <FE bgColor="0000FF" fgColor="FFFFFF" coreType="Core" cBy="ACW" cDate="04/12/2002 12:08:26 PDT Fri" abbrev="Mbr" name="Member" ID="2595">
        <definition>&lt;def-root&gt;The FE &lt;fen&gt;Member&lt;/fen&gt; describes the member of the religious or cultural group who participates in/undergoes the rite.

&lt;ex&gt;&lt;fex name="Mbr"&gt;Joe&lt;/fex&gt; received &lt;t&gt;communion&lt;/t&gt;.&lt;/ex&gt;&lt;/def-root&gt;</definition>
        <semType name="Sentient" ID="5"/>
    </FE>
    <FE bgColor="1E90FF" fgColor="FFFFFF" coreType="Core" cBy="ACW" cDate="04/12/2002 12:10:19 PDT Fri" abbrev="Org" name="Organization" ID="2596">
        <definition>&lt;def-root&gt;&lt;fen&gt;Organization&lt;/fen&gt; identifies the institution in which the rite is prescribed.

&lt;ex&gt;His &lt;t&gt;baptism&lt;/t&gt; &lt;fex name="Org"&gt;into the Catholic Church&lt;/fex&gt; is scheduled for next Sunday.&lt;/ex&gt;&lt;/def-root&gt;</definition>
        <semType name="Organization" ID="58"/>
    </FE>
    <FE bgColor="FF69B4" fgColor="FFFFFF" coreType="Peripheral" cBy="ACW" cDate="04/12/2002 12:12:27 PDT Fri" abbrev="Mns" name="Means" ID="2597">
        <definition>&lt;def-root&gt;The action that is taken to perform the ritual.

&lt;ex&gt;A building is &lt;t&gt;consecrated&lt;/t&gt; &lt;fex name="Mns"&gt;by anointing the doorposts with special oil and saying certain prayers&lt;/fex&gt;&lt;/ex&gt;&lt;/def-root&gt;</definition>
        <semType name="State_of_affairs" ID="177"/>
    </FE>
    <FE bgColor="FF00FF" fgColor="FFFFFF" coreType="Peripheral" cBy="ACW" cDate="04/12/2002 12:12:46 PDT Fri" abbrev="Manr" name="Manner" ID="2598">
        <definition>&lt;def-root&gt;Manner of performing the rite&lt;/def-root&gt;</definition>
        <semType name="Manner" ID="173"/>
    </FE>
    <FE bgColor="FFA500" fgColor="FFFFFF" coreType="Peripheral" cBy="ACW" cDate="04/12/2002 12:12:59 PDT Fri" abbrev="Time" name="Time" ID="2599">
        <definition>&lt;def-root&gt;When the rite is performed&lt;/def-root&gt;</definition>
        <semType name="Time" ID="141"/>
    </FE>
    <FE bgColor="008000" fgColor="FFFFFF" coreType="Peripheral" cBy="ACW" cDate="04/12/2002 12:13:12 PDT Fri" abbrev="Place" name="Place" ID="2600">
        <definition>&lt;def-root&gt;Where the rite takes place.&lt;/def-root&gt;</definition>
        <semType name="Locative_relation" ID="182"/>
    </FE>
    <FE bgColor="808080" fgColor="FFFFFF" coreType="Core" cBy="KCo" cDate="04/15/2002 10:17:50 PDT Mon" abbrev="Ins" name="Instrument" ID="2616">
        <definition>&lt;def-root&gt;This FE identifies the &lt;fen&gt;Instrument&lt;/fen&gt; used to perform a particular rite.

&lt;ex&gt;We &lt;t&gt;baptise&lt;/t&gt; children &lt;fex name="Instrument"&gt;with holy water&lt;/fex&gt;&lt;/ex&gt;&lt;/def-root&gt;</definition>
        <semType name="Physical_entity" ID="70"/>
    </FE>
    <FE bgColor="800080" fgColor="FFFFFF" coreType="Core" cBy="Tess" cDate="06/24/2002 03:54:00 PDT Mon" abbrev="DesS" name="Desired_state_of_affairs" ID="3218">
        <definition>&lt;def-root&gt;This FE identifies the state which the rite is hoped or intended to bring about.
&lt;ex&gt;They performed a &lt;fex name="DesS"&gt;fertility&lt;/fex&gt; &lt;t&gt;ritual&lt;/t&gt;.&lt;/ex&gt;&lt;/def-root&gt;</definition>
    </FE>
    <FE bgColor="9400D3" fgColor="FFFFFF" coreType="Core" cBy="Tess" cDate="06/24/2002 03:56:27 PDT Mon" abbrev="Type" name="Type" ID="3219">
        <definition>&lt;def-root&gt;The type of ritual or ceremony being performed.

&lt;ex&gt;We performed the traditional &lt;fex name="Type"&gt;marriage&lt;/fex&gt; &lt;t&gt;rites&lt;/t&gt;&lt;/ex&gt;&lt;/def-root&gt;</definition>
    </FE>
    <FE bgColor="00008B" fgColor="FFFFFF" coreType="Core" cBy="Tess" cDate="06/25/2002 10:19:16 PDT Tue" abbrev="Obj" name="Object" ID="3241">
        <definition>&lt;def-root&gt;This FE indicates an object on which a rite is performed.

&lt;ex&gt;The priest &lt;t&gt;blessed&lt;/t&gt; &lt;fex name="Obj"&gt;the wine&lt;/fex&gt;&lt;/ex&gt;&lt;/def-root&gt;</definition>
    </FE>
    <FE bgColor="9F79EE" fgColor="FFFFFF" coreType="Core" cBy="Tess" cDate="06/25/2002 10:24:53 PDT Tue" abbrev="NStat" name="New_status" ID="3242">
        <definition>&lt;def-root&gt;Rites may confer a &lt;fen&gt;New_status&lt;/fen&gt; on a participant (e.g. rank, membership).

&lt;ex&gt;Elliott was almost &lt;t&gt;ordained&lt;/t&gt; &lt;fex name="NStat"&gt;as a priest&lt;/fex&gt;&lt;/ex&gt;&lt;/def-root&gt;</definition>
    </FE>
    <FE bgColor="00BFFF" fgColor="FFFFFF" coreType="Core" cBy="ACW" cDate="08/12/2002 10:51:27 PDT Mon" abbrev="G_member" name="Guardian" ID="3532">
        <definition>&lt;def-root&gt;The &lt;fen&gt;Guardian&lt;/fen&gt; is the member of the &lt;fen&gt;Organization&lt;/fen&gt; who instigates the rite for someone of which they are a guardian.

&lt;ex&gt;&lt;fex name = "Guardian"&gt;Mr. and Mrs. Wilson&lt;/fex&gt; &lt;t&gt;baptized&lt;/t&gt; their son.&lt;/ex&gt;&lt;/def-root&gt;</definition>
        <semType name="Sentient" ID="5"/>
    </FE>
    <FEcoreSet>
        <memberFE name="Member" ID="2595"/>
        <memberFE name="Object" ID="3241"/>
    </FEcoreSet>
    <FEcoreSet>
        <memberFE name="Leader" ID="2594"/>
        <memberFE name="Guardian" ID="3532"/>
    </FEcoreSet>
    <frameRelation type="Inherits from"/>
    <frameRelation type="Is Inherited by"/>
    <frameRelation type="Perspective on"/>
    <frameRelation type="Is Perspectivized in"/>
    <frameRelation type="Uses">
        <relatedFrame ID="198">Intentionally_act</relatedFrame>
    </frameRelation>
    <frameRelation type="Is Used by"/>
    <frameRelation type="Subframe of"/>
    <frameRelation type="Has Subframe(s)"/>
    <frameRelation type="Precedes"/>
    <frameRelation type="Is Preceded by"/>
    <frameRelation type="Is Inchoative of"/>
    <frameRelation type="Is Causative of"/>
    <frameRelation type="See also"/>
    <lexUnit status="Finished_Initial" POS="V" name="christen.v" ID="5484" lemmaID="6445" cBy="ACW" cDate="04/12/2002 11:31:54 PDT Fri">
        <definition>FN: to baptize as a sign of admission to a Christian church</definition>
        <sentenceCount annotated="9" total="61"/>
        <lexeme order="1" headword="false" breakBefore="false" POS="V" name="christen"/>
    </lexUnit>
    <lexUnit status="Finished_Initial" POS="N" name="baptism.n" ID="5485" lemmaID="2851" cBy="ACW" cDate="04/12/2002 11:32:36 PDT Fri">
        <definition>COD: the Christian rite of sprinkling water on to a person's forehead or of immersing them in water, symbolizing purification or regeneration and admission to the Christian Church</definition>
        <sentenceCount annotated="23" total="168"/>
        <lexeme order="1" headword="false" breakBefore="false" POS="N" name="baptism"/>
    </lexUnit>
    <lexUnit status="Created" POS="N" name="eucharist.n" ID="5486" lemmaID="13187" cBy="ACW" cDate="04/12/2002 11:36:18 PDT Fri">
        <definition>COD: the Christian service, ceremony, or sacrament commemorating the Last Supper, in which bread and wine are consecrated and consumed</definition>
        <sentenceCount annotated="5" total="29"/>
        <lexeme order="1" headword="false" breakBefore="false" POS="N" name="eucharist"/>
    </lexUnit>
    <lexUnit status="Finished_Initial" POS="N" name="confirmation.n" ID="5487" lemmaID="7734" cBy="ACW" cDate="04/12/2002 11:37:46 PDT Fri">
        <definition>COD: (in the Christian Church) the rite at which a baptized person affirms Christian belief and is admitted as a full member of the Church</definition>
        <sentenceCount annotated="5" total="164"/>
        <lexeme order="1" headword="false" breakBefore="false" POS="N" name="confirmation"/>
    </lexUnit>
    <lexUnit status="Created" POS="V" name="pray.v" ID="5488" lemmaID="30046" cBy="ACW" cDate="04/12/2002 11:38:33 PDT Fri">
        <definition>COD: address a prayer to God or another deity</definition>
        <sentenceCount annotated="2" total="2"/>
        <lexeme order="1" headword="false" breakBefore="false" POS="V" name="pray"/>
    </lexUnit>
    <lexUnit status="Created" POS="N" name="prayer.n" ID="5489" lemmaID="30048" cBy="ACW" cDate="04/12/2002 11:39:23 PDT Fri">
        <definition>COD: a solemn request for help or expression of thanks addressed to God or another deity</definition>
        <sentenceCount annotated="3" total="4"/>
        <lexeme order="1" headword="false" breakBefore="false" POS="N" name="prayer"/>
    </lexUnit>
    <lexUnit status="Add_Annotation" POS="N" name="mass.n" ID="5490" lemmaID="23610" cBy="ACW" cDate="04/12/2002 11:40:03 PDT Fri">
        <definition>COD: the Christian Eucharist or Holy Communion, especially in the Roman Catholic Church. </definition>
        <sentenceCount annotated="4" total="213"/>
        <lexeme order="1" headword="false" breakBefore="false" POS="N" name="mass"/>
    </lexUnit>
    <lexUnit status="Finished_Initial" POS="N" name="communion.n" ID="5491" lemmaID="7403" cBy="ACW" cDate="04/12/2002 11:40:46 PDT Fri">
        <definition>COD: the service of Christian worship at which bread and wine are consecrated and shared; the Eucharist</definition>
        <sentenceCount annotated="26" total="170"/>
        <lexeme order="1" headword="false" breakBefore="false" POS="N" name="communion"/>
    </lexUnit>
    <lexUnit status="Finished_Initial" POS="V" name="bless.v" ID="5492" lemmaID="3819" cBy="ACW" cDate="04/12/2002 11:43:50 PDT Fri">
        <definition>COD: consecrate or invoke divine favour upon (someone) by means of a religious rite</definition>
        <sentenceCount annotated="17" total="209"/>
        <lexeme order="1" headword="false" breakBefore="false" POS="V" name="bless"/>
    </lexUnit>
    <lexUnit status="Finished_Initial" POS="N" name="blessing.n" ID="5493" lemmaID="3823" cBy="ACW" cDate="04/12/2002 11:45:19 PDT Fri">
        <definition>COD: a prayer asking for God's favour and protection</definition>
        <sentenceCount annotated="13" total="278"/>
        <lexeme order="1" headword="false" breakBefore="false" POS="N" name="blessing"/>
    </lexUnit>
    <lexUnit status="Finished_Initial" POS="V" name="consecrate.v" ID="5494" lemmaID="7881" cBy="ACW" cDate="04/12/2002 11:46:11 PDT Fri">
        <definition>COD: make or declare sacred</definition>
        <sentenceCount annotated="11" total="94"/>
        <lexeme order="1" headword="false" breakBefore="false" POS="V" name="consecrate"/>
    </lexUnit>
    <lexUnit status="Finished_Initial" POS="V" name="anoint.v" ID="5495" lemmaID="1481" cBy="ACW" cDate="04/12/2002 11:47:49 PDT Fri">
        <definition>COD: smear or rub with oil, especially as part of a religious ceremony</definition>
        <sentenceCount annotated="8" total="78"/>
        <lexeme order="1" headword="false" breakBefore="false" POS="V" name="anoint"/>
    </lexUnit>
    <lexUnit status="Finished_Initial" POS="N" name="unction.n" ID="5496" lemmaID="41902" cBy="ACW" cDate="04/12/2002 11:50:49 PDT Fri">
        <definition>COD: the action of anointing someone with oil or ointment as a religious rite </definition>
        <sentenceCount annotated="5" total="18"/>
        <lexeme order="1" headword="false" breakBefore="false" POS="N" name="unction"/>
    </lexUnit>
    <lexUnit status="Finished_Initial" POS="N" name="rite.n" ID="5497" lemmaID="33349" cBy="ACW" cDate="04/12/2002 11:52:03 PDT Fri">
        <definition>COD: a religious or other solemn ceremony or act</definition>
        <sentenceCount annotated="42" total="241"/>
        <lexeme order="1" headword="false" breakBefore="false" POS="N" name="rite"/>
    </lexUnit>
    <lexUnit status="Finished_Initial" POS="N" name="ritual.n" ID="5498" lemmaID="33350" cBy="ACW" cDate="04/12/2002 11:52:40 PDT Fri">
        <definition>COD: a religious or solemn ceremony involving a series of actions performed according to a prescribed order. </definition>
        <sentenceCount annotated="27" total="262"/>
        <lexeme order="1" headword="false" breakBefore="false" POS="N" name="ritual"/>
    </lexUnit>
    <lexUnit status="Finished_Initial" POS="V" name="confirm.v" ID="5499" lemmaID="7733" cBy="ACW" cDate="04/12/2002 11:54:36 PDT Fri">
        <definition>COD: administer the religious rite of confirmation to</definition>
        <sentenceCount annotated="4" total="292"/>
        <lexeme order="1" headword="false" breakBefore="false" POS="V" name="confirm"/>
    </lexUnit>
    <lexUnit status="Finished_Initial" POS="V" name="circumcise.v" ID="5500" lemmaID="6557" cBy="ACW" cDate="04/12/2002 11:57:41 PDT Fri">
        <definition>COD: cut off the foreskin of (a young boy or man) as a Jewish or Islamic rite or cut off the clitoris, and sometimes the labia, of (a girl or young woman) as a traditional practice in some cultures</definition>
        <sentenceCount annotated="7" total="24"/>
        <lexeme order="1" headword="false" breakBefore="false" POS="V" name="circumcise"/>
    </lexUnit>
    <lexUnit status="Finished_Initial" POS="N" name="circumcision.n" ID="5501" lemmaID="6558" cBy="ACW" cDate="04/12/2002 11:58:35 PDT Fri">
        <definition>COD: the action or practice of circumcising</definition>
        <sentenceCount annotated="7" total="85"/>
        <lexeme order="1" headword="false" breakBefore="false" POS="N" name="circumcision"/>
    </lexUnit>
    <lexUnit status="Finished_Initial" POS="N" name="service.n" ID="5502" lemmaID="35199" cBy="ACW" cDate="04/12/2002 12:04:02 PDT Fri">
        <definition>COD: a ceremony of religious worship according to a prescribed form</definition>
        <sentenceCount annotated="25" total="311"/>
        <lexeme order="1" headword="false" breakBefore="false" POS="N" name="service"/>
    </lexUnit>
    <lexUnit status="Finished_Initial" POS="N" name="ordination.n" ID="5504" lemmaID="26924" cBy="ACW" cDate="04/12/2002 12:12:05 PDT Fri">
        <definition>COD: the action of ordaining someone in holy orders</definition>
        <sentenceCount annotated="18" total="117"/>
        <lexeme order="1" headword="false" breakBefore="false" POS="N" name="ordination"/>
    </lexUnit>
    <lexUnit status="Add_Annotation" POS="N" name="vigil.n" ID="5505" lemmaID="43021" cBy="ACW" cDate="04/12/2002 12:33:36 PDT Fri">
        <definition>COD: (in the Christian Church) the eve of a festival or holy day as an occasion of religious observance. [Eccl] </definition>
        <sentenceCount annotated="0" total="148"/>
        <lexeme order="1" headword="false" breakBefore="false" POS="N" name="vigil"/>
    </lexUnit>
    <lexUnit status="Finished_Initial" POS="N" name="confession.n" ID="5510" lemmaID="7714" cBy="KCo" cDate="04/12/2002 02:52:17 PDT Fri">
        <definition>COD: a formal admission of one's sins privately to a priest. </definition>
        <sentenceCount annotated="11" total="243"/>
        <lexeme order="1" headword="false" breakBefore="false" POS="N" name="confession"/>
    </lexUnit>
    <lexUnit status="Finished_Initial" POS="V" name="baptize.v" ID="5539" lemmaID="45146" cBy="KCo" cDate="04/15/2002 01:10:54 PDT Mon">
        <definition>COD: administer baptism to</definition>
        <sentenceCount annotated="30" total="189"/>
        <lexeme order="1" headword="false" breakBefore="false" POS="V" name="baptize"/>
    </lexUnit>
    <lexUnit status="Finished_Initial" POS="N" name="sacrament.n" ID="5583" lemmaID="33885" cBy="ACW" cDate="04/16/2002 11:30:15 PDT Tue">
        <definition>COD: (in the Christian Church) a religious ceremony or ritual regarded as imparting divine grace, such as baptism, the Eucharist, and (in the Catholic and many Orthodox Churches) penance and the anointing of the sick. </definition>
        <sentenceCount annotated="17" total="124"/>
        <lexeme order="1" headword="false" breakBefore="false" POS="N" name="sacrament"/>
    </lexUnit>
    <lexUnit status="Finished_Initial" POS="V" name="ordain.v" ID="5584" lemmaID="26905" cBy="KCo" cDate="04/16/2002 01:23:48 PDT Tue">
        <definition>COD: confer holy orders on. </definition>
        <sentenceCount annotated="5" total="20"/>
        <lexeme order="1" headword="false" breakBefore="false" POS="V" name="ordain"/>
    </lexUnit>
    <lexUnit status="Finished_Initial" POS="N" name="christening.n" ID="6236" lemmaID="6447" cBy="Tess" cDate="06/24/2002 12:41:05 PDT Mon">
        <definition>FN: the ritual of giving a name at baptism in a Christian Church</definition>
        <sentenceCount annotated="11" total="57"/>
        <lexeme order="1" headword="false" breakBefore="false" POS="N" name="christening"/>
    </lexUnit>
    <lexUnit status="Finished_Initial" POS="N" name="consecration.n" ID="6238" lemmaID="7882" cBy="Tess" cDate="06/24/2002 02:37:56 PDT Mon">
        <definition>FN: the performing of a ritual which makes or declares an object to be sacred; ordination to a sacred office</definition>
        <sentenceCount annotated="25" total="87"/>
        <lexeme order="1" headword="false" breakBefore="false" POS="N" name="consecration"/>
    </lexUnit>
    <lexUnit status="Finished_Initial" POS="N" name="bar mitzvah.n" ID="6240" lemmaID="45770" cBy="Tess" cDate="06/24/2002 02:57:33 PDT Mon">
        <definition>COD: the religious initiation ceremony of a Jewish boy who has reached the age of 13</definition>
        <sentenceCount annotated="6" total="60"/>
        <lexeme order="1" headword="false" breakBefore="false" POS="N" name="bar"/>
        <lexeme order="2" headword="true" breakBefore="false" POS="N" name="mitzvah"/>
    </lexUnit>
    <lexUnit status="Finished_Initial" POS="N" name="sacrifice.n" ID="6472" lemmaID="33891" cBy="Tess" cDate="07/08/2002 12:14:25 PDT Mon">
        <definition>COD: the practice or an act of killing an animal or person or surrendering a possession as an offering to a deity. </definition>
        <sentenceCount annotated="17" total="264"/>
        <lexeme order="1" headword="false" breakBefore="false" POS="N" name="sacrifice"/>
    </lexUnit>
    <lexUnit status="Finished_Initial" POS="N" name="initiation.n" ID="6474" lemmaID="19974" cBy="Tess" cDate="07/08/2002 12:24:13 PDT Mon">
        <definition>FN: formal admission into a group, usually by means a ritual</definition>
        <sentenceCount annotated="5" total="140"/>
        <lexeme order="1" headword="false" breakBefore="false" POS="N" name="initiation"/>
    </lexUnit>
    <lexUnit status="Insufficient_Attestations" POS="V" name="initiate.v" ID="6477" lemmaID="19972" cBy="Tess" cDate="07/08/2002 12:37:19 PDT Mon">
        <definition>COD: admit formally into a society or group, typically with a ritual.</definition>
        <sentenceCount annotated="0" total="232"/>
        <lexeme order="1" headword="false" breakBefore="false" POS="V" name="initiate"/>
    </lexUnit>
    <lexUnit status="Created" POS="N" name="rite of passage.n" ID="7215" lemmaID="46091" cBy="ACW" cDate="08/13/2002 02:24:59 PDT Tue">
        <definition>COD: a ceremony or event, e.g. marriage, marking an important stage in someone's life</definition>
        <sentenceCount annotated="0" total="0"/>
        <lexeme order="1" headword="true" breakBefore="false" POS="N" name="rite"/>
        <lexeme order="2" headword="false" breakBefore="false" POS="PREP" name="of"/>
        <lexeme order="3" headword="false" breakBefore="false" POS="N" name="passage"/>
    </lexUnit>
    <lexUnit status="Created" POS="N" name="evensong.n" ID="10220" lemmaID="13262" cBy="JKR" cDate="03/05/2004 04:49:06 PST Fri">
        <definition>COD: (especially in the Anglican Church) a service of evening prayers, psalms, and canticles</definition>
        <sentenceCount annotated="0" total="1"/>
        <lexeme order="1" headword="false" breakBefore="false" POS="N" name="evensong"/>
    </lexUnit>
    <lexUnit status="Created" POS="N" name="worship.n" ID="10914" lemmaID="44519" cBy="MJE" cDate="08/19/2004 05:39:56 PDT Thu">
        <definition>COD: religious rites and ceremonies.</definition>
        <sentenceCount annotated="0" total="3"/>
        <lexeme order="1" headword="false" breakBefore="false" POS="N" name="worship"/>
    </lexUnit>
    <lexUnit status="Created" POS="N" name="vesper.n" ID="13292" lemmaID="42923" cBy="MiL" cDate="06/21/2006 12:18:01 PDT Wed">
        <definition>COD: evening prayer. </definition>
        <sentenceCount annotated="0" total="0"/>
        <lexeme order="1" headword="false" breakBefore="false" POS="N" name="vesper"/>
    </lexUnit>
    <lexUnit status="Created" POS="V" name="sacrifice.v" ID="13515" lemmaID="33892" cBy="RLG" cDate="08/21/2006 02:27:57 PDT Mon">
        <definition>COD: offer or give up as a sacrifice.</definition>
        <sentenceCount annotated="1" total="1"/>
        <lexeme order="1" headword="false" breakBefore="false" POS="V" name="sacrifice"/>
    </lexUnit>
    <lexUnit status="Insufficient_Attestations" POS="V" name="order.v" ID="15171" lemmaID="26908" cBy="KmG" cDate="07/08/2008 02:03:46 PDT Tue">
        <definition>FN: to ordain (passive only - archaic)</definition>
        <sentenceCount annotated="0" total="55"/>
        <lexeme order="1" headword="false" breakBefore="false" POS="V" name="order"/>
    </lexUnit>
    <lexUnit status="Created" POS="N" name="exercise.n" ID="15347" lemmaID="13435" cBy="JKs" cDate="06/09/2009 12:44:10 PDT Tue">
        <definition>FN: a ceremony or procession</definition>
        <sentenceCount annotated="0" total="1"/>
        <lexeme order="1" headword="false" breakBefore="false" POS="N" name="exercise"/>
    </lexUnit>
</frame>