<?xml version="1.0" encoding="UTF-8" standalone="yes"?>
<?xml-stylesheet type="text/xsl" href="frame.xsl"?>
<frame cBy="JKR" cDate="08/05/2005 04:13:37 PDT Fri" name="Scarcity" ID="1603" xsi:schemaLocation="../schema/frame.xsd" xmlns="http://framenet.icsi.berkeley.edu" xmlns:xsi="http://www.w3.org/2001/XMLSchema-instance">
    <definition>&lt;def-root&gt;The &lt;fen&gt;Quantity&lt;/fen&gt; of a &lt;fen&gt;Collection&lt;/fen&gt; occurring in a &lt;fen&gt;Place&lt;/fen&gt; has a particular &lt;fen&gt;Measure&lt;/fen&gt;, which is related to the amount generally needed.

&lt;ex&gt;There is evidence that &lt;fex name="Collection"&gt;volatile materials&lt;/fex&gt; have &lt;fex name="Time"&gt;always&lt;/fex&gt; been &lt;t&gt;scarce&lt;/t&gt; &lt;fex name="Place"&gt;on the Moon&lt;/fex&gt; .&lt;/ex&gt;

&lt;ex&gt;A global effort to tackle &lt;fex name="Collection"&gt;water&lt;/fex&gt; &lt;t&gt;scarcity&lt;/t&gt; is getting underway. &lt;fex name="pla"&gt;INI&lt;/fex&gt;&lt;/ex&gt;

&lt;ex&gt;It is the &lt;t&gt;scarceness&lt;/t&gt; &lt;fex name="Collection"&gt;of these precious metals&lt;/fex&gt; that adds to their luster. &lt;fex name="pla"&gt;INI&lt;/fex&gt;&lt;/ex&gt;

&lt;/def-root&gt;</definition>
    <semType name="Negative" ID="99"/>
    <FE bgColor="FF0000" fgColor="FFFFFF" coreType="Core" cBy="JKR" cDate="08/05/2005 04:13:37 PDT Fri" abbrev="col" name="Collection" ID="8817">
        <definition>&lt;def-root&gt;The &lt;fen&gt;Collection&lt;/fen&gt; whose &lt;fen&gt;Quantity&lt;/fen&gt; is under consideration.

&lt;ex&gt;Relax, &lt;fex name="col"&gt;oil supplies&lt;/fex&gt; &lt;m&gt;are&lt;/m&gt; &lt;t&gt;plentiful&lt;/t&gt;.&lt;/ex&gt;&lt;/def-root&gt;</definition>
    </FE>
    <FE bgColor="1E90FF" fgColor="FFFFFF" coreType="Core" cBy="JKR" cDate="08/05/2005 04:13:37 PDT Fri" abbrev="qua" name="Quantity" ID="8818">
        <definition>&lt;def-root&gt;The feature of an &lt;fen&gt;Collection&lt;/fen&gt; which is under discussion. This FE is incorporated by all the lexical units in this frame.

&lt;ex&gt;The majority of specimens were poorly represented, as judged by the small size of mature plants, the immaturity of thalli or &lt;t&gt;scarceness&lt;/t&gt; &lt;fex name="qua"&gt;in occurrence&lt;/fex&gt;.&lt;/ex&gt;&lt;/def-root&gt;</definition>
        <semType name="Quantity" ID="59"/>
    </FE>
    <FE bgColor="FF00FF" fgColor="FFFFFF" coreType="Peripheral" cBy="JKR" cDate="08/05/2005 04:13:37 PDT Fri" abbrev="deg" name="Degree" ID="8819">
        <definition>&lt;def-root&gt;A modifier expressing  the deviation of the &lt;fen&gt;Measure&lt;/fen&gt; from the norm or from the value for another &lt;fen&gt;Collection&lt;/fen&gt;.

&lt;ex&gt;Iron is &lt;fex name="deg"&gt;very&lt;/fex&gt; &lt;t&gt;scarce&lt;/t&gt; inside the human body, so pneumococcal bacteria have mechanisms to obtain iron more easily.&lt;/ex&gt;&lt;/def-root&gt;</definition>
        <semType name="Degree" ID="172"/>
    </FE>
    <FE bgColor="FFA500" fgColor="FFFFFF" coreType="Extra-Thematic" cBy="JKR" cDate="08/05/2005 04:13:37 PDT Fri" abbrev="" name="Time" ID="8820">
        <definition>&lt;def-root&gt;The &lt;fen&gt;Time&lt;/fen&gt; during which the &lt;fen&gt;Collection&lt;/fen&gt; is in the state of having  a particular &lt;fen&gt;Measure&lt;/fen&gt; for the &lt;fen&gt;Quantity&lt;/fen&gt;.

&lt;ex&gt;&lt;fex name="Time"&gt;These days&lt;/fex&gt; food is &lt;t&gt;plentiful&lt;/t&gt; and easy to get and physical activity is no longer a part of daily life.&lt;/ex&gt;&lt;/def-root&gt;</definition>
        <semType name="Time" ID="141"/>
    </FE>
    <FE bgColor="A52A2A" fgColor="FFFFFF" coreType="Extra-Thematic" cBy="JKR" cDate="08/05/2005 04:13:37 PDT Fri" abbrev="cir" name="Circumstances" ID="8821">
        <definition>&lt;def-root&gt;Some specification of the circumstances under which the &lt;fen&gt;Collection&lt;/fen&gt; has a particular &lt;fen&gt;Measure&lt;/fen&gt; for the &lt;fen&gt;Quantity&lt;/fen&gt;. 
&lt;/def-root&gt;</definition>
    </FE>
    <FE bgColor="006400" fgColor="FFFFFF" coreType="Peripheral" cBy="JKR" cDate="08/05/2005 04:13:37 PDT Fri" abbrev="mea" name="Measure" ID="8822">
        <definition>&lt;def-root&gt;The measure of the &lt;fen&gt;Quantity&lt;/fen&gt;, which is incorporated by the lexical units.&lt;/def-root&gt;</definition>
    </FE>
    <FE bgColor="00008B" fgColor="FFFFFF" coreType="Core" cBy="JKR" cDate="08/05/2005 04:13:37 PDT Fri" abbrev="pla" name="Place" ID="8823">
        <definition>&lt;def-root&gt;The location in which the &lt;fen&gt;Collection&lt;/fen&gt; occurs.

&lt;ex&gt;Northern Pike are &lt;t&gt;plentiful&lt;/t&gt; &lt;fex name="pla"&gt;in Perrault Lake&lt;/fex&gt;.&lt;/ex&gt;&lt;/def-root&gt;</definition>
        <semType name="Locative_relation" ID="182"/>
    </FE>
    <frameRelation type="Inherits from">
        <relatedFrame ID="1602">Abundance</relatedFrame>
    </frameRelation>
    <frameRelation type="Is Inherited by"/>
    <frameRelation type="Perspective on"/>
    <frameRelation type="Is Perspectivized in"/>
    <frameRelation type="Uses"/>
    <frameRelation type="Is Used by"/>
    <frameRelation type="Subframe of"/>
    <frameRelation type="Has Subframe(s)"/>
    <frameRelation type="Precedes"/>
    <frameRelation type="Is Preceded by"/>
    <frameRelation type="Is Inchoative of"/>
    <frameRelation type="Is Causative of"/>
    <frameRelation type="See also"/>
    <lexUnit status="Created" POS="N" name="scarcity.n" ID="12608" lemmaID="34342" cBy="JKR" cDate="08/05/2005 04:18:26 PDT Fri">
        <definition>FN: (of a resource) the state of being insufficient for the demand</definition>
        <sentenceCount annotated="0" total="0"/>
        <lexeme order="1" headword="false" breakBefore="false" POS="N" name="scarcity"/>
        <semType name="Negative" ID="99"/>
    </lexUnit>
    <lexUnit status="Finished_Initial" incorporatedFE="Quantity" POS="A" name="scarce.a" ID="12609" lemmaID="34340" cBy="JKR" cDate="08/05/2005 04:20:48 PDT Fri">
        <definition>COD: (of a resource) insufficient for the demand</definition>
        <sentenceCount annotated="22" total="241"/>
        <lexeme order="1" headword="false" breakBefore="false" POS="A" name="scarce"/>
    </lexUnit>
    <lexUnit status="Finished_Initial" incorporatedFE="Quantity" POS="A" name="plentiful.a" ID="12610" lemmaID="29381" cBy="JKR" cDate="08/05/2005 04:21:25 PDT Fri">
        <definition>COD: existing in or yielding great quantities; abundant.</definition>
        <sentenceCount annotated="22" total="228"/>
        <lexeme order="1" headword="false" breakBefore="false" POS="A" name="plentiful"/>
    </lexUnit>
    <lexUnit status="Created" incorporatedFE="Quantity" POS="N" name="plentifulness.n" ID="12611" lemmaID="50208" cBy="JKR" cDate="08/05/2005 04:22:41 PDT Fri">
        <definition>FN: the state of being plentiful</definition>
        <sentenceCount annotated="0" total="0"/>
        <lexeme order="1" headword="true" breakBefore="false" POS="N" name="plentifulness"/>
    </lexUnit>
    <lexUnit status="Created" POS="N" name="scarceness.n" ID="12612" lemmaID="50209" cBy="JKR" cDate="08/05/2005 05:05:58 PDT Fri">
        <definition>FN: the state of being insufficient (to demand)</definition>
        <sentenceCount annotated="0" total="0"/>
        <lexeme order="1" headword="true" breakBefore="false" POS="N" name="scarceness"/>
        <semType name="Negative" ID="99"/>
    </lexUnit>
</frame>