<?xml version="1.0" encoding="UTF-8" standalone="yes"?>
<?xml-stylesheet type="text/xsl" href="frame.xsl"?>
<frame cBy="MJE" cDate="12/07/2005 10:12:50 PST Wed" name="Searching_scenario" ID="1685" xsi:schemaLocation="../schema/frame.xsd" xmlns="http://framenet.icsi.berkeley.edu" xmlns:xsi="http://www.w3.org/2001/XMLSchema-instance">
    <definition>&lt;def-root&gt;A &lt;fen&gt;Cognizer&lt;/fen&gt; seeks a &lt;fen&gt;Phenomenon&lt;/fen&gt; within the &lt;fen&gt;Ground&lt;/fen&gt;.&lt;/def-root&gt;</definition>
    <semType name="Non-Lexical Frame" ID="16"/>
    <FE bgColor="FF0000" fgColor="FFFFFF" coreType="Core" cBy="MJE" cDate="12/07/2005 10:12:50 PST Wed" abbrev="Cog" name="Cognizer" ID="9644">
        <definition>&lt;def-root&gt;The &lt;fen&gt;Cognizer&lt;/fen&gt; pays attention to the &lt;fen&gt;Ground&lt;/fen&gt; in order to find instances of a type of &lt;fen&gt;Phenomenon&lt;/fen&gt;.

&lt;ex&gt;&lt;fex name="Cognizer"&gt;Leslie&lt;/fex&gt; &lt;t&gt;examined&lt;/t&gt; the glass for cracks.&lt;/ex&gt;&lt;/def-root&gt;</definition>
        <semType name="Sentient" ID="5"/>
    </FE>
    <FE bgColor="7CCD7C" fgColor="FFFFFF" coreType="Core" cBy="MJE" cDate="12/07/2005 10:12:50 PST Wed" abbrev="Ground" name="Ground" ID="9645">
        <definition>&lt;def-root&gt;The &lt;fen&gt;Cognizer&lt;/fen&gt; pays attention to the &lt;fen&gt;Ground&lt;/fen&gt;, so named because it serves as the background or context for the &lt;fen&gt;Phenomenon&lt;/fen&gt;. 

&lt;ex&gt;Leslie &lt;t&gt;examined&lt;/t&gt; &lt;fex name="Ground"&gt;the glass&lt;/fex&gt; for cracks.&lt;/ex&gt;
&lt;ex&gt;Kim &lt;t&gt;searched&lt;/t&gt; &lt;fex name="Ground"&gt;the woods&lt;/fex&gt; for mushrooms.&lt;/ex&gt;&lt;/def-root&gt;</definition>
    </FE>
    <FE bgColor="0000FF" fgColor="FFFFFF" coreType="Core" cBy="MJE" cDate="12/07/2005 10:12:50 PST Wed" abbrev="Phen" name="Phenomenon" ID="9646">
        <definition>&lt;def-root&gt;The entity that the &lt;fen&gt;Cognizer&lt;/fen&gt; is alert for in the &lt;fen&gt;Ground&lt;/fen&gt;.

&lt;ex&gt;Leslie &lt;t&gt;examined&lt;/t&gt; the glass &lt;fex name="Phenomenon"&gt;for cracks&lt;/fex&gt;.&lt;/ex&gt;
&lt;ex&gt;Kim &lt;t&gt;searched&lt;/t&gt; the woods &lt;fex name="Phenomenon"&gt;for mushrooms&lt;/fex&gt;.&lt;/ex&gt; &lt;/def-root&gt;</definition>
    </FE>
    <FE bgColor="FF00FF" fgColor="FFFFFF" coreType="Peripheral" cBy="MJE" cDate="12/07/2005 10:12:50 PST Wed" abbrev="Manr" name="Manner" ID="9647">
        <definition>&lt;def-root&gt;This FE identifies the &lt;fen&gt;Manner&lt;/fen&gt; in which the &lt;fen&gt;Cognizer&lt;/fen&gt; scrutinizes the &lt;fen&gt;Ground&lt;/fen&gt;.&lt;/def-root&gt;</definition>
        <semType name="Manner" ID="173"/>
    </FE>
    <FE bgColor="A52A2A" fgColor="FFFFFF" coreType="Peripheral" cBy="MJE" cDate="12/07/2005 10:12:50 PST Wed" abbrev="Mns" name="Means" ID="9648">
        <definition>&lt;def-root&gt;The action of the &lt;fen&gt;Cognizer&lt;/fen&gt; which allows them to scrutinize the &lt;fen&gt;Ground&lt;/fen&gt;.
&lt;/def-root&gt;</definition>
        <semType name="State_of_affairs" ID="177"/>
    </FE>
    <FE bgColor="FF69B4" fgColor="FFFFFF" coreType="Peripheral" cBy="MJE" cDate="12/07/2005 10:12:50 PST Wed" abbrev="Degr" name="Degree" ID="9649">
        <definition>&lt;def-root&gt;This FE identifies the &lt;fen&gt;Degree&lt;/fen&gt; to which the &lt;fen&gt;Cognizer&lt;/fen&gt; scrutinizes the &lt;fen&gt;Ground&lt;/fen&gt;.&lt;/def-root&gt;</definition>
        <semType name="Degree" ID="172"/>
    </FE>
    <FE bgColor="800080" fgColor="FFFFFF" coreType="Peripheral" cBy="MJE" cDate="12/07/2005 10:12:51 PST Wed" abbrev="Purp" name="Purpose" ID="9650">
        <definition>&lt;def-root&gt;The event that the &lt;fen&gt;Cognizer&lt;/fen&gt; hopes to bring about by looking for the &lt;fen&gt;Phenomenon&lt;/fen&gt;.

&lt;ex&gt;You should &lt;t&gt;inspect&lt;/t&gt; your mail &lt;fex name="Purp"&gt;to determine the outcome of the module transfer&lt;/fex&gt;.&lt;/ex&gt;&lt;/def-root&gt;</definition>
        <semType name="State_of_affairs" ID="177"/>
    </FE>
    <FE bgColor="00008B" fgColor="FFFFFF" coreType="Peripheral" cBy="MJE" cDate="12/07/2005 10:12:51 PST Wed" abbrev="ins" name="Instrument" ID="9651">
        <definition>&lt;def-root&gt;An entity directed by the &lt;fen&gt;Cognizer&lt;/fen&gt;  that interacts with the &lt;fen&gt;Ground&lt;/fen&gt; to accomplish the scrutiny.

&lt;ex&gt;The temperature controller &lt;t&gt;monitored&lt;/t&gt; the temperature &lt;fex name="ins"&gt;with a calibrated silicon diode&lt;/fex&gt;.&lt;/ex&gt;&lt;/def-root&gt;</definition>
    </FE>
    <frameRelation type="Inherits from"/>
    <frameRelation type="Is Inherited by"/>
    <frameRelation type="Perspective on"/>
    <frameRelation type="Is Perspectivized in">
        <relatedFrame ID="1684">Scrutinizing_for</relatedFrame>
        <relatedFrame ID="269">Seeking</relatedFrame>
    </frameRelation>
    <frameRelation type="Uses">
        <relatedFrame ID="791">Attention</relatedFrame>
    </frameRelation>
    <frameRelation type="Is Used by"/>
    <frameRelation type="Subframe of"/>
    <frameRelation type="Has Subframe(s)"/>
    <frameRelation type="Precedes"/>
    <frameRelation type="Is Preceded by"/>
    <frameRelation type="Is Inchoative of"/>
    <frameRelation type="Is Causative of"/>
    <frameRelation type="See also"/>
</frame>