<?xml version="1.0" encoding="UTF-8" standalone="yes"?>
<?xml-stylesheet type="text/xsl" href="frame.xsl"?>
<frame cBy="RLG" cDate="07/14/2011 03:28:17 PDT Thu" name="See_through" ID="2574" xsi:schemaLocation="../schema/frame.xsd" xmlns="http://framenet.icsi.berkeley.edu" xmlns:xsi="http://www.w3.org/2001/XMLSchema-instance">
    <definition>&lt;def-root&gt;A &lt;fen&gt;Cognizer&lt;/fen&gt; realizes that a &lt;fen&gt;State_of_affairs&lt;/fen&gt; (or Focal_entity within the &lt;fen&gt;State_of_affairs&lt;/fen&gt;) is meant to deceive (the &lt;fen&gt;Cognizer&lt;/fen&gt; is not necessarily the intended victim of the deception). The &lt;fen&gt;Cognizer&lt;/fen&gt; comes to this belief by perception and reasoning, and not, for instance, by being informed of the true state of affairs.&lt;/def-root&gt;</definition>
    <FE bgColor="FF0000" fgColor="FFFFFF" coreType="Core" cBy="RLG" cDate="07/14/2011 03:33:12 PDT Thu" abbrev="cog" name="Cognizer" ID="14510">
        <definition>&lt;def-root&gt;The &lt;fen&gt;Cognizer&lt;/fen&gt; realizes the existence of a deception and is not misled by it.&lt;/def-root&gt;</definition>
    </FE>
    <FE bgColor="0000FF" fgColor="FFFFFF" coreType="Core" cBy="RLG" cDate="07/14/2011 03:41:52 PDT Thu" abbrev="soa" name="State_of_affairs" ID="14511">
        <definition>&lt;def-root&gt;The &lt;fen&gt;State_of_affairs&lt;/fen&gt; is intended to be perceived and taken to be true even though it is not.&lt;/def-root&gt;</definition>
    </FE>
    <FE bgColor="A52A2A" fgColor="FFFFFF" coreType="Core" cBy="RLG" cDate="07/14/2011 03:43:44 PDT Thu" abbrev="foc" name="Focal_entity" ID="14512">
        <definition>&lt;def-root&gt;The &lt;fen&gt;Focal_entity&lt;/fen&gt; is a part of the deception (possibly also the agent behind it) which is perceived by the &lt;fen&gt;Cognizer&lt;/fen&gt; to be misleading.&lt;/def-root&gt;</definition>
    </FE>
    <FE bgColor="006400" fgColor="FFFFFF" coreType="Core" cBy="WMcQ" cDate="07/02/2015 05:04:34 PDT Thu" abbrev="" name="Means" ID="16540">
        <definition>&lt;def-root&gt;An act performed by the Cognizer which enables them to figure something out. &lt;/def-root&gt;</definition>
    </FE>
    <FE bgColor="2E8B57" fgColor="FFFFFF" coreType="Core" cBy="WMcQ" cDate="07/02/2015 05:20:06 PDT Thu" abbrev="" name="Medium" ID="16541">
        <definition>&lt;def-root&gt;Medium is the text created by the Cognizer to communicate that they came to believe a specified State_of_affairs.

&lt;/def-root&gt;</definition>
    </FE>
    <FE bgColor="00008B" fgColor="FFFFFF" coreType="Core" cBy="WMcQ" cDate="07/02/2015 05:20:48 PDT Thu" abbrev="" name="Topic" ID="16542">
        <definition>&lt;def-root&gt;Some verbs in this frame may occur with postverbal Topic expressions&lt;/def-root&gt;</definition>
    </FE>
    <FE bgColor="FF69B4" fgColor="FFFFFF" coreType="Peripheral" cBy="WMcQ" cDate="07/02/2015 05:21:18 PDT Thu" abbrev="" name="Degree" ID="16543">
        <definition>&lt;def-root&gt;The Degree to which the Cognizer comes to understand the State_of_affairs.
&lt;/def-root&gt;</definition>
    </FE>
    <FE bgColor="800080" fgColor="FFFFFF" coreType="Peripheral" cBy="WMcQ" cDate="07/02/2015 05:22:34 PDT Thu" abbrev="" name="Depictive" ID="16544">
        <definition>&lt;def-root&gt;Depictive phrase describing the Cognizer. 
&lt;/def-root&gt;</definition>
    </FE>
    <FE bgColor="FF00FF" fgColor="FFFFFF" coreType="Peripheral" cBy="WMcQ" cDate="07/02/2015 05:22:59 PDT Thu" abbrev="" name="Manner" ID="16545">
        <definition>&lt;def-root&gt;Manner of performing an action&lt;/def-root&gt;</definition>
    </FE>
    <FE bgColor="9400D3" fgColor="FFFFFF" coreType="Peripheral" cBy="WMcQ" cDate="07/02/2015 05:23:18 PDT Thu" abbrev="" name="Place" ID="16546">
        <definition>&lt;def-root&gt;The location at which the Cognizer realizes the State_of_affairs. 
&lt;/def-root&gt;</definition>
    </FE>
    <FE bgColor="FFA500" fgColor="FFFFFF" coreType="Peripheral" cBy="WMcQ" cDate="07/02/2015 05:24:25 PDT Thu" abbrev="" name="Time" ID="16547">
        <definition>&lt;def-root&gt;The time at which the Cognizer discovers the State_of_affairs.
&lt;/def-root&gt;</definition>
    </FE>
    <frameRelation type="Inherits from">
        <relatedFrame ID="23">Coming_to_believe</relatedFrame>
    </frameRelation>
    <frameRelation type="Is Inherited by"/>
    <frameRelation type="Perspective on"/>
    <frameRelation type="Is Perspectivized in"/>
    <frameRelation type="Uses"/>
    <frameRelation type="Is Used by"/>
    <frameRelation type="Subframe of"/>
    <frameRelation type="Has Subframe(s)"/>
    <frameRelation type="Precedes"/>
    <frameRelation type="Is Preceded by"/>
    <frameRelation type="Is Inchoative of"/>
    <frameRelation type="Is Causative of"/>
    <frameRelation type="See also"/>
    <lexUnit status="Created" POS="V" name="see (through).v" ID="18170" lemmaID="34838" cBy="MJE" cDate="06/30/2015 05:35:46 PDT Tue">
        <definition>FN: understand that someone is attempting to deceive.</definition>
        <sentenceCount annotated="0" total="0"/>
        <lexeme order="1" headword="false" breakBefore="false" POS="V" name="see"/>
    </lexUnit>
</frame>