<?xml version="1.0" encoding="UTF-8" standalone="yes"?>
<?xml-stylesheet type="text/xsl" href="frame.xsl"?>
<frame cBy="JKs" cDate="06/18/2009 12:52:02 PDT Thu" name="Sequence" ID="2135" xsi:schemaLocation="../schema/frame.xsd" xmlns="http://framenet.icsi.berkeley.edu" xmlns:xsi="http://www.w3.org/2001/XMLSchema-instance">
    <definition>&lt;def-root&gt;The words in this frame describe entities that occur in some temporally-ordered sequence.  The entities thus have some sort of relation between them that might be described by the Relative_time frame.  However, at this time, this frame has no Frame Relation with that frame (though this is still under discussion).  Additionally, it should be noted that the words in this frame have a metaphorical link to the words in Shape.

&lt;ex&gt;Describe in detail the &lt;t&gt;sequence&lt;/t&gt; &lt;fex name="Entities"&gt;of steps taken during an emergency&lt;/fex&gt;.&lt;/ex&gt;

&lt;/def-root&gt;</definition>
    <FE bgColor="0000FF" fgColor="FFFFFF" coreType="Core" cBy="JKs" cDate="06/18/2009 12:52:02 PDT Thu" abbrev="Ent1" name="Entity_1" ID="13220">
        <definition>&lt;def-root&gt;This entity occurs in some sequence with &lt;fen&gt;Entity_2&lt;/fen&gt;.&lt;/def-root&gt;</definition>
        <excludesFE name="Entities" ID="13222"/>
    </FE>
    <FE bgColor="800080" fgColor="FFFFFF" coreType="Core" cBy="JKs" cDate="06/18/2009 12:52:02 PDT Thu" abbrev="Ent2" name="Entity_2" ID="13221">
        <definition>&lt;def-root&gt;This entity occurs in some sequence with respect to &lt;fen&gt;Entity_1&lt;/fen&gt;.&lt;/def-root&gt;</definition>
        <excludesFE name="Entities" ID="13222"/>
    </FE>
    <FE bgColor="008000" fgColor="FFFFFF" coreType="Core" cBy="JKs" cDate="06/18/2009 12:52:02 PDT Thu" abbrev="Ents" name="Entities" ID="13222">
        <definition>&lt;def-root&gt;&lt;fen&gt;Entities&lt;/fen&gt; that occur in some temporal order.&lt;/def-root&gt;</definition>
    </FE>
    <FE bgColor="FF0000" fgColor="FFFFFF" coreType="Core-Unexpressed" cBy="JKs" cDate="06/18/2009 12:52:02 PDT Thu" abbrev="" name="Relation_type" ID="13223">
        <definition>&lt;def-root&gt;A characterization of the sequence in which the entities occur.

&lt;ex&gt;The study consisted of a &lt;fex name="Relation_type"&gt;chronologically varied&lt;/fex&gt; &lt;t&gt;SERIES&lt;/t&gt; of grotesque heads.&lt;/ex&gt;&lt;/def-root&gt;</definition>
    </FE>
    <FE bgColor="7FFF00" fgColor="00008B" coreType="Peripheral" cBy="MLC" cDate="09/22/2010 02:16:01 PDT Wed" abbrev="" name="Descriptor" ID="14200">
        <definition>&lt;def-root&gt;This FE identifies a characteristic or description of the sequence. &lt;/def-root&gt;</definition>
    </FE>
    <frameRelation type="Inherits from">
        <relatedFrame ID="248">Relation</relatedFrame>
    </frameRelation>
    <frameRelation type="Is Inherited by"/>
    <frameRelation type="Perspective on"/>
    <frameRelation type="Is Perspectivized in"/>
    <frameRelation type="Uses"/>
    <frameRelation type="Is Used by"/>
    <frameRelation type="Subframe of"/>
    <frameRelation type="Has Subframe(s)"/>
    <frameRelation type="Precedes"/>
    <frameRelation type="Is Preceded by"/>
    <frameRelation type="Is Inchoative of"/>
    <frameRelation type="Is Causative of"/>
    <frameRelation type="See also"/>
    <lexUnit status="Finished_Initial" POS="N" name="sequence.n" ID="15359" lemmaID="35141" cBy="JKs" cDate="06/18/2009 01:04:14 PDT Thu">
        <definition>FN: a temporal arrangement of entities</definition>
        <sentenceCount annotated="21" total="171"/>
        <lexeme order="1" headword="false" breakBefore="false" POS="N" name="sequence"/>
    </lexUnit>
    <lexUnit status="Finished_Initial" POS="N" name="succession.n" ID="15360" lemmaID="38647" cBy="JKs" cDate="06/18/2009 01:04:57 PDT Thu">
        <definition>FN: sequence</definition>
        <sentenceCount annotated="74" total="234"/>
        <lexeme order="1" headword="false" breakBefore="false" POS="N" name="succession"/>
    </lexUnit>
    <lexUnit status="Finished_Initial" POS="N" name="series.n" ID="15361" lemmaID="35177" cBy="JKs" cDate="06/18/2009 01:05:26 PDT Thu">
        <definition>FN: entities placed in some temporal order</definition>
        <sentenceCount annotated="22" total="226"/>
        <lexeme order="1" headword="false" breakBefore="false" POS="N" name="series"/>
    </lexUnit>
    <lexUnit status="Finished_Initial" POS="A" name="sequential.a" ID="15362" lemmaID="35144" cBy="JKs" cDate="06/18/2009 01:06:19 PDT Thu">
        <definition>FN: occurring in some sequence</definition>
        <sentenceCount annotated="21" total="147"/>
        <lexeme order="1" headword="false" breakBefore="false" POS="A" name="sequential"/>
    </lexUnit>
    <lexUnit status="Finished_Initial" POS="A" name="successive.a" ID="15363" lemmaID="38648" cBy="JKs" cDate="06/18/2009 01:07:10 PDT Thu">
        <definition>FN: occurring in sequence without any intervening entities</definition>
        <sentenceCount annotated="20" total="76"/>
        <lexeme order="1" headword="false" breakBefore="false" POS="A" name="successive"/>
    </lexUnit>
    <lexUnit status="Created" POS="N" name="order.n" ID="15364" lemmaID="26907" cBy="JKs" cDate="06/18/2009 01:07:45 PDT Thu">
        <definition>COD: the arrangement or disposition of people or things according to a particular sequence or method.</definition>
        <sentenceCount annotated="13" total="239"/>
        <lexeme order="1" headword="false" breakBefore="false" POS="N" name="order"/>
    </lexUnit>
</frame>