<?xml version="1.0" encoding="UTF-8" standalone="yes"?>
<?xml-stylesheet type="text/xsl" href="frame.xsl"?>
<frame cBy="MLC" cDate="03/23/2011 12:29:38 PDT Wed" name="Serving_in_capacity" ID="2521" xsi:schemaLocation="../schema/frame.xsd" xmlns="http://framenet.icsi.berkeley.edu" xmlns:xsi="http://www.w3.org/2001/XMLSchema-instance">
    <definition>&lt;def-root&gt;An &lt;fen&gt;Agent&lt;/fen&gt; occupies a &lt;fen&gt;Role&lt;/fen&gt; in some institution. This &lt;fen&gt;Role&lt;/fen&gt;is (usually) temporary and can be occupied by other entities at different periods of time. It is common for a &lt;fen&gt;Duration&lt;/fen&gt; of the &lt;fen&gt;Role&lt;/fen&gt; to be mentionned. 
&lt;ex&gt;&lt;/ex&gt;
&lt;ex&gt;&lt;fex name="Agent"&gt;Chris&lt;/fex&gt; &lt;t&gt;served&lt;/t&gt; &lt;fex name="Role"&gt;as chairman of the board&lt;/fex&gt;&lt;fex name="Duration"&gt;for one year&lt;/fex&gt;.&lt;/ex&gt;
&lt;/def-root&gt;</definition>
    <FE bgColor="FF0000" fgColor="FFFFFF" coreType="Core" cBy="MLC" cDate="03/23/2011 01:58:23 PDT Wed" abbrev="Agt" name="Agent" ID="14386">
        <definition>&lt;def-root&gt;The &lt;fen&gt;Agent&lt;/fen&gt; is the entity that occpuies the &lt;fen&gt;Role&lt;/fen&gt;.&lt;/def-root&gt;</definition>
    </FE>
    <FE bgColor="0000FF" fgColor="FFFFFF" coreType="Core" cBy="MLC" cDate="03/23/2011 05:36:56 PDT Wed" abbrev="" name="Role" ID="14387">
        <definition>&lt;def-root&gt;The &lt;fen&gt;Role&lt;/fen&gt; that the &lt;fen&gt;Agent&lt;/fen&gt; occupies.  &lt;/def-root&gt;</definition>
    </FE>
    <FE bgColor="FFFF00" fgColor="000000" coreType="Peripheral" cBy="MLC" cDate="03/23/2011 05:44:40 PDT Wed" abbrev="" name="Duration" ID="14388">
        <definition>&lt;def-root&gt;The &lt;fen&gt;Duration&lt;/fen&gt; of time that the &lt;fen&gt;Agent&lt;/fen&gt; occupies the &lt;fen&gt;Role&lt;/fen&gt;. &lt;/def-root&gt;</definition>
    </FE>
    <FE bgColor="FF00FF" fgColor="FFFFFF" coreType="Peripheral" cBy="MLC" cDate="04/04/2011 12:55:39 PDT Mon" abbrev="" name="Descriptor" ID="14400">
        <definition>&lt;def-root&gt;The &lt;fen&gt;Descriptor&lt;/fen&gt; modifies the &lt;fen&gt;Agent&lt;/fen&gt; . &lt;/def-root&gt;</definition>
    </FE>
    <FE bgColor="800080" fgColor="FFFFFF" coreType="Peripheral" cBy="MLC" cDate="04/04/2011 12:58:01 PDT Mon" abbrev="" name="Time" ID="14401">
        <definition>&lt;def-root&gt;The &lt;fen&gt;Time&lt;/fen&gt; when the &lt;fen&gt;Agent&lt;/fen&gt; served in the &lt;fen&gt;Role&lt;/fen&gt;. &lt;/def-root&gt;</definition>
    </FE>
    <FE bgColor="008000" fgColor="FFFFFF" coreType="Peripheral" cBy="MLC" cDate="04/04/2011 01:26:18 PDT Mon" abbrev="" name="Place" ID="14402">
        <definition>&lt;def-root&gt;The location where the &lt;fen&gt;Agent&lt;/fen&gt; served in the &lt;fen&gt;Role&lt;/fen&gt;. &lt;/def-root&gt;</definition>
    </FE>
    <frameRelation type="Inherits from"/>
    <frameRelation type="Is Inherited by"/>
    <frameRelation type="Perspective on"/>
    <frameRelation type="Is Perspectivized in"/>
    <frameRelation type="Uses"/>
    <frameRelation type="Is Used by"/>
    <frameRelation type="Subframe of"/>
    <frameRelation type="Has Subframe(s)"/>
    <frameRelation type="Precedes"/>
    <frameRelation type="Is Preceded by"/>
    <frameRelation type="Is Inchoative of"/>
    <frameRelation type="Is Causative of"/>
    <frameRelation type="See also"/>
    <lexUnit status="Created" POS="V" name="serve.v" ID="16285" lemmaID="35196" cBy="MLC" cDate="03/24/2011 01:54:11 PDT Thu">
        <definition>FN: to carry out a functions and duties (for a finite amount of time) associated with an role or office.</definition>
        <sentenceCount annotated="11" total="11"/>
        <lexeme order="1" headword="false" breakBefore="false" POS="V" name="serve"/>
    </lexUnit>
</frame>