<?xml version="1.0" encoding="UTF-8" standalone="yes"?>
<?xml-stylesheet type="text/xsl" href="frame.xsl"?>
<frame cBy="RLG" cDate="11/08/2006 11:36:56 PST Wed" name="Set_relation" ID="1823" xsi:schemaLocation="../schema/frame.xsd" xmlns="http://framenet.icsi.berkeley.edu" xmlns:xsi="http://www.w3.org/2001/XMLSchema-instance">
    <definition>&lt;def-root&gt;A &lt;fen&gt;Superset&lt;/fen&gt; has several members, a part of which is the &lt;fen&gt;Subset&lt;/fen&gt;. This frame exists largely for the purposes of inheritance.&lt;/def-root&gt;</definition>
    <semType name="Non-Lexical Frame" ID="16"/>
    <semType name="Non-perspectivalized_frame" ID="52"/>
    <FE bgColor="FF0000" fgColor="FFFFFF" coreType="Core" cBy="RLG" cDate="11/08/2006 11:36:56 PST Wed" abbrev="who" name="Superset" ID="10794">
        <definition>&lt;def-root&gt;The &lt;fen&gt;Superset&lt;/fen&gt; is the larger collection of entities that includes the &lt;fen&gt;Subset&lt;/fen&gt;.&lt;/def-root&gt;</definition>
    </FE>
    <FE bgColor="0000FF" fgColor="FFFFFF" coreType="Core" cBy="RLG" cDate="11/08/2006 11:36:56 PST Wed" abbrev="sub" name="Subset" ID="10795">
        <definition>&lt;def-root&gt;The &lt;fen&gt;Subset&lt;/fen&gt; comprises a part of the &lt;fen&gt;Superset&lt;/fen&gt;.&lt;/def-root&gt;</definition>
    </FE>
    <FE bgColor="FF00FF" fgColor="FFFFFF" coreType="Peripheral" cBy="RLG" cDate="11/08/2006 11:36:56 PST Wed" abbrev="man" name="Manner" ID="10796">
        <definition>&lt;def-root&gt;Any description of the inclusion event which is not covered by more specific FEs, including secondary effects (quietly, loudly), and general descriptions comparing events (the same way). &lt;/def-root&gt;</definition>
    </FE>
    <FE bgColor="FFA500" fgColor="FFFFFF" coreType="Peripheral" cBy="RLG" cDate="11/08/2006 11:36:56 PST Wed" abbrev="tim" name="Time" ID="10797">
        <definition>&lt;def-root&gt;The &lt;fen&gt;Time&lt;/fen&gt; at which the set relation holds.&lt;/def-root&gt;</definition>
    </FE>
    <FE bgColor="008000" fgColor="FFFFFF" coreType="Peripheral" cBy="RLG" cDate="11/08/2006 11:36:56 PST Wed" abbrev="pla" name="Place" ID="10798">
        <definition>&lt;def-root&gt;The location at which the set relation holds.&lt;/def-root&gt;</definition>
    </FE>
    <frameRelation type="Inherits from">
        <relatedFrame ID="1821">Inclusion_scenario</relatedFrame>
    </frameRelation>
    <frameRelation type="Is Inherited by"/>
    <frameRelation type="Perspective on"/>
    <frameRelation type="Is Perspectivized in">
        <relatedFrame ID="1818">Be_subset_of</relatedFrame>
    </frameRelation>
    <frameRelation type="Uses"/>
    <frameRelation type="Is Used by"/>
    <frameRelation type="Subframe of"/>
    <frameRelation type="Has Subframe(s)"/>
    <frameRelation type="Precedes"/>
    <frameRelation type="Is Preceded by"/>
    <frameRelation type="Is Inchoative of"/>
    <frameRelation type="Is Causative of"/>
    <frameRelation type="See also"/>
</frame>