<?xml version="1.0" encoding="UTF-8" standalone="yes"?>
<?xml-stylesheet type="text/xsl" href="frame.xsl"?>
<frame cBy="MJE" cDate="03/10/2014 06:53:39 PDT Mon" name="Setting_back_burn" ID="2829" xsi:schemaLocation="../schema/frame.xsd" xmlns="http://framenet.icsi.berkeley.edu" xmlns:xsi="http://www.w3.org/2001/XMLSchema-instance">
    <definition>&lt;def-root&gt;A &lt;fen&gt;Firefighter&lt;/fen&gt; sets a controlled fire to remove fuel from a currently incompletely controlled fire.&lt;/def-root&gt;</definition>
    <FE bgColor="FF0000" fgColor="FFFFFF" coreType="Core" cBy="MJE" cDate="03/10/2014 06:53:39 PDT Mon" abbrev="Kindler" name="Firefighter" ID="16052">
        <definition>&lt;def-root&gt;The &lt;fen&gt;Firefighter&lt;/fen&gt; is the person making the firebreak.&lt;/def-root&gt;</definition>
        <semType name="Sentient" ID="5"/>
    </FE>
    <FE bgColor="800080" fgColor="FFFFFF" coreType="Core" cBy="MJE" cDate="03/10/2014 06:53:39 PDT Mon" abbrev="Flame" name="Flame" ID="16053">
        <definition>&lt;def-root&gt;The &lt;fen&gt;Flame&lt;/fen&gt; is what is created by the &lt;fen&gt;Firefighter&lt;/fen&gt;.
&lt;/def-root&gt;</definition>
    </FE>
    <FE bgColor="0000FF" fgColor="FFFFFF" coreType="Core" cBy="MJE" cDate="03/10/2014 06:53:39 PDT Mon" abbrev="Flambls" name="Flammables" ID="16054">
        <definition>&lt;def-root&gt;The Flammables is the the object that is burned in the back fire.
&lt;/def-root&gt;</definition>
    </FE>
    <FE bgColor="FFA500" fgColor="FFFFFF" coreType="Peripheral" cBy="MJE" cDate="03/10/2014 06:53:39 PDT Mon" abbrev="Time" name="Time" ID="16056">
        <definition>&lt;def-root&gt;This FE identifies the &lt;fen&gt;Time&lt;/fen&gt; when the event occurs.&lt;/def-root&gt;</definition>
        <semType name="Time" ID="141"/>
    </FE>
    <FE bgColor="008000" fgColor="FFFFFF" coreType="Peripheral" cBy="MJE" cDate="03/10/2014 06:53:39 PDT Mon" abbrev="Place" name="Place" ID="16057">
        <definition>&lt;def-root&gt;This FE identifies the &lt;fen&gt;Place&lt;/fen&gt; where the event takes place.&lt;/def-root&gt;</definition>
        <semType name="Locative_relation" ID="182"/>
    </FE>
    <FE bgColor="FF00FF" fgColor="FFFFFF" coreType="Peripheral" cBy="MJE" cDate="03/10/2014 06:53:39 PDT Mon" abbrev="man" name="Manner" ID="16058">
        <definition>&lt;def-root&gt;Any description of the intentional act which is not covered by more specific FEs, including secondary effects (&lt;ment&gt;quietly, loudly&lt;/ment&gt;), and general descriptions comparing events (&lt;ment&gt;the same way&lt;/ment&gt;). In addition, it may indicate salient characteristics of a &lt;fen&gt;Firefighter&lt;/fen&gt; that also affect the action (&lt;ment&gt;presumptuously, coldly, deliberately, eagerly, carefully&lt;/ment&gt;). &lt;/def-root&gt;</definition>
        <semType name="Manner" ID="173"/>
    </FE>
    <FE bgColor="00BFFF" fgColor="FFFFFF" coreType="Peripheral" cBy="MJE" cDate="03/10/2014 06:53:39 PDT Mon" abbrev="mea" name="Means" ID="16059">
        <definition>&lt;def-root&gt;An event brought about by the &lt;fen&gt;Firefighter&lt;/fen&gt; that actually makes the &lt;fen&gt;Flammables&lt;/fen&gt; catch fire.&lt;/def-root&gt;</definition>
        <semType name="State_of_affairs" ID="177"/>
    </FE>
    <FE bgColor="1E90FF" fgColor="000000" coreType="Extra-Thematic" cBy="MJE" cDate="03/10/2014 06:53:39 PDT Mon" abbrev="" name="Explanation" ID="16060">
        <definition>&lt;def-root&gt;The Explanation denotes a proposition from which the main clause (headed by the target) logically follows.&lt;/def-root&gt;</definition>
    </FE>
    <FE bgColor="7CCD7C" fgColor="000000" coreType="Extra-Thematic" cBy="MJE" cDate="03/10/2014 06:53:39 PDT Mon" abbrev="" name="Containing_event" ID="16061">
        <definition>&lt;def-root&gt;This FE denotes an event that occurs or state of affairs that holds at a time that includes the time during which the event or state of affairs reported by the target occurs and of which it is taken to be a part.&lt;/def-root&gt;</definition>
    </FE>
    <FE bgColor="FFFF00" fgColor="000000" coreType="Extra-Thematic" cBy="MJE" cDate="03/10/2014 06:53:39 PDT Mon" abbrev="" name="Depictive" ID="16062">
        <definition>&lt;def-root&gt;This FE describes the &lt;fen&gt;Firefighter&lt;/fen&gt; as being in some state during the action.&lt;/def-root&gt;</definition>
    </FE>
    <frameRelation type="Inherits from">
        <relatedFrame ID="283">Setting_fire</relatedFrame>
    </frameRelation>
    <frameRelation type="Is Inherited by"/>
    <frameRelation type="Perspective on"/>
    <frameRelation type="Is Perspectivized in"/>
    <frameRelation type="Uses"/>
    <frameRelation type="Is Used by"/>
    <frameRelation type="Subframe of"/>
    <frameRelation type="Has Subframe(s)"/>
    <frameRelation type="Precedes"/>
    <frameRelation type="Is Preceded by"/>
    <frameRelation type="Is Inchoative of"/>
    <frameRelation type="Is Causative of"/>
    <frameRelation type="See also"/>
    <lexUnit status="Created" POS="N" name="backfire.n" ID="17459" lemmaID="2611" cBy="MJE" cDate="03/10/2014 06:58:41 PDT Mon">
        <definition>FN: a fire that uses up fuel from another fire, creating a firebreak.</definition>
        <sentenceCount annotated="1" total="1"/>
        <lexeme order="1" headword="false" breakBefore="false" POS="N" name="backfire"/>
    </lexUnit>
</frame>