<?xml version="1.0" encoding="UTF-8" standalone="yes"?>
<?xml-stylesheet type="text/xsl" href="frame.xsl"?>
<frame cBy="MJE" cDate="11/16/2005 04:35:58 PST Wed" name="Setting_out" ID="1650" xsi:schemaLocation="../schema/frame.xsd" xmlns="http://framenet.icsi.berkeley.edu" xmlns:xsi="http://www.w3.org/2001/XMLSchema-instance">
    <definition>&lt;def-root&gt;A &lt;fen&gt;Self_mover&lt;/fen&gt; begins a journey at a &lt;fen&gt;Source&lt;/fen&gt; location, in a particular &lt;fen&gt;Direction&lt;/fen&gt;generally setting out with an &lt;fen&gt;Intended_goal&lt;/fen&gt; in mind.

&lt;ex&gt;&lt;fex name="Time"&gt;At about 1:00 in the morning&lt;/fex&gt;, &lt;fex name="Self_mover"&gt;climbers&lt;/fex&gt; &lt;t&gt;set out&lt;/t&gt; &lt;fex name="Intended_goal"&gt;for the summit&lt;/fex&gt;.&lt;/ex&gt;
&lt;ex&gt;&lt;fex name="Self_mover"&gt;The expedition&lt;/fex&gt; &lt;t&gt;set out&lt;/t&gt; &lt;fex name="Source"&gt;from Granada&lt;/fex&gt; &lt;fex name="Time"&gt;early in March&lt;/fex&gt;, leaving only one hundred men to garrison the fort which overlooks the city.&lt;/ex&gt;
&lt;ex&gt;&lt;fex name="Time"&gt;After that&lt;/fex&gt; &lt;fex name="Self_mover"&gt;the earl&lt;/fex&gt; &lt;t&gt;set out&lt;/t&gt; &lt;fex name="Direction"&gt;south&lt;/fex&gt; &lt;fex name="Cotheme"&gt;with his host&lt;/fex&gt;, and Kari went with him, and Njal's sons too.&lt;/ex&gt;&lt;/def-root&gt;</definition>
    <FE bgColor="FF0000" fgColor="FFFFFF" coreType="Core" cBy="MJE" cDate="11/16/2005 04:35:59 PST Wed" abbrev="Thm" name="Self_mover" ID="9310">
        <definition>&lt;def-root&gt;This is the entity which moves under its own power. 
&lt;/def-root&gt;</definition>
    </FE>
    <FE bgColor="006400" fgColor="FFFFFF" coreType="Core" cBy="MJE" cDate="11/16/2005 04:36:00 PST Wed" abbrev="Src" name="Source" ID="9311">
        <definition>&lt;def-root&gt;Any expression which implies a definite starting-point of motion expresses the frame element &lt;fen&gt;Source&lt;/fen&gt;. In prepositional phrases, the prepositional object expresses the starting point of motion. In particles, the starting point of motion is understood from context. 



&lt;/def-root&gt;</definition>
        <semType name="Source" ID="151"/>
    </FE>
    <FE bgColor="0000FF" fgColor="FFFFFF" coreType="Peripheral" cBy="MJE" cDate="11/16/2005 04:36:00 PST Wed" abbrev="Path" name="Path" ID="9312">
        <definition>&lt;def-root&gt;A relation to a landmark that describes the trajectory in the midst of the motion.  (It is thus neither a &lt;fen&gt;Source&lt;/fen&gt; nor the &lt;fen&gt;Intended_goal&lt;/fen&gt;.)
&lt;/def-root&gt;</definition>
    </FE>
    <FE bgColor="00BFFF" fgColor="FFFFFF" coreType="Peripheral" cBy="MJE" cDate="11/16/2005 04:36:00 PST Wed" abbrev="Goal" name="Intended_goal" ID="9313">
        <definition>&lt;def-root&gt;Any expression which tells where the &lt;fen&gt;Self_mover&lt;/fen&gt; intends to end up as a result of the motion.&lt;/def-root&gt;</definition>
        <semType name="Goal" ID="153"/>
    </FE>
    <FE bgColor="FF00FF" fgColor="FFFFFF" coreType="Peripheral" cBy="MJE" cDate="11/16/2005 04:36:00 PST Wed" abbrev="Manr" name="Manner" ID="9314">
        <definition>&lt;def-root&gt;Any expression which describes a property of motion which is not directly related to the trajectory of motion expresses the frame element &lt;fen&gt;Manner&lt;/fen&gt;. Descriptions of steadiness, grace, means of motion, and other things count as &lt;fen&gt;Manner&lt;/fen&gt; expressions.  
&lt;/def-root&gt;</definition>
        <semType name="Manner" ID="173"/>
    </FE>
    <FE bgColor="A52A2A" fgColor="FFFFFF" coreType="Peripheral" cBy="MJE" cDate="11/16/2005 04:36:00 PST Wed" abbrev="Mns" name="Means" ID="9315">
        <definition>&lt;def-root&gt;An event involving the &lt;fen&gt;Self_mover&lt;/fen&gt; that results in the &lt;fen&gt;Self_mover&lt;/fen&gt; moving in the specified way.
&lt;/def-root&gt;</definition>
        <semType name="State_of_affairs" ID="177"/>
    </FE>
    <FE bgColor="9400D3" fgColor="FFFFFF" coreType="Peripheral" cBy="MJE" cDate="11/16/2005 04:36:00 PST Wed" abbrev="Spd" name="Speed" ID="9316">
        <definition>&lt;def-root&gt;The &lt;fen&gt;Speed&lt;/fen&gt; is the rate at which the &lt;fen&gt;Self_mover&lt;/fen&gt; moves.&lt;/def-root&gt;</definition>
        <semType name="Speed" ID="234"/>
    </FE>
    <FE bgColor="9F79EE" fgColor="000000" coreType="Extra-Thematic" cBy="MJE" cDate="11/16/2005 04:36:00 PST Wed" abbrev="Thm_c" name="Cotheme" ID="9317">
        <definition>&lt;def-root&gt;A second moving object which the &lt;fen&gt;Self_mover&lt;/fen&gt; moves to follow.

&lt;/def-root&gt;</definition>
    </FE>
    <FE bgColor="9400D3" fgColor="FFFFFF" coreType="Extra-Thematic" cBy="MJE" cDate="11/16/2005 04:36:00 PST Wed" abbrev="Dep-Und" name="Depictive" ID="9318">
        <definition>&lt;def-root&gt;The state of the &lt;fen&gt;Self_mover&lt;/fen&gt; during the action.


&lt;/def-root&gt;</definition>
    </FE>
    <FE bgColor="008000" fgColor="FFFFFF" coreType="Peripheral" cBy="MJE" cDate="11/16/2005 04:36:00 PST Wed" abbrev="" name="Place" ID="9319">
        <definition>&lt;def-root&gt;The &lt;fen&gt;Place&lt;/fen&gt; is where the motion (which is specified by a &lt;fen&gt;Source&lt;/fen&gt;, &lt;fen&gt;Path&lt;/fen&gt; or &lt;fen&gt;Goal&lt;/fen&gt;) is located.&lt;/def-root&gt;</definition>
        <semType name="Locative_relation" ID="182"/>
    </FE>
    <FE bgColor="90876C" fgColor="FFFFFF" coreType="Extra-Thematic" cBy="MJE" cDate="11/16/2005 04:36:00 PST Wed" abbrev="PS" name="Path_shape" ID="9320">
        <definition>&lt;def-root&gt;The configuration formed by the entire &lt;fen&gt;Path&lt;/fen&gt; of the &lt;fen&gt;Self_mover&lt;/fen&gt;, taken simultaneously.
&lt;/def-root&gt;</definition>
    </FE>
    <FE bgColor="9F79EE" fgColor="FFFFFF" coreType="Peripheral" cBy="MJE" cDate="11/16/2005 04:36:00 PST Wed" abbrev="dir" name="Direction" ID="9321">
        <definition>&lt;def-root&gt;The direction in which the &lt;fen&gt;Self_mover&lt;/fen&gt; goes.
&lt;/def-root&gt;</definition>
    </FE>
    <FE bgColor="A9A9A9" fgColor="FFFFFF" coreType="Peripheral" cBy="MJE" cDate="11/16/2005 04:36:00 PST Wed" abbrev="tim" name="Time" ID="9322">
        <definition>&lt;def-root&gt;The time at which the motion takes place.

&lt;/def-root&gt;</definition>
        <semType name="Time" ID="141"/>
    </FE>
    <FE bgColor="90876C" fgColor="000000" coreType="Peripheral" cBy="MJE" cDate="11/16/2005 04:36:00 PST Wed" abbrev="pur" name="Purpose" ID="9323">
        <definition>&lt;def-root&gt;The state-of-affairs that the &lt;fen&gt;Self_mover&lt;/fen&gt; wishes to bring about.
&lt;/def-root&gt;</definition>
        <semType name="State_of_affairs" ID="177"/>
    </FE>
    <FE bgColor="00008B" fgColor="FFFFFF" coreType="Peripheral" cBy="MJE" cDate="11/16/2005 04:36:00 PST Wed" abbrev="veh" name="Vehicle" ID="9324">
        <definition>&lt;def-root&gt;The device or bodypart that serves to move the &lt;fen&gt;Self_mover&lt;/fen&gt;.
&lt;/def-root&gt;</definition>
    </FE>
    <FE bgColor="1E90FF" fgColor="FFFFFF" coreType="Extra-Thematic" cBy="MJE" cDate="11/16/2005 04:36:00 PST Wed" abbrev="dur" name="Duration_of_final_state" ID="9325">
        <definition>&lt;def-root&gt;The length of time that the &lt;fen&gt;Self_mover&lt;/fen&gt; spends away from the &lt;fen&gt;Source&lt;/fen&gt;.

&lt;/def-root&gt;</definition>
    </FE>
    <FE bgColor="7FFF00" fgColor="000000" coreType="Extra-Thematic" cBy="MJE" cDate="11/16/2005 04:36:00 PST Wed" abbrev="res" name="Result" ID="9326">
        <definition>&lt;def-root&gt;The state of the &lt;fen&gt;Self_mover&lt;/fen&gt; at the end of the event.&lt;/def-root&gt;</definition>
    </FE>
    <FE bgColor="A9A9A9" fgColor="000000" coreType="Extra-Thematic" cBy="MJE" cDate="11/16/2005 04:36:00 PST Wed" abbrev="exp" name="Explanation" ID="9327">
        <definition>&lt;def-root&gt;A factor which explains the particular motion or manner of motion of the &lt;fen&gt;Self_mover&lt;/fen&gt;.

&lt;/def-root&gt;</definition>
        <semType name="State_of_affairs" ID="177"/>
    </FE>
    <FE bgColor="1E90FF" fgColor="000000" coreType="Extra-Thematic" cBy="MJE" cDate="11/16/2005 04:36:00 PST Wed" abbrev="" name="Reciprocation" ID="9328">
        <definition>&lt;def-root&gt;An event paired with the motion, which explains why the motion is expected. In particular, &lt;fen&gt;Reciprocation&lt;/fen&gt; is used to indicate an action that is being rewarded or punished by the motion, and/or is paired with the motion as the other side of an agreement.&lt;/def-root&gt;</definition>
    </FE>
    <FE bgColor="FFA500" fgColor="FFFFFF" coreType="Extra-Thematic" cBy="MJE" cDate="11/16/2005 04:36:00 PST Wed" abbrev="con" name="Containing_event" ID="9329">
        <definition>&lt;def-root&gt;An event that occurs or state of affairs that holds at the time of departure and which the departure is taken to be a part of.&lt;/def-root&gt;</definition>
    </FE>
    <FE bgColor="A52A2A" fgColor="FFFFFF" coreType="Extra-Thematic" cBy="MJE" cDate="11/16/2005 04:36:00 PST Wed" abbrev="fre" name="Frequency" ID="9330">
        <definition>&lt;def-root&gt;The number of times that an action occurs in a given time.&lt;/def-root&gt;</definition>
    </FE>
    <FE bgColor="008000" fgColor="000000" coreType="Extra-Thematic" cBy="MJE" cDate="11/16/2005 04:36:01 PST Wed" abbrev="re-e" name="Re-encoding" ID="9331">
        <definition>&lt;def-root&gt;A larger conceptualization that includes the departing as an integral part. The departure expressed by the target typically corresponds to a Means action in this larger conceptualization. &lt;/def-root&gt;</definition>
    </FE>
    <FE bgColor="2E8B57" fgColor="000000" coreType="Extra-Thematic" cBy="MJE" cDate="11/16/2005 04:36:01 PST Wed" abbrev="New" name="New_situation" ID="9332">
        <definition>&lt;def-root&gt;An unexpected event that affects some agent (usually the &lt;fen&gt;Self_mover&lt;/fen&gt;), which is enabled by, and occurs after, the departing.&lt;/def-root&gt;</definition>
    </FE>
    <FE bgColor="800080" fgColor="000000" coreType="Extra-Thematic" cBy="MJE" cDate="11/16/2005 04:36:01 PST Wed" abbrev="cir" name="Circumstances" ID="9333">
        <definition>&lt;def-root&gt;The state of the world (at a particular time and place) which is specifically independent of the departing event itself and any of its participants, and is merely peripherally related to the event as a whole.&lt;/def-root&gt;</definition>
    </FE>
    <FE bgColor="FF69B4" fgColor="000000" coreType="Extra-Thematic" cBy="MJE" cDate="11/16/2005 04:36:01 PST Wed" abbrev="coo" name="Coordinated_event" ID="9334">
        <definition>&lt;def-root&gt;The label &lt;fen&gt;Coordinated_event&lt;/fen&gt; is to be used for phrases denoting an event (it does not allow states) that the departing is rhythmically aligned with. (This would then further require that the departing be iterated.)  The &lt;fen&gt;Coordinated_event&lt;/fen&gt; is conceived of as independent: it would occur regardless of the event expressed by the target, which is not even an incidental or optional sub-part of the &lt;fen&gt;Coordinated_event&lt;/fen&gt;. &lt;/def-root&gt;</definition>
    </FE>
    <FE bgColor="2E8B57" fgColor="FFFFFF" coreType="Peripheral" cBy="MJE" cDate="11/16/2005 04:36:01 PST Wed" abbrev="dis" name="Distance" ID="9335">
        <definition>&lt;def-root&gt;The distance from the &lt;fen&gt;Source&lt;/fen&gt; that the &lt;fen&gt;Self_mover&lt;/fen&gt; ends up.&lt;/def-root&gt;</definition>
    </FE>
    <frameRelation type="Inherits from">
        <relatedFrame ID="1644">Quitting_a_place</relatedFrame>
    </frameRelation>
    <frameRelation type="Is Inherited by"/>
    <frameRelation type="Perspective on"/>
    <frameRelation type="Is Perspectivized in"/>
    <frameRelation type="Uses"/>
    <frameRelation type="Is Used by"/>
    <frameRelation type="Subframe of">
        <relatedFrame ID="343">Travel</relatedFrame>
    </frameRelation>
    <frameRelation type="Has Subframe(s)"/>
    <frameRelation type="Precedes"/>
    <frameRelation type="Is Preceded by"/>
    <frameRelation type="Is Inchoative of"/>
    <frameRelation type="Is Causative of"/>
    <frameRelation type="See also"/>
    <lexUnit status="Finished_Initial" POS="V" name="set off.v" ID="12930" lemmaID="45469" cBy="MJE" cDate="11/16/2005 04:57:08 PST Wed">
        <definition>COD: (support verb set) begin a journey. </definition>
        <sentenceCount annotated="24" total="172"/>
        <lexeme order="1" headword="true" breakBefore="false" POS="V" name="set"/>
        <lexeme order="2" headword="false" breakBefore="true" POS="ADV" name="off"/>
    </lexUnit>
    <lexUnit status="In_Use" POS="V" name="set out.v" ID="12931" lemmaID="48501" cBy="MJE" cDate="11/16/2005 04:58:11 PST Wed">
        <definition>COD: begin a journey</definition>
        <sentenceCount annotated="56" total="563"/>
        <lexeme order="1" headword="true" breakBefore="false" POS="V" name="set"/>
        <lexeme order="2" headword="false" breakBefore="false" POS="ADV" name="out"/>
    </lexUnit>
    <lexUnit status="Created" POS="V" name="decamp.v" ID="12936" lemmaID="9747" cBy="MJE" cDate="11/16/2005 07:40:18 PST Wed">
        <definition>COD: depart suddenly or secretly.</definition>
        <sentenceCount annotated="0" total="0"/>
        <lexeme order="1" headword="false" breakBefore="false" POS="V" name="decamp"/>
    </lexUnit>
</frame>