<?xml version="1.0" encoding="UTF-8" standalone="yes"?>
<?xml-stylesheet type="text/xsl" href="frame.xsl"?>
<frame cBy="WMcQ" cDate="04/17/2015 05:26:23 PDT Fri" name="Sexual_reproduction_scenario" ID="2917" xsi:schemaLocation="../schema/frame.xsd" xmlns="http://framenet.icsi.berkeley.edu" xmlns:xsi="http://www.w3.org/2001/XMLSchema-instance">
    <definition>&lt;def-root&gt;This frame embodies the process of procreation.&lt;/def-root&gt;</definition>
    <FE bgColor="800080" fgColor="FFFFFF" coreType="Core" cBy="WMcQ" cDate="04/17/2015 05:26:53 PDT Fri" abbrev="" name="Parents" ID="16388">
        <definition>&lt;def-root&gt;The parents who will receive offspring.&lt;/def-root&gt;</definition>
    </FE>
    <FE bgColor="FF0000" fgColor="FFFFFF" coreType="Core" cBy="WMcQ" cDate="04/17/2015 05:27:46 PDT Fri" abbrev="" name="Father" ID="16389">
        <definition>&lt;def-root&gt;The participant in a sexual relationship who fertilizes an egg.&lt;/def-root&gt;</definition>
    </FE>
    <FE bgColor="0000FF" fgColor="FFFFFF" coreType="Core" cBy="WMcQ" cDate="04/17/2015 05:28:59 PDT Fri" abbrev="" name="Mother" ID="16390">
        <definition>&lt;def-root&gt;The participant in a sexual relation whose egg is fertilized.&lt;/def-root&gt;</definition>
    </FE>
    <FE bgColor="008000" fgColor="FFFFFF" coreType="Core" cBy="WMcQ" cDate="04/17/2015 05:29:33 PDT Fri" abbrev="" name="Offspring" ID="16391">
        <definition>&lt;def-root&gt;The zygote, in some stage of development.&lt;/def-root&gt;</definition>
    </FE>
    <frameRelation type="Inherits from"/>
    <frameRelation type="Is Inherited by"/>
    <frameRelation type="Perspective on"/>
    <frameRelation type="Is Perspectivized in"/>
    <frameRelation type="Uses"/>
    <frameRelation type="Is Used by"/>
    <frameRelation type="Subframe of"/>
    <frameRelation type="Has Subframe(s)">
        <relatedFrame ID="2811">Birth_scenario</relatedFrame>
        <relatedFrame ID="2914">Procreative_sex</relatedFrame>
    </frameRelation>
    <frameRelation type="Precedes"/>
    <frameRelation type="Is Preceded by"/>
    <frameRelation type="Is Inchoative of"/>
    <frameRelation type="Is Causative of"/>
    <frameRelation type="See also"/>
</frame>