<?xml version="1.0" encoding="UTF-8" standalone="yes"?>
<?xml-stylesheet type="text/xsl" href="frame.xsl"?>
<frame cBy="ACW" cDate="05/29/2002 10:58:14 PDT Wed" name="Shapes" ID="328" xsi:schemaLocation="../schema/frame.xsd" xmlns="http://framenet.icsi.berkeley.edu" xmlns:xsi="http://www.w3.org/2001/XMLSchema-instance">
    <definition>&lt;def-root&gt;This frame contains words which describe the dimensional extent and &lt;fen&gt;Shape&lt;/fen&gt; of a &lt;fen&gt;Substance&lt;/fen&gt;.  These words do not make reference to a Part-whole relationship. There can also be a descriptor of the &lt;fen&gt;Shape&lt;/fen&gt;, &lt;fen&gt;Shape_prop&lt;/fen&gt;.

&lt;ex&gt;She held a &lt;t&gt;&lt;fex name="Shape"&gt;square&lt;/fex&gt;&lt;/t&gt; &lt;fex name="Substance"&gt;of cloth &lt;/fex&gt;.&lt;/ex&gt;&lt;/def-root&gt;</definition>
    <FE bgColor="0000FF" fgColor="FFFFFF" coreType="Core" cBy="ACW" cDate="05/29/2002 12:56:49 PDT Wed" abbrev="" name="Substance" ID="2860">
        <definition>&lt;def-root&gt;A &lt;fen&gt;Substance&lt;/fen&gt; of which pieces can be extracted.&lt;ex&gt;Sue ate a &lt;fex name="Shape_prop"&gt;big&lt;/fex&gt; &lt;t&gt;&lt;fex name="Shape"&gt;square&lt;/fex&gt;&lt;/t&gt; &lt;fex name="Substance"&gt;of cake&lt;/fex&gt;.&lt;/ex&gt;&lt;/def-root&gt;</definition>
    </FE>
    <FE bgColor="FF0000" fgColor="FFFFFF" coreType="Core" cBy="ACW" cDate="05/29/2002 12:57:06 PDT Wed" abbrev="" name="Shape" ID="2861">
        <definition>&lt;def-root&gt;This is the &lt;fen&gt;Shape&lt;/fen&gt; that the &lt;fen&gt;Substance&lt;/fen&gt; is in.&lt;ex&gt;I ate a &lt;t&gt;&lt;fex name="Shape"&gt;stick&lt;/fex&gt;&lt;/t&gt; &lt;fex name="Substance"&gt;of butter&lt;/fex&gt;.&lt;/ex&gt;&lt;/def-root&gt;</definition>
    </FE>
    <FE bgColor="008000" fgColor="FFFFFF" coreType="Peripheral" cBy="ACW" cDate="05/29/2002 12:58:34 PDT Wed" abbrev="" name="Shape_prop" ID="2862">
        <definition>&lt;def-root&gt;This describes a property of the &lt;fen&gt;Shape&lt;/fen&gt;, e.g. it's size.&lt;ex&gt;Sue ate a &lt;fex name="Shape_prop"&gt;big&lt;/fex&gt; &lt;t&gt;&lt;fex name="Shape"&gt;square&lt;/fex&gt;&lt;/t&gt; &lt;fex name="Substance"&gt;of cake&lt;/fex&gt;.&lt;/ex&gt;&lt;/def-root&gt;</definition>
    </FE>
    <FE bgColor="A52A2A" fgColor="FFFFFF" coreType="Peripheral" cBy="ACW" cDate="06/05/2002 03:13:26 PDT Wed" abbrev="" name="Count" ID="2974">
        <definition>&lt;def-root&gt;The number of units of the measured &lt;fen&gt;Substance&lt;/fen&gt;. &lt;ex&gt;Serena found &lt;fex name="Count"&gt;two&lt;/fex&gt; &lt;t&gt;&lt;fex name="Shape"&gt;squares&lt;/fex&gt;&lt;/t&gt; &lt;fex name="Substance"&gt;of coth&lt;/fex&gt; in the cabinet.&lt;/ex&gt;&lt;/def-root&gt;</definition>
    </FE>
    <frameRelation type="Inherits from"/>
    <frameRelation type="Is Inherited by"/>
    <frameRelation type="Perspective on"/>
    <frameRelation type="Is Perspectivized in"/>
    <frameRelation type="Uses">
        <relatedFrame ID="237">Bounded_entity</relatedFrame>
    </frameRelation>
    <frameRelation type="Is Used by"/>
    <frameRelation type="Subframe of"/>
    <frameRelation type="Has Subframe(s)"/>
    <frameRelation type="Precedes"/>
    <frameRelation type="Is Preceded by"/>
    <frameRelation type="Is Inchoative of"/>
    <frameRelation type="Is Causative of"/>
    <frameRelation type="See also"/>
    <lexUnit status="Finished_Initial" POS="N" name="square.n" ID="5836" lemmaID="37607" cBy="ACW" cDate="05/29/2002 12:59:33 PDT Wed">
        <definition>COD: a plane figure with four equal straight sides and four right angles.</definition>
        <sentenceCount annotated="19" total="200"/>
        <lexeme order="1" headword="false" breakBefore="false" POS="N" name="square"/>
    </lexUnit>
    <lexUnit status="Finished_Initial" POS="N" name="sheet.n" ID="5837" lemmaID="35460" cBy="ACW" cDate="05/29/2002 01:12:35 PDT Wed">
        <definition>FN: a flat , frequently rectangular portion of a substance</definition>
        <sentenceCount annotated="30" total="273"/>
        <lexeme order="1" headword="false" breakBefore="false" POS="N" name="sheet"/>
    </lexUnit>
    <lexUnit status="Finished_Initial" POS="N" name="coil.n" ID="5838" lemmaID="7116" cBy="ACW" cDate="05/29/2002 02:07:52 PDT Wed">
        <definition>COD: a length of something wound in a joined sequence of concentric rings. </definition>
        <sentenceCount annotated="24" total="201"/>
        <lexeme order="1" headword="false" breakBefore="false" POS="N" name="coil"/>
    </lexUnit>
    <lexUnit status="Finished_Initial" POS="N" name="cube.n" ID="5840" lemmaID="9173" cBy="ACW" cDate="05/29/2002 03:03:30 PDT Wed">
        <definition>COD: a symmetrical three-dimensional shape contained by six equal squares.</definition>
        <sentenceCount annotated="21" total="168"/>
        <lexeme order="1" headword="false" breakBefore="false" POS="N" name="cube"/>
    </lexUnit>
    <lexUnit status="Finished_Initial" POS="N" name="stick.n" ID="5841" lemmaID="38023" cBy="ACW" cDate="05/29/2002 03:20:30 PDT Wed">
        <definition>COD: a long, thin object or piece of something</definition>
        <sentenceCount annotated="14" total="228"/>
        <lexeme order="1" headword="false" breakBefore="false" POS="N" name="stick"/>
    </lexUnit>
    <lexUnit status="Finished_Initial" POS="N" name="strip.n" ID="5842" lemmaID="38366" cBy="ACW" cDate="05/29/2002 03:24:15 PDT Wed">
        <definition>COD: a long, narrow piece of cloth, paper, etc. </definition>
        <sentenceCount annotated="48" total="291"/>
        <lexeme order="1" headword="false" breakBefore="false" POS="N" name="strip"/>
    </lexUnit>
    <lexUnit status="Finished_Initial" POS="N" name="stretch.n" ID="5843" lemmaID="38323" cBy="ACW" cDate="05/29/2002 03:29:54 PDT Wed">
        <definition>COD: a continuous expanse</definition>
        <sentenceCount annotated="53" total="308"/>
        <lexeme order="1" headword="false" breakBefore="false" POS="N" name="stretch"/>
    </lexUnit>
    <lexUnit status="Finished_Initial" POS="N" name="ribbon.n" ID="5844" lemmaID="33197" cBy="ACW" cDate="05/29/2002 03:33:50 PDT Wed">
        <definition>COD: a long, narrow strip of something. </definition>
        <sentenceCount annotated="16" total="198"/>
        <lexeme order="1" headword="false" breakBefore="false" POS="N" name="ribbon"/>
    </lexUnit>
    <lexUnit status="Finished_Initial" POS="N" name="expanse.n" ID="5846" lemmaID="13502" cBy="ACW" cDate="05/29/2002 03:37:02 PDT Wed">
        <definition>COD: a wide continuous area of something, typically land or sea. </definition>
        <sentenceCount annotated="43" total="203"/>
        <lexeme order="1" headword="false" breakBefore="false" POS="N" name="expanse"/>
    </lexUnit>
    <lexUnit status="Finished_Initial" POS="N" name="circle.n" ID="5847" lemmaID="6545" cBy="ACW" cDate="05/29/2002 03:41:45 PDT Wed">
        <definition>COD: round plane figure whose boundary consists of points equidistant from the centre.</definition>
        <sentenceCount annotated="33" total="257"/>
        <lexeme order="1" headword="false" breakBefore="false" POS="N" name="circle"/>
    </lexUnit>
    <lexUnit status="Finished_Initial" POS="N" name="ball.n" ID="5866" lemmaID="2737" cBy="ACW" cDate="05/30/2002 10:33:35 PDT Thu">
        <definition>COD: a solid or hollow sphere.</definition>
        <sentenceCount annotated="41" total="333"/>
        <lexeme order="1" headword="false" breakBefore="false" POS="N" name="ball"/>
    </lexUnit>
    <lexUnit status="Finished_Initial" POS="N" name="length.n" ID="5867" lemmaID="22075" cBy="ACW" cDate="05/30/2002 10:37:52 PDT Thu">
        <definition>COD: a stretch or piece of something. </definition>
        <sentenceCount annotated="28" total="282"/>
        <lexeme order="1" headword="false" breakBefore="false" POS="N" name="length"/>
    </lexUnit>
    <lexUnit status="Finished_Initial" POS="N" name="shape.n" ID="11417" lemmaID="35388" cBy="Pam" cDate="12/13/2004 03:10:24 PST Mon">
        <definition>COD: the external form or appearance of someone or something; the outline of an area or figure.</definition>
        <sentenceCount annotated="24" total="247"/>
        <lexeme order="1" headword="false" breakBefore="false" POS="N" name="shape"/>
    </lexUnit>
    <lexUnit status="Finished_Initial" POS="N" name="curve.n" ID="13820" lemmaID="9332" cBy="MJE" cDate="02/25/2007 01:43:51 PST Sun">
        <definition>COD: a line or outline which gradually deviates from being straight for some or all of its length.</definition>
        <sentenceCount annotated="22" total="241"/>
        <lexeme order="1" headword="false" breakBefore="false" POS="N" name="curve"/>
    </lexUnit>
    <lexUnit status="Finished_Initial" POS="A" name="circular.a" ID="14583" lemmaID="6552" cBy="KmG" cDate="10/24/2007 04:28:42 PDT Wed">
        <definition>FN: Being in the shape of a circle.</definition>
        <sentenceCount annotated="23" total="142"/>
        <lexeme order="1" headword="false" breakBefore="false" POS="A" name="circular"/>
    </lexUnit>
    <lexUnit status="Finished_Initial" POS="N" name="line.n" ID="15365" lemmaID="22407" cBy="JKs" cDate="06/18/2009 01:15:05 PDT Thu">
        <definition>FN: a one-dimensional shape of some substance</definition>
        <sentenceCount annotated="20" total="304"/>
        <lexeme order="1" headword="false" breakBefore="false" POS="N" name="line"/>
    </lexUnit>
    <lexUnit status="Created" POS="N" name="row.n" ID="15366" lemmaID="33648" cBy="JKs" cDate="06/18/2009 01:16:03 PDT Thu">
        <definition>FN: a line (often occurring adjacent to other rows)</definition>
        <sentenceCount annotated="0" total="0"/>
        <lexeme order="1" headword="false" breakBefore="false" POS="N" name="row"/>
    </lexUnit>
    <lexUnit status="Finished_Initial" POS="N" name="triangle.n" ID="15367" lemmaID="41190" cBy="JKs" cDate="06/18/2009 01:16:49 PDT Thu">
        <definition>FN: a three-sided geometric shape</definition>
        <sentenceCount annotated="20" total="140"/>
        <lexeme order="1" headword="false" breakBefore="false" POS="N" name="triangle"/>
    </lexUnit>
    <lexUnit status="Finished_Initial" POS="N" name="wedge.n" ID="15368" lemmaID="43674" cBy="JKs" cDate="06/18/2009 01:17:53 PDT Thu">
        <definition>FN: a subpart of a circular whole</definition>
        <sentenceCount annotated="22" total="172"/>
        <lexeme order="1" headword="false" breakBefore="false" POS="N" name="wedge"/>
    </lexUnit>
    <lexUnit status="Insufficient_Attestations" POS="N" name="v.n" ID="15369" lemmaID="42612" cBy="JKs" cDate="06/18/2009 01:19:41 PDT Thu">
        <definition>FN: shaped like the letter 'V'</definition>
        <sentenceCount annotated="0" total="0"/>
        <lexeme order="1" headword="false" breakBefore="false" POS="N" name="v"/>
    </lexUnit>
    <lexUnit status="Finished_Initial" POS="N" name="oval.n" ID="15370" lemmaID="27185" cBy="JKs" cDate="06/18/2009 01:20:03 PDT Thu">
        <definition>FN: egg-shaped; elliptical</definition>
        <sentenceCount annotated="20" total="139"/>
        <lexeme order="1" headword="false" breakBefore="false" POS="N" name="oval"/>
    </lexUnit>
    <lexUnit status="Finished_Initial" POS="A" name="round.a" ID="15371" lemmaID="33609" cBy="JKs" cDate="06/18/2009 01:20:59 PDT Thu">
        <definition>FN: circular</definition>
        <sentenceCount annotated="20" total="160"/>
        <lexeme order="1" headword="false" breakBefore="false" POS="A" name="round"/>
    </lexUnit>
    <lexUnit status="Insufficient_Attestations" POS="N" name="ellipse.n" ID="15372" lemmaID="12486" cBy="JKs" cDate="06/18/2009 01:21:42 PDT Thu">
        <definition>FN: the shape that occurs from slicing a cone with an oblique plane (that is not a parabola or hyperbola)</definition>
        <sentenceCount annotated="0" total="0"/>
        <lexeme order="1" headword="false" breakBefore="false" POS="N" name="ellipse"/>
    </lexUnit>
</frame>