<?xml version="1.0" encoding="UTF-8" standalone="yes"?>
<?xml-stylesheet type="text/xsl" href="frame.xsl"?>
<frame cBy="RLG" cDate="03/02/2007 02:23:08 PST Fri" name="Shopping" ID="1882" xsi:schemaLocation="../schema/frame.xsd" xmlns="http://framenet.icsi.berkeley.edu" xmlns:xsi="http://www.w3.org/2001/XMLSchema-instance">
    <definition>&lt;def-root&gt;A &lt;fen&gt;Shopper&lt;/fen&gt; looks for &lt;fen&gt;Goods&lt;/fen&gt; in order to purchase them.

&lt;ex&gt;&lt;fex name="Shopper"&gt;She&lt;/fex&gt; &lt;t&gt;shopped&lt;/t&gt; &lt;fex name="Goods"&gt;for a new hat&lt;/fex&gt;.&lt;/ex&gt;&lt;/def-root&gt;</definition>
    <FE bgColor="FF0000" fgColor="FFFFFF" coreType="Core" cBy="RLG" cDate="03/02/2007 02:23:08 PST Fri" abbrev="sho" name="Shopper" ID="11138">
        <definition>&lt;def-root&gt;The person who attempts to find the &lt;fen&gt;Goods&lt;/fen&gt;.
&lt;ex&gt;&lt;fex name="Shopper"&gt;John&lt;/fex&gt; &lt;t&gt;shopped&lt;/t&gt; for a pencil.&lt;/ex&gt;&lt;/def-root&gt;</definition>
        <semType name="Sentient" ID="5"/>
    </FE>
    <FE bgColor="808080" fgColor="FFFFFF" coreType="Peripheral" cBy="RLG" cDate="03/02/2007 02:23:08 PST Fri" abbrev="Ground" name="Ground" ID="11139">
        <definition>&lt;def-root&gt;This is the entity to which the Cognizer pays attention. It is referred to as the &lt;fen&gt;Ground&lt;/fen&gt; because it serves as the background or context for the &lt;fen&gt;Goods&lt;/fen&gt;. This FE is usually expressed as a preposition phrase.&lt;/def-root&gt;</definition>
    </FE>
    <FE bgColor="0000FF" fgColor="FFFFFF" coreType="Core" cBy="RLG" cDate="03/02/2007 02:23:08 PST Fri" abbrev="goo" name="Goods" ID="11140">
        <definition>&lt;def-root&gt;This is the entity that the Ground may contain. Typically, it is expressed as a&lt;ment&gt;for&lt;/ment&gt;-PP.&lt;/def-root&gt;</definition>
        <semType name="Goal" ID="153"/>
    </FE>
    <FE bgColor="FF00FF" fgColor="FFFFFF" coreType="Peripheral" cBy="RLG" cDate="03/02/2007 02:23:08 PST Fri" abbrev="Manr" name="Manner" ID="11141">
        <definition>&lt;def-root&gt;The &lt;fen&gt;Manner&lt;/fen&gt; in which the shopping action is done.&lt;/def-root&gt;</definition>
        <semType name="Manner" ID="173"/>
    </FE>
    <FE bgColor="A52A2A" fgColor="FFFFFF" coreType="Peripheral" cBy="RLG" cDate="03/02/2007 02:23:08 PST Fri" abbrev="Mns" name="Means" ID="11142">
        <definition>&lt;def-root&gt;An act of the &lt;fen&gt;Shopper&lt;/fen&gt; that allows them to look for (and perhaps purchase) the &lt;fen&gt;Goods&lt;/fen&gt;.

&lt;ex&gt;They &lt;t&gt;shopped&lt;/t&gt; for hot items &lt;fex name="Mns"&gt;by camping out overnight at shopping malls&lt;/fex&gt;.&lt;/ex&gt;&lt;/def-root&gt;</definition>
        <semType name="State_of_affairs" ID="177"/>
    </FE>
    <FE bgColor="9F79EE" fgColor="FFFFFF" coreType="Peripheral" cBy="RLG" cDate="03/02/2007 02:23:08 PST Fri" abbrev="Otcm" name="Outcome" ID="11144">
        <definition>&lt;def-root&gt;The failure or success of an attempt.&lt;/def-root&gt;</definition>
    </FE>
    <FE bgColor="008000" fgColor="FFFFFF" coreType="Peripheral" cBy="RLG" cDate="03/02/2007 02:23:08 PST Fri" abbrev="Place" name="Place" ID="11145">
        <definition>&lt;def-root&gt;A spatial setting larger than the Ground in which the Shopping event occurs.&lt;/def-root&gt;</definition>
        <semType name="Locative_relation" ID="182"/>
    </FE>
    <FE bgColor="FFA500" fgColor="000000" coreType="Peripheral" cBy="RLG" cDate="03/02/2007 02:23:08 PST Fri" abbrev="Time" name="Time" ID="11146">
        <definition>&lt;def-root&gt;This FE identifies the time when the shopping occurs.

&lt;ex&gt;The children were &lt;t&gt;shopping&lt;/t&gt; for gifts for their parents &lt;fex name="Time"&gt;before Christmas&lt;/fex&gt;.&lt;/ex&gt;&lt;/def-root&gt;</definition>
        <semType name="Time" ID="141"/>
    </FE>
    <FE bgColor="800080" fgColor="FFFFFF" coreType="Peripheral" cBy="RLG" cDate="03/02/2007 02:23:08 PST Fri" abbrev="Purp" name="Purpose" ID="11147">
        <definition>&lt;def-root&gt;An action that the Shopper intends to accomplish by performing the search.&lt;/def-root&gt;</definition>
        <semType name="State_of_affairs" ID="177"/>
    </FE>
    <FE bgColor="FF69B4" fgColor="FFFFFF" coreType="Peripheral" cBy="KmG" cDate="02/04/2008 04:44:28 PST Mon" abbrev="Deg" name="Degree" ID="12109">
        <definition>&lt;def-root&gt;This FE identifies the amount of effort put into shopping.&lt;/def-root&gt;</definition>
    </FE>
    <FE bgColor="FFFF00" fgColor="000000" coreType="Extra-Thematic" cBy="AnW" cDate="05/12/2010 04:59:06 PDT Wed" abbrev="depict" name="Depictive" ID="13850">
        <definition>&lt;def-root&gt;This FE describes a participant of shopping scenario as being in some state during the action.&lt;/def-root&gt;</definition>
    </FE>
    <FE bgColor="7FFF00" fgColor="000000" coreType="Extra-Thematic" cBy="AnW" cDate="05/12/2010 05:14:47 PDT Wed" abbrev="co-p" name="Co-participant" ID="13851">
        <definition>&lt;def-root&gt;The &lt;fen&gt;Co-participant&lt;/fen&gt; is an entity that participates in a coordinated way in the shopping event with the &lt;fen&gt;Shopper&lt;/fen&gt;.&lt;/def-root&gt;</definition>
        <semType name="Sentient" ID="5"/>
    </FE>
    <frameRelation type="Inherits from">
        <relatedFrame ID="269">Seeking</relatedFrame>
    </frameRelation>
    <frameRelation type="Is Inherited by"/>
    <frameRelation type="Perspective on"/>
    <frameRelation type="Is Perspectivized in"/>
    <frameRelation type="Uses">
        <relatedFrame ID="171">Commerce_buy</relatedFrame>
    </frameRelation>
    <frameRelation type="Is Used by"/>
    <frameRelation type="Subframe of"/>
    <frameRelation type="Has Subframe(s)"/>
    <frameRelation type="Precedes"/>
    <frameRelation type="Is Preceded by"/>
    <frameRelation type="Is Inchoative of"/>
    <frameRelation type="Is Causative of"/>
    <frameRelation type="See also"/>
    <lexUnit status="Created" POS="N" name="shopping.n" ID="13921" lemmaID="35630" cBy="RLG" cDate="03/02/2007 02:40:47 PST Fri">
        <definition>COD: the purchasing of goods from shops.</definition>
        <sentenceCount annotated="15" total="16"/>
        <lexeme order="1" headword="false" breakBefore="false" POS="N" name="shopping"/>
    </lexUnit>
    <lexUnit status="Finished_Initial" POS="V" name="shop.v" ID="13925" lemmaID="35620" cBy="RLG" cDate="03/02/2007 05:07:42 PST Fri">
        <definition>COD: go to a shop or shops to buy goods.</definition>
        <sentenceCount annotated="21" total="137"/>
        <lexeme order="1" headword="false" breakBefore="false" POS="V" name="shop"/>
    </lexUnit>
</frame>