<?xml version="1.0" encoding="UTF-8" standalone="yes"?>
<?xml-stylesheet type="text/xsl" href="frame.xsl"?>
<frame cBy="MJE" cDate="03/15/2002 04:20:10 PST Fri" name="Silencing" ID="285" xsi:schemaLocation="../schema/frame.xsd" xmlns="http://framenet.icsi.berkeley.edu" xmlns:xsi="http://www.w3.org/2001/XMLSchema-instance">
    <definition>&lt;def-root&gt;An &lt;fen&gt;Agent&lt;/fen&gt; causes a &lt;fen&gt;Speaker&lt;/fen&gt; to become silent, sometimes about a particular &lt;fen&gt;Topic&lt;/fen&gt;.

&lt;ex&gt;&lt;fex name="Agent"&gt;The teacher&lt;/fex&gt; &lt;t&gt;quieted&lt;/t&gt; &lt;fex name="Expressor"&gt;the children's laughter&lt;/fex&gt;.&lt;/ex&gt;&lt;/def-root&gt;</definition>
    <FE bgColor="FF0000" fgColor="FFFFFF" coreType="Core" cBy="MJE" cDate="03/15/2002 06:00:31 PST Fri" abbrev="Agt" name="Agent" ID="2471">
        <definition>&lt;def-root&gt;The Agent is the person performing the intentional act.&lt;/def-root&gt;</definition>
        <semType name="Sentient" ID="5"/>
    </FE>
    <FE bgColor="A9A9A9" fgColor="FFFFFF" coreType="Peripheral" cBy="MJE" cDate="03/15/2002 06:00:57 PST Fri" abbrev="Ins" name="Instrument" ID="2472">
        <definition>&lt;def-root&gt;The instrument with which an intentional act is performed.&lt;/def-root&gt;</definition>
        <semType name="Physical_entity" ID="70"/>
    </FE>
    <FE bgColor="006400" fgColor="FFFFFF" coreType="Peripheral" cBy="MJE" cDate="03/15/2002 06:01:00 PST Fri" abbrev="Place" name="Place" ID="2473">
        <definition>&lt;def-root&gt;Where the event takes place.&lt;/def-root&gt;</definition>
        <semType name="Locative_relation" ID="182"/>
    </FE>
    <FE bgColor="800080" fgColor="FFFFFF" coreType="Peripheral" cBy="MJE" cDate="03/15/2002 06:01:02 PST Fri" abbrev="Purp" name="Purpose" ID="2474">
        <definition>&lt;def-root&gt;The purpose for which an intentional act is performed.
&lt;ex&gt;John &lt;t&gt;quieted&lt;/t&gt; the crowd &lt;fex name="Purpose"&gt;to reassert his authority&lt;/fex&gt;.&lt;/ex&gt;&lt;/def-root&gt;</definition>
        <semType name="State_of_affairs" ID="177"/>
    </FE>
    <FE bgColor="FFA500" fgColor="FFFFFF" coreType="Peripheral" cBy="MJE" cDate="03/15/2002 06:01:05 PST Fri" abbrev="Time" name="Time" ID="2475">
        <definition>&lt;def-root&gt;When the event occurs.&lt;/def-root&gt;</definition>
        <semType name="Time" ID="141"/>
    </FE>
    <FE bgColor="0000FF" fgColor="FFFFFF" coreType="Peripheral" cBy="MJE" cDate="03/15/2002 06:01:06 PST Fri" abbrev="Mns" name="Means" ID="2476">
        <definition>&lt;def-root&gt;An act whereby the &lt;fen&gt;Agent&lt;/fen&gt; silences the &lt;fen&gt;Speaker&lt;/fen&gt;.&lt;/def-root&gt;</definition>
        <semType name="State_of_affairs" ID="177"/>
    </FE>
    <FE bgColor="2E8B57" fgColor="FFFFFF" coreType="Core" cBy="MJE" cDate="03/15/2002 06:01:17 PST Fri" abbrev="Spkr" name="Speaker" ID="2478">
        <definition>&lt;def-root&gt;The sentient entity that is not communicating.&lt;/def-root&gt;</definition>
        <semType name="Sentient" ID="5"/>
    </FE>
    <FE bgColor="00BFFF" fgColor="FFFFFF" coreType="Peripheral" cBy="MJE" cDate="03/15/2002 06:07:09 PST Fri" abbrev="" name="Topic" ID="2479">
        <definition>&lt;def-root&gt;This is the subject matter to which the Message pertains. It is typically expressed as a PP Complement headed by about.&lt;/def-root&gt;</definition>
    </FE>
    <FE bgColor="A52A2A" fgColor="FFFFFF" coreType="Extra-Thematic" cBy="MJE" cDate="03/18/2002 05:04:37 PST Mon" abbrev="Exp" name="Explanation" ID="2480">
        <definition>&lt;def-root&gt;The &lt;fex name="Explanation"&gt;Explanation&lt;/fex&gt; for which an intentional act is performed.
&lt;ex&gt;I &lt;t&gt;hushed&lt;/t&gt; him &lt;fex name="Explanation"&gt;because quiet hours were in effect&lt;/fex&gt;.&lt;/ex&gt;&lt;/def-root&gt;</definition>
        <semType name="State_of_affairs" ID="177"/>
    </FE>
    <FE bgColor="00008B" fgColor="FFFFFF" coreType="Extra-Thematic" cBy="ACW" cDate="08/20/2002 01:11:07 PDT Tue" abbrev="Res" name="Result" ID="3585">
        <definition>&lt;def-root&gt;The &lt;fen&gt;Result&lt;/fen&gt; is the final state of the &lt;fen&gt;Speaker&lt;/fen&gt;.&lt;/def-root&gt;</definition>
    </FE>
    <FE bgColor="9400D3" fgColor="FFFFFF" coreType="Core" cBy="ACW" cDate="07/24/2003 12:16:57 PDT Thu" abbrev="" name="Expressor" ID="4830">
        <definition>&lt;def-root&gt;The &lt;fen&gt;Expressor&lt;/fen&gt; is the &lt;fen&gt;Speaker&lt;/fen&gt;'s voice or other communicative noise emitted by the &lt;fen&gt;Speaker&lt;/fen&gt;. &lt;/def-root &gt;</definition>
    </FE>
    <FE bgColor="FF69B4" fgColor="FFFFFF" coreType="Peripheral" cBy="Hay" cDate="10/02/2003 11:36:49 PDT Thu" abbrev="Mnr" name="Manner" ID="5324">
        <definition>&lt;def-root&gt;Any description of the silencing event  which is not covered by more specific FEs, including epistemic modification (probably, presumably, mysteriously) and general descriptions comparing events (the same way). 

&lt;ex&gt;Kim &lt;t&gt;shushed&lt;/t&gt; Pat &lt;fex name="Manner"&gt;rather haughtily&lt;/fex&gt;.&lt;/ex&gt;&lt;/def-root&gt;</definition>
        <semType name="Manner" ID="173"/>
    </FE>
    <FE bgColor="FF69B4" fgColor="FFFFFF" coreType="Peripheral" cBy="Hay" cDate="10/02/2003 11:40:48 PDT Thu" abbrev="Degr" name="Degree" ID="5441">
        <definition>&lt;def-root&gt;The extent to which the &lt;fen&gt;Agent&lt;/fen&gt; succeeds in creating silence.

&lt;ex&gt;Valois &lt;t&gt;silenced&lt;/t&gt; the crowd &lt;fex name="Degree"&gt;completely&lt;/fex&gt; with one commanding gesture&lt;/ex&gt;&lt;/def-root&gt;</definition>
        <semType name="Degree" ID="172"/>
    </FE>
    <FEcoreSet>
        <memberFE name="Expressor" ID="4830"/>
        <memberFE name="Speaker" ID="2478"/>
    </FEcoreSet>
    <frameRelation type="Inherits from">
        <relatedFrame ID="230">Intentionally_affect</relatedFrame>
    </frameRelation>
    <frameRelation type="Is Inherited by"/>
    <frameRelation type="Perspective on"/>
    <frameRelation type="Is Perspectivized in"/>
    <frameRelation type="Uses"/>
    <frameRelation type="Is Used by"/>
    <frameRelation type="Subframe of"/>
    <frameRelation type="Has Subframe(s)"/>
    <frameRelation type="Precedes"/>
    <frameRelation type="Is Preceded by"/>
    <frameRelation type="Is Inchoative of"/>
    <frameRelation type="Is Causative of">
        <relatedFrame ID="731">Becoming_silent</relatedFrame>
    </frameRelation>
    <frameRelation type="See also"/>
    <lexUnit status="Finished_Initial" POS="V" name="silence.v" ID="5242" lemmaID="35899" cBy="MJE" cDate="03/15/2002 04:23:18 PST Fri">
        <definition>COD: make silent.</definition>
        <sentenceCount annotated="19" total="193"/>
        <lexeme order="1" headword="false" breakBefore="false" POS="V" name="silence"/>
    </lexUnit>
    <lexUnit status="Finished_Initial" POS="V" name="shush.v" ID="5244" lemmaID="35755" cBy="MJE" cDate="03/15/2002 05:09:30 PST Fri">
        <definition>COD:  tell or signal to be silent</definition>
        <sentenceCount annotated="6" total="6"/>
        <lexeme order="1" headword="false" breakBefore="false" POS="V" name="shush"/>
    </lexUnit>
    <lexUnit status="Finished_Initial" POS="V" name="hush.v" ID="5245" lemmaID="18718" cBy="MJE" cDate="03/15/2002 05:33:11 PST Fri">
        <definition>FN: to make someone become quiet</definition>
        <sentenceCount annotated="9" total="9"/>
        <lexeme order="1" headword="false" breakBefore="false" POS="V" name="hush"/>
    </lexUnit>
    <lexUnit status="Insufficient_Attestations" POS="V" name="hush up.v" ID="5246" lemmaID="45535" cBy="MJE" cDate="03/15/2002 05:35:33 PST Fri">
        <definition>FN: to cause someone to become quite</definition>
        <sentenceCount annotated="3" total="96"/>
        <lexeme order="1" headword="true" breakBefore="false" POS="V" name="hush"/>
        <lexeme order="2" headword="false" breakBefore="true" POS="ADV" name="up"/>
    </lexUnit>
    <lexUnit status="Finished_Initial" POS="V" name="shut up.v" ID="5247" lemmaID="45416" cBy="MJE" cDate="03/15/2002 05:40:13 PST Fri">
        <definition>FN: to cause someone or something to stop making noise</definition>
        <sentenceCount annotated="5" total="5"/>
        <lexeme order="2" headword="false" breakBefore="true" POS="ADV" name="up"/>
        <lexeme order="1" headword="true" breakBefore="false" POS="V" name="shut"/>
    </lexUnit>
    <lexUnit status="Finished_Initial" POS="V" name="quiet.v" ID="5248" lemmaID="31526" cBy="MJE" cDate="03/15/2002 05:47:52 PST Fri">
        <definition>FN: to make someone or something make less noise than he/she/it was making previously</definition>
        <sentenceCount annotated="4" total="4"/>
        <lexeme order="1" headword="false" breakBefore="false" POS="V" name="quiet"/>
    </lexUnit>
    <lexUnit status="Insufficient_Attestations" POS="V" name="quiet down.v" ID="5249" lemmaID="45536" cBy="MJE" cDate="03/15/2002 05:52:27 PST Fri">
        <definition>FN: to make an entity make less noise than it was making previously</definition>
        <sentenceCount annotated="4" total="164"/>
        <lexeme order="1" headword="true" breakBefore="false" POS="V" name="quiet"/>
        <lexeme order="2" headword="false" breakBefore="true" POS="ADV" name="down"/>
    </lexUnit>
</frame>