<?xml version="1.0" encoding="UTF-8" standalone="yes"?>
<?xml-stylesheet type="text/xsl" href="frame.xsl"?>
<frame cBy="JKR" cDate="01/14/2003 02:17:53 PST Tue" name="Similarity" ID="481" xsi:schemaLocation="../schema/frame.xsd" xmlns="http://framenet.icsi.berkeley.edu" xmlns:xsi="http://www.w3.org/2001/XMLSchema-instance">
    <definition>&lt;def-root&gt;Two or more distinct entities, which may be concrete or abstract objects or types, are characterized as being similar to each other.  Depending on figure/ground relations, the entities may be expressed in two distinct frame elements and constituents , &lt;fen&gt;Entity_1&lt;/fen&gt; and &lt;fen&gt;Entity_2&lt;/fen&gt;, or jointly as a single frame element and constituent, &lt;fen&gt;Entities&lt;/fen&gt;.  The similarity may be based on appearance, physical properties, or other characteristics of the two entities. However, no such &lt;fen&gt;Dimension&lt;/fen&gt; has to  be specified explicitly.  The &lt;fen&gt;Entities&lt;/fen&gt; may be like each other to a greater or lesser &lt;fen&gt;Degree&lt;/fen&gt;. Rather than specifying the &lt;fen&gt;Dimension&lt;/fen&gt; of difference, a &lt;fen&gt;Differentiating_fact&lt;/fen&gt; may be mentioned.  
&lt;ex&gt;&lt;/ex&gt;
Notice that, although similarity presupposes the notion of a judge who assesses similarity, that judge is not part of the frame of similarity.

&lt;ex&gt;&lt;fex name="Entity_1"&gt;A mulberry&lt;/fex&gt; &lt;m&gt;is&lt;/m&gt; &lt;fex name="Degree"&gt;very&lt;/fex&gt; &lt;t&gt;similar&lt;/t&gt; &lt;fex name="Dimension"&gt;in shape&lt;/fex&gt; 
&lt;fex name="Entity_2"&gt;to a loganberry&lt;/fex&gt;&lt;/ex&gt;
&lt;ex&gt;&lt;fex name="Entity_1"&gt;Recovering it afterwards&lt;/fex&gt; can also &lt;m&gt;be&lt;/m&gt; &lt;t&gt;similar&lt;/t&gt; &lt;fex name="Entity_2"&gt;to collecting an unsecured loan&lt;/fex&gt; &lt;/ex&gt;
&lt;ex&gt;&lt;fex name="Entities"&gt;Great Britain and Germany&lt;/fex&gt; &lt;m&gt;were&lt;/m&gt; only &lt;t&gt;alike&lt;/t&gt; &lt;fex name="Dimension"&gt;in one respect&lt;/fex&gt;.&lt;/ex&gt;
&lt;ex&gt;&lt;fex name="Entity_1"&gt;Lothlorien&lt;/fex&gt; &lt;m&gt;is&lt;/m&gt; &lt;fex name="Degree"&gt;quite&lt;/fex&gt; &lt;t&gt;like&lt;/t&gt; &lt;fex name="Entity_2"&gt;most of their other war games&lt;/fex&gt; really.&lt;/ex&gt;&lt;/def-root&gt;</definition>
    <FE bgColor="FF0000" fgColor="FFFFFF" coreType="Core" cBy="JKR" cDate="01/14/2003 02:55:48 PST Tue" abbrev="" name="Entities" ID="4019">
        <definition>&lt;def-root&gt;This FE marks constituents that express the set of objects or types whose similarity is at issue. 

&lt;ex&gt; &lt;fex name="Entities"&gt;The two painters&lt;/fex&gt;  &lt;m&gt;were&lt;/m&gt; &lt;t&gt;alike&lt;/t&gt; in being unable to draw acceptably . &lt;/ex&gt;
&lt;ex&gt;Agbenugba confirms the &lt;t&gt;resemblances&lt;/t&gt; &lt;fex name="Entities"&gt;between his own experience and that of his protagonist&lt;/fex&gt;.&lt;/ex&gt;&lt;/def-root&gt;</definition>
    </FE>
    <FE bgColor="0000FF" fgColor="FFFFFF" coreType="Core" cBy="JKR" cDate="01/14/2003 04:08:17 PST Tue" abbrev="ent1" name="Entity_1" ID="4027">
        <definition>&lt;def-root&gt;When there is an asymmetry, &lt;fen&gt;Entity_1&lt;/fen&gt; is the entity characterized by its similarity to &lt;fen&gt;Entity_2&lt;/fen&gt;, whose characteristics are assumed to be known.  &lt;fen&gt;Entity_1&lt;/fen&gt; is often an external argument.

&lt;ex&gt;In the first phase &lt;fex name="Entity_1"&gt;Barthes's approach&lt;/fex&gt; &lt;m&gt;has&lt;/m&gt; &lt;t&gt;similarities&lt;/t&gt; to that of Levi-Strauss.&lt;/ex&gt;
&lt;ex&gt;&lt;fex name="Entity_1"&gt;Our economy&lt;/fex&gt; &lt;m&gt;is&lt;/m&gt; &lt;t&gt;like&lt;/t&gt; a healthy plant after a long drought&lt;/ex&gt;
&lt;ex&gt;I found a &lt;t&gt;similar&lt;/t&gt; &lt;fex name="ent1"&gt;passage&lt;/fex&gt; in Tolkien.&lt;/ex&gt;&lt;/def-root&gt;</definition>
        <requiresFE name="Entity_2" ID="4028"/>
        <excludesFE name="Entities" ID="4019"/>
    </FE>
    <FE bgColor="008000" fgColor="FFFFFF" coreType="Core" cBy="JKR" cDate="01/14/2003 04:15:36 PST Tue" abbrev="ent2" name="Entity_2" ID="4028">
        <definition>&lt;def-root&gt;When the &lt;fen&gt;Entities&lt;/fen&gt; are expressed separately, &lt;fen&gt;Entity_2&lt;/fen&gt; is the one whose characteristics are assumed to be known; it serves as a basis for establishing characteristics of &lt;fen&gt;Entity_1&lt;/fen&gt;.

&lt;ex&gt;The results of Method 2 &lt;m&gt;show &lt;/m&gt;remarkable &lt;t&gt;similarity&lt;/t&gt; &lt;fex name="Entity_2"&gt;to those obtained by Method 1&lt;/fex&gt;&lt;/ex&gt;
&lt;ex&gt;Leadbelly's recordings are not &lt;t&gt;dissimilar&lt;/t&gt; &lt;fex name="Entity_2"&gt;to those of Jimmie Rodgers&lt;/fex&gt;.&lt;/ex&gt;
&lt;ex&gt;This is a problem &lt;t&gt;different&lt;/t&gt; &lt;fex name="ent2"&gt;from meltdown&lt;/fex&gt; only in degree.&lt;/ex&gt;
&lt;ex&gt;Here we see a &lt;t&gt;similar&lt;/t&gt; case. &lt;fex name="ent2"&gt;DNI&lt;/fex&gt;&lt;/ex&gt;&lt;/def-root&gt;</definition>
        <requiresFE name="Entity_1" ID="4027"/>
        <excludesFE name="Entities" ID="4019"/>
    </FE>
    <FE bgColor="9400D3" fgColor="FFFFFF" coreType="Core" cBy="JKR" cDate="01/14/2003 04:21:04 PST Tue" abbrev="" name="Dimension" ID="4029">
        <definition>&lt;def-root&gt;This FE marks constituents which express a property in respect to which the similarity of the entities is assessed.

&lt;ex&gt;The disc announced Friday is &lt;fex name="Dimension"&gt;physically&lt;/fex&gt; &lt;t&gt;similar&lt;/t&gt; to current music CDs &lt;/ex&gt;&lt;/def-root&gt;</definition>
    </FE>
    <FE bgColor="FF69B4" fgColor="FFFFFF" coreType="Peripheral" cBy="JKR" cDate="02/11/2003 02:47:50 PST Tue" abbrev="" name="Degree" ID="4230">
        <definition>&lt;def-root&gt;The extent to which entities are similar to each other, in general or with respect to some &lt;fen&gt;Dimension&lt;/fen&gt;(s)

&lt;ex&gt;The twins are &lt;fex name="Degree"&gt;very&lt;/fex&gt; &lt;t&gt;similar&lt;/t&gt;.&lt;/ex&gt;&lt;/def-root&gt;</definition>
        <semType name="Degree" ID="172"/>
    </FE>
    <FE bgColor="90876C" fgColor="FFFFFF" coreType="Peripheral" cBy="MiL" cDate="01/03/2005 03:32:55 PST Mon" abbrev="" name="Time" ID="7412">
        <definition>&lt;def-root&gt;This FE identifies the &lt;fen&gt;Time&lt;/fen&gt; when the similarity occurs or exists.&lt;/def-root&gt;</definition>
        <semType name="Time" ID="141"/>
    </FE>
    <FE bgColor="FFFF00" fgColor="000000" coreType="Peripheral" cBy="MiL" cDate="01/03/2005 03:35:19 PST Mon" abbrev="" name="Place" ID="7413">
        <definition>&lt;def-root&gt;The Place is the general area in which similarity occurs or exists&lt;/def-root&gt;</definition>
        <semType name="Locative_relation" ID="182"/>
    </FE>
    <FE bgColor="FF00FF" fgColor="000000" coreType="Peripheral" cBy="MiL" cDate="01/03/2005 03:37:57 PST Mon" abbrev="" name="Manner" ID="7414">
        <definition>&lt;def-root&gt;This FE identifies the Manner in which Dimension is similar or different&lt;/def-root&gt;</definition>
        <semType name="Manner" ID="173"/>
    </FE>
    <FE bgColor="EEE8AA" fgColor="000000" coreType="Extra-Thematic" cBy="MiL" cDate="01/03/2005 03:49:38 PST Mon" abbrev="Exp" name="Explanation" ID="7415">
        <definition>&lt;def-root&gt;An inanimate entity or process that causes the similarity.&lt;/def-root&gt;</definition>
    </FE>
    <FE bgColor="FFA500" fgColor="000000" coreType="Extra-Thematic" cBy="MiL" cDate="01/04/2005 01:38:53 PST Tue" abbrev="" name="Depictive" ID="7417">
        <definition>&lt;def-root&gt;This FE is used for any &lt;fen&gt;Depictive&lt;/fen&gt; phrase describing the state of the &lt;fen&gt;Entities&lt;/fen&gt;&lt;/def-root&gt;</definition>
    </FE>
    <FE bgColor="2E8B57" fgColor="FFFFFF" coreType="Extra-Thematic" cBy="KmG" cDate="04/11/2007 06:06:30 PDT Wed" abbrev="cir" name="Circumstances" ID="11647">
        <definition>&lt;def-root&gt;Circumstances describe the state of the world (at a particular time and place) which is specifically independent of the event itself and any of its participants.&lt;/def-root&gt;</definition>
    </FE>
    <FE bgColor="00BFFF" fgColor="FFFFFF" coreType="Core" cBy="MJE" cDate="07/24/2007 06:43:42 PDT Tue" abbrev="" name="Differentiating_fact" ID="11930">
        <definition>&lt;def-root&gt;A fact about &lt;fen&gt;Entity_1&lt;/fen&gt; or the &lt;fen&gt;Entities&lt;/fen&gt; that reveals how &lt;fen&gt;Entity_1&lt;/fen&gt; is the same or different from other entities.  (Note the contrast with 'as to'.)

&lt;ex&gt;His presidency was &lt;t&gt;different&lt;/t&gt; &lt;fex name="Differentiating_fact"&gt;in that it offered a way forward for the common man&lt;/fex&gt; .&lt;/ex&gt;
&lt;ex&gt;Banks primarily &lt;t&gt;differ&lt;/t&gt; &lt;fex name="Differentiating_fact"&gt;in offering different rates for different risks&lt;/fex&gt; .&lt;/ex&gt;
&lt;ex&gt;We are all &lt;t&gt;similar&lt;/t&gt; &lt;fex name="Differentiating_fact"&gt;in having two arms , two legs , a mind , and a heart to feel with&lt;/fex&gt; .&lt;/ex&gt;&lt;/def-root&gt;</definition>
    </FE>
    <frameRelation type="Inherits from">
        <relatedFrame ID="1015">Gradable_attributes</relatedFrame>
        <relatedFrame ID="9">Reciprocality</relatedFrame>
    </frameRelation>
    <frameRelation type="Is Inherited by">
        <relatedFrame ID="1496">Be_in_agreement_on_assessment</relatedFrame>
        <relatedFrame ID="1893">Diversity</relatedFrame>
    </frameRelation>
    <frameRelation type="Perspective on"/>
    <frameRelation type="Is Perspectivized in"/>
    <frameRelation type="Uses"/>
    <frameRelation type="Is Used by">
        <relatedFrame ID="1133">Distinctiveness</relatedFrame>
        <relatedFrame ID="1512">Correctness</relatedFrame>
        <relatedFrame ID="1134">Typicality</relatedFrame>
        <relatedFrame ID="1672">Imitating</relatedFrame>
    </frameRelation>
    <frameRelation type="Subframe of"/>
    <frameRelation type="Has Subframe(s)"/>
    <frameRelation type="Precedes"/>
    <frameRelation type="Is Preceded by"/>
    <frameRelation type="Is Inchoative of"/>
    <frameRelation type="Is Causative of"/>
    <frameRelation type="See also"/>
    <lexUnit status="Finished_Initial" POS="A" name="similar.a" ID="7967" lemmaID="35934" cBy="JKR" cDate="01/15/2003 01:39:02 PST Wed">
        <definition>COD: of the same kind in appearance, character, or quantity, without being identical</definition>
        <sentenceCount annotated="47" total="215"/>
        <lexeme order="1" headword="false" breakBefore="false" POS="A" name="similar"/>
    </lexUnit>
    <lexUnit status="Finished_Initial" POS="A" name="dissimilar.a" ID="7969" lemmaID="11170" cBy="JKR" cDate="01/15/2003 01:42:00 PST Wed">
        <definition>COD: not similar; different.</definition>
        <sentenceCount annotated="37" total="375"/>
        <lexeme order="1" headword="false" breakBefore="false" POS="A" name="dissimilar"/>
        <semType name="Negative" ID="99"/>
    </lexUnit>
    <lexUnit status="Finished_Initial" POS="N" name="similarity [mass].n" ID="7970" lemmaID="35935" cBy="JKR" cDate="01/15/2003 01:43:29 PST Wed">
        <definition>FN: the state of being similar to something else</definition>
        <sentenceCount annotated="21" total="261"/>
        <lexeme order="1" headword="false" breakBefore="false" POS="N" name="similarity"/>
    </lexUnit>
    <lexUnit status="Finished_Initial" POS="N" name="dissimilarity.n" ID="7971" lemmaID="11171" cBy="JKR" cDate="01/15/2003 01:45:16 PST Wed">
        <definition>FN: the state of being not similar or different from something</definition>
        <sentenceCount annotated="4" total="40"/>
        <lexeme order="1" headword="false" breakBefore="false" POS="N" name="dissimilarity"/>
    </lexUnit>
    <lexUnit status="Finished_Initial" POS="A" name="alike.a" ID="7973" lemmaID="1010" cBy="JKR" cDate="01/15/2003 01:47:20 PST Wed">
        <definition>COD: similar.</definition>
        <sentenceCount annotated="20" total="138"/>
        <lexeme order="1" headword="false" breakBefore="false" POS="A" name="alike"/>
    </lexUnit>
    <lexUnit status="Finished_Initial" POS="V" name="resemble.v" ID="7974" lemmaID="32816" cBy="JKR" cDate="01/15/2003 01:49:31 PST Wed">
        <definition>COD: have a similar appearance to or features in common with</definition>
        <sentenceCount annotated="34" total="176"/>
        <lexeme order="1" headword="false" breakBefore="false" POS="V" name="resemble"/>
    </lexUnit>
    <lexUnit status="Finished_Initial" POS="A" name="different.a" ID="7989" lemmaID="10630" cBy="JKR" cDate="01/15/2003 04:12:24 PST Wed">
        <definition>COD: not the same as another or each other; unlike in nature, form, or quality</definition>
        <sentenceCount annotated="89" total="221"/>
        <lexeme order="1" headword="false" breakBefore="false" POS="A" name="different"/>
        <semType name="Negative" ID="99"/>
    </lexUnit>
    <lexUnit status="Finished_Initial" POS="PREP" name="unlike.prep" ID="7992" lemmaID="42241" cBy="JKR" cDate="01/15/2003 04:16:44 PST Wed">
        <definition>COD: in contrast to</definition>
        <sentenceCount annotated="23" total="195"/>
        <lexeme order="1" headword="false" breakBefore="false" POS="PREP" name="unlike"/>
        <semType name="Negative" ID="99"/>
    </lexUnit>
    <lexUnit status="Finished_Initial" POS="N" name="resemblance.n" ID="7994" lemmaID="32815" cBy="JKR" cDate="01/15/2003 04:19:05 PST Wed">
        <definition>COD: the state of resembling. </definition>
        <sentenceCount annotated="38" total="215"/>
        <lexeme order="1" headword="false" breakBefore="false" POS="N" name="resemblance"/>
    </lexUnit>
    <lexUnit status="Created" POS="A" name="unlike.a" ID="7997" lemmaID="42240" cBy="JKR" cDate="01/15/2003 04:34:05 PST Wed">
        <definition>FN: different, dissimilar</definition>
        <sentenceCount annotated="0" total="0"/>
        <lexeme order="1" headword="false" breakBefore="false" POS="A" name="unlike"/>
        <semType name="Negative" ID="99"/>
    </lexUnit>
    <lexUnit status="Finished_Initial" POS="N" name="ringer.n" ID="8671" lemmaID="33299" cBy="JKR" cDate="04/30/2003 07:24:09 PDT Wed">
        <definition>FN: somebody who strongly resembles another person</definition>
        <sentenceCount annotated="6" total="52"/>
        <lexeme order="1" headword="false" breakBefore="false" POS="N" name="ringer"/>
    </lexUnit>
    <lexUnit status="Finished_Initial" incorporatedFE="Entity_1" POS="N" name="spitting image.n" ID="8672" lemmaID="47772" cBy="JKR" cDate="05/01/2003 04:23:08 PDT Thu">
        <definition>COD: the exact double of</definition>
        <sentenceCount annotated="5" total="8"/>
        <lexeme order="1" headword="false" breakBefore="false" POS="N" name="spitting"/>
        <lexeme order="2" headword="true" breakBefore="false" POS="N" name="image"/>
        <semType name="Physical_entity" ID="70"/>
    </lexUnit>
    <lexUnit status="Finished_Initial" incorporatedFE="Entity_1" POS="N" name="like.n" ID="8681" lemmaID="22339" cBy="JKR" cDate="05/07/2003 02:53:39 PDT Wed">
        <definition>FN: a person or thing that is similar to a familiar one</definition>
        <sentenceCount annotated="12" total="232"/>
        <lexeme order="1" headword="false" breakBefore="false" POS="N" name="like"/>
    </lexUnit>
    <lexUnit status="Finished_Initial" POS="N" name="similarity [count].n" ID="8994" lemmaID="35935" cBy="RLG" cDate="07/02/2003 11:50:29 PDT Wed">
        <definition>FN: a point of commonality or likeness.</definition>
        <sentenceCount annotated="25" total="25"/>
        <lexeme order="1" headword="false" breakBefore="false" POS="N" name="similarity"/>
    </lexUnit>
    <lexUnit status="Finished_Initial" POS="PREP" name="like.prep" ID="8995" lemmaID="22343" cBy="RLG" cDate="07/02/2003 01:17:56 PDT Wed">
        <definition>COD:  in the manner of</definition>
        <sentenceCount annotated="46" total="246"/>
        <lexeme order="1" headword="false" breakBefore="false" POS="PREP" name="like"/>
    </lexUnit>
    <lexUnit status="Finished_Initial" POS="A" name="like.a" ID="8996" lemmaID="22341" cBy="RLG" cDate="07/02/2003 01:18:17 PDT Wed">
        <definition>COD: having similar characteristics to another</definition>
        <sentenceCount annotated="11" total="262"/>
        <lexeme order="1" headword="false" breakBefore="false" POS="A" name="like"/>
    </lexUnit>
    <lexUnit status="Finished_Initial" POS="V" name="differ.v" ID="10594" lemmaID="10628" cBy="JKR" cDate="06/23/2004 02:53:02 PDT Wed">
        <definition>COD: be unlike or dissimilar.</definition>
        <sentenceCount annotated="41" total="294"/>
        <lexeme order="1" headword="false" breakBefore="false" POS="V" name="differ"/>
        <semType name="Negative" ID="99"/>
    </lexUnit>
    <lexUnit status="Created" POS="A" name="distinct.a" ID="10595" lemmaID="11213" cBy="JKR" cDate="06/23/2004 02:54:56 PDT Wed">
        <definition>COD: recognizably different in nature; individual or separate.</definition>
        <sentenceCount annotated="1" total="1"/>
        <lexeme order="1" headword="false" breakBefore="false" POS="A" name="distinct"/>
        <semType name="Negative" ID="99"/>
    </lexUnit>
    <lexUnit status="Rules_Defined" incorporatedFE="Differentiating_fact" POS="N" name="difference [count].n" ID="10853" lemmaID="10629" cBy="JKR" cDate="08/17/2004 08:36:50 PDT Tue">
        <definition>COD: a way in which people or things are different.</definition>
        <sentenceCount annotated="13" total="13"/>
        <lexeme order="1" headword="false" breakBefore="false" POS="N" name="difference"/>
        <semType name="Negative" ID="99"/>
    </lexUnit>
    <lexUnit status="Rules_Defined" POS="N" name="parallel.n" ID="10891" lemmaID="27769" cBy="JKR" cDate="08/18/2004 07:37:15 PDT Wed">
        <definition>COD: a similarity or comparison</definition>
        <sentenceCount annotated="1" total="1"/>
        <lexeme order="1" headword="false" breakBefore="false" POS="N" name="parallel"/>
    </lexUnit>
    <lexUnit status="Finished_Initial" POS="N" name="difference.n" ID="11100" lemmaID="49660" cBy="JKR" cDate="11/04/2004 06:07:36 PST Thu">
        <definition>COD: the state or condition of being different.</definition>
        <sentenceCount annotated="37" total="367"/>
        <lexeme order="1" headword="true" breakBefore="false" POS="N" name="difference"/>
        <semType name="Negative" ID="99"/>
    </lexUnit>
    <lexUnit status="Created" POS="V" name="vary.v" ID="12299" lemmaID="42741" cBy="JKR" cDate="06/21/2005 08:51:39 PDT Tue">
        <definition>COD: differ in size, degree, or nature from something else of the same general class.</definition>
        <sentenceCount annotated="3" total="3"/>
        <lexeme order="1" headword="false" breakBefore="false" POS="V" name="vary"/>
        <semType name="Negative" ID="99"/>
    </lexUnit>
    <lexUnit status="Created" POS="N" name="discrepancy.n" ID="12320" lemmaID="10906" cBy="JKR" cDate="06/22/2005 06:27:55 PDT Wed">
        <definition>COD: an illogical or surprising lack of compatibility or similarity between two or more fact</definition>
        <sentenceCount annotated="1" total="1"/>
        <lexeme order="1" headword="false" breakBefore="false" POS="N" name="discrepancy"/>
        <semType name="Negative" ID="99"/>
        <semType name="Negative_judgment" ID="14"/>
    </lexUnit>
    <lexUnit status="Created" POS="A" name="discrepant.a" ID="12321" lemmaID="10907" cBy="JKR" cDate="06/22/2005 06:29:12 PDT Wed">
        <definition>FN: exhibiting an illogical or surprising lack of compatibility or similarity between two or more facts.</definition>
        <sentenceCount annotated="0" total="0"/>
        <lexeme order="1" headword="false" breakBefore="false" POS="A" name="discrepant"/>
        <semType name="Negative" ID="99"/>
        <semType name="Negative_judgment" ID="14"/>
    </lexUnit>
    <lexUnit status="Created" POS="N" name="disparity.n" ID="12323" lemmaID="11074" cBy="JKR" cDate="06/22/2005 06:43:44 PDT Wed">
        <definition>COD: a great difference</definition>
        <sentenceCount annotated="1" total="1"/>
        <lexeme order="1" headword="false" breakBefore="false" POS="N" name="disparity"/>
        <semType name="Negative" ID="99"/>
        <semType name="Negative_judgment" ID="14"/>
    </lexUnit>
    <lexUnit status="Created" POS="A" name="disparate.a" ID="12324" lemmaID="11072" cBy="JKR" cDate="06/22/2005 06:44:39 PDT Wed">
        <definition>COD: essentially different in kind; not able to be compared.</definition>
        <sentenceCount annotated="1" total="1"/>
        <lexeme order="1" headword="false" breakBefore="false" POS="A" name="disparate"/>
        <semType name="Negative" ID="99"/>
    </lexUnit>
    <lexUnit status="Created" POS="N" name="distinction.n" ID="13796" lemmaID="11214" cBy="MJE" cDate="02/24/2007 11:09:08 PST Sat">
        <definition>COD: a marked difference or contrast.</definition>
        <sentenceCount annotated="1" total="1"/>
        <lexeme order="1" headword="false" breakBefore="false" POS="N" name="distinction"/>
    </lexUnit>
    <lexUnit status="Created" POS="N" name="variant.n" ID="14037" lemmaID="42721" cBy="KmG" cDate="03/22/2007 03:14:05 PDT Thu">
        <definition>COD: a form or version that varies from other forms of the same thing or from a standard.</definition>
        <sentenceCount annotated="3" total="3"/>
        <lexeme order="1" headword="false" breakBefore="false" POS="N" name="variant"/>
    </lexUnit>
    <lexUnit status="Created" POS="N" name="dissimilarity [mass].n" ID="14490" lemmaID="50710" cBy="MJE" cDate="07/26/2007 02:52:35 PDT Thu">
        <definition>FN: the fact that (entities) are dissimilar.</definition>
        <sentenceCount annotated="6" total="6"/>
        <lexeme order="1" headword="true" breakBefore="false" POS="N" name="dissimilarity"/>
    </lexUnit>
    <lexUnit status="Created" POS="N" name="image.n" ID="15714" lemmaID="51090" cBy="AlK" cDate="03/19/2010 11:38:00 PDT Fri">
        <definition>FN: the exact likeness (of someone)</definition>
        <sentenceCount annotated="1" total="1"/>
        <lexeme order="1" headword="true" breakBefore="false" POS="N" name="image"/>
        <semType name="Physical_entity" ID="70"/>
    </lexUnit>
    <lexUnit status="Created" POS="N" name="very image.n" ID="15715" lemmaID="51091" cBy="AlK" cDate="03/19/2010 11:39:54 PDT Fri">
        <definition>FN: the exact likeness of</definition>
        <sentenceCount annotated="0" total="0"/>
        <lexeme order="1" headword="false" breakBefore="false" POS="ADV" name="very"/>
        <lexeme order="2" headword="true" breakBefore="false" POS="N" name="image"/>
        <semType name="Physical_entity" ID="70"/>
    </lexUnit>
    <lexUnit status="Finished_Initial" POS="V" name="take after.v" ID="15741" lemmaID="51111" cBy="AnW" cDate="03/30/2010 03:54:21 PDT Tue">
        <definition>FN: to look like or resemble</definition>
        <sentenceCount annotated="20" total="121"/>
        <lexeme order="1" headword="true" breakBefore="false" POS="V" name="take"/>
        <lexeme order="2" headword="false" breakBefore="false" POS="PREP" name="after"/>
    </lexUnit>
    <lexUnit status="Created" POS="V" name="mimic.v" ID="16901" lemmaID="24346" cBy="CVa" cDate="02/15/2012 11:43:13 PST Wed">
        <definition>FN: Imitates to the point that it may be indistinguishable</definition>
        <sentenceCount annotated="0" total="0"/>
        <lexeme order="1" headword="false" breakBefore="false" POS="V" name="mimic"/>
    </lexUnit>
</frame>