<?xml version="1.0" encoding="UTF-8" standalone="yes"?>
<?xml-stylesheet type="text/xsl" href="frame.xsl"?>
<frame cBy="JKR" cDate="11/19/2004 02:43:33 PST Fri" name="Simple_naming" ID="1261" xsi:schemaLocation="../schema/frame.xsd" xmlns="http://framenet.icsi.berkeley.edu" xmlns:xsi="http://www.w3.org/2001/XMLSchema-instance">
    <definition>&lt;def-root&gt;A &lt;fen&gt;Speaker&lt;/fen&gt; conventionally uses a particular &lt;fen&gt;Term&lt;/fen&gt; to refer to an &lt;fen&gt;Entity&lt;/fen&gt;.

&lt;ex&gt;The pattern of conservation is similar to that found in C1_1, therefore &lt;fex name="spe"&gt;we&lt;/fex&gt; have &lt;t&gt;termed&lt;/t&gt; &lt;fex name="ent"&gt;this domain&lt;/fex&gt; &lt;fex name="Term"&gt;DC1&lt;/fex&gt; for divergent C1 domain.&lt;/ex&gt;&lt;/def-root&gt;</definition>
    <FE bgColor="008000" fgColor="FFFFFF" coreType="Core" cBy="JKR" cDate="11/19/2004 02:44:39 PST Fri" abbrev="ent" name="Entity" ID="7274">
        <definition>&lt;def-root&gt;The type of &lt;fen&gt;Entity&lt;/fen&gt; that is conventionally referred to by a &lt;fen&gt;Term&lt;/fen&gt;.

&lt;ex&gt;Because of that shift, physicists &lt;t&gt;call&lt;/t&gt; &lt;fex name="ent"&gt;this effect&lt;/fex&gt; the "gravitational red shift."&lt;/ex&gt;&lt;/def-root&gt;</definition>
    </FE>
    <FE bgColor="800080" fgColor="FFFFFF" coreType="Core" cBy="JKR" cDate="11/19/2004 02:47:05 PST Fri" abbrev="ter" name="Term" ID="7275">
        <definition>&lt;def-root&gt;The linguistic sign that is used for referring to a type of &lt;fen&gt;Entity&lt;/fen&gt;.

&lt;ex&gt;The French &lt;t&gt;term&lt;/t&gt; this plant &lt;fex name="ter"&gt;Petit Chêne&lt;/fex&gt;, from the shape of the leaves.&lt;/ex&gt;&lt;/def-root&gt;</definition>
    </FE>
    <FE bgColor="0000FF" fgColor="FFFFFF" coreType="Core" cBy="JKR" cDate="11/19/2004 02:48:30 PST Fri" abbrev="spe" name="Speaker" ID="7276">
        <definition>&lt;def-root&gt;The speaker or speech community that uses a &lt;fen&gt;Term&lt;/fen&gt; to refer to a particular &lt;fen&gt;Entity&lt;/fen&gt;.

&lt;ex&gt;&lt;fex name="spe"&gt;Mathematicians&lt;/fex&gt; &lt;t&gt;call&lt;/t&gt; this subject "arithmetic," reserving the word "algebra" for the more advanced aspects of the subject.&lt;/ex&gt;&lt;/def-root&gt;</definition>
        <semType name="Sentient" ID="5"/>
    </FE>
    <FE bgColor="FFA500" fgColor="FFFFFF" coreType="Extra-Thematic" cBy="JKR" cDate="11/19/2004 02:53:48 PST Fri" abbrev="mot" name="Explanation" ID="7277">
        <definition>&lt;def-root&gt;A reason for why the &lt;fen&gt;Term&lt;/fen&gt; used for the &lt;fen&gt;Entity&lt;/fen&gt; is the one chosen.

&lt;ex&gt;They &lt;t&gt;call&lt;/t&gt; their chip the C-Most &lt;fex name="mot"&gt;because it is a CMOS chip&lt;/fex&gt;.&lt;/ex&gt;&lt;/def-root&gt;</definition>
    </FE>
    <FE bgColor="A52A2A" fgColor="FFFFFF" coreType="Extra-Thematic" cBy="AnW" cDate="07/15/2010 09:38:30 PDT Thu" abbrev="freq" name="Frequency" ID="14000">
        <definition>&lt;def-root&gt;How often the &lt;fen&gt;Speaker&lt;/fen&gt; uses the &lt;fen&gt;Term&lt;/fen&gt; referring to the &lt;fen&gt;Entity&lt;/fen&gt;.&lt;/def-root&gt;</definition>
    </FE>
    <frameRelation type="Inherits from"/>
    <frameRelation type="Is Inherited by"/>
    <frameRelation type="Perspective on"/>
    <frameRelation type="Is Perspectivized in"/>
    <frameRelation type="Uses">
        <relatedFrame ID="1260">Simple_name</relatedFrame>
    </frameRelation>
    <frameRelation type="Is Used by"/>
    <frameRelation type="Subframe of"/>
    <frameRelation type="Has Subframe(s)"/>
    <frameRelation type="Precedes"/>
    <frameRelation type="Is Preceded by"/>
    <frameRelation type="Is Inchoative of"/>
    <frameRelation type="Is Causative of"/>
    <frameRelation type="See also"/>
    <lexUnit status="Needs_SCs" POS="V" name="call.v" ID="11232" lemmaID="5229" cBy="JKR" cDate="11/19/2004 02:52:11 PST Fri">
        <definition>FN: give a specified name</definition>
        <sentenceCount annotated="4" total="230"/>
        <lexeme order="1" headword="false" breakBefore="false" POS="V" name="call"/>
    </lexUnit>
    <lexUnit status="Created" POS="V" name="term.v" ID="11233" lemmaID="39897" cBy="JKR" cDate="11/19/2004 02:52:51 PST Fri">
        <definition>COD: call by a specified term</definition>
        <sentenceCount annotated="0" total="0"/>
        <lexeme order="1" headword="false" breakBefore="false" POS="V" name="term"/>
    </lexUnit>
</frame>