<?xml version="1.0" encoding="UTF-8" standalone="yes"?>
<?xml-stylesheet type="text/xsl" href="frame.xsl"?>
<frame cBy="MJE" cDate="03/23/2007 11:36:55 PDT Fri" name="Simultaneity" ID="1897" xsi:schemaLocation="../schema/frame.xsd" xmlns="http://framenet.icsi.berkeley.edu" xmlns:xsi="http://www.w3.org/2001/XMLSchema-instance">
    <definition>&lt;def-root&gt;Two &lt;fen&gt;Events&lt;/fen&gt; happen at the same time.  This may either be construed symmetrically as a relation holding between the &lt;fen&gt;Events&lt;/fen&gt;, or asymmetrically as holding between a &lt;fen&gt;Landmark_event&lt;/fen&gt; whose known occurrence is used to describe when a &lt;fen&gt;Profiled_event&lt;/fen&gt; took place.

&lt;ex&gt;&lt;fex name="Events"&gt;These events&lt;/fex&gt; &lt;t&gt;coincided&lt;/t&gt;.&lt;/ex&gt;&lt;/def-root&gt;</definition>
    <FE bgColor="0000FF" fgColor="FFFFFF" coreType="Core" cBy="MJE" cDate="03/23/2007 11:36:55 PDT Fri" abbrev="Ent1" name="Profiled_event" ID="11274">
        <definition>&lt;def-root&gt;The event which is asserted to occur at the same time as the &lt;fen&gt;Landmark_event&lt;/fen&gt;.&lt;/def-root&gt;</definition>
        <excludesFE name="Events" ID="11276"/>
    </FE>
    <FE bgColor="800080" fgColor="FFFFFF" coreType="Core" cBy="MJE" cDate="03/23/2007 11:36:55 PDT Fri" abbrev="Ent2" name="Landmark_event" ID="11275">
        <definition>&lt;def-root&gt;The event or time period whose timing the Profiled_event is judged against.&lt;/def-root&gt;</definition>
        <excludesFE name="Events" ID="11276"/>
    </FE>
    <FE bgColor="008000" fgColor="FFFFFF" coreType="Core-Unexpressed" cBy="MJE" cDate="03/23/2007 11:36:55 PDT Fri" abbrev="Ents" name="Events" ID="11276">
        <definition>&lt;def-root&gt;The states-of-affairs which are asserted to be co-timed.&lt;/def-root&gt;</definition>
    </FE>
    <FE bgColor="FF69B4" fgColor="FFFFFF" coreType="Peripheral" cBy="RLG" cDate="07/18/2012 10:00:48 PDT Wed" abbrev="deg" name="Degree" ID="15760">
        <definition>&lt;def-root&gt;The degree to which the &lt;fen&gt;Profiled_event&lt;/fen&gt; and &lt;fen&gt;Landmark_event&lt;/fen&gt; coincide.

&lt;ex&gt;The attacks on the palace &lt;fex name="deg"&gt;nearly&lt;/fex&gt; &lt;t&gt;coincided&lt;/t&gt; with the beginning of peace talks.&lt;/ex&gt;&lt;/def-root&gt;</definition>
    </FE>
    <frameRelation type="Inherits from">
        <relatedFrame ID="248">Relation</relatedFrame>
    </frameRelation>
    <frameRelation type="Is Inherited by"/>
    <frameRelation type="Perspective on"/>
    <frameRelation type="Is Perspectivized in">
        <relatedFrame ID="1895">Temporal_collocation</relatedFrame>
        <relatedFrame ID="2141">Location_in_time</relatedFrame>
    </frameRelation>
    <frameRelation type="Uses"/>
    <frameRelation type="Is Used by"/>
    <frameRelation type="Subframe of"/>
    <frameRelation type="Has Subframe(s)"/>
    <frameRelation type="Precedes"/>
    <frameRelation type="Is Preceded by"/>
    <frameRelation type="Is Inchoative of"/>
    <frameRelation type="Is Causative of"/>
    <frameRelation type="See also"/>
    <lexUnit status="In_Use" POS="A" name="simultaneous.a" ID="14092" lemmaID="35963" cBy="MJE" cDate="03/23/2007 11:43:24 PDT Fri">
        <definition>COD: occurring, operating, or done at the same time.</definition>
        <sentenceCount annotated="4" total="5"/>
        <lexeme order="1" headword="false" breakBefore="false" POS="A" name="simultaneous"/>
    </lexUnit>
    <lexUnit status="Created" POS="N" name="simultaneity.n" ID="14093" lemmaID="35962" cBy="MJE" cDate="03/23/2007 11:44:12 PDT Fri">
        <definition>FN: the state of two occurences happening at the same time.</definition>
        <sentenceCount annotated="0" total="0"/>
        <lexeme order="1" headword="false" breakBefore="false" POS="N" name="simultaneity"/>
    </lexUnit>
    <lexUnit status="Created" POS="N" name="conjunction.n" ID="14094" lemmaID="7834" cBy="MJE" cDate="03/23/2007 11:44:29 PDT Fri">
        <definition>COD: an instance of two or more events occurring at the same point in time or space.</definition>
        <sentenceCount annotated="0" total="0"/>
        <lexeme order="1" headword="false" breakBefore="false" POS="N" name="conjunction"/>
    </lexUnit>
    <lexUnit status="Finished_Initial" POS="V" name="coincide.v" ID="14095" lemmaID="7121" cBy="MJE" cDate="03/23/2007 11:44:49 PDT Fri">
        <definition>COD: occur at the same time or place.</definition>
        <sentenceCount annotated="25" total="35"/>
        <lexeme order="1" headword="false" breakBefore="false" POS="V" name="coincide"/>
    </lexUnit>
    <lexUnit status="Insufficient_Attestations" POS="V" name="co-occur.v" ID="14096" lemmaID="50571" cBy="MJE" cDate="03/23/2007 11:46:14 PDT Fri">
        <definition>FN: happen together.</definition>
        <sentenceCount annotated="2" total="10"/>
        <lexeme order="1" headword="true" breakBefore="false" POS="V" name="co-occur"/>
    </lexUnit>
    <lexUnit status="Created" POS="A" name="concurrent.a" ID="14097" lemmaID="7655" cBy="MJE" cDate="03/23/2007 11:48:11 PDT Fri">
        <definition>COD: existing or happening at the same time.</definition>
        <sentenceCount annotated="0" total="0"/>
        <lexeme order="1" headword="false" breakBefore="false" POS="A" name="concurrent"/>
    </lexUnit>
    <lexUnit status="Created" POS="N" name="concurrency.n" ID="14098" lemmaID="50572" cBy="MJE" cDate="03/23/2007 11:48:28 PDT Fri">
        <definition>FN: The state of two things happening at the same time.</definition>
        <sentenceCount annotated="0" total="0"/>
        <lexeme order="1" headword="true" breakBefore="false" POS="N" name="concurrency"/>
    </lexUnit>
    <lexUnit status="Created" POS="N" name="co-occurrence.n" ID="14099" lemmaID="50573" cBy="MJE" cDate="03/23/2007 11:50:56 PDT Fri">
        <definition>FN: an instance of two things happening at the same time.</definition>
        <sentenceCount annotated="0" total="0"/>
        <lexeme order="1" headword="true" breakBefore="false" POS="N" name="co-occurrence"/>
    </lexUnit>
    <lexUnit status="Created" POS="ADV" name="simultaneously.adv" ID="14100" lemmaID="35964" cBy="MJE" cDate="03/23/2007 11:52:12 PDT Fri">
        <definition>FN: happening at the same time.</definition>
        <sentenceCount annotated="0" total="0"/>
        <lexeme order="1" headword="false" breakBefore="false" POS="ADV" name="simultaneously"/>
    </lexUnit>
</frame>