<?xml version="1.0" encoding="UTF-8" standalone="yes"?>
<?xml-stylesheet type="text/xsl" href="frame.xsl"?>
<frame cBy="AlK" cDate="04/14/2010 11:56:26 PDT Wed" name="Size" ID="2282" xsi:schemaLocation="../schema/frame.xsd" xmlns="http://framenet.icsi.berkeley.edu" xmlns:xsi="http://www.w3.org/2001/XMLSchema-instance">
    <definition>&lt;def-root&gt;The size of an &lt;fen&gt;Entity&lt;/fen&gt; is assessed in terms of the &lt;fen&gt;Degree&lt;/fen&gt; by which it deviates from the norm. The size generally refers to the amount of three-dimensional space that is occupied by the &lt;fen&gt;Entity&lt;/fen&gt;, not primarily to its weight, density, or length, which is why it is peculiar to refer to a bullet as "large", even if it is heavy, unless it actually has larger dimensions than usual, or to a rope as "big", even if it is long, unless its other, cross-sectional dimensions are also significant.

&lt;ex&gt;I own a &lt;fex name="Degree"&gt;very&lt;/fex&gt; &lt;t&gt;small&lt;/t&gt; &lt;fex name="Entity"&gt;home&lt;/fex&gt;.&lt;/ex&gt;
&lt;ex&gt;Where is my &lt;t&gt;little&lt;/t&gt; &lt;fex name="Entity"&gt;notebook&lt;/fex&gt;?&lt;/ex&gt;
&lt;ex&gt;&lt;fex name="Entity"&gt;That dog&lt;/fex&gt; is &lt;t&gt;huge&lt;/t&gt;!&lt;/ex&gt;
&lt;ex&gt;&lt;/ex&gt;

There are an enormous number of productive metaphors that involve this frame as the source domain; two of the most frequent metaphors come from the target domains of quantity/amount and importance.  

&lt;ex&gt;He gave me a &lt;t&gt;small&lt;/t&gt; &lt;fex name="Entity"&gt;sum of money&lt;/fex&gt;.&lt;/ex&gt;
&lt;ex&gt;The novel was a &lt;t&gt;substantial&lt;/t&gt; &lt;fex name="Entity"&gt;achievement&lt;/fex&gt;.&lt;/ex&gt;
&lt;ex&gt;&lt;/ex&gt;

Subcases of the quantity/amount and importance metaphors are also prominent. These involve cases describing the extent of an action's, event's, or person's effect ("his influence on her work was massive"), as well as those related to events ("big party"), similarity ("gigantic difference"), communication ("giant misunderstanding"), and emotions ("great joy", "little joys").

Other productive metaphors include those dealing with groups (in terms of their number of members, net worth, importance to the economy, i.e. "giant electronics company") and those describing sound volume ("in a tiny voice", "the enormous thundering of her heart"). 
&lt;ex&gt;&lt;/ex&gt;

The target domain of fame, by contrast, occurs in a non-productive metaphor, found especially with big.a and huge.a. Maturity and age also occur in non-productive metaphors ("big boy", "little baby").&lt;/def-root&gt;</definition>
    <FE bgColor="FF0000" fgColor="FFFFFF" coreType="Core" cBy="AlK" cDate="04/14/2010 11:56:42 PDT Wed" abbrev="" name="Entity" ID="13813">
        <definition>&lt;def-root&gt;The thing whose size is being considered.

&lt;ex&gt;I had a &lt;t&gt;big&lt;/t&gt; &lt;fex name="Entity"&gt;dinner&lt;/fex&gt;.&lt;/ex&gt;&lt;/def-root&gt;</definition>
    </FE>
    <FE bgColor="FF00FF" fgColor="FFFFFF" coreType="Peripheral" cBy="AlK" cDate="04/14/2010 11:56:47 PDT Wed" abbrev="" name="Degree" ID="13814">
        <definition>&lt;def-root&gt;The extent to which the size of the Entity deviates from the norm.

&lt;ex&gt;I had a &lt;fex name="Degree"&gt;really&lt;/fex&gt; &lt;t&gt;big&lt;/t&gt; dinner.&lt;/ex&gt;&lt;/def-root&gt;</definition>
    </FE>
    <FE bgColor="008000" fgColor="FFFFFF" coreType="Peripheral" cBy="AlK" cDate="04/14/2010 11:56:55 PDT Wed" abbrev="" name="Standard" ID="13815">
        <definition>&lt;def-root&gt;The size of the &lt;fen&gt;Entity&lt;/fen&gt; may be compared to the size of a &lt;fen&gt;Standard&lt;/fen&gt;.

&lt;ex&gt;You 're &lt;t&gt;tall&lt;/t&gt; &lt;fex name="Standard"&gt;for a Swede&lt;/fex&gt;.&lt;/ex&gt;&lt;/def-root&gt;</definition>
    </FE>
    <FE bgColor="FFA500" fgColor="FFFFFF" coreType="Extra-Thematic" cBy="WMcQ" cDate="03/19/2015 11:20:10 PDT Thu" abbrev="" name="Subregion" ID="16310">
        <definition>&lt;def-root&gt;This FE denotes a specific subregion being sized.&lt;/def-root&gt;</definition>
    </FE>
    <FE bgColor="0000FF" fgColor="FFFFFF" coreType="Core-Unexpressed" cBy="MJE" cDate="11/17/2015 04:18:35 PST Tue" abbrev="" name="Dimension" ID="16780">
        <definition>&lt;def-root&gt;The feature of an (actual or possible) &lt;fen&gt;Entity&lt;/fen&gt; that is measured. In literal examples, it essentially must be size, or a word equivalent to size such as bulk.

&lt;ex&gt;The particles were &lt;t&gt;smaller&lt;/t&gt; &lt;fex name="Dimension"&gt;in size&lt;/fex&gt; than expected .&lt;/ex&gt;
&lt;ex&gt;Her &lt;fex name=""&gt;huge&lt;/fex&gt; &lt;fex name="Dimension"&gt;girth&lt;/fex&gt; interfered with normal daily activities .&lt;/ex&gt;
&lt;ex&gt;Chickens hardly have an &lt;t&gt;immense&lt;/t&gt; &lt;fex name="Dimension"&gt;intellect&lt;/fex&gt; .&lt;/ex&gt;&lt;/def-root&gt;</definition>
    </FE>
    <FEcoreSet>
        <memberFE name="Entity" ID="13813"/>
        <memberFE name="Dimension" ID="16780"/>
    </FEcoreSet>
    <frameRelation type="Inherits from">
        <relatedFrame ID="965">Measurable_attributes</relatedFrame>
    </frameRelation>
    <frameRelation type="Is Inherited by"/>
    <frameRelation type="Perspective on"/>
    <frameRelation type="Is Perspectivized in"/>
    <frameRelation type="Uses"/>
    <frameRelation type="Is Used by"/>
    <frameRelation type="Subframe of"/>
    <frameRelation type="Has Subframe(s)"/>
    <frameRelation type="Precedes"/>
    <frameRelation type="Is Preceded by"/>
    <frameRelation type="Is Inchoative of"/>
    <frameRelation type="Is Causative of"/>
    <frameRelation type="See also"/>
    <lexUnit status="Needs_SCs" POS="A" name="large.a" ID="15769" lemmaID="21720" cBy="AlK" cDate="04/14/2010 11:57:07 PDT Wed">
        <definition>FN: above average in size</definition>
        <sentenceCount annotated="80" total="248"/>
        <lexeme order="1" headword="false" breakBefore="false" POS="A" name="large"/>
    </lexUnit>
    <lexUnit status="Add_Annotation" POS="A" name="big.a" ID="15771" lemmaID="3537" cBy="AlK" cDate="04/14/2010 11:57:22 PDT Wed">
        <definition>FN: large in size</definition>
        <sentenceCount annotated="17" total="292"/>
        <lexeme order="1" headword="false" breakBefore="false" POS="A" name="big"/>
    </lexUnit>
    <lexUnit status="Needs_SCs" POS="A" name="huge.a" ID="15772" lemmaID="18599" cBy="AlK" cDate="04/14/2010 11:57:31 PDT Wed">
        <definition>FN: particularly or surprisingly large</definition>
        <sentenceCount annotated="13" total="48"/>
        <lexeme order="1" headword="false" breakBefore="false" POS="A" name="huge"/>
    </lexUnit>
    <lexUnit status="Finished_Initial" POS="A" name="small.a" ID="15773" lemmaID="36475" cBy="AlK" cDate="04/14/2010 11:57:45 PDT Wed">
        <definition>FN: below average in size</definition>
        <sentenceCount annotated="89" total="545"/>
        <lexeme order="1" headword="false" breakBefore="false" POS="A" name="small"/>
    </lexUnit>
    <lexUnit status="Finished_Initial" POS="A" name="tiny.a" ID="15774" lemmaID="51121" cBy="AlK" cDate="04/14/2010 11:57:51 PDT Wed">
        <definition>FN: very small</definition>
        <sentenceCount annotated="26" total="199"/>
        <lexeme order="1" headword="true" breakBefore="false" POS="A" name="tiny"/>
    </lexUnit>
    <lexUnit status="Needs_SCs" POS="A" name="little.a" ID="15800" lemmaID="22541" cBy="AnW" cDate="05/10/2010 04:13:51 PDT Mon">
        <definition>FN: small in size</definition>
        <sentenceCount annotated="11" total="100"/>
        <lexeme order="1" headword="false" breakBefore="false" POS="A" name="little"/>
    </lexUnit>
    <lexUnit status="Finished_Initial" POS="A" name="enormous.a" ID="15927" lemmaID="12807" cBy="MJE" cDate="07/23/2010 06:24:05 PDT Fri">
        <definition>FN: of overwhelming size.</definition>
        <sentenceCount annotated="29" total="200"/>
        <lexeme order="1" headword="false" breakBefore="false" POS="A" name="enormous"/>
    </lexUnit>
    <lexUnit status="Needs_SCs" POS="A" name="great.a" ID="16282" lemmaID="51310" cBy="AlK" cDate="03/23/2011 02:17:57 PDT Wed">
        <definition>FN: exceptionally large</definition>
        <sentenceCount annotated="47" total="81"/>
        <lexeme order="1" headword="true" breakBefore="false" POS="A" name="great"/>
    </lexUnit>
    <lexUnit status="Needs_SCs" POS="A" name="infinitesimal.a" ID="17848" lemmaID="19854" cBy="WMcQ" cDate="03/10/2015 04:40:24 PDT Tue">
        <definition>FN: smaller than the smallest</definition>
        <sentenceCount annotated="4" total="74"/>
        <lexeme order="1" headword="false" breakBefore="false" POS="A" name="infinitesimal"/>
        <semType name="End_of_scale" ID="98"/>
        <semType name="Negative" ID="99"/>
    </lexUnit>
    <lexUnit status="Needs_SCs" POS="A" name="gigantic.a" ID="17849" lemmaID="16220" cBy="WMcQ" cDate="03/10/2015 04:41:20 PDT Tue">
        <definition>FN: occupying a very large amount of space</definition>
        <sentenceCount annotated="3" total="12"/>
        <lexeme order="1" headword="false" breakBefore="false" POS="A" name="gigantic"/>
    </lexUnit>
    <lexUnit status="Finished_Initial" POS="A" name="giant.a" ID="17850" lemmaID="51819" cBy="HPh" cDate="03/10/2015 04:58:31 PDT Tue">
        <definition>FN: of unusually large size</definition>
        <sentenceCount annotated="13" total="129"/>
        <lexeme order="1" headword="true" breakBefore="false" POS="A" name="giant"/>
    </lexUnit>
    <lexUnit status="Needs_SCs" POS="A" name="miniature.a" ID="17851" lemmaID="51820" cBy="WMcQ" cDate="03/10/2015 04:58:47 PDT Tue">
        <definition>FN: of a smaller size than 'normal'; often, compared to a "regular sized" object</definition>
        <sentenceCount annotated="2" total="5"/>
        <lexeme order="1" headword="true" breakBefore="false" POS="A" name="miniature"/>
    </lexUnit>
    <lexUnit status="Needs_SCs" POS="A" name="grand.a" ID="17852" lemmaID="16661" cBy="HPh" cDate="03/10/2015 05:03:29 PDT Tue">
        <definition>FN: great in size; usually also of impressive appearance</definition>
        <sentenceCount annotated="4" total="48"/>
        <lexeme order="1" headword="false" breakBefore="false" POS="A" name="grand"/>
    </lexUnit>
    <lexUnit status="Needs_SCs" POS="A" name="immense.a" ID="17853" lemmaID="19048" cBy="HPh" cDate="03/10/2015 05:07:07 PDT Tue">
        <definition>FN: of vast or great size</definition>
        <sentenceCount annotated="10" total="141"/>
        <lexeme order="1" headword="false" breakBefore="false" POS="A" name="immense"/>
    </lexUnit>
    <lexUnit status="Created" POS="A" name="miniscule.a" ID="17854" lemmaID="51821" cBy="WMcQ" cDate="03/10/2015 05:08:19 PDT Tue">
        <definition>FN: of a particularly small size</definition>
        <sentenceCount annotated="0" total="0"/>
        <lexeme order="1" headword="true" breakBefore="false" POS="A" name="miniscule"/>
    </lexUnit>
    <lexUnit status="Needs_SCs" POS="A" name="massive.a" ID="17855" lemmaID="23621" cBy="HPh" cDate="03/10/2015 05:08:53 PDT Tue">
        <definition>FN: very large in size, weight, or amount</definition>
        <sentenceCount annotated="5" total="58"/>
        <lexeme order="1" headword="false" breakBefore="false" POS="A" name="massive"/>
    </lexUnit>
    <lexUnit status="Finished_Initial" POS="A" name="sizable.a" ID="17856" lemmaID="36091" cBy="HPh" cDate="03/10/2015 05:12:25 PDT Tue">
        <definition>FN: of considerable size; rather large</definition>
        <sentenceCount annotated="17" total="107"/>
        <lexeme order="1" headword="false" breakBefore="false" POS="A" name="sizable"/>
    </lexUnit>
    <lexUnit status="Finished_Initial" POS="A" name="substantial.a" ID="17857" lemmaID="38602" cBy="HPh" cDate="03/10/2015 05:13:41 PDT Tue">
        <definition>FN: of considerable size, quantity, or amount</definition>
        <sentenceCount annotated="28" total="263"/>
        <lexeme order="1" headword="false" breakBefore="false" POS="A" name="substantial"/>
    </lexUnit>
    <lexUnit status="In_Use" POS="A" name="ample.a" ID="17858" lemmaID="1287" cBy="HPh" cDate="03/10/2015 05:14:32 PDT Tue">
        <definition>FN: large (more than sufficient) in size or amount</definition>
        <sentenceCount annotated="3" total="113"/>
        <lexeme order="1" headword="false" breakBefore="false" POS="A" name="ample"/>
    </lexUnit>
    <lexUnit status="Needs_SCs" POS="A" name="bulky.a" ID="17859" lemmaID="4861" cBy="HPh" cDate="03/10/2015 05:16:19 PDT Tue">
        <definition>FN: of relatively large size (and thus generally cumbersome)</definition>
        <sentenceCount annotated="5" total="38"/>
        <lexeme order="1" headword="false" breakBefore="false" POS="A" name="bulky"/>
    </lexUnit>
    <lexUnit status="Needs_SCs" POS="A" name="capacious.a" ID="17860" lemmaID="5433" cBy="HPh" cDate="03/10/2015 05:27:13 PDT Tue">
        <definition>FN: capable of holding a lot</definition>
        <sentenceCount annotated="2" total="3"/>
        <lexeme order="1" headword="false" breakBefore="false" POS="A" name="capacious"/>
    </lexUnit>
    <lexUnit status="Needs_SCs" POS="A" name="colossal.a" ID="17861" lemmaID="7225" cBy="HPh" cDate="03/10/2015 05:28:20 PDT Tue">
        <definition>FN: of extraordinary size</definition>
        <sentenceCount annotated="4" total="15"/>
        <lexeme order="1" headword="false" breakBefore="false" POS="A" name="colossal"/>
    </lexUnit>
    <lexUnit status="Insufficient_Attestations" POS="A" name="humongous.a" ID="17862" lemmaID="51822" cBy="HPh" cDate="03/10/2015 05:29:40 PDT Tue">
        <definition>FN: of extraordinary size</definition>
        <sentenceCount annotated="3" total="3"/>
        <lexeme order="1" headword="true" breakBefore="false" POS="A" name="humongous"/>
    </lexUnit>
    <lexUnit status="In_Use" POS="A" name="immeasurable.a" ID="17863" lemmaID="19040" cBy="HPh" cDate="03/10/2015 05:31:08 PDT Tue">
        <definition>FN: incapable of being measured due to great size</definition>
        <sentenceCount annotated="2" total="43"/>
        <lexeme order="1" headword="false" breakBefore="false" POS="A" name="immeasurable"/>
        <semType name="End_of_scale" ID="98"/>
    </lexUnit>
    <lexUnit status="Finished_Initial" POS="A" name="voluminous.a" ID="17864" lemmaID="43229" cBy="HPh" cDate="03/10/2015 05:32:10 PDT Tue">
        <definition>FN: of great volume, size or extent</definition>
        <sentenceCount annotated="15" total="86"/>
        <lexeme order="1" headword="false" breakBefore="false" POS="A" name="voluminous"/>
    </lexUnit>
    <lexUnit status="Needs_SCs" POS="A" name="jumbo.a" ID="17865" lemmaID="21135" cBy="HPh" cDate="03/10/2015 05:33:18 PDT Tue">
        <definition>FN: very large</definition>
        <sentenceCount annotated="8" total="87"/>
        <lexeme order="1" headword="false" breakBefore="false" POS="A" name="jumbo"/>
        <semType name="End_of_scale" ID="98"/>
    </lexUnit>
    <lexUnit status="Needs_SCs" POS="A" name="mini.a" ID="17867" lemmaID="51823" cBy="WMcQ" cDate="03/10/2015 05:41:58 PDT Tue">
        <definition>FN: small; an abbreviated form of miniature</definition>
        <sentenceCount annotated="2" total="4"/>
        <lexeme order="1" headword="true" breakBefore="false" POS="A" name="mini"/>
    </lexUnit>
    <lexUnit status="New" POS="A" name="petite.a" ID="17868" lemmaID="28659" cBy="WMcQ" cDate="03/10/2015 05:43:12 PDT Tue">
        <definition>FN: small, slim</definition>
        <sentenceCount annotated="2" total="76"/>
        <lexeme order="1" headword="false" breakBefore="false" POS="A" name="petite"/>
    </lexUnit>
    <lexUnit status="Finished_Initial" POS="A" name="wee.a" ID="17869" lemmaID="43684" cBy="WMcQ" cDate="03/10/2015 05:47:02 PDT Tue">
        <definition>FN: small; baby-like</definition>
        <sentenceCount annotated="10" total="137"/>
        <lexeme order="1" headword="false" breakBefore="false" POS="A" name="wee"/>
    </lexUnit>
    <lexUnit status="Insufficient_Attestations" POS="A" name="bitty.a" ID="17870" lemmaID="3697" cBy="WMcQ" cDate="03/10/2015 05:47:23 PDT Tue">
        <definition>FN: a diminutive size</definition>
        <sentenceCount annotated="0" total="0"/>
        <lexeme order="1" headword="false" breakBefore="false" POS="A" name="bitty"/>
    </lexUnit>
    <lexUnit status="Finished_Initial" POS="A" name="puny.a" ID="17871" lemmaID="31186" cBy="WMcQ" cDate="03/10/2015 05:49:40 PDT Tue">
        <definition>FN: of a diminutive size</definition>
        <sentenceCount annotated="14" total="71"/>
        <lexeme order="1" headword="false" breakBefore="false" POS="A" name="puny"/>
    </lexUnit>
    <lexUnit status="Created" POS="A" name="Brobdingnagian.a" ID="17872" lemmaID="51824" cBy="HPh" cDate="03/10/2015 06:08:25 PDT Tue">
        <definition>FN: of tremendous size</definition>
        <sentenceCount annotated="0" total="0"/>
        <lexeme order="1" headword="true" breakBefore="false" POS="A" name="Brobdingnagian"/>
    </lexUnit>
    <lexUnit status="Created" POS="A" name="Lilliputian.a" ID="17873" lemmaID="22357" cBy="HPh" cDate="03/10/2015 06:09:36 PDT Tue">
        <definition>FN: of extremely small size</definition>
        <sentenceCount annotated="0" total="0"/>
        <lexeme order="1" headword="false" breakBefore="false" POS="A" name="lilliputian"/>
    </lexUnit>
    <lexUnit status="Needs_SCs" POS="A" name="medium.a" ID="17874" lemmaID="23881" cBy="HPh" cDate="03/16/2015 02:05:36 PDT Mon">
        <definition>FN: about midway between extremes in size</definition>
        <sentenceCount annotated="0" total="8"/>
        <lexeme order="1" headword="false" breakBefore="false" POS="A" name="medium"/>
    </lexUnit>
    <lexUnit status="Created" POS="A" name="mid-size.a" ID="17875" lemmaID="51825" cBy="HPh" cDate="03/16/2015 02:11:52 PDT Mon">
        <definition>FN: of intermediate size</definition>
        <sentenceCount annotated="0" total="0"/>
        <lexeme order="1" headword="true" breakBefore="false" POS="A" name="mid-size"/>
    </lexUnit>
    <lexUnit status="Created" POS="A" name="medium-sized.a" ID="17876" lemmaID="51826" cBy="HPh" cDate="03/16/2015 02:14:03 PDT Mon">
        <definition>FN: neither very large nor very small</definition>
        <sentenceCount annotated="0" total="0"/>
        <lexeme order="1" headword="true" breakBefore="false" POS="A" name="medium-sized"/>
    </lexUnit>
</frame>