<?xml version="1.0" encoding="UTF-8" standalone="yes"?>
<?xml-stylesheet type="text/xsl" href="frame.xsl"?>
<frame cBy="KCo" cDate="02/05/2002 01:58:16 PST Tue" name="Sleep" ID="264" xsi:schemaLocation="../schema/frame.xsd" xmlns="http://framenet.icsi.berkeley.edu" xmlns:xsi="http://www.w3.org/2001/XMLSchema-instance">
    <definition>&lt;def-root&gt;The &lt;fen&gt;Sleeper&lt;/fen&gt; stays in an altered state of consciousness with greatly reduced external awareness.

&lt;ex&gt;&lt;fex name="Sleeper"&gt;We&lt;/fex&gt; &lt;t&gt;slept&lt;/t&gt;.&lt;/ex&gt;&lt;/def-root&gt;</definition>
    <FE bgColor="FF0000" fgColor="FFFFFF" coreType="Core" cBy="MJE" cDate="02/05/2002 06:38:12 PST Tue" abbrev="Slp" name="Sleeper" ID="2282">
        <definition>&lt;def-root&gt;The entity that is sleeping.&lt;/def-root&gt;</definition>
    </FE>
    <FE bgColor="800080" fgColor="FFFFFF" coreType="Peripheral" cBy="MJE" cDate="02/05/2002 06:38:59 PST Tue" abbrev="Dur" name="Duration" ID="2283">
        <definition>&lt;def-root&gt;This FE identifies the &lt;fen&gt;Duration&lt;/fen&gt; of time for which a state holds or a process is ongoing.&lt;/def-root&gt;</definition>
        <semType name="Duration" ID="142"/>
    </FE>
    <FE bgColor="FFA500" fgColor="FFFFFF" coreType="Peripheral" cBy="MJE" cDate="02/05/2002 06:39:00 PST Tue" abbrev="Time" name="Time" ID="2284">
        <definition>&lt;def-root&gt;This FE identifies the &lt;fen&gt;Time&lt;/fen&gt; when the sleep occurs.&lt;/def-root&gt;</definition>
        <semType name="Time" ID="141"/>
    </FE>
    <FE bgColor="008000" fgColor="FFFFFF" coreType="Peripheral" cBy="MJE" cDate="02/05/2002 06:39:02 PST Tue" abbrev="Place" name="Place" ID="2285">
        <definition>&lt;def-root&gt;Where the event takes place.&lt;/def-root&gt;</definition>
        <semType name="Locative_relation" ID="182"/>
    </FE>
    <FE bgColor="FF69B4" fgColor="FFFFFF" coreType="Extra-Thematic" cBy="MJE" cDate="02/27/2003 12:02:23 PST Thu" abbrev="Deg" name="Degree" ID="4270">
        <definition>&lt;def-root&gt;The degree to which the &lt;fen&gt;Sleeper&lt;/fen&gt; is asleep.&lt;/def-root&gt;</definition>
        <semType name="Degree" ID="172"/>
    </FE>
    <FE bgColor="FF00FF" fgColor="FFFFFF" coreType="Peripheral" cBy="Hay" cDate="10/02/2003 11:36:50 PDT Thu" abbrev="Manr" name="Manner" ID="5338">
        <definition>&lt;def-root&gt;Any description of the sleeping event which is not covered by more specific FEs, including epistemic modification (probably, presumably, mysteriously), secondary effects (quietly, noisily), and general descriptions comparing events (the same way).

&lt;ex&gt;Fitzhume &lt;t&gt;slept&lt;/t&gt; &lt;fex name="Manner"&gt;soundly&lt;/fex&gt;&lt;/ex&gt;&lt;/def-root&gt;</definition>
        <semType name="Manner" ID="173"/>
    </FE>
    <frameRelation type="Inherits from">
        <relatedFrame ID="145">Process_continue</relatedFrame>
    </frameRelation>
    <frameRelation type="Is Inherited by"/>
    <frameRelation type="Perspective on"/>
    <frameRelation type="Is Perspectivized in"/>
    <frameRelation type="Uses"/>
    <frameRelation type="Is Used by"/>
    <frameRelation type="Subframe of">
        <relatedFrame ID="294">Sleep_wake_cycle</relatedFrame>
    </frameRelation>
    <frameRelation type="Has Subframe(s)"/>
    <frameRelation type="Precedes">
        <relatedFrame ID="295">Waking_up</relatedFrame>
    </frameRelation>
    <frameRelation type="Is Preceded by">
        <relatedFrame ID="292">Fall_asleep</relatedFrame>
    </frameRelation>
    <frameRelation type="Is Inchoative of"/>
    <frameRelation type="Is Causative of"/>
    <frameRelation type="See also"/>
    <lexUnit status="Finished_Initial" POS="V" name="nap.v" ID="4814" lemmaID="25419" cBy="KCo" cDate="02/05/2002 01:58:48 PST Tue">
        <definition>COD: Sleep lightly or briefly, especially during the day. </definition>
        <sentenceCount annotated="4" total="36"/>
        <lexeme order="1" headword="false" breakBefore="false" POS="V" name="nap"/>
    </lexUnit>
    <lexUnit status="Finished_Initial" POS="V" name="doze.v" ID="4815" lemmaID="11658" cBy="KCo" cDate="02/05/2002 02:02:57 PST Tue">
        <definition>COD: sleep lightly.</definition>
        <sentenceCount annotated="15" total="151"/>
        <lexeme order="1" headword="false" breakBefore="false" POS="V" name="doze"/>
    </lexUnit>
    <lexUnit status="Finished_Initial" POS="V" name="snooze.v" ID="4816" lemmaID="36680" cBy="KCo" cDate="02/05/2002 02:22:13 PST Tue">
        <definition>COD: have a snooze. </definition>
        <sentenceCount annotated="7" total="28"/>
        <lexeme order="1" headword="false" breakBefore="false" POS="V" name="snooze"/>
    </lexUnit>
    <lexUnit status="Needs_SCs" POS="V" name="catnap.v" ID="4817" lemmaID="45438" cBy="KCo" cDate="02/05/2002 02:25:37 PST Tue">
        <definition>COD: have a catnap. </definition>
        <sentenceCount annotated="4" total="5"/>
        <lexeme order="1" headword="false" breakBefore="false" POS="V" name="catnap"/>
    </lexUnit>
    <lexUnit status="Finished_Initial" POS="V" name="slumber.v" ID="4818" lemmaID="36450" cBy="KCo" cDate="02/05/2002 02:30:55 PST Tue">
        <definition>COD: sleep. </definition>
        <sentenceCount annotated="8" total="30"/>
        <lexeme order="1" headword="false" breakBefore="false" POS="V" name="slumber"/>
    </lexUnit>
    <lexUnit status="Finished_Initial" POS="V" name="hibernate.v" ID="4819" lemmaID="17993" cBy="KCo" cDate="02/05/2002 02:32:48 PST Tue">
        <definition>COD:  (of an animal or plant) spend the winter in a dormant state.</definition>
        <sentenceCount annotated="4" total="32"/>
        <lexeme order="1" headword="false" breakBefore="false" POS="V" name="hibernate"/>
    </lexUnit>
    <lexUnit status="Finished_Initial" POS="V" name="kip.v" ID="4825" lemmaID="21361" cBy="ACW" cDate="02/06/2002 11:08:38 PST Wed">
        <definition>COD:  sleep</definition>
        <sentenceCount annotated="5" total="15"/>
        <lexeme order="1" headword="false" breakBefore="false" POS="V" name="kip"/>
    </lexUnit>
    <lexUnit status="Finished_Initial" POS="V" name="drowse.v" ID="4826" lemmaID="11840" cBy="ACW" cDate="02/06/2002 11:12:21 PST Wed">
        <definition>COD: no obj. be half asleep; doze. </definition>
        <sentenceCount annotated="4" total="9"/>
        <lexeme order="1" headword="false" breakBefore="false" POS="V" name="drowse"/>
    </lexUnit>
    <lexUnit status="Finished_Initial" POS="V" name="sleep.v" ID="4827" lemmaID="36298" cBy="ACW" cDate="02/06/2002 11:13:44 PST Wed">
        <definition>COD: rest in a regularly recurring condition of body and mind in which the nervous system is inactive, the eyes closed, the postural muscles relaxed, and consciousness practically suspended. </definition>
        <sentenceCount annotated="24" total="277"/>
        <lexeme order="1" headword="false" breakBefore="false" POS="V" name="sleep"/>
    </lexUnit>
    <lexUnit status="Needs_SCs" POS="N" name="shut-eye.n" ID="5316" lemmaID="35758" cBy="MJE" cDate="03/25/2002 04:42:09 PST Mon">
        <definition>COD: sleep.</definition>
        <sentenceCount annotated="3" total="3"/>
        <lexeme order="1" headword="false" breakBefore="false" POS="N" name="shut-eye"/>
    </lexUnit>
    <lexUnit status="Needs_SCs" POS="N" name="forty winks.n" ID="5317" lemmaID="45566" cBy="MJE" cDate="03/25/2002 04:53:09 PST Mon">
        <definition>FN: some (small amount of) sleep.</definition>
        <sentenceCount annotated="2" total="26"/>
        <lexeme order="1" headword="false" breakBefore="false" POS="NUM" name="forty"/>
        <lexeme order="2" headword="true" breakBefore="false" POS="N" name="winks"/>
    </lexUnit>
    <lexUnit status="Finished_Initial" POS="N" name="doze.n" ID="5318" lemmaID="11657" cBy="MJE" cDate="03/25/2002 04:59:51 PST Mon">
        <definition>COD: a short light sleep. </definition>
        <sentenceCount annotated="5" total="35"/>
        <lexeme order="1" headword="false" breakBefore="false" POS="N" name="doze"/>
    </lexUnit>
    <lexUnit status="Needs_SCs" POS="N" name="catnap.n" ID="5319" lemmaID="45567" cBy="MJE" cDate="03/25/2002 05:02:16 PST Mon">
        <definition>COD: 1. a short sleep during the day. </definition>
        <sentenceCount annotated="2" total="3"/>
        <lexeme order="1" headword="false" breakBefore="false" POS="N" name="catnap"/>
    </lexUnit>
    <lexUnit status="Insufficient_Attestations" POS="N" name="drowse.n" ID="5320" lemmaID="11839" cBy="MJE" cDate="03/25/2002 05:17:58 PST Mon">
        <definition>FN: an instance of drowsing</definition>
        <sentenceCount annotated="1" total="1"/>
        <lexeme order="1" headword="false" breakBefore="false" POS="N" name="drowse"/>
    </lexUnit>
    <lexUnit status="Finished_Initial" POS="N" name="hibernation.n" ID="5321" lemmaID="17994" cBy="MJE" cDate="03/25/2002 05:21:59 PST Mon">
        <definition>FN: a dormant state that helps animals or plants conserve resources during the winter.</definition>
        <sentenceCount annotated="11" total="54"/>
        <lexeme order="1" headword="false" breakBefore="false" POS="N" name="hibernation"/>
    </lexUnit>
    <lexUnit status="Finished_Initial" POS="N" name="kip.n" ID="5322" lemmaID="21360" cBy="MJE" cDate="03/25/2002 05:23:22 PST Mon">
        <definition>COD:  1. a sleep; a nap. </definition>
        <sentenceCount annotated="5" total="39"/>
        <lexeme order="1" headword="false" breakBefore="false" POS="N" name="kip"/>
    </lexUnit>
    <lexUnit status="Finished_Initial" POS="N" name="nap.n" ID="5323" lemmaID="25418" cBy="MJE" cDate="03/25/2002 05:24:48 PST Mon">
        <definition>COD: 1. a short sleep of this [light, brief, or diurnal] type. </definition>
        <sentenceCount annotated="11" total="132"/>
        <lexeme order="1" headword="false" breakBefore="false" POS="N" name="nap"/>
    </lexUnit>
    <lexUnit status="Finished_Initial" POS="N" name="sleep [event].n" ID="5324" lemmaID="36297" cBy="MJE" cDate="03/25/2002 05:32:34 PST Mon">
        <definition>COD: 1. a regularly recurring condition of body and mind in which the nervous system is inactive, the eyes closed, the postural muscles relaxed, and consciousness practically suspended. </definition>
        <sentenceCount annotated="19" total="390"/>
        <lexeme order="1" headword="false" breakBefore="false" POS="N" name="sleep"/>
    </lexUnit>
    <lexUnit status="Finished_Initial" POS="N" name="slumber.n" ID="5325" lemmaID="36449" cBy="MJE" cDate="03/25/2002 05:44:53 PST Mon">
        <definition>COD: 1. a sleep. </definition>
        <sentenceCount annotated="9" total="105"/>
        <lexeme order="1" headword="false" breakBefore="false" POS="N" name="slumber"/>
    </lexUnit>
    <lexUnit status="Finished_Initial" POS="N" name="snooze.n" ID="5326" lemmaID="36679" cBy="MJE" cDate="03/25/2002 05:45:59 PST Mon">
        <definition>COD: 1. a short, light sleep. </definition>
        <sentenceCount annotated="4" total="28"/>
        <lexeme order="1" headword="false" breakBefore="false" POS="N" name="snooze"/>
    </lexUnit>
    <lexUnit status="Finished_Initial" POS="A" name="asleep.a" ID="5327" lemmaID="2098" cBy="MJE" cDate="03/25/2002 06:01:01 PST Mon">
        <definition>COD: in or into a state of sleep. </definition>
        <sentenceCount annotated="5" total="40"/>
        <lexeme order="1" headword="false" breakBefore="false" POS="A" name="asleep"/>
    </lexUnit>
    <lexUnit status="Created" POS="A" name="out like a light.a" ID="5381" lemmaID="45586" cBy="MJE" cDate="04/02/2002 06:57:31 PST Tue">
        <definition>COD: unconscious. </definition>
        <sentenceCount annotated="0" total="0"/>
        <lexeme order="1" headword="true" breakBefore="false" POS="A" name="out"/>
        <lexeme order="2" headword="false" breakBefore="false" POS="PREP" name="like"/>
        <lexeme order="3" headword="false" breakBefore="false" POS="ART" name="a"/>
        <lexeme order="4" headword="false" breakBefore="false" POS="N" name="light"/>
    </lexUnit>
    <lexUnit status="Created" POS="N" name="sleep [quantity].n" ID="11053" lemmaID="49630" cBy="Hay" cDate="09/28/2004 03:12:47 PDT Tue">
        <definition>FN: quantity of time spent sleeping.</definition>
        <sentenceCount annotated="0" total="0"/>
        <lexeme order="1" headword="true" breakBefore="false" POS="N" name="sleep"/>
    </lexUnit>
    <lexUnit status="Created" POS="A" name="out.a" ID="15504" lemmaID="27046" cBy="MJE" cDate="08/20/2009 01:44:21 PDT Thu">
        <definition>FN: asleep or unconscious.</definition>
        <sentenceCount annotated="0" total="0"/>
        <lexeme order="1" headword="false" breakBefore="false" POS="A" name="out"/>
    </lexUnit>
    <lexUnit status="Created" POS="A" name="unconscious.a" ID="15505" lemmaID="41886" cBy="MJE" cDate="08/20/2009 01:46:32 PDT Thu">
        <definition>FN: deeply unaware of surroundings (generally) due to circumstances such as a head-blow, intoxication, or being overcome by pain.</definition>
        <sentenceCount annotated="0" total="0"/>
        <lexeme order="1" headword="false" breakBefore="false" POS="A" name="unconscious"/>
    </lexUnit>
</frame>