<?xml version="1.0" encoding="UTF-8" standalone="yes"?>
<?xml-stylesheet type="text/xsl" href="frame.xsl"?>
<frame cBy="ACW" cDate="05/30/2002 03:11:57 PDT Thu" name="Soaking" ID="333" xsi:schemaLocation="../schema/frame.xsd" xmlns="http://framenet.icsi.berkeley.edu" xmlns:xsi="http://www.w3.org/2001/XMLSchema-instance">
    <definition>&lt;def-root&gt;In this frame, an &lt;fen&gt;Agent&lt;/fen&gt; places the &lt;fen&gt;Theme&lt;/fen&gt; in the &lt;fen&gt;Medium&lt;/fen&gt; for an extended period of time, with the intent that the &lt;fen&gt;Theme&lt;/fen&gt; will be affected by and absorb some of the &lt;fen&gt;Medium&lt;/fen&gt;.
&lt;ex&gt; &lt;fex name="Agent"&gt;Ellen&lt;/fex&gt; &lt;t&gt;soaked&lt;/t&gt; &lt;fex name="Theme"&gt;the beans&lt;/fex&gt; &lt;fex name="Medium"&gt;in the water&lt;/fex&gt; &lt;fex name="Duration"&gt;for 30 seconds&lt;/fex&gt;.&lt;/ex&gt;&lt;/def-root&gt;</definition>
    <FE bgColor="FF0000" fgColor="FFFFFF" coreType="Core" cBy="ACW" cDate="05/30/2002 03:12:17 PDT Thu" abbrev="Agt" name="Agent" ID="2870">
        <definition>&lt;def-root&gt;The &lt;fen&gt;Agent&lt;/fen&gt; is the person performing the soaking.&lt;/def-root&gt;</definition>
        <semType name="Sentient" ID="5"/>
    </FE>
    <FE bgColor="800080" fgColor="FFFFFF" coreType="Core" cBy="ACW" cDate="05/30/2002 03:12:58 PDT Thu" abbrev="Thm" name="Theme" ID="2872">
        <definition>&lt;def-root&gt;The &lt;fen&gt;Theme&lt;/fen&gt; is the entity that changes location. 
&lt;ex&gt; Ellen &lt;t&gt;soaked&lt;/t&gt; &lt;fex name="Theme"&gt;the beans&lt;/fex&gt; &lt;fex name="Medium"&gt;in the water&lt;/fex&gt;  &lt;fex name="Duration"&gt;for 30 seconds&lt;/fex&gt; .&lt;/ex&gt;&lt;/def-root&gt;</definition>
        <semType name="Physical_object" ID="68"/>
    </FE>
    <FE bgColor="FFFF00" fgColor="000000" coreType="Peripheral" cBy="ACW" cDate="05/30/2002 03:14:31 PDT Thu" abbrev="" name="Duration" ID="2873">
        <definition>&lt;def-root&gt;The amount of time for which the &lt;fen&gt;Theme&lt;/fen&gt; is soaked.&lt;/def-root&gt;</definition>
        <semType name="Duration" ID="142"/>
    </FE>
    <FE bgColor="FF00FF" fgColor="FFFFFF" coreType="Peripheral" cBy="ACW" cDate="05/30/2002 03:14:58 PDT Thu" abbrev="Manr" name="Manner" ID="2874">
        <definition>&lt;def-root&gt;The &lt;fen&gt;Manner&lt;/fen&gt; in which the &lt;fen&gt;Agent&lt;/fen&gt; soaks the &lt;fen&gt;Theme&lt;/fen&gt;.&lt;/def-root&gt;</definition>
        <semType name="Manner" ID="173"/>
    </FE>
    <FE bgColor="00008B" fgColor="FFFFFF" coreType="Core" cBy="ACW" cDate="05/30/2002 03:16:46 PDT Thu" abbrev="Med" name="Medium" ID="2875">
        <definition>&lt;def-root&gt;&lt;fen&gt;Medium&lt;/fen&gt; is the substance in which the &lt;fen&gt;Theme&lt;/fen&gt; is submerged.&lt;ex&gt;Bobby &lt;t&gt;soaked&lt;/t&gt; the potatoes &lt;fex name="Medium"&gt;in water&lt;/fex&gt; overnight.&lt;/ex&gt; &lt;/def-root&gt;</definition>
    </FE>
    <FE bgColor="1E90FF" fgColor="FFFFFF" coreType="Peripheral" cBy="ACW" cDate="05/30/2002 03:17:03 PDT Thu" abbrev="Container" name="Container" ID="2876">
        <definition>&lt;def-root&gt;This FE identifies the &lt;fen&gt;Container&lt;/fen&gt; that holds the &lt;fen&gt;Theme&lt;/fen&gt; which is submerged and the &lt;fen&gt;Medium&lt;/fen&gt; that it is in. 
&lt;ex&gt;&lt;t&gt;soak&lt;/t&gt; the potatoes &lt;fex name="Container"&gt;in a medium-sized pan&lt;/fex&gt;.&lt;/ex&gt;&lt;/def-root&gt;</definition>
    </FE>
    <FE bgColor="008000" fgColor="FFFFFF" coreType="Peripheral" cBy="ACW" cDate="05/30/2002 03:18:38 PDT Thu" abbrev="Place" name="Place" ID="2877">
        <definition>&lt;def-root&gt;The &lt;fen&gt;Place&lt;/fen&gt; where the submerging occurs.&lt;/def-root&gt;</definition>
        <semType name="Locative_relation" ID="182"/>
    </FE>
    <FE bgColor="FFA500" fgColor="FFFFFF" coreType="Peripheral" cBy="ACW" cDate="05/30/2002 03:18:51 PDT Thu" abbrev="Time" name="Time" ID="2878">
        <definition>&lt;def-root&gt;The &lt;fen&gt;Time&lt;/fen&gt; when the &lt;fen&gt;Agent&lt;/fen&gt; soaks the &lt;fen&gt;Theme&lt;/fen&gt;.&lt;/def-root&gt;</definition>
        <semType name="Time" ID="141"/>
    </FE>
    <FE bgColor="808080" fgColor="FFFFFF" coreType="Peripheral" cBy="MJE" cDate="01/25/2006 11:47:38 PST Wed" abbrev="mea" name="Means" ID="9884">
        <definition>&lt;def-root&gt;The action of the &lt;fen&gt;Agent&lt;/fen&gt; that brings about the soaking.

&lt;ex&gt;&lt;t&gt;Soak&lt;/t&gt; the beans &lt;fex name="Means"&gt;by placing the entire package, unopened, in the water&lt;/fex&gt;.&lt;/ex&gt;
&lt;/def-root&gt;</definition>
        <semType name="State_of_affairs" ID="177"/>
    </FE>
    <FE bgColor="2E8B57" fgColor="FFFFFF" coreType="Peripheral" cBy="MJE" cDate="06/14/2006 04:42:12 PDT Wed" abbrev="pur" name="Purpose" ID="10283">
        <definition>&lt;def-root&gt;The situation that the &lt;fen&gt;Agent&lt;/fen&gt; hopes to bring about by soaking the &lt;fen&gt;Theme&lt;/fen&gt;.&lt;/def-root&gt;</definition>
        <semType name="State_of_affairs" ID="177"/>
    </FE>
    <frameRelation type="Inherits from">
        <relatedFrame ID="230">Intentionally_affect</relatedFrame>
    </frameRelation>
    <frameRelation type="Is Inherited by"/>
    <frameRelation type="Perspective on"/>
    <frameRelation type="Is Perspectivized in"/>
    <frameRelation type="Uses"/>
    <frameRelation type="Is Used by"/>
    <frameRelation type="Subframe of"/>
    <frameRelation type="Has Subframe(s)"/>
    <frameRelation type="Precedes"/>
    <frameRelation type="Is Preceded by"/>
    <frameRelation type="Is Inchoative of"/>
    <frameRelation type="Is Causative of">
        <relatedFrame ID="2032">Soaking_up</relatedFrame>
    </frameRelation>
    <frameRelation type="See also"/>
    <lexUnit status="Finished_Initial" POS="V" name="soak.v" ID="5889" lemmaID="36740" cBy="ACW" cDate="05/30/2002 03:20:46 PDT Thu">
        <definition>COD: make or become thoroughly wet by immersion in liquid. </definition>
        <sentenceCount annotated="25" total="280"/>
        <lexeme order="1" headword="false" breakBefore="false" POS="V" name="soak"/>
    </lexUnit>
    <lexUnit status="Finished_Initial" POS="V" name="marinate.v" ID="5890" lemmaID="23493" cBy="ACW" cDate="05/30/2002 03:25:36 PDT Thu">
        <definition>COD: with obj. soak in a marinade. </definition>
        <sentenceCount annotated="7" total="30"/>
        <lexeme order="1" headword="false" breakBefore="false" POS="V" name="marinate"/>
    </lexUnit>
    <lexUnit status="Needs_SCs" POS="V" name="steep.v" ID="17569" lemmaID="37944" cBy="CVa" cDate="07/07/2014 04:23:22 PDT Mon">
        <definition>FN: to make something thoroughly wet by immersing it in a liquid</definition>
        <sentenceCount annotated="4" total="82"/>
        <lexeme order="1" headword="false" breakBefore="false" POS="V" name="steep"/>
    </lexUnit>
</frame>