<?xml version="1.0" encoding="UTF-8" standalone="yes"?>
<?xml-stylesheet type="text/xsl" href="frame.xsl"?>
<frame cBy="AnW" cDate="04/13/2010 04:00:33 PDT Tue" name="Social_event_individuals" ID="2280" xsi:schemaLocation="../schema/frame.xsd" xmlns="http://framenet.icsi.berkeley.edu" xmlns:xsi="http://www.w3.org/2001/XMLSchema-instance">
    <definition>&lt;def-root&gt;This frames describes a social event where there may or may not be a permanent or semi-permanent relationship between participants. Additionally, participants in this frame are expressed separately, as &lt;fen&gt;Party_1&lt;/fen&gt; and &lt;fen&gt;Party_2&lt;/fen&gt;.  Note the difference between this frame and Social_event_collective, where participants are grouped into one collective grammatical constituent and FE.

&lt;ex&gt;&lt;fex name="Party_1"&gt;I&lt;/fex&gt; &lt;t&gt;went out with&lt;/t&gt; &lt;fex name="Party_2"&gt;him&lt;/fex&gt; &lt;fex name="ti"&gt;on Friday&lt;/fex&gt;.&lt;/ex&gt;&lt;/def-root&gt;</definition>
    <FE bgColor="FF0000" fgColor="FFFFFF" coreType="Core" cBy="AnW" cDate="04/13/2010 04:21:58 PDT Tue" abbrev="p1" name="Party_1" ID="13797">
        <definition>&lt;def-root&gt;&lt;fen&gt;Party_1&lt;/fen&gt; is the grammatically more prominent participant in the social event.  &lt;fen&gt;Party_1&lt;/fen&gt; can be one or more individuals.&lt;/def-root&gt;</definition>
    </FE>
    <FE bgColor="0000FF" fgColor="FFFFFF" coreType="Core" cBy="AnW" cDate="04/13/2010 04:22:17 PDT Tue" abbrev="p2" name="Party_2" ID="13798">
        <definition>&lt;def-root&gt;&lt;fen&gt;Party_2&lt;/fen&gt; is the grammatically less prominent participant in the social event.  &lt;fen&gt;Party_2&lt;/fen&gt; can be one or more individuals.&lt;/def-root&gt;</definition>
    </FE>
    <FE bgColor="7CCD73" fgColor="FFFFFF" coreType="Peripheral" cBy="AnW" cDate="04/13/2010 05:00:30 PDT Tue" abbrev="deg" name="Degree" ID="13803">
        <definition>&lt;def-root&gt;This FE identifies the &lt;fen&gt;Degree&lt;/fen&gt; to which the social event occurs.&lt;/def-root&gt;</definition>
        <semType name="Degree" ID="172"/>
    </FE>
    <FE bgColor="9F79EE" fgColor="FFFFFF" coreType="Peripheral" cBy="AnW" cDate="04/13/2010 05:05:00 PDT Tue" abbrev="dur" name="Duration" ID="13805">
        <definition>&lt;def-root&gt;This FE identifies the &lt;fen&gt;Duration&lt;/fen&gt; of time for which the social event is ongoing.&lt;/def-root&gt;</definition>
        <semType name="Duration" ID="142"/>
    </FE>
    <FE bgColor="90876C" fgColor="FFFFFF" coreType="Peripheral" cBy="AnW" cDate="04/13/2010 05:06:39 PDT Tue" abbrev="man" name="Manner" ID="13807">
        <definition>&lt;def-root&gt;This FE identifies the &lt;fen&gt;Manner&lt;/fen&gt; in which the social event occurs.&lt;/def-root&gt;</definition>
        <semType name="Manner" ID="173"/>
    </FE>
    <FE bgColor="A52A2A" fgColor="FFFFFF" coreType="Peripheral" cBy="AnW" cDate="04/13/2010 05:08:29 PDT Tue" abbrev="pl" name="Place" ID="13809">
        <definition>&lt;def-root&gt;This FE identifies the &lt;fen&gt;Place&lt;/fen&gt; where the social event occurs.&lt;/def-root&gt;</definition>
        <semType name="Locative_relation" ID="182"/>
    </FE>
    <FE bgColor="7FFF00" fgColor="000000" coreType="Peripheral" cBy="AnW" cDate="04/13/2010 05:09:57 PDT Tue" abbrev="ti" name="Time" ID="13811">
        <definition>&lt;def-root&gt;This FE identifies the &lt;fen&gt;Time&lt;/fen&gt; when the social event occurs.&lt;/def-root&gt;</definition>
        <semType name="Time" ID="141"/>
    </FE>
    <frameRelation type="Inherits from">
        <relatedFrame ID="125">Social_event</relatedFrame>
    </frameRelation>
    <frameRelation type="Is Inherited by"/>
    <frameRelation type="Perspective on"/>
    <frameRelation type="Is Perspectivized in"/>
    <frameRelation type="Uses"/>
    <frameRelation type="Is Used by"/>
    <frameRelation type="Subframe of"/>
    <frameRelation type="Has Subframe(s)"/>
    <frameRelation type="Precedes"/>
    <frameRelation type="Is Preceded by"/>
    <frameRelation type="Is Inchoative of"/>
    <frameRelation type="Is Causative of"/>
    <frameRelation type="See also"/>
    <lexUnit status="Created" POS="V" name="go out with.v" ID="15768" lemmaID="51120" cBy="AnW" cDate="04/13/2010 05:16:57 PDT Tue">
        <definition>FN: to participate in a social event with (someone)</definition>
        <sentenceCount annotated="0" total="0"/>
        <lexeme order="1" headword="true" breakBefore="false" POS="V" name="go"/>
        <lexeme order="2" headword="false" breakBefore="false" POS="ADV" name="out"/>
        <lexeme order="3" headword="false" breakBefore="false" POS="PREP" name="with"/>
    </lexUnit>
</frame>