<?xml version="1.0" encoding="UTF-8" standalone="yes"?>
<?xml-stylesheet type="text/xsl" href="frame.xsl"?>
<frame cBy="AnW" cDate="04/13/2010 04:27:52 PDT Tue" name="Social_event_collective" ID="2281" xsi:schemaLocation="../schema/frame.xsd" xmlns="http://framenet.icsi.berkeley.edu" xmlns:xsi="http://www.w3.org/2001/XMLSchema-instance">
    <definition>&lt;def-root&gt;This frames describes a social event where there may or may not be a permanent or semi-permanent relationship between participants. Additionally, participants in this frame are expressed in one representative FE, &lt;fen&gt;Attendees&lt;/fen&gt;.  Note the difference between this frame and Social_event_individuals, where participants are grammatically separated.

&lt;ex&gt;&lt;fex name="att"&gt;Our&lt;/fex&gt; &lt;t&gt;date&lt;/t&gt; &lt;fex name="ti"&gt;yesterday&lt;/fex&gt; was interrupted by my ex-boyfriend!&lt;/ex&gt;&lt;/def-root&gt;</definition>
    <FE bgColor="0000FF" fgColor="FFFFFF" coreType="Core" cBy="AnW" cDate="04/13/2010 04:41:08 PDT Tue" abbrev="att" name="Attendees" ID="13800">
        <definition>&lt;def-root&gt;The &lt;fen&gt;Attendees&lt;/fen&gt; are the collectively construed participants of the social event.&lt;/def-root&gt;</definition>
    </FE>
    <FE bgColor="FFFF00" fgColor="000000" coreType="Peripheral" cBy="AnW" cDate="04/13/2010 04:59:12 PDT Tue" abbrev="deg" name="Degree" ID="13801">
        <definition>&lt;def-root&gt;This FE identifies the &lt;fen&gt;Degree&lt;/fen&gt; to which the social event occurs.&lt;/def-root&gt;</definition>
        <semType name="Degree" ID="172"/>
    </FE>
    <FE bgColor="2E8B57" fgColor="FFFFFF" coreType="Peripheral" cBy="AnW" cDate="04/13/2010 05:04:21 PDT Tue" abbrev="dur" name="Duration" ID="13804">
        <definition>&lt;def-root&gt;This FE identifies the &lt;fen&gt;Duration&lt;/fen&gt; of time for which the social event is ongoing.&lt;/def-root&gt;</definition>
        <semType name="Duration" ID="142"/>
    </FE>
    <FE bgColor="800080" fgColor="FFFFFF" coreType="Peripheral" cBy="AnW" cDate="04/13/2010 05:05:43 PDT Tue" abbrev="man" name="Manner" ID="13806">
        <definition>&lt;def-root&gt;This FE identifies the &lt;fen&gt;Manner&lt;/fen&gt; in which the social event occurs.&lt;/def-root&gt;</definition>
        <semType name="Manner" ID="173"/>
    </FE>
    <FE bgColor="EEE8AA" fgColor="000000" coreType="Peripheral" cBy="AnW" cDate="04/13/2010 05:07:43 PDT Tue" abbrev="pl" name="Place" ID="13808">
        <definition>&lt;def-root&gt;This FE identifies the &lt;fen&gt;Place&lt;/fen&gt; where the social event occurs.&lt;/def-root&gt;</definition>
        <semType name="Locative_relation" ID="182"/>
    </FE>
    <FE bgColor="FFA500" fgColor="000000" coreType="Peripheral" cBy="AnW" cDate="04/13/2010 05:09:08 PDT Tue" abbrev="ti" name="Time" ID="13810">
        <definition>&lt;def-root&gt;This FE identifies the &lt;fen&gt;Time&lt;/fen&gt; when the social event occurs.&lt;/def-root&gt;</definition>
        <semType name="Time" ID="141"/>
    </FE>
    <FE bgColor="FF00FF" fgColor="FFFFFF" coreType="Extra-Thematic" cBy="AnW" cDate="04/13/2010 05:32:24 PDT Tue" abbrev="part" name="Particular_iteration" ID="13812">
        <definition>&lt;def-root&gt;Expressions marked with &lt;fen&gt;Particular_iteration&lt;/fen&gt; modify a non-iterative use of the target, and indicate that it is conceived as embedded within an iterated series of similar events or states.&lt;/def-root&gt;</definition>
    </FE>
    <frameRelation type="Inherits from">
        <relatedFrame ID="125">Social_event</relatedFrame>
    </frameRelation>
    <frameRelation type="Is Inherited by"/>
    <frameRelation type="Perspective on"/>
    <frameRelation type="Is Perspectivized in"/>
    <frameRelation type="Uses"/>
    <frameRelation type="Is Used by"/>
    <frameRelation type="Subframe of"/>
    <frameRelation type="Has Subframe(s)"/>
    <frameRelation type="Precedes"/>
    <frameRelation type="Is Preceded by"/>
    <frameRelation type="Is Inchoative of"/>
    <frameRelation type="Is Causative of"/>
    <frameRelation type="See also"/>
    <lexUnit status="Created" POS="N" name="date.n" ID="15767" lemmaID="9604" cBy="AnW" cDate="04/13/2010 05:12:42 PDT Tue">
        <definition>FN: a social engagement arranged with another person at a previous time</definition>
        <sentenceCount annotated="5" total="5"/>
        <lexeme order="1" headword="false" breakBefore="false" POS="N" name="date"/>
    </lexUnit>
</frame>