<?xml version="1.0" encoding="UTF-8" standalone="yes"?>
<?xml-stylesheet type="text/xsl" href="frame.xsl"?>
<frame cBy="ChW" cDate="02/07/2001 04:12:25 PST Wed" name="Sociability" ID="74" xsi:schemaLocation="../schema/frame.xsd" xmlns="http://framenet.icsi.berkeley.edu" xmlns:xsi="http://www.w3.org/2001/XMLSchema-instance">
    <definition>&lt;def-root&gt;These words describe how outgoing or sociable a &lt;fen&gt;Protagonist&lt;/fen&gt; is judged to be by a (usually implicit) &lt;fen&gt;Judge&lt;/fen&gt;, often in a particular context, either with certain people (the &lt;fen&gt;Company&lt;/fen&gt;), or about a particular situation, topic or event (the &lt;fen&gt;Content&lt;/fen&gt;).  

As opposed to the Social_interaction_evaluation frame, this frame talks about &lt;ment&gt;how much&lt;/ment&gt; someone interacts, not &lt;ment&gt;how well&lt;/ment&gt;.
&lt;ex&gt;&lt;/ex&gt;
&lt;ex&gt;&lt;fex name="Protagonist"&gt;He&lt;/fex&gt; &lt;m&gt;was&lt;/m&gt; &lt;t&gt;shy&lt;/t&gt; &lt;fex name="Company"&gt;with strangers&lt;/fex&gt; and afraid of showing his feelings.&lt;/ex&gt;

&lt;ex&gt;Unfortunately &lt;fex name="Protagonist"&gt;he&lt;/fex&gt;'&lt;m&gt;s&lt;/m&gt; &lt;fex name="Degree"&gt;very&lt;/fex&gt; &lt;t&gt;gregarious&lt;/t&gt;.&lt;/ex&gt;&lt;/def-root&gt;</definition>
    <FE bgColor="00008B" fgColor="FFFFFF" coreType="Core" cBy="ChW" cDate="02/07/2001 04:12:25 PST Wed" abbrev="Prot" name="Protagonist" ID="351">
        <definition>&lt;def-root&gt;The Protagonist is the person whose sociability is being described. 
&lt;ex&gt;&lt;fex name="Protagonist"&gt;Pat&lt;/fex&gt; is &lt;t&gt;sociable&lt;/t&gt;.&lt;/ex&gt;
&lt;ex&gt;Pat was a very &lt;t&gt;shy&lt;/t&gt; &lt;fex name="Protagonist"&gt;child&lt;/fex&gt;.&lt;/ex&gt;
&lt;ex&gt;&lt;fex name="Protagonist"&gt;Pat&lt;/fex&gt; is a &lt;t&gt;loner&lt;/t&gt;.&lt;/ex&gt;
&lt;ex&gt;Everyone had heard about the &lt;t&gt;recluse&lt;/t&gt; &lt;fex name="Protagonist"&gt;SLF&lt;/fex&gt; who lived on the hill. &lt;/ex&gt;&lt;/def-root&gt;</definition>
        <semType name="Sentient" ID="5"/>
    </FE>
    <FE bgColor="FFA500" fgColor="000000" coreType="Core" cBy="ChW" cDate="02/07/2001 04:12:25 PST Wed" abbrev="Comp" name="Company" ID="352">
        <definition>&lt;def-root&gt;The Protagonist may be sociable, shy, outgoing, etc. when with particular Company (specific people or types of people).  Company usually occurs in a PP Complement with a target adjective: &lt;ex&gt;Kim is &lt;t&gt;shy&lt;/t&gt; &lt;fex name="Company"&gt;of strangers&lt;/fex&gt;.&lt;/ex&gt; 
&lt;ex&gt;The children are &lt;t&gt;friendly&lt;/t&gt; &lt;fex name="Company"&gt;to everyone they meet&lt;/fex&gt;. &lt;/ex&gt;&lt;/def-root&gt;</definition>
    </FE>
    <FE bgColor="FF0000" fgColor="FFFFFF" coreType="Core" cBy="ChW" cDate="02/07/2001 04:12:25 PST Wed" abbrev="Cont" name="Content" ID="353">
        <definition>&lt;def-root&gt;The Protagonist may be sociable, shy, outgoing, etc. when in a particular situation, or about performing some action. 
&lt;ex&gt;Kim is &lt;t&gt;outgoing&lt;/t&gt; &lt;fex name="Content"&gt;when traveling alone&lt;/fex&gt;.&lt;/ex&gt;
&lt;ex&gt;Kim is &lt;t&gt;timid&lt;/t&gt; &lt;fex name="Content"&gt;about meeting new people&lt;/fex&gt;. &lt;/ex&gt;&lt;/def-root&gt;</definition>
        <semType name="Content" ID="55"/>
    </FE>
    <FE bgColor="FF00FF" fgColor="FFFFFF" coreType="Peripheral" cBy="ACW" cDate="07/17/2001 02:58:46 PDT Tue" abbrev="Manr" name="Manner" ID="1515">
        <definition>&lt;def-root&gt;Manner of performing an action&lt;/def-root&gt;</definition>
        <semType name="Manner" ID="173"/>
    </FE>
    <FE bgColor="FF69B4" fgColor="FFFFFF" coreType="Peripheral" cBy="ACW" cDate="07/17/2001 02:58:49 PDT Tue" abbrev="Degr" name="Degree" ID="1516">
        <definition>&lt;def-root&gt;Degree to which event occurs&lt;/def-root&gt;</definition>
        <semType name="Degree" ID="172"/>
    </FE>
    <FE bgColor="00BFFF" fgColor="FFFFFF" coreType="Peripheral" cBy="JKR" cDate="05/06/2004 02:19:09 PDT Thu" abbrev="jud" name="Judge" ID="6394">
        <definition>&lt;def-root&gt;The individual whose point of view is taken in assigning the judgment denoted by the target.

&lt;ex&gt;Pongo is very &lt;t&gt;shy&lt;/t&gt;, &lt;fex name="jud"&gt;In my opinion&lt;/fex&gt;.&lt;/ex&gt;&lt;/def-root&gt;</definition>
        <semType name="Sentient" ID="5"/>
    </FE>
    <frameRelation type="Inherits from">
        <relatedFrame ID="377">Inclination</relatedFrame>
    </frameRelation>
    <frameRelation type="Is Inherited by"/>
    <frameRelation type="Perspective on"/>
    <frameRelation type="Is Perspectivized in"/>
    <frameRelation type="Uses">
        <relatedFrame ID="369">Social_behavior_evaluation</relatedFrame>
    </frameRelation>
    <frameRelation type="Is Used by"/>
    <frameRelation type="Subframe of"/>
    <frameRelation type="Has Subframe(s)"/>
    <frameRelation type="Precedes"/>
    <frameRelation type="Is Preceded by"/>
    <frameRelation type="Is Inchoative of"/>
    <frameRelation type="Is Causative of"/>
    <frameRelation type="See also">
        <relatedFrame ID="372">Social_interaction_evaluation</relatedFrame>
    </frameRelation>
    <lexUnit status="Finished_Initial" POS="A" name="companionable.a" ID="1614" lemmaID="7427" cBy="ChW" cDate="02/08/2001 01:30:09 PST Thu">
        <definition>COD: friendly and sociable. </definition>
        <sentenceCount annotated="4" total="39"/>
        <lexeme order="1" headword="false" breakBefore="false" POS="A" name="companionable"/>
    </lexUnit>
    <lexUnit status="Created" POS="N" name="extrovert.n" ID="1615" lemmaID="25" cBy="ChW" cDate="02/08/2001 01:30:09 PST Thu">
        <definition>COD: an outgoing, socially confident person. </definition>
        <sentenceCount annotated="0" total="20"/>
        <lexeme order="1" headword="false" breakBefore="false" POS="N" name="extrovert"/>
    </lexUnit>
    <lexUnit status="FN1_Sent" POS="A" name="friendly.a" ID="1616" lemmaID="15475" cBy="ChW" cDate="02/08/2001 01:30:09 PST Thu">
        <definition>FN: having the characteristic of being sociable</definition>
        <sentenceCount annotated="9" total="198"/>
        <lexeme order="1" headword="true" breakBefore="false" POS="A" name="friendly"/>
    </lexUnit>
    <lexUnit status="FN1_Sent" POS="A" name="gregarious.a" ID="1617" lemmaID="16805" cBy="ChW" cDate="02/08/2001 01:30:09 PST Thu">
        <definition>COD: fond of company; sociable. </definition>
        <sentenceCount annotated="5" total="60"/>
        <lexeme order="1" headword="false" breakBefore="false" POS="A" name="gregarious"/>
    </lexUnit>
    <lexUnit status="FN1_Sent" POS="A" name="introverted.a" ID="1618" lemmaID="20486" cBy="ChW" cDate="02/08/2001 01:30:09 PST Thu">
        <definition>FN: socially reserved, shy</definition>
        <sentenceCount annotated="7" total="30"/>
        <lexeme order="1" headword="false" breakBefore="false" POS="A" name="introverted"/>
    </lexUnit>
    <lexUnit status="Finished_Initial" POS="N" name="loner.n" ID="1619" lemmaID="22693" cBy="ChW" cDate="02/08/2001 01:30:09 PST Thu">
        <definition>COD: a person who prefers not to associate with others. </definition>
        <sentenceCount annotated="6" total="30"/>
        <lexeme order="1" headword="false" breakBefore="false" POS="N" name="loner"/>
    </lexUnit>
    <lexUnit status="FN1_Sent" POS="A" name="outgoing.a" ID="1620" lemmaID="27091" cBy="ChW" cDate="02/08/2001 01:30:09 PST Thu">
        <definition>COD: friendly and confident. </definition>
        <sentenceCount annotated="9" total="74"/>
        <lexeme order="1" headword="false" breakBefore="false" POS="A" name="outgoing"/>
    </lexUnit>
    <lexUnit status="Finished_Initial" POS="N" name="recluse.n" ID="1621" lemmaID="32141" cBy="ChW" cDate="02/08/2001 01:30:10 PST Thu">
        <definition>COD: a person who avoids others and lives a solitary life. </definition>
        <sentenceCount annotated="7" total="30"/>
        <lexeme order="1" headword="false" breakBefore="false" POS="N" name="recluse"/>
    </lexUnit>
    <lexUnit status="FN1_Sent" POS="A" name="shy.a" ID="1622" lemmaID="35766" cBy="ChW" cDate="02/08/2001 01:30:10 PST Thu">
        <definition>COD: nervous or timid in the company of other people. </definition>
        <sentenceCount annotated="30" total="180"/>
        <lexeme order="1" headword="false" breakBefore="false" POS="A" name="shy"/>
    </lexUnit>
    <lexUnit status="FN1_Sent" POS="A" name="sociable.a" ID="1623" lemmaID="36767" cBy="ChW" cDate="02/08/2001 01:30:10 PST Thu">
        <definition>COD: engaging readily with other people. </definition>
        <sentenceCount annotated="12" total="66"/>
        <lexeme order="1" headword="false" breakBefore="false" POS="A" name="sociable"/>
    </lexUnit>
    <lexUnit status="FN1_Sent" POS="A" name="timid.a" ID="1624" lemmaID="40466" cBy="ChW" cDate="02/08/2001 01:30:10 PST Thu">
        <definition>COD: lacking in courage or confidence. </definition>
        <sentenceCount annotated="18" total="78"/>
        <lexeme order="1" headword="false" breakBefore="false" POS="A" name="timid"/>
    </lexUnit>
    <lexUnit status="In_Use" POS="A" name="affable.a" ID="18466" lemmaID="666" cBy="HPh" cDate="11/12/2015 07:51:35 PST Thu">
        <definition>COD: good-natured and sociable. </definition>
        <sentenceCount annotated="17" total="82"/>
        <lexeme order="1" headword="false" breakBefore="false" POS="A" name="affable"/>
    </lexUnit>
</frame>