<?xml version="1.0" encoding="UTF-8" standalone="yes"?>
<?xml-stylesheet type="text/xsl" href="frame.xsl"?>
<frame cBy="JKR" cDate="06/17/2002 03:29:37 PDT Mon" name="Sole_instance" ID="355" xsi:schemaLocation="../schema/frame.xsd" xmlns="http://framenet.icsi.berkeley.edu" xmlns:xsi="http://www.w3.org/2001/XMLSchema-instance">
    <definition>&lt;def-root&gt;An &lt;fen&gt;Item&lt;/fen&gt; is the only instance of its &lt;fen&gt;Type&lt;/fen&gt;.
&lt;ex&gt;&lt;fex name="Item"&gt;Steven&lt;/fex&gt; is the &lt;t&gt;sole&lt;/t&gt; &lt;fex name="Type"&gt;survivor&lt;/fex&gt; in his family.&lt;/ex&gt;&lt;/def-root&gt;</definition>
    <FE bgColor="9400D3" fgColor="FFFFFF" coreType="Core" cBy="MJE" cDate="08/27/2002 05:12:35 PDT Tue" abbrev="Itm" name="Item" ID="3656">
        <definition>&lt;def-root&gt;An &lt;fen&gt;Item&lt;/fen&gt; is alone in its category.&lt;/def-root&gt;</definition>
    </FE>
    <FE bgColor="FF0000" fgColor="FFFFFF" coreType="Core" cBy="MJE" cDate="08/27/2002 05:13:12 PDT Tue" abbrev="Type" name="Type" ID="3657">
        <definition>&lt;def-root&gt;&lt;fen&gt;Type&lt;/fen&gt; specifies a category which in principle could apply to multiple items, but which is limited to the &lt;fen&gt;Item&lt;/fen&gt;.&lt;/def-root&gt;</definition>
    </FE>
    <frameRelation type="Inherits from"/>
    <frameRelation type="Is Inherited by"/>
    <frameRelation type="Perspective on"/>
    <frameRelation type="Is Perspectivized in"/>
    <frameRelation type="Uses">
        <relatedFrame ID="132">Instance</relatedFrame>
    </frameRelation>
    <frameRelation type="Is Used by"/>
    <frameRelation type="Subframe of"/>
    <frameRelation type="Has Subframe(s)"/>
    <frameRelation type="Precedes"/>
    <frameRelation type="Is Preceded by"/>
    <frameRelation type="Is Inchoative of"/>
    <frameRelation type="Is Causative of"/>
    <frameRelation type="See also"/>
    <lexUnit status="Created" POS="A" name="sole.a" ID="6149" lemmaID="36850" cBy="JKR" cDate="06/17/2002 03:32:33 PDT Mon">
        <definition>COD: one and only</definition>
        <sentenceCount annotated="4" total="4"/>
        <lexeme order="1" headword="false" breakBefore="false" POS="A" name="sole"/>
    </lexUnit>
    <lexUnit status="Created" POS="A" name="only.a" ID="6150" lemmaID="26737" cBy="JKR" cDate="06/17/2002 03:33:40 PDT Mon">
        <definition>COD: alone of its or their kind; single or solitary</definition>
        <sentenceCount annotated="23" total="24"/>
        <lexeme order="1" headword="false" breakBefore="false" POS="A" name="only"/>
    </lexUnit>
    <lexUnit status="Needs_SCs" POS="A" name="one and only.a" ID="6154" lemmaID="45751" cBy="JKR" cDate="06/17/2002 03:53:54 PDT Mon">
        <definition>COD: unique; single</definition>
        <sentenceCount annotated="1" total="84"/>
        <lexeme order="1" headword="false" breakBefore="false" POS="NUM" name="one"/>
        <lexeme order="2" headword="false" breakBefore="false" POS="C" name="and"/>
        <lexeme order="3" headword="true" breakBefore="false" POS="A" name="only"/>
    </lexUnit>
    <lexUnit status="Created" POS="A" name="lone.a" ID="7342" lemmaID="22690" cBy="MJE" cDate="08/27/2002 05:25:21 PDT Tue">
        <definition>COD:  having no companions; solitary. </definition>
        <sentenceCount annotated="0" total="0"/>
        <lexeme order="1" headword="false" breakBefore="false" POS="A" name="lone"/>
    </lexUnit>
    <lexUnit status="Created" POS="A" name="single.a" ID="7343" lemmaID="35994" cBy="MJE" cDate="08/27/2002 05:38:42 PDT Tue">
        <definition>COD: only one; not one of several.</definition>
        <sentenceCount annotated="5" total="6"/>
        <lexeme order="1" headword="false" breakBefore="false" POS="A" name="single"/>
    </lexUnit>
</frame>