<?xml version="1.0" encoding="UTF-8" standalone="yes"?>
<?xml-stylesheet type="text/xsl" href="frame.xsl"?>
<frame cBy="JKR" cDate="10/03/2003 06:54:21 PDT Fri" name="Sound_movement" ID="860" xsi:schemaLocation="../schema/frame.xsd" xmlns="http://framenet.icsi.berkeley.edu" xmlns:xsi="http://www.w3.org/2001/XMLSchema-instance">
    <definition>&lt;def-root&gt;A &lt;fen&gt;Sound&lt;/fen&gt; emitted by a  &lt;fen&gt;Sound_source&lt;/fen&gt;, which construed as a single point, moves along a &lt;fen&gt;Path&lt;/fen&gt;. Rather than the &lt;fen&gt;Sound_source&lt;/fen&gt; itself, the &lt;fen&gt;Location_of_sound_source&lt;/fen&gt; may be mentioned. Essentially, this frame denotes the (semi-)fictive motion of the the &lt;fen&gt;Sound&lt;/fen&gt;. Given the spreading nature of sound vibrations, it is not surprising that there usually is no expression of any particular &lt;fen&gt;Goal&lt;/fen&gt;.
&lt;ex&gt;&lt;/ex&gt;
&lt;ex&gt;&lt;fex name="Sound"&gt;Her shouts&lt;/fex&gt; &lt;t&gt;echoed&lt;/t&gt; &lt;fex name="Path"&gt;around the cylinder formed by the walls&lt;/fex&gt;.&lt;/ex&gt;

&lt;ex&gt;She heard her name called from below, the sound distorted as &lt;fex name="Sound"&gt;it&lt;/fex&gt; &lt;t&gt;echoed&lt;/t&gt; &lt;fex name="Sound_source"&gt;from the depths&lt;/fex&gt;.&lt;/ex&gt;

&lt;ex&gt;&lt;fex name="Sound"&gt;Her voice&lt;/fex&gt; &lt;t&gt;echoed&lt;/t&gt; &lt;fex name="Manner"&gt;flatly&lt;/fex&gt; &lt;fex name="Location_of_sound_source"&gt;from hollow walls&lt;/fex&gt;.&lt;/ex&gt;

&lt;/def-root&gt;</definition>
    <FE bgColor="FF0000" fgColor="FFFFFF" coreType="Core" cBy="JKR" cDate="10/03/2003 06:56:11 PDT Fri" abbrev="" name="Sound" ID="5510">
        <definition>&lt;def-root&gt;A percept produced  in hearing organs by  vibrations which travel through the air or another medium.

&lt;ex&gt;&lt;fex name="Sound"&gt;Laughter&lt;/fex&gt; &lt;t&gt;echoed&lt;/t&gt; through the halls&lt;/ex&gt;&lt;/def-root&gt;</definition>
    </FE>
    <FE bgColor="9400D3" fgColor="FFFFFF" coreType="Core" cBy="JKR" cDate="10/03/2003 06:59:25 PDT Fri" abbrev="" name="Location_of_sound_source" ID="5511">
        <definition>&lt;def-root&gt;The location of the Sound_source from which the &lt;fen&gt;Sound&lt;/fen&gt; travels

&lt;ex&gt;The Prince 's laugh &lt;t&gt;echoed&lt;/t&gt; &lt;fex name="Location_of_sound_source"&gt;from the corridor&lt;/fex&gt;.&lt;/ex&gt;&lt;/def-root&gt;</definition>
    </FE>
    <FE bgColor="0000FF" fgColor="FFFFFF" coreType="Core" cBy="JKR" cDate="10/03/2003 07:03:33 PDT Fri" abbrev="" name="Path" ID="5512">
        <definition>&lt;def-root&gt;The Path of the Sound's movement is any description of its trajectory of motion which is neither a Location_of_sound_source or a Goal.

&lt;ex&gt;A loud bang &lt;t&gt;echoed&lt;/t&gt; &lt;fex name="Path"&gt;through the valley&lt;/fex&gt;.&lt;/ex&gt;&lt;/def-root&gt;</definition>
    </FE>
    <FE bgColor="FFA500" fgColor="FFFFFF" coreType="Peripheral" cBy="JKR" cDate="10/03/2003 07:11:38 PDT Fri" abbrev="" name="Place" ID="5513">
        <definition>&lt;def-root&gt;A setting in which &lt;fen&gt;Sound&lt;/fen&gt; movement happens.

&lt;ex&gt;I heard their footsteps &lt;t&gt;echo&lt;/t&gt; &lt;fex name="Place"&gt;in the hollow cavern&lt;/fex&gt;.&lt;/ex&gt;&lt;/def-root&gt;</definition>
        <semType name="Locative_relation" ID="182"/>
    </FE>
    <FE bgColor="00BFFF" fgColor="FFFFFF" coreType="Peripheral" cBy="JKR" cDate="10/03/2003 07:13:48 PDT Fri" abbrev="" name="Time" ID="5514">
        <definition>&lt;def-root&gt;The time when  the &lt;fen&gt;Sound&lt;/fen&gt; movement occurs.

&lt;ex&gt; &lt;fex name="Time"&gt;In the mornings&lt;/fex&gt; the harsh , squawking voices of the gulls &lt;t&gt;echo&lt;/t&gt; between the channel walls&lt;/ex&gt;&lt;/def-root&gt;</definition>
        <semType name="Time" ID="141"/>
    </FE>
    <FE bgColor="006400" fgColor="FFFFFF" coreType="Core" cBy="JKR" cDate="10/03/2003 07:32:43 PDT Fri" abbrev="" name="Sound_source" ID="5515">
        <definition>&lt;def-root&gt;The point-like entity which produces the &lt;fen&gt;Sound&lt;/fen&gt;.

&lt;ex&gt;There was muzak &lt;t&gt;echoing&lt;/t&gt; &lt;fex name="Sound_source"&gt;from cheap speakers&lt;/fex&gt;.&lt;/ex&gt;&lt;/def-root&gt;</definition>
    </FE>
    <FE bgColor="FF00FF" fgColor="FFFFFF" coreType="Peripheral" cBy="JKR" cDate="10/06/2003 06:59:16 PDT Mon" abbrev="" name="Manner" ID="5520">
        <definition>&lt;def-root&gt;The &lt;fen&gt;Manner&lt;/fen&gt; in which the &lt;fen&gt;Sound&lt;/fen&gt; moves.

&lt;ex&gt;The scream &lt;t&gt;reverberated&lt;/t&gt; around the house &lt;fex name="Manner"&gt;like the scream of a soul in pain&lt;/fex&gt;&lt;/ex&gt;&lt;/def-root&gt;</definition>
        <semType name="Manner" ID="173"/>
    </FE>
    <FE bgColor="FFFF00" fgColor="000000" coreType="Core" cBy="CVa" cDate="01/08/2013 01:06:02 PST Tue" abbrev="G" name="Goal" ID="15840">
        <definition>&lt;def-root&gt;A description of the location where the &lt;fen&gt;Sound&lt;/fen&gt; ends up.
&lt;/def-root&gt;</definition>
        <semType name="Goal" ID="153"/>
    </FE>
    <FEcoreSet>
        <memberFE name="Location_of_sound_source" ID="5511"/>
        <memberFE name="Goal" ID="15840"/>
        <memberFE name="Sound_source" ID="5515"/>
        <memberFE name="Path" ID="5512"/>
    </FEcoreSet>
    <frameRelation type="Inherits from"/>
    <frameRelation type="Is Inherited by"/>
    <frameRelation type="Perspective on"/>
    <frameRelation type="Is Perspectivized in"/>
    <frameRelation type="Uses">
        <relatedFrame ID="850">Sounds</relatedFrame>
    </frameRelation>
    <frameRelation type="Is Used by"/>
    <frameRelation type="Subframe of"/>
    <frameRelation type="Has Subframe(s)"/>
    <frameRelation type="Precedes"/>
    <frameRelation type="Is Preceded by"/>
    <frameRelation type="Is Inchoative of"/>
    <frameRelation type="Is Causative of"/>
    <frameRelation type="See also">
        <relatedFrame ID="69">Make_noise</relatedFrame>
    </frameRelation>
    <lexUnit status="Finished_Initial" POS="V" name="reverberate.v" ID="9620" lemmaID="33081" cBy="JKR" cDate="10/03/2003 07:25:47 PDT Fri">
        <definition>COD: (of a loud noise) be repeated as an echo</definition>
        <sentenceCount annotated="29" total="108"/>
        <lexeme order="1" headword="false" breakBefore="false" POS="V" name="reverberate"/>
    </lexUnit>
    <lexUnit status="Finished_Initial" POS="V" name="echo.v" ID="9621" lemmaID="12170" cBy="JKR" cDate="10/03/2003 07:26:58 PDT Fri">
        <definition>COD: (of a sound) reverberate or be repeated after the original sound has stopped</definition>
        <sentenceCount annotated="23" total="230"/>
        <lexeme order="1" headword="false" breakBefore="false" POS="V" name="echo"/>
    </lexUnit>
    <lexUnit status="Created" POS="V" name="resound.v" ID="9622" lemmaID="32878" cBy="JKR" cDate="10/03/2003 07:31:07 PDT Fri">
        <definition>COD: spread with a ringing, booming, or echoing sound</definition>
        <sentenceCount annotated="0" total="0"/>
        <lexeme order="1" headword="false" breakBefore="false" POS="V" name="resound"/>
    </lexUnit>
    <lexUnit status="Created" POS="V" name="roll.v" ID="9623" lemmaID="33454" cBy="JKR" cDate="10/03/2003 07:38:57 PDT Fri">
        <definition>FN: to move with a deep reverberating sound</definition>
        <sentenceCount annotated="0" total="0"/>
        <lexeme order="1" headword="false" breakBefore="false" POS="V" name="roll"/>
    </lexUnit>
    <lexUnit status="Created" POS="V" name="blast.v" ID="9718" lemmaID="3779" cBy="JKR" cDate="10/06/2003 06:14:39 PDT Mon">
        <definition>FN: for loud continuous music or noise to spread</definition>
        <sentenceCount annotated="0" total="0"/>
        <lexeme order="1" headword="false" breakBefore="false" POS="V" name="blast"/>
    </lexUnit>
</frame>