<?xml version="1.0" encoding="UTF-8" standalone="yes"?>
<?xml-stylesheet type="text/xsl" href="frame.xsl"?>
<frame cBy="JKR" cDate="03/02/2005 07:51:37 PST Wed" name="Source_of_getting" ID="1347" xsi:schemaLocation="../schema/frame.xsd" xmlns="http://framenet.icsi.berkeley.edu" xmlns:xsi="http://www.w3.org/2001/XMLSchema-instance">
    <definition>&lt;def-root&gt;A &lt;fen&gt;Goal&lt;/fen&gt; has a &lt;fen&gt;Source&lt;/fen&gt; from which it has gotten a &lt;fen&gt;Theme&lt;/fen&gt;.
The &lt;fen&gt;Goal&lt;/fen&gt; may be a sentient recipient who has actively obtained the &lt;fen&gt;Theme&lt;/fen&gt; but it may also  be a non-sentient entity that gets the &lt;fen&gt;Theme&lt;/fen&gt; as a result of natural or other processes that it does not control. 


&lt;ex&gt;&lt;fex name="sou"&gt;she&lt;/fex&gt; &lt;m&gt;is&lt;/m&gt; my friend...not to mention &lt;fex name="goa"&gt;my&lt;/fex&gt; &lt;t&gt;source&lt;/t&gt; &lt;fex name="thm"&gt;for French madeleines&lt;/fex&gt;!&lt;/ex&gt;

&lt;ex&gt;Pakistan informed IAEA and US officials investigating the network that &lt;fex name="sou"&gt;North Korea&lt;/fex&gt; &lt;m&gt;was&lt;/m&gt; the &lt;t&gt;source&lt;/t&gt; &lt;fex name="thm"&gt;of the uranium shipment&lt;/fex&gt; &lt;fex name="goa"&gt;DNI&lt;/fex&gt;.&lt;/ex&gt;

&lt;ex&gt;&lt;fex name="sou"&gt;The state&lt;/fex&gt; remains the dominant &lt;t&gt;source&lt;/t&gt; &lt;fex name="thm"&gt;of research funding&lt;/fex&gt;. &lt;fex name="goa"&gt;INI&lt;/fex&gt; &lt;/ex&gt; 

&lt;ex&gt;This is not true according to &lt;fex name="goa"&gt;our&lt;/fex&gt; &lt;fex name="sou"&gt;&lt;t&gt;source&lt;/t&gt;&lt;/fex&gt;. &lt;fex name="thm"&gt;DNI&lt;/fex&gt;&lt;/ex&gt;

&lt;ex&gt;&lt;/ex&gt;

Note that we also take this frame to cover as metaphorical uses those cases where a person has obtained &lt;b&gt;information&lt;/b&gt; from another person or a textual source, which they typically intend to disseminate further.

&lt;ex&gt; Crews was held in contempt and ordered to jail after refusing to reveal &lt;fex name="goa"&gt;his&lt;/fex&gt; &lt;fex name="sou"&gt;&lt;t&gt;source&lt;/t&gt;&lt;/fex&gt; &lt;fex name="thm"&gt;for the claim that Big Basket Weaving is circumventing import tariffs on reed.&lt;/fex&gt; &lt;/ex&gt;



&lt;/def-root&gt;</definition>
    <FE bgColor="0000FF" fgColor="FFFFFF" coreType="Core" cBy="JKR" cDate="03/02/2005 07:51:37 PST Wed" abbrev="thm" name="Theme" ID="7620">
        <definition>&lt;def-root&gt;The abstact or concrete thing acquired by the &lt;fen&gt;Goal&lt;/fen&gt; from the &lt;fen&gt;Source&lt;/fen&gt;.

&lt;ex&gt;The sun doesn't burn up because its &lt;t&gt;source&lt;/t&gt; &lt;fex name="thm"&gt;of power&lt;/fex&gt; is nuclear energy.&lt;/ex&gt;&lt;/def-root&gt;</definition>
        <semType name="Physical_object" ID="68"/>
    </FE>
    <FE bgColor="FF0000" fgColor="FFFFFF" coreType="Core" cBy="JKR" cDate="03/02/2005 07:51:37 PST Wed" abbrev="sou" name="Source" ID="7621">
        <definition>&lt;def-root&gt;A concrete or abstract entity from which the &lt;fen&gt;Goal&lt;/fen&gt; has gotten the &lt;fen&gt;Theme&lt;/fen&gt;.

&lt;ex&gt;&lt;fex name="sou"&gt;Dr Kelly&lt;/fex&gt; is his &lt;t&gt;source&lt;/t&gt; for the specific information relating to phlogiston production.&lt;/ex&gt;
&lt;/def-root&gt;</definition>
        <semType name="Source" ID="151"/>
    </FE>
    <FE bgColor="FFA500" fgColor="FFFFFF" coreType="Core" cBy="JKR" cDate="03/02/2005 07:57:41 PST Wed" abbrev="goa" name="Goal" ID="7623">
        <definition>&lt;def-root&gt;An entity or individual that has acquired a &lt;fen&gt;Theme&lt;/fen&gt; from the &lt;fen&gt;Source&lt;/fen&gt;.


&lt;ex&gt;The beetles thereby cut off &lt;fex name="goa"&gt;the tree's&lt;/fex&gt; &lt;t&gt;source&lt;/t&gt; of nourishment and it dies.&lt;/ex&gt;

&lt;/def-root&gt;</definition>
        <semType name="Goal" ID="153"/>
    </FE>
    <FE bgColor="800080" fgColor="FFFFFF" coreType="Extra-Thematic" cBy="JKR" cDate="03/02/2005 09:14:23 PST Wed" abbrev="des" name="Descriptor" ID="7631">
        <definition>&lt;def-root&gt;Any evaluative or descriptive characterization of the &lt;fen&gt;Source&lt;/fen&gt;, pertaining either to temporary or permanent properties.



&lt;ex&gt;In fact , the amount of electricity produced by &lt;fex name="des"&gt;renewable&lt;/fex&gt; &lt;t&gt;sources&lt;/t&gt; in the UK has steadily declined over the past five years.&lt;/ex&gt;&lt;/def-root&gt;</definition>
    </FE>
    <frameRelation type="Inherits from"/>
    <frameRelation type="Is Inherited by"/>
    <frameRelation type="Perspective on">
        <relatedFrame ID="238">Motion_scenario</relatedFrame>
    </frameRelation>
    <frameRelation type="Is Perspectivized in"/>
    <frameRelation type="Uses"/>
    <frameRelation type="Is Used by"/>
    <frameRelation type="Subframe of"/>
    <frameRelation type="Has Subframe(s)"/>
    <frameRelation type="Precedes"/>
    <frameRelation type="Is Preceded by"/>
    <frameRelation type="Is Inchoative of"/>
    <frameRelation type="Is Causative of"/>
    <frameRelation type="See also"/>
    <lexUnit status="Finished_Initial" POS="N" name="source.n" ID="11681" lemmaID="37054" cBy="JKR" cDate="03/02/2005 08:00:07 PST Wed">
        <definition>FN: a person or document that provides information.</definition>
        <sentenceCount annotated="54" total="211"/>
        <lexeme order="1" headword="false" breakBefore="false" POS="N" name="source"/>
    </lexUnit>
</frame>