<?xml version="1.0" encoding="UTF-8" standalone="yes"?>
<?xml-stylesheet type="text/xsl" href="frame.xsl"?>
<frame cBy="MJE" cDate="02/27/2015 01:32:35 PST Fri" name="Spatial_co-location" ID="2905" xsi:schemaLocation="../schema/frame.xsd" xmlns="http://framenet.icsi.berkeley.edu" xmlns:xsi="http://www.w3.org/2001/XMLSchema-instance">
    <definition>&lt;def-root&gt;A &lt;fen&gt;Figure&lt;/fen&gt; is located essentially at the same location as a &lt;fen&gt;Ground&lt;/fen&gt;, which is viewed as point-like, or having no important internal or external structure.  Typically, the &lt;fen&gt;Ground&lt;/fen&gt; is viewed as point-like due to its small size with respect to a conversationally relevant spatial scale; this scale may be provided by reference to other, distant entities or full paths of travel that make the size of the &lt;fen&gt;Ground&lt;/fen&gt; seem relatively small.  Another use of this frame is to specify a location via a &lt;fen&gt;Ground&lt;/fen&gt; that is primarily considered for its function, rather than its shape; this second use explains why "at the store" is typically used even when a &lt;fen&gt;Figure&lt;/fen&gt; is inside the &lt;fen&gt;Ground&lt;/fen&gt;, but only in cases where the store is considered, according to its prototype, as a place to buy and sell, rather than an architectural entity (in which case "in the store" would be more usual).

&lt;ex&gt;&lt;fex name="Figure"&gt;We&lt;/fex&gt; &lt;m&gt;are&lt;/m&gt; &lt;fex name="Time"&gt;now&lt;/fex&gt; &lt;t&gt;at&lt;/t&gt; &lt;fex name="Ground"&gt;the cathedral&lt;/fex&gt; .&lt;/ex&gt;
&lt;ex&gt;They claim that &lt;fex name="Figure"&gt;many Christians were martyred&lt;/fex&gt; &lt;t&gt;at&lt;/t&gt; &lt;fex name="Ground"&gt;the Collosseum&lt;/fex&gt; .&lt;/ex&gt;
&lt;ex&gt;&lt;fex name="Figure"&gt;I&lt;/fex&gt; &lt;m&gt;'m&lt;/m&gt; &lt;t&gt;at&lt;/t&gt; &lt;fex name="Ground"&gt;my mother 's&lt;/fex&gt; .&lt;/ex&gt;

This frame has a very large family of productive metaphors associated with it, the foremost of which maps from the target meaning of values on a quantitive scale (e.g. price, temperature, speed) onto the source domain of vertically-arranged positions in space.  Because this metaphor does not normally serve to locate a cognitive agent, it is only rarely and exceptionally usable with the LU here.adv, which implies being at the same location as the speaker. A separate metaphor maps the target meaning of quantified progress (measured by a quantity associated with a processed entity vs. a quantity associated with what is left to be done) onto the source domain of forward-backward-arranged positions in space.

&lt;ex&gt; &lt;fex name="Figure"&gt;Tesla stock&lt;/fex&gt; &lt;m&gt;is&lt;/m&gt; &lt;t&gt;at&lt;/t&gt; &lt;fex name="Ground"&gt;a three-month low&lt;/fex&gt; &lt;fex name="Time"&gt;today&lt;/fex&gt; .&lt;/ex&gt;
&lt;ex&gt;&lt;fex name="Figure"&gt;She put the biscuits in the oven&lt;/fex&gt; &lt;t&gt;at&lt;/t&gt; &lt;fex name="Ground"&gt;only 400 degrees&lt;/fex&gt; .&lt;/ex&gt;
&lt;ex&gt;&lt;t&gt;At&lt;/t&gt; &lt;fex name="Ground"&gt;fifty dollars&lt;/fex&gt; , &lt;fex name="Figure"&gt;everyone 's gonna buy one&lt;/fex&gt; !&lt;/ex&gt;
&lt;ex&gt;If &lt;fex name="Figure"&gt;you&lt;/fex&gt; &lt;m&gt;'re&lt;/m&gt; only &lt;t&gt;at&lt;/t&gt; &lt;fex name="Ground"&gt;page 20&lt;/fex&gt; , just start over .&lt;/ex&gt;
&lt;/def-root&gt;</definition>
    <semType name="Locative_relation" ID="182"/>
    <FE bgColor="008000" fgColor="FFFFFF" coreType="Core" cBy="MJE" cDate="02/27/2015 01:32:35 PST Fri" abbrev="Grnd" name="Ground" ID="16298">
        <definition>&lt;def-root&gt;The &lt;fen&gt;Ground&lt;/fen&gt; serves as a basis for describing the location of the &lt;fen&gt;Figure&lt;/fen&gt;.

&lt;/def-root&gt;</definition>
    </FE>
    <FE bgColor="FF0000" fgColor="FFFFFF" coreType="Core" cBy="MJE" cDate="02/27/2015 01:32:35 PST Fri" abbrev="Fig" name="Figure" ID="16299">
        <definition>&lt;def-root&gt;The &lt;fen&gt;Figure&lt;/fen&gt; is perceived as located relative to a certain &lt;fen&gt;Ground&lt;/fen&gt; location. The &lt;fen&gt;Figure&lt;/fen&gt; can be an entity or an event.


&lt;/def-root&gt;</definition>
    </FE>
    <FE bgColor="FF69B4" fgColor="FFFFFF" coreType="Extra-Thematic" cBy="MJE" cDate="02/27/2015 01:32:35 PST Fri" abbrev="Acc" name="Accessibility" ID="16300">
        <definition>&lt;def-root&gt;An indication of how accessible the &lt;fen&gt;Figure&lt;/fen&gt; is to some participant in the speech context (either the speaker or the addressee, or some other highly salient viewpoint in a narrative).  This FE normally describes availability for manipulation and use, but may simply describe how easily seen or difficult to see the &lt;fen&gt;Figure&lt;/fen&gt; is. There is a closed class of items that can fill this slot, including only 'right' indicating ease of access, and 'way', 'all the way', or (dialectally) 'clear' indicating distance and difficulty of access.  

&lt;ex&gt;It's the door &lt;fex name="Accessibility"&gt;all the way&lt;/fex&gt; &lt;t&gt;at&lt;/t&gt; the back of the room.&lt;/ex&gt;&lt;/def-root&gt;</definition>
    </FE>
    <FE bgColor="1E90FF" fgColor="FFFFFF" coreType="Extra-Thematic" cBy="MJE" cDate="02/27/2015 01:32:35 PST Fri" abbrev="Dir" name="Direction" ID="16301">
        <definition>&lt;def-root&gt;This FE identifies the &lt;fen&gt;Direction&lt;/fen&gt; from a reference location (generally, the deictic center) of a path to the &lt;fen&gt;Figure&lt;/fen&gt;.  This FE is filled by one of a closed class of adverbs:  up, down, out (meaning 'beyond the boundary around the viewpoint'), off (meaning 'disconnect between landmark and figure'), back (meaning 'along a line from front to back of landmark, and relatively inaccessible'), and, more rarely, away, along, and dialectally, back down (meaning 'down and behind').

&lt;ex&gt;The dog was waiting &lt;fex name="Dir"&gt;up&lt;/fex&gt; &lt;t&gt;at&lt;/t&gt; the top of the hill.&lt;/ex&gt;&lt;/def-root&gt;</definition>
    </FE>
    <FE bgColor="FFA500" fgColor="FFFFFF" coreType="Peripheral" cBy="MJE" cDate="02/27/2015 01:32:35 PST Fri" abbrev="tim" name="Time" ID="16302">
        <definition>&lt;def-root&gt;The period of time during which the locative relation between &lt;fen&gt;Figure&lt;/fen&gt; and &lt;fen&gt;Ground&lt;/fen&gt; obtains.

&lt;ex&gt;He was &lt;t&gt;at&lt;/t&gt; my shop &lt;fex name="tim"&gt;on Friday&lt;/fex&gt;.&lt;/ex&gt;&lt;/def-root&gt;</definition>
        <semType name="Time" ID="141"/>
    </FE>
    <FE bgColor="800080" fgColor="FFFFFF" coreType="Extra-Thematic" cBy="HPh" cDate="03/23/2015 12:42:57 PDT Mon" abbrev="" name="Deixis" ID="16321">
        <definition>&lt;def-root&gt;An indication of how the locative phrase relates to the grounding of the speech situation, either locating it near (here) or far (there, yonder), or specifically separated from the speech context by distance or a barrier (over). Fillers of this FE are restricted to this closed class of items. 

&lt;ex&gt;She stood &lt;fex name="Deixis"&gt;there&lt;/fex&gt; &lt;t&gt;at&lt;/t&gt; the fountain .&lt;/ex&gt;&lt;/def-root&gt;</definition>
    </FE>
    <FE bgColor="A9A9A9" fgColor="FFFFFF" coreType="Extra-Thematic" cBy="HPh" cDate="03/23/2015 01:13:32 PDT Mon" abbrev="" name="Directness" ID="16322">
        <definition>&lt;def-root&gt;An indication of how closely the position of &lt;fen&gt;Figure&lt;/fen&gt; matches the prototype expected from the image schema associated with the target.  This FE is normally filled by closed-class, dedicated adverbs like right, straight, directly, and due (and some combinations of these), but also occurs with rarer items like 'smack dab'.

&lt;ex&gt;I was sitting &lt;fex name="Directness"&gt;right&lt;/fex&gt; &lt;t&gt;at&lt;/t&gt; the edge of the chair .&lt;/ex&gt;&lt;/def-root&gt;</definition>
    </FE>
    <FE bgColor="7FFF00" fgColor="000000" coreType="Extra-Thematic" cBy="HPh" cDate="03/23/2015 01:24:04 PDT Mon" abbrev="" name="Temporal_profile" ID="16323">
        <definition>&lt;def-root&gt;A description of how the access path to the &lt;fen&gt;Ground&lt;/fen&gt; interacts with time.  This FE is filled only by the closed class of adverbials back.adv (which indicates that the position was occupied by the &lt;fen&gt;Figure&lt;/fen&gt; before) and on.adv (which indicates a continued path).  While this FE in its most basic use refers to cases of actual motion, it can be used with descriptions of static position, in which case it either refers to fictive, imagined motion (as in the first example below), or it backgrounds motion entirely (as in the second example).

&lt;ex&gt;You 'll find it straight &lt;fex name="Temporal_profile"&gt;on&lt;/fex&gt; over &lt;t&gt;there&lt;/t&gt;.&lt;/ex&gt;
&lt;ex&gt;He's already &lt;fex name="Temporal_profile"&gt;back&lt;/fex&gt; &lt;t&gt;at&lt;/t&gt; the house.&lt;/ex&gt;&lt;/def-root&gt;</definition>
    </FE>
    <frameRelation type="Inherits from">
        <relatedFrame ID="199">Locative_relation</relatedFrame>
    </frameRelation>
    <frameRelation type="Is Inherited by"/>
    <frameRelation type="Perspective on"/>
    <frameRelation type="Is Perspectivized in"/>
    <frameRelation type="Uses">
        <relatedFrame ID="2018">Collocation_image_schema</relatedFrame>
    </frameRelation>
    <frameRelation type="Is Used by"/>
    <frameRelation type="Subframe of"/>
    <frameRelation type="Has Subframe(s)"/>
    <frameRelation type="Precedes"/>
    <frameRelation type="Is Preceded by"/>
    <frameRelation type="Is Inchoative of"/>
    <frameRelation type="Is Causative of"/>
    <frameRelation type="See also"/>
    <lexUnit status="Finished_Initial" POS="PREP" name="at.prep" ID="17841" lemmaID="2238" cBy="MJE" cDate="02/27/2015 02:32:46 PST Fri">
        <definition>FN: located where (an entity of no contextually important structure) is located.</definition>
        <sentenceCount annotated="89" total="832"/>
        <lexeme order="1" headword="false" breakBefore="false" POS="PREP" name="at"/>
    </lexUnit>
    <lexUnit status="Finished_Initial" incorporatedFE="Ground" POS="ADV" name="where [relativizer].adv" ID="17842" lemmaID="43919" cBy="MJE" cDate="03/03/2015 01:26:52 PST Tue">
        <definition>FN: at which place.</definition>
        <sentenceCount annotated="22" total="267"/>
        <lexeme order="1" headword="false" breakBefore="false" POS="ADV" name="where"/>
    </lexUnit>
    <lexUnit status="Finished_Initial" incorporatedFE="Ground" POS="ADV" name="here.adv" ID="17843" lemmaID="17895" cBy="MJE" cDate="03/03/2015 01:27:34 PST Tue">
        <definition>FN: at this place.</definition>
        <sentenceCount annotated="46" total="453"/>
        <lexeme order="1" headword="false" breakBefore="false" POS="ADV" name="here"/>
    </lexUnit>
    <lexUnit status="Finished_Initial" incorporatedFE="Ground" POS="ADV" name="there.adv" ID="17844" lemmaID="40071" cBy="MJE" cDate="03/03/2015 01:27:54 PST Tue">
        <definition>FN: at that place.</definition>
        <sentenceCount annotated="38" total="432"/>
        <lexeme order="1" headword="false" breakBefore="false" POS="ADV" name="there"/>
    </lexUnit>
    <lexUnit status="Finished_Initial" incorporatedFE="Ground" POS="ADV" name="where [interrog].adv" ID="17944" lemmaID="43919" cBy="HPh" cDate="04/14/2015 06:01:27 PDT Tue">
        <definition>FN: at which place</definition>
        <sentenceCount annotated="13" total="207"/>
        <lexeme order="1" headword="false" breakBefore="false" POS="ADV" name="where"/>
        <semType name="Interrogative" ID="21"/>
    </lexUnit>
    <lexUnit status="Created" POS="ADV" name="home.adv" ID="17979" lemmaID="18255" cBy="MJE" cDate="04/20/2015 05:57:06 PDT Mon">
        <definition>FN: located at the place where one lives.</definition>
        <sentenceCount annotated="0" total="0"/>
        <lexeme order="1" headword="false" breakBefore="false" POS="ADV" name="home"/>
    </lexUnit>
</frame>