<?xml version="1.0" encoding="UTF-8" standalone="yes"?>
<?xml-stylesheet type="text/xsl" href="frame.xsl"?>
<frame cBy="JKR" cDate="03/01/2005 05:05:11 PST Tue" name="Stage_of_progress" ID="1341" xsi:schemaLocation="../schema/frame.xsd" xmlns="http://framenet.icsi.berkeley.edu" xmlns:xsi="http://www.w3.org/2001/XMLSchema-instance">
    <definition>&lt;def-root&gt;An &lt;fen&gt;Entity&lt;/fen&gt; is at a particular stage of its development.

&lt;ex&gt; The &lt;t&gt;Next Generation&lt;/t&gt; &lt;fex name="ent"&gt;Internet&lt;/fex&gt; (NGI) Program has been successfully completed.&lt;/ex&gt;

&lt;ex&gt;Osama bin Laden, prime suspect in the US terror attacks, is outfoxing intelligence agencies with his &lt;t&gt;low-tech&lt;/t&gt; &lt;fex name="ent"&gt;communication methods&lt;/fex&gt;.&lt;/ex&gt;
&lt;ex&gt;&lt;fex name="ent"&gt;Kids&lt;/fex&gt; &lt;m&gt;are&lt;/m&gt; &lt;fex name="deg"&gt;much more&lt;/fex&gt; &lt;t&gt;advanced&lt;/t&gt; &lt;fex name="tim"&gt;today&lt;/fex&gt; &lt;fex name="deg"&gt;than they were in our era&lt;/fex&gt; that is for sure.&lt;/ex&gt;&lt;/def-root&gt;</definition>
    <FE bgColor="0000FF" fgColor="FFFFFF" coreType="Core" cBy="JKR" cDate="03/01/2005 05:05:11 PST Tue" abbrev="ent" name="Entity" ID="7567">
        <definition>&lt;def-root&gt;The object that has reached a particular stage of its development.

&lt;ex&gt;We offer advice for very &lt;t&gt;advanced&lt;/t&gt; &lt;fex name="ent"&gt;learners of English&lt;/fex&gt; on the different EFL/ESL exams.&lt;/ex&gt;&lt;/def-root&gt;</definition>
    </FE>
    <FE bgColor="FFA500" fgColor="FFFFFF" coreType="Peripheral" cBy="JKR" cDate="03/01/2005 05:05:11 PST Tue" abbrev="tim" name="Time" ID="7570">
        <definition>&lt;def-root&gt;The time at which the progress occurs.

&lt;/def-root&gt;</definition>
        <semType name="Time" ID="141"/>
    </FE>
    <FE bgColor="FF00FF" fgColor="FFFFFF" coreType="Peripheral" cBy="JKR" cDate="03/01/2005 05:05:11 PST Tue" abbrev="man" name="Manner" ID="7572">
        <definition>&lt;def-root&gt;A description of the stage of progress, frequently an evaluation.

&lt;ex&gt;The new version is &lt;fex name="man"&gt;wonderfully&lt;/fex&gt; &lt;t&gt;advanced&lt;/t&gt;.&lt;/ex&gt;&lt;/def-root&gt;</definition>
        <semType name="Manner" ID="173"/>
    </FE>
    <FE bgColor="800080" fgColor="FFFFFF" coreType="Peripheral" cBy="JKR" cDate="03/01/2005 05:35:41 PST Tue" abbrev="deg" name="Degree" ID="7574">
        <definition>&lt;def-root&gt;The amount of advancement that the Entity has attained.

&lt;ex&gt; The province, which is &lt;fex name="deg"&gt;very&lt;/fex&gt; &lt;t&gt;developed&lt;/t&gt; economically, is at the same time a center of brassworking.&lt;/ex&gt;&lt;/def-root&gt;</definition>
        <semType name="Degree" ID="172"/>
    </FE>
    <FE bgColor="FF0000" fgColor="FFFFFF" coreType="Peripheral" cBy="JKR" cDate="03/01/2005 05:38:11 PST Tue" abbrev="dom" name="Domain" ID="7575">
        <definition>&lt;def-root&gt;The relevant dimension of development.

&lt;ex&gt; The Soviet Union was more highly &lt;t&gt;developed&lt;/t&gt; &lt;fex name="dom"&gt;militarily&lt;/fex&gt; than China.&lt;/ex&gt;&lt;/def-root&gt;</definition>
    </FE>
    <frameRelation type="Inherits from"/>
    <frameRelation type="Is Inherited by"/>
    <frameRelation type="Perspective on"/>
    <frameRelation type="Is Perspectivized in"/>
    <frameRelation type="Uses">
        <relatedFrame ID="1340">Progression</relatedFrame>
    </frameRelation>
    <frameRelation type="Is Used by"/>
    <frameRelation type="Subframe of"/>
    <frameRelation type="Has Subframe(s)"/>
    <frameRelation type="Precedes"/>
    <frameRelation type="Is Preceded by"/>
    <frameRelation type="Is Inchoative of"/>
    <frameRelation type="Is Causative of"/>
    <frameRelation type="See also"/>
    <lexUnit status="Created" POS="A" name="mature.a" ID="11649" lemmaID="23722" cBy="JKR" cDate="03/01/2005 05:13:15 PST Tue">
        <definition>FN: having reached a sufficiently developed stage in a process.</definition>
        <sentenceCount annotated="0" total="0"/>
        <lexeme order="1" headword="false" breakBefore="false" POS="A" name="mature"/>
    </lexUnit>
    <lexUnit status="Created" POS="A" name="advanced.a" ID="11650" lemmaID="588" cBy="JKR" cDate="03/01/2005 05:13:38 PST Tue">
        <definition>COD: far on in progress or life</definition>
        <sentenceCount annotated="13" total="14"/>
        <lexeme order="1" headword="false" breakBefore="false" POS="A" name="advanced"/>
    </lexUnit>
    <lexUnit status="Created" POS="A" name="developed.a" ID="11651" lemmaID="49880" cBy="JKR" cDate="03/01/2005 05:15:10 PST Tue">
        <definition>FN: having the specified level of development</definition>
        <sentenceCount annotated="5" total="5"/>
        <lexeme order="1" headword="true" breakBefore="false" POS="A" name="developed"/>
    </lexUnit>
    <lexUnit status="Created" POS="A" name="next generation.a" ID="11652" lemmaID="49881" cBy="JKR" cDate="03/01/2005 05:30:03 PST Tue">
        <definition>FN: belonging  to the next stage of advancement</definition>
        <sentenceCount annotated="0" total="0"/>
        <lexeme order="1" headword="false" breakBefore="false" POS="A" name="next"/>
        <lexeme order="2" headword="true" breakBefore="false" POS="N" name="generation"/>
    </lexUnit>
    <lexUnit status="Created" POS="A" name="low-tech.a" ID="12869" lemmaID="50281" cBy="Amy" cDate="11/02/2005 02:55:04 PST Wed">
        <definition>COD: involved in or employing low technology.</definition>
        <sentenceCount annotated="0" total="0"/>
        <lexeme order="1" headword="true" breakBefore="false" POS="A" name="low-tech"/>
    </lexUnit>
    <lexUnit status="Created" POS="A" name="sophisticated.a" ID="13149" lemmaID="36968" cBy="RLG" cDate="03/28/2006 11:06:41 PST Tue">
        <definition>FN: complex or advanced.</definition>
        <sentenceCount annotated="11" total="11"/>
        <lexeme order="1" headword="false" breakBefore="false" POS="A" name="sophisticated"/>
    </lexUnit>
    <lexUnit status="Finished_Initial" POS="A" name="modern.a" ID="14196" lemmaID="24679" cBy="KmG" cDate="03/28/2007 02:16:03 PDT Wed">
        <definition>COD: characterized by or using the most up-to-date techniques, equipment, etc.</definition>
        <sentenceCount annotated="30" total="254"/>
        <lexeme order="1" headword="false" breakBefore="false" POS="A" name="modern"/>
    </lexUnit>
    <lexUnit status="Created" POS="A" name="cutting-edge.a" ID="14197" lemmaID="50599" cBy="KmG" cDate="03/28/2007 02:17:10 PDT Wed">
        <definition>FN: very advanced.  </definition>
        <sentenceCount annotated="1" total="1"/>
        <lexeme order="1" headword="true" breakBefore="false" POS="A" name="cutting-edge"/>
    </lexUnit>
    <lexUnit status="Finished_Initial" POS="N" name="generation.n" ID="14256" lemmaID="16067" cBy="KmG" cDate="03/30/2007 09:44:39 PDT Fri">
        <definition>FN: a particular stage in the development of an item constituting a set of said item. </definition>
        <sentenceCount annotated="15" total="114"/>
        <lexeme order="1" headword="false" breakBefore="false" POS="N" name="generation"/>
    </lexUnit>
    <lexUnit status="Created" POS="A" name="state-of-the-art.a" ID="14576" lemmaID="50745" cBy="KmG" cDate="10/24/2007 01:59:42 PDT Wed">
        <definition>FN: encompassing the very best in latest technology and innovation</definition>
        <sentenceCount annotated="0" total="1"/>
        <lexeme order="1" headword="true" breakBefore="false" POS="A" name="state-of-the-art"/>
    </lexUnit>
    <lexUnit status="Created" POS="A" name="high-tech.a" ID="14702" lemmaID="50801" cBy="JKs" cDate="01/25/2008 10:37:12 PST Fri">
        <definition>FN: uses high, or advanced, technology</definition>
        <sentenceCount annotated="0" total="0"/>
        <lexeme order="1" headword="true" breakBefore="false" POS="A" name="high-tech"/>
    </lexUnit>
    <lexUnit status="Created" POS="A" name="old-fashioned.a" ID="15306" lemmaID="26655" cBy="JKs" cDate="02/26/2009 02:06:43 PST Thu">
        <definition>FN: belonging to an older stage of achievement</definition>
        <sentenceCount annotated="1" total="1"/>
        <lexeme order="1" headword="false" breakBefore="false" POS="A" name="old-fashioned"/>
    </lexUnit>
    <lexUnit status="Finished_Initial" POS="N" name="maturity.n" ID="16074" lemmaID="23724" cBy="AlK" cDate="09/14/2010 01:56:05 PDT Tue">
        <definition>FN: the state of full development</definition>
        <sentenceCount annotated="22" total="25"/>
        <lexeme order="1" headword="false" breakBefore="false" POS="N" name="maturity"/>
    </lexUnit>
</frame>