<?xml version="1.0" encoding="UTF-8" standalone="yes"?>
<?xml-stylesheet type="text/xsl" href="frame.xsl"?>
<frame cBy="JKR" cDate="08/03/2005 03:02:58 PDT Wed" name="State_of_entity" ID="1600" xsi:schemaLocation="../schema/frame.xsd" xmlns="http://framenet.icsi.berkeley.edu" xmlns:xsi="http://www.w3.org/2001/XMLSchema-instance">
    <definition>&lt;def-root&gt;An &lt;fen&gt;Entity&lt;/fen&gt; is in a specified &lt;fen&gt;State&lt;/fen&gt;. When not explicitly specified, the &lt;fen&gt;State&lt;/fen&gt; usually concerns the &lt;fen&gt;Entity&lt;/fen&gt;'s health, repair, or functioning. The &lt;fen&gt;State&lt;/fen&gt; is also often assessed with an &lt;fen&gt;Evaluation&lt;/fen&gt; and it may be specified to apply only to a particular  &lt;fen&gt;Parameter&lt;/fen&gt; of the &lt;fen&gt;Entity&lt;/fen&gt;.

&lt;ex&gt;&lt;fex name="Entity"&gt;Some of the classics&lt;/fex&gt;  &lt;m&gt;were&lt;/m&gt; &lt;m&gt;in&lt;/m&gt; &lt;fex name="Evaluation"&gt;excellent&lt;/fex&gt; &lt;fex name="State"&gt;&lt;t&gt;condition&lt;/t&gt;&lt;/fex&gt;.&lt;/ex&gt;

&lt;ex&gt;She was taken home , where &lt;fex name="Entity"&gt;her&lt;/fex&gt; &lt;fex name="State"&gt;&lt;t&gt;condition&lt;/t&gt;&lt;/fex&gt; worsened.&lt;/ex&gt;

&lt;ex&gt;They soon reduced &lt;fex name="Entity"&gt;the Indians&lt;/fex&gt; &lt;m&gt;to&lt;/m&gt; a &lt;t&gt;CONDITION&lt;/t&gt; &lt;fex name="State"&gt;of abject slavery&lt;/fex&gt; .&lt;/ex&gt;

&lt;ex&gt;They had regressed beyond any help and could never be cured of &lt;fex name="Entity"&gt;their&lt;/fex&gt; &lt;fex name="Evaluation"&gt;"bestial"&lt;/fex&gt; &lt;t&gt;STATE&lt;/t&gt; &lt;fex name="State"&gt;of utter dependency on poor relief&lt;/fex&gt;.&lt;/ex&gt;

&lt;ex&gt;Evil is the outer result of a &lt;fex name="Parameter"&gt;mental&lt;/fex&gt; &lt;t&gt;condition&lt;/t&gt; &lt;fex name="State"&gt;of fear, ignorance, doubt, unbelief&lt;/fex&gt;.&lt;/ex&gt;


&lt;/def-root&gt;</definition>
    <FE bgColor="FF0000" fgColor="FFFFFF" coreType="Core" cBy="JKR" cDate="08/03/2005 03:03:52 PDT Wed" abbrev="ent" name="Entity" ID="8787">
        <definition>&lt;def-root&gt;The entity whose &lt;fen&gt;State&lt;/fen&gt; is specified and/or evaluated.

&lt;ex&gt;It was stressed that no diagnosis of &lt;fex name="ent"&gt;my&lt;/fex&gt; &lt;t&gt;state&lt;/t&gt; of health would be made, so all she was doing was describing how she felt my 'aura' to be. &lt;/ex&gt;&lt;/def-root&gt;</definition>
    </FE>
    <FE bgColor="800080" fgColor="FFFFFF" coreType="Extra-Thematic" cBy="JKR" cDate="08/03/2005 03:04:08 PDT Wed" abbrev="eva" name="Evaluation" ID="8788">
        <definition>&lt;def-root&gt;An assessment or characterization of the &lt;fen&gt;Entity&lt;/fen&gt;'s &lt;fen&gt;State&lt;/fen&gt;.

&lt;ex&gt;I read a lot about the &lt;fex name="eva"&gt;sorry&lt;/fex&gt; &lt;t&gt;state&lt;/t&gt; of music and agree that it is
often hard to find good music.&lt;/ex&gt;&lt;/def-root&gt;</definition>
    </FE>
    <FE bgColor="008000" fgColor="FFFFFF" coreType="Core-Unexpressed" cBy="JKR" cDate="08/03/2005 03:04:50 PDT Wed" abbrev="sta" name="State" ID="8789">
        <definition>&lt;def-root&gt;A relation in which the &lt;fen&gt;Entity&lt;/fen&gt; participates or a property that the &lt;fen&gt;Entity&lt;/fen&gt; possesses.


&lt;ex&gt;Despite being in a &lt;t&gt;state&lt;/t&gt; &lt;fex name="sta"&gt;of considerable disrepair&lt;/fex&gt;, the building is surprisingly roomy inside and has a pleasant feel to it. &lt;/ex&gt;&lt;/def-root&gt;</definition>
    </FE>
    <FE bgColor="FFA500" fgColor="FFFFFF" coreType="Extra-Thematic" cBy="JKR" cDate="08/03/2005 03:18:03 PDT Wed" abbrev="par" name="Parameter" ID="8790">
        <definition>&lt;def-root&gt;A subpart or characteristic of the &lt;fen&gt;Entity&lt;/fen&gt; that is in a specified &lt;fen&gt;State&lt;/fen&gt;.

&lt;ex&gt;Our &lt;t&gt;state&lt;/t&gt; &lt;fex name="par"&gt;of mind&lt;/fex&gt; can be the most determining factor in the achievement of our goals.&lt;/ex&gt;&lt;/def-root&gt;</definition>
    </FE>
    <frameRelation type="Inherits from">
        <relatedFrame ID="150">State</relatedFrame>
    </frameRelation>
    <frameRelation type="Is Inherited by">
        <relatedFrame ID="300">Predicament</relatedFrame>
    </frameRelation>
    <frameRelation type="Perspective on"/>
    <frameRelation type="Is Perspectivized in"/>
    <frameRelation type="Uses"/>
    <frameRelation type="Is Used by"/>
    <frameRelation type="Subframe of"/>
    <frameRelation type="Has Subframe(s)"/>
    <frameRelation type="Precedes"/>
    <frameRelation type="Is Preceded by"/>
    <frameRelation type="Is Inchoative of"/>
    <frameRelation type="Is Causative of"/>
    <frameRelation type="See also"/>
    <lexUnit status="Created" POS="N" name="state.n" ID="12596" lemmaID="37851" cBy="JKR" cDate="08/03/2005 03:20:55 PDT Wed">
        <definition>COD: the condition of someone or something.</definition>
        <sentenceCount annotated="12" total="12"/>
        <lexeme order="1" headword="false" breakBefore="false" POS="N" name="state"/>
    </lexUnit>
    <lexUnit status="Needs_SCs" POS="N" name="condition.n" ID="12597" lemmaID="7671" cBy="JKR" cDate="08/03/2005 03:21:48 PDT Wed">
        <definition>COD: the state of something or someone, with regard to appearance, fitness, or working order.</definition>
        <sentenceCount annotated="5" total="114"/>
        <lexeme order="1" headword="false" breakBefore="false" POS="N" name="condition"/>
    </lexUnit>
</frame>