<?xml version="1.0" encoding="UTF-8" standalone="yes"?>
<?xml-stylesheet type="text/xsl" href="frame.xsl"?>
<frame cBy="ACW" cDate="07/09/2003 01:33:22 PDT Wed" name="Stinginess" ID="724" xsi:schemaLocation="../schema/frame.xsd" xmlns="http://framenet.icsi.berkeley.edu" xmlns:xsi="http://www.w3.org/2001/XMLSchema-instance">
    <definition>&lt;def-root&gt;In this frame, a &lt;fen&gt;Resource_controller&lt;/fen&gt; is judged by a &lt;fen&gt;Judge&lt;/fen&gt; (who is usually implicit)  according to how freely they allow the &lt;fen&gt;Recipient&lt;/fen&gt; access to their &lt;fen&gt;Resource&lt;/fen&gt;. The &lt;fen&gt;Resource_controller&lt;/fen&gt; may exhibit this attitude with an &lt;fen&gt;Expressor&lt;/fen&gt;.

&lt;ex&gt;&lt;fex name="Resource_controller"&gt;John&lt;/fex&gt; is &lt;t&gt;mean&lt;/t&gt; &lt;fex name="Resource"&gt;with money&lt;/fex&gt;.&lt;/ex&gt;
&lt;ex&gt;&lt;fex name="Resource_controller"&gt;Sally&lt;/fex&gt; has always been &lt;t&gt;generous&lt;/t&gt; &lt;fex name="Recipient"&gt;to her children&lt;/fex&gt;.&lt;/ex&gt;
&lt;/def-root&gt;</definition>
    <FE bgColor="FF0000" fgColor="FFFFFF" coreType="Core" cBy="ACW" cDate="07/09/2003 01:48:27 PDT Wed" abbrev="" name="Resource_controller" ID="4744">
        <definition>&lt;def-root&gt;The Resource_Controller is the individual who controls access to the Resource.
&lt;ex&gt;&lt;fex name="Resource_controller"&gt;Stampy&lt;/fex&gt; was &lt;t&gt;stingy&lt;/t&gt; with his peanuts.&lt;/ex&gt;&lt;/def-root&gt;</definition>
    </FE>
    <FE bgColor="0000FF" fgColor="FFFFFF" coreType="Core" cBy="ACW" cDate="07/09/2003 01:48:57 PDT Wed" abbrev="" name="Resource" ID="4745">
        <definition>&lt;def-root&gt;The Resource_controller controls the Recipient's access to the Resource.
&lt;ex&gt;Surprising, Dad was &lt;t&gt;stingy&lt;/t&gt; &lt;fex name="Resource"&gt;with his inheritance&lt;/fex&gt;.&lt;/ex&gt;
&lt;ex&gt;Dragons often &lt;t&gt;hoard&lt;/t&gt; &lt;fex name="Resource"&gt;gold&lt;/fex&gt;.&lt;/ex&gt;&lt;/def-root&gt;</definition>
    </FE>
    <FE bgColor="008000" fgColor="FFFFFF" coreType="Core" cBy="ACW" cDate="07/09/2003 01:49:15 PDT Wed" abbrev="" name="Recipient" ID="4746">
        <definition>&lt;def-root&gt;The &lt;fen&gt;Recipient&lt;/fen&gt; is the individual or individuals who receive or should receive the &lt;fen&gt;Resource&lt;/fen&gt; from the &lt;fen&gt;Resource_controller&lt;/fen&gt;.
&lt;ex&gt;Mr. Burns is extremely &lt;t&gt;miserly&lt;/t&gt; &lt;fex name="Recipient"&gt;towards his employees&lt;/fex&gt;.&lt;/ex&gt;&lt;/def-root&gt;</definition>
    </FE>
    <FE bgColor="FF69B4" fgColor="FFFFFF" coreType="Peripheral" cBy="ACW" cDate="07/09/2003 01:54:08 PDT Wed" abbrev="" name="Degree" ID="4747">
        <definition>&lt;def-root&gt;The &lt;fen&gt;Degree&lt;/fen&gt; is how generous or stingy the &lt;fen&gt;Resource_controller&lt;/fen&gt; is judged to be.
&lt;ex&gt;John is &lt;fex name="Degree"&gt;very&lt;/fex&gt; &lt;t&gt;generous&lt;/t&gt;.&lt;/ex&gt;&lt;/def-root&gt;</definition>
        <semType name="Degree" ID="172"/>
    </FE>
    <FE bgColor="800080" fgColor="FFFFFF" coreType="Core" cBy="ACW" cDate="07/09/2003 01:55:38 PDT Wed" abbrev="" name="Behavior" ID="4748">
        <definition>&lt;def-root&gt;The Behavior is an action of the Resource_controller which is judged to be generous or stingy.
&lt;ex&gt;It was &lt;t&gt;generous&lt;/t&gt; of Jim &lt;fex name="Behavior"&gt;to have us over for dinner&lt;/fex&gt;.&lt;/ex&gt;
&lt;ex&gt;&lt;fex name="Behavior"&gt;Jim's dinner invitation&lt;/fex&gt; was very &lt;t&gt;generous&lt;/t&gt;.&lt;/ex&gt;
&lt;/def-root&gt;</definition>
    </FE>
    <FE bgColor="00BFFF" fgColor="FFFFFF" coreType="Peripheral" cBy="JKR" cDate="05/06/2004 02:27:56 PDT Thu" abbrev="jud" name="Judge" ID="6395">
        <definition>&lt;def-root&gt;The individual whose point of view is taken in assigning the judgment denoted by the target.

&lt;/def-root&gt;</definition>
        <semType name="Sentient" ID="5"/>
    </FE>
    <FE bgColor="FFD700" fgColor="000000" coreType="Core" cBy="RLG" cDate="06/11/2007 02:09:16 PDT Mon" abbrev="exp" name="Expressor" ID="11883">
        <definition>&lt;def-root&gt;The &lt;fen&gt;Expressor&lt;/fen&gt; is the body part or action by a body part which indicates the character of the &lt;fen&gt;Resource_controller&lt;/fen&gt;.&lt;/def-root&gt;</definition>
    </FE>
    <FE bgColor="FF00FF" fgColor="FFFFFF" coreType="Peripheral" cBy="RLG" cDate="06/11/2007 02:12:56 PDT Mon" abbrev="man" name="Manner" ID="11885">
        <definition>&lt;def-root&gt;A characterization of the way in which the &lt;fen&gt;Resource_controller&lt;/fen&gt; exhibits stinginess.

&lt;ex&gt;She was always &lt;fex name="Manner"&gt;sensitively&lt;/fex&gt; &lt;t&gt;generous&lt;/t&gt; to me.&lt;/ex&gt;&lt;/def-root&gt;</definition>
    </FE>
    <FEcoreSet>
        <memberFE name="Behavior" ID="4748"/>
        <memberFE name="Expressor" ID="11883"/>
        <memberFE name="Resource_controller" ID="4744"/>
    </FEcoreSet>
    <frameRelation type="Inherits from">
        <relatedFrame ID="372">Social_interaction_evaluation</relatedFrame>
    </frameRelation>
    <frameRelation type="Is Inherited by"/>
    <frameRelation type="Perspective on"/>
    <frameRelation type="Is Perspectivized in"/>
    <frameRelation type="Uses"/>
    <frameRelation type="Is Used by"/>
    <frameRelation type="Subframe of"/>
    <frameRelation type="Has Subframe(s)"/>
    <frameRelation type="Precedes"/>
    <frameRelation type="Is Preceded by"/>
    <frameRelation type="Is Inchoative of"/>
    <frameRelation type="Is Causative of"/>
    <frameRelation type="See also"/>
    <lexUnit status="FN1_Sent" POS="A" name="generous.a" ID="9009" lemmaID="16074" cBy="ACW" cDate="07/09/2003 02:07:01 PDT Wed">
        <definition>COD: freely giving more of something, especially money, than is strictly necessary or expected. </definition>
        <sentenceCount annotated="42" total="273"/>
        <lexeme order="1" headword="false" breakBefore="false" POS="A" name="generous"/>
    </lexUnit>
    <lexUnit status="Finished_Initial" POS="A" name="stingy.a" ID="9010" lemmaID="38079" cBy="ACW" cDate="07/09/2003 02:07:45 PDT Wed">
        <definition>COD: mean; ungenerous. </definition>
        <sentenceCount annotated="10" total="28"/>
        <lexeme order="1" headword="false" breakBefore="false" POS="A" name="stingy"/>
    </lexUnit>
    <lexUnit status="Created" POS="A" name="mean.a" ID="9011" lemmaID="23796" cBy="ACW" cDate="07/09/2003 02:08:23 PDT Wed">
        <definition>COD: unwilling to give or share money. </definition>
        <sentenceCount annotated="0" total="0"/>
        <lexeme order="1" headword="false" breakBefore="false" POS="A" name="mean"/>
    </lexUnit>
    <lexUnit status="Finished_Initial" POS="A" name="lavish.a" ID="9013" lemmaID="21849" cBy="ACW" cDate="07/09/2003 02:12:40 PDT Wed">
        <definition>COD: giving or given in profusion.</definition>
        <sentenceCount annotated="5" total="71"/>
        <lexeme order="1" headword="false" breakBefore="false" POS="A" name="lavish"/>
    </lexUnit>
    <lexUnit status="Created" POS="V" name="lavish.v" ID="9014" lemmaID="48114" cBy="ACW" cDate="07/09/2003 02:13:33 PDT Wed">
        <definition>COD: bestow or cover in generous or extravagant quantities.</definition>
        <sentenceCount annotated="0" total="0"/>
        <lexeme order="1" headword="true" breakBefore="false" POS="V" name="lavish"/>
    </lexUnit>
    <lexUnit status="Insufficient_Attestations" POS="N" name="miserliness.n" ID="9016" lemmaID="24506" cBy="ACW" cDate="07/09/2003 02:14:22 PDT Wed">
        <definition>FN: the quality characteristic of a miser; the state of being a miser</definition>
        <sentenceCount annotated="0" total="0"/>
        <lexeme order="1" headword="false" breakBefore="false" POS="N" name="miserliness"/>
    </lexUnit>
    <lexUnit status="Finished_Initial" POS="N" name="miser.n" ID="9017" lemmaID="24503" cBy="ACW" cDate="07/09/2003 02:14:48 PDT Wed">
        <definition>COD: a person who hoards wealth and spends very little. </definition>
        <sentenceCount annotated="4" total="32"/>
        <lexeme order="1" headword="false" breakBefore="false" POS="N" name="miser"/>
    </lexUnit>
    <lexUnit status="Created" POS="V" name="hoard.v" ID="9018" lemmaID="18170" cBy="ACW" cDate="07/09/2003 02:15:24 PDT Wed">
        <definition>FN: be reluctant to use or give away.</definition>
        <sentenceCount annotated="0" total="0"/>
        <lexeme order="1" headword="false" breakBefore="false" POS="V" name="hoard"/>
    </lexUnit>
    <lexUnit status="FN1_Sent" POS="A" name="miserly.a" ID="9019" lemmaID="24507" cBy="ACW" cDate="07/09/2003 02:16:32 PDT Wed">
        <definition>COD: of or characteristic of a miser. </definition>
        <sentenceCount annotated="7" total="22"/>
        <lexeme order="1" headword="false" breakBefore="false" POS="A" name="miserly"/>
    </lexUnit>
    <lexUnit status="Insufficient_Attestations" POS="N" name="niggardliness.n" ID="9020" lemmaID="25832" cBy="ACW" cDate="07/09/2003 02:18:03 PDT Wed">
        <definition>FN: the quality or state of being niggardly</definition>
        <sentenceCount annotated="0" total="0"/>
        <lexeme order="1" headword="false" breakBefore="false" POS="N" name="niggardliness"/>
    </lexUnit>
    <lexUnit status="Finished_Initial" POS="A" name="niggardly.a" ID="9021" lemmaID="25833" cBy="ACW" cDate="07/09/2003 02:18:42 PDT Wed">
        <definition>COD: ungenerous. </definition>
        <sentenceCount annotated="4" total="13"/>
        <lexeme order="1" headword="false" breakBefore="false" POS="A" name="niggardly"/>
    </lexUnit>
    <lexUnit status="Created" POS="A" name="ungenerous.a" ID="9022" lemmaID="42148" cBy="ACW" cDate="07/09/2003 02:19:34 PDT Wed">
        <definition>COD: not generous; mean. </definition>
        <sentenceCount annotated="0" total="0"/>
        <lexeme order="1" headword="false" breakBefore="false" POS="A" name="ungenerous"/>
    </lexUnit>
</frame>