<?xml version="1.0" encoding="UTF-8" standalone="yes"?>
<?xml-stylesheet type="text/xsl" href="frame.xsl"?>
<frame cBy="RLG" cDate="06/21/2005 05:33:17 PDT Tue" name="Store" ID="1511" xsi:schemaLocation="../schema/frame.xsd" xmlns="http://framenet.icsi.berkeley.edu" xmlns:xsi="http://www.w3.org/2001/XMLSchema-instance">
    <definition>&lt;def-root&gt;A &lt;fen&gt;Supply&lt;/fen&gt; of a &lt;fen&gt;Resource&lt;/fen&gt; is kept safe and available for a future &lt;fen&gt;Use&lt;/fen&gt;.  The &lt;fen&gt;Supply&lt;/fen&gt; may be under the control of a &lt;fen&gt;Possessor&lt;/fen&gt;.

&lt;ex&gt;&lt;fex name="Possessor"&gt;Our&lt;/fex&gt; &lt;t&gt;supply&lt;/t&gt; &lt;fex name="Resource"&gt;of food&lt;/fex&gt; is running low.&lt;/ex&gt;&lt;/def-root&gt;</definition>
    <FE bgColor="FF0000" fgColor="FFFFFF" coreType="Core" cBy="RLG" cDate="06/21/2005 05:45:30 PDT Tue" abbrev="sup" name="Supply" ID="8226">
        <definition>&lt;def-root&gt;This FE denotes the &lt;fen&gt;Supply&lt;/fen&gt; of &lt;fen&gt;Resource&lt;/fen&gt;s. It is incorporated into each LU in this frame.&lt;/def-root&gt;</definition>
    </FE>
    <FE bgColor="A52A2A" fgColor="FFFFFF" coreType="Core" cBy="RLG" cDate="06/21/2005 05:49:29 PDT Tue" abbrev="res" name="Resource" ID="8227">
        <definition>&lt;def-root&gt;The goods or commodity that is being stored in a &lt;fen&gt;Supply&lt;/fen&gt;.

&lt;ex&gt; India has made great strides in agriculture and now not only meets it own grain needs but has a sizeable &lt;t&gt;reserve&lt;/t&gt; &lt;fex name="res"&gt;of basic grains, mainly rice and wheat&lt;/fex&gt;.&lt;/ex&gt;&lt;/def-root&gt;</definition>
    </FE>
    <FE bgColor="0000FF" fgColor="FFFFFF" coreType="Core" cBy="RLG" cDate="06/21/2005 05:53:16 PDT Tue" abbrev="use" name="Use" ID="8228">
        <definition>&lt;def-root&gt;The future &lt;fen&gt;Use&lt;/fen&gt; for the &lt;fen&gt;Resource&lt;/fen&gt;.

&lt;ex&gt;Due to restrictions imposed by our export control, the Japanese have begun to use a portion of their &lt;fex name="use"&gt;war&lt;/fex&gt; &lt;t&gt;reserve&lt;/t&gt; of petroleum.&lt;/ex&gt;&lt;/def-root&gt;</definition>
    </FE>
    <FE bgColor="1E90FF" fgColor="FFFFFF" coreType="Core" cBy="RLG" cDate="06/21/2005 05:55:45 PDT Tue" abbrev="pos" name="Possessor" ID="8229">
        <definition>&lt;def-root&gt;The entity that possesses the &lt;fen&gt;Supply&lt;/fen&gt;.

&lt;ex&gt;In 1997, &lt;fex name="pos"&gt;France's&lt;/fex&gt; &lt;t&gt;stock&lt;/t&gt; of unirradiated civil plutonium increased to 72 tons.&lt;/ex&gt;&lt;/def-root&gt;</definition>
        <semType name="Sentient" ID="5"/>
    </FE>
    <FE bgColor="008000" fgColor="FFFFFF" coreType="Extra-Thematic" cBy="JKR" cDate="07/11/2005 03:51:53 PDT Mon" abbrev="des" name="Descriptor" ID="8463">
        <definition>&lt;def-root&gt;A characterization of the &lt;fen&gt;Supply&lt;/fen&gt; itself, rather than the &lt;fen&gt;Resource&lt;/fen&gt;.

&lt;ex&gt;Institutions have focused on Broward County?s &lt;fex name="des"&gt;dwindling&lt;/fex&gt; &lt;t&gt;supply&lt;/t&gt; of land, continued population growth and elevated income levels.&lt;/ex&gt;&lt;/def-root&gt;</definition>
    </FE>
    <frameRelation type="Inherits from">
        <relatedFrame ID="103">Aggregate</relatedFrame>
    </frameRelation>
    <frameRelation type="Is Inherited by">
        <relatedFrame ID="2576">Cache</relatedFrame>
    </frameRelation>
    <frameRelation type="Perspective on"/>
    <frameRelation type="Is Perspectivized in"/>
    <frameRelation type="Uses">
        <relatedFrame ID="1550">Storing</relatedFrame>
    </frameRelation>
    <frameRelation type="Is Used by"/>
    <frameRelation type="Subframe of"/>
    <frameRelation type="Has Subframe(s)"/>
    <frameRelation type="Precedes"/>
    <frameRelation type="Is Preceded by"/>
    <frameRelation type="Is Inchoative of"/>
    <frameRelation type="Is Causative of"/>
    <frameRelation type="See also"/>
    <lexUnit status="Created" POS="N" name="store.n" ID="12264" lemmaID="38198" cBy="RLG" cDate="06/21/2005 05:41:12 PDT Tue">
        <definition>COD: a quantity or supply kept for use as needed.</definition>
        <sentenceCount annotated="0" total="0"/>
        <lexeme order="1" headword="false" breakBefore="false" POS="N" name="store"/>
    </lexUnit>
    <lexUnit status="Created" POS="N" name="stock.n" ID="12265" lemmaID="38103" cBy="RLG" cDate="06/21/2005 05:42:10 PDT Tue">
        <definition>COD: a supply of goods or materials available for sale or use</definition>
        <sentenceCount annotated="6" total="6"/>
        <lexeme order="1" headword="false" breakBefore="false" POS="N" name="stock"/>
    </lexUnit>
    <lexUnit status="Needs_SCs" POS="N" name="stockpile.n" ID="12266" lemmaID="38124" cBy="RLG" cDate="06/21/2005 05:42:42 PDT Tue">
        <definition>COD: a large accumulated stock of goods or materials.</definition>
        <sentenceCount annotated="22" total="74"/>
        <lexeme order="1" headword="false" breakBefore="false" POS="N" name="stockpile"/>
    </lexUnit>
    <lexUnit status="Created" POS="N" name="supply.n" ID="12267" lemmaID="38921" cBy="RLG" cDate="06/21/2005 05:43:54 PDT Tue">
        <definition>COD: a stock or amount of something supplied or available.</definition>
        <sentenceCount annotated="8" total="9"/>
        <lexeme order="1" headword="false" breakBefore="false" POS="N" name="supply"/>
    </lexUnit>
    <lexUnit status="Created" POS="N" name="inventory.n" ID="12268" lemmaID="20524" cBy="RLG" cDate="06/21/2005 05:44:13 PDT Tue">
        <definition>COD: a quantity of goods in stock.</definition>
        <sentenceCount annotated="7" total="7"/>
        <lexeme order="1" headword="false" breakBefore="false" POS="N" name="inventory"/>
    </lexUnit>
    <lexUnit status="Created" POS="N" name="reserve.n" ID="12269" lemmaID="32823" cBy="RLG" cDate="06/21/2005 05:45:03 PDT Tue">
        <definition>COD: a reserved supply of a commodity.</definition>
        <sentenceCount annotated="3" total="3"/>
        <lexeme order="1" headword="false" breakBefore="false" POS="N" name="reserve"/>
    </lexUnit>
    <lexUnit status="Created" POS="N" name="cargo.n" ID="14694" lemmaID="50799" cBy="JKs" cDate="01/23/2008 04:25:32 PST Wed">
        <definition>FN: a quantity of goods that is roughly equivalent to that which can be stored in a cargohold of some kind</definition>
        <sentenceCount annotated="0" total="0"/>
        <lexeme order="1" headword="true" breakBefore="false" POS="N" name="cargo"/>
    </lexUnit>
</frame>