<?xml version="1.0" encoding="UTF-8" standalone="yes"?>
<?xml-stylesheet type="text/xsl" href="frame.xsl"?>
<frame cBy="AlK" cDate="04/23/2010 09:50:16 PDT Fri" name="Subjective_temperature" ID="2286" xsi:schemaLocation="../schema/frame.xsd" xmlns="http://framenet.icsi.berkeley.edu" xmlns:xsi="http://www.w3.org/2001/XMLSchema-instance">
    <definition>&lt;def-root&gt;An &lt;fen&gt;Experiencer&lt;/fen&gt; senses different degrees of warmth that may or may not be related to the ambient temperature. The level of warmth is usually compared against the &lt;fen&gt;Experiencer&lt;/fen&gt;'s subjective standard of comfort.

&lt;ex&gt;&lt;fex name="Body_part"&gt;My feet&lt;/fex&gt; are &lt;t&gt;cold&lt;/t&gt;.&lt;/ex&gt;
&lt;ex&gt;The fire will &lt;m&gt;keep&lt;/m&gt; &lt;fex name="Experiencer"&gt;you&lt;/fex&gt; &lt;t&gt;warm&lt;/t&gt;.&lt;/ex&gt;
&lt;ex&gt;&lt;fex name="Experiencer"&gt;I&lt;/fex&gt;'&lt;m&gt;m&lt;/m&gt; &lt;fex name="Degree"&gt;too&lt;/fex&gt; &lt;t&gt;hot&lt;/t&gt; with this sweater on.&lt;/ex&gt;&lt;/def-root&gt;</definition>
    <FE bgColor="FF0000" fgColor="FFFFFF" coreType="Core" cBy="AlK" cDate="04/23/2010 09:55:16 PDT Fri" abbrev="" name="Experiencer" ID="13831">
        <definition>&lt;def-root&gt;The entity which perceives a level of warmth.&lt;/def-root&gt;</definition>
    </FE>
    <FE bgColor="FF00FF" fgColor="FFFFFF" coreType="Peripheral" cBy="AlK" cDate="04/23/2010 09:56:09 PDT Fri" abbrev="" name="Degree" ID="13833">
        <definition>&lt;def-root&gt;How much the actual feeling of temperature deviates from a certain level of warmth.&lt;/def-root&gt;</definition>
    </FE>
    <FE bgColor="800080" fgColor="FFFFFF" coreType="Core" cBy="AlK" cDate="04/23/2010 12:03:12 PDT Fri" abbrev="" name="Body_part" ID="13834">
        <definition>&lt;def-root&gt;A part of the body of the &lt;fen&gt;Experiencer&lt;/fen&gt; in which the sensation of a temperature is located.

&lt;ex&gt;&lt;fex name="Body_part"&gt;My hands&lt;/fex&gt; are &lt;t&gt;freezing&lt;/t&gt;.&lt;/ex&gt;&lt;/def-root&gt;</definition>
    </FE>
    <FEcoreSet>
        <memberFE name="Body_part" ID="13834"/>
        <memberFE name="Experiencer" ID="13831"/>
    </FEcoreSet>
    <frameRelation type="Inherits from"/>
    <frameRelation type="Is Inherited by"/>
    <frameRelation type="Perspective on"/>
    <frameRelation type="Is Perspectivized in"/>
    <frameRelation type="Uses"/>
    <frameRelation type="Is Used by">
        <relatedFrame ID="2284">Heat_potential</relatedFrame>
    </frameRelation>
    <frameRelation type="Subframe of"/>
    <frameRelation type="Has Subframe(s)"/>
    <frameRelation type="Precedes"/>
    <frameRelation type="Is Preceded by"/>
    <frameRelation type="Is Inchoative of"/>
    <frameRelation type="Is Causative of"/>
    <frameRelation type="See also"/>
    <lexUnit status="Created" POS="A" name="hot.a" ID="15787" lemmaID="18483" cBy="AlK" cDate="04/23/2010 09:58:58 PDT Fri">
        <definition>FN: an uncomfortable level of heat</definition>
        <sentenceCount annotated="0" total="0"/>
        <lexeme order="1" headword="false" breakBefore="false" POS="A" name="hot"/>
    </lexUnit>
    <lexUnit status="Created" POS="A" name="warm.a" ID="15788" lemmaID="43448" cBy="AlK" cDate="04/23/2010 09:59:53 PDT Fri">
        <definition>FN: comfortable in terms of body heat</definition>
        <sentenceCount annotated="3" total="3"/>
        <lexeme order="1" headword="false" breakBefore="false" POS="A" name="warm"/>
    </lexUnit>
    <lexUnit status="Created" POS="A" name="cool.a" ID="15789" lemmaID="8256" cBy="AlK" cDate="04/23/2010 10:00:35 PDT Fri">
        <definition>FN: comfortable in a lower temperature</definition>
        <sentenceCount annotated="0" total="0"/>
        <lexeme order="1" headword="false" breakBefore="false" POS="A" name="cool"/>
    </lexUnit>
    <lexUnit status="Created" POS="A" name="cold.a" ID="15790" lemmaID="48952" cBy="AlK" cDate="04/23/2010 10:02:13 PDT Fri">
        <definition>FN: uncomfortably low body heat</definition>
        <sentenceCount annotated="0" total="0"/>
        <lexeme order="1" headword="true" breakBefore="false" POS="A" name="cold"/>
    </lexUnit>
    <lexUnit status="Created" POS="V" name="burn up.v" ID="15793" lemmaID="51126" cBy="AlK" cDate="04/27/2010 11:43:39 PDT Tue">
        <definition>FN: to be unnaturally, excessively warm</definition>
        <sentenceCount annotated="0" total="0"/>
        <lexeme order="1" headword="true" breakBefore="false" POS="V" name="burn"/>
        <lexeme order="2" headword="false" breakBefore="false" POS="PREP" name="up"/>
    </lexUnit>
    <lexUnit status="Created" POS="A" name="freezing.a" ID="15816" lemmaID="49703" cBy="AnW" cDate="05/17/2010 04:45:02 PDT Mon">
        <definition>FN: extremely cold</definition>
        <sentenceCount annotated="0" total="0"/>
        <lexeme order="1" headword="true" breakBefore="false" POS="A" name="freezing"/>
    </lexUnit>
</frame>