<?xml version="1.0" encoding="UTF-8" standalone="yes"?>
<?xml-stylesheet type="text/xsl" href="frame.xsl"?>
<frame cBy="JKR" cDate="04/22/2004 02:45:52 PDT Thu" name="Subjective_influence" ID="1083" xsi:schemaLocation="../schema/frame.xsd" xmlns="http://framenet.icsi.berkeley.edu" xmlns:xsi="http://www.w3.org/2001/XMLSchema-instance">
    <definition>&lt;def-root&gt;An &lt;fen&gt;Agent&lt;/fen&gt;, &lt;fen&gt;Situation&lt;/fen&gt; or &lt;fen&gt;Entity&lt;/fen&gt; has an influence on a &lt;fen&gt;Cognizer&lt;/fen&gt;. The influence may be general; or it may be manifested in the &lt;fen&gt;Cognizer&lt;/fen&gt;'s engaging in an &lt;fen&gt;Action&lt;/fen&gt; as a consequence of the influence; or the &lt;fen&gt;Cognizer&lt;/fen&gt; may be influenced in how they carry out a &lt;fen&gt;Behavior&lt;/fen&gt; that they are engaged in already. Alternatively, a &lt;fen&gt;Product&lt;/fen&gt; may be specified whose production or design was influenced by the &lt;fen&gt;Cognizer&lt;/fen&gt;'s experience of the  &lt;fen&gt;Situation&lt;/fen&gt; or &lt;fen&gt;Entity&lt;/fen&gt;.
&lt;ex&gt;&lt;/ex&gt;

The  mediation of the &lt;fen&gt;Cognizer&lt;/fen&gt;'s psyche distinguishes this frame from the Objective_influence frame, where dependent events occur automatically given the appropriate kind of influencing force. In this frame, by contrast, a &lt;fen&gt;Cognizer&lt;/fen&gt; may perceive an influence yet not respond to it in any way.

&lt;ex&gt; &lt;fex name="ent"&gt;These works&lt;/fex&gt; had a profound effect and &lt;t&gt;influenced&lt;/t&gt; &lt;fex name="cog"&gt;her&lt;/fex&gt; &lt;fex name="beh"&gt;in the creation of a successful series capturing this sun-drenched region&lt;/fex&gt;.&lt;/ex&gt;
&lt;ex&gt;I'm sure if I asked Mattel &lt;fex name="sit"&gt;what&lt;/fex&gt; &lt;t&gt;inspired&lt;/t&gt; &lt;fex name="pro"&gt;this car&lt;/fex&gt; I would be told it's an original design, and not supposed to represent any actual car.&lt;/ex&gt;




&lt;/def-root&gt;</definition>
    <FE bgColor="FF0000" fgColor="FFFFFF" coreType="Core" cBy="JKR" cDate="04/22/2004 03:24:29 PDT Thu" abbrev="cog" name="Cognizer" ID="6311">
        <definition>&lt;def-root&gt;The person who is influenced by the &lt;fen&gt;Situation&lt;/fen&gt; or &lt;fen&gt;Entity&lt;/fen&gt;.


&lt;ex&gt;George Gilder would run with this idea later in writing the New Testament of supply-side economics that &lt;t&gt;influenced&lt;/t&gt; &lt;fex name="cog"&gt;Reagan&lt;/fex&gt;. &lt;/ex&gt;

&lt;/def-root&gt;</definition>
        <semType name="Sentient" ID="5"/>
        <excludesFE name="Product" ID="6316"/>
    </FE>
    <FE bgColor="2E8B57" fgColor="FFFFFF" coreType="Core" cBy="JKR" cDate="04/22/2004 03:25:25 PDT Thu" abbrev="sit" name="Situation" ID="6312">
        <definition>&lt;def-root&gt;A state of affairs--- which can be an event, state or conditions---that has an influence on the &lt;fen&gt;Cognizer&lt;/fen&gt;.


&lt;ex&gt;&lt;fex name="sit"&gt;The balmy temperatures&lt;/fex&gt; &lt;t&gt;inspired&lt;/t&gt; me to write a poem on the advent of spring.&lt;/ex&gt;
&lt;ex&gt;Hecker said that although &lt;fex name="sit"&gt;the sheer age of the building&lt;/fex&gt; &lt;t&gt;inspired&lt;/t&gt; him to preserve its heritage aspects he also designed its interiors around the ·clean and fresh· mood of Queensland.&lt;/ex&gt;&lt;/def-root&gt;</definition>
        <excludesFE name="Entity" ID="6313"/>
    </FE>
    <FE bgColor="0000FF" fgColor="FFFFFF" coreType="Core" cBy="JKR" cDate="04/22/2004 03:26:21 PDT Thu" abbrev="ent" name="Entity" ID="6313">
        <definition>&lt;def-root&gt;A person or thing that has an influence on the &lt;fen&gt;Cognizer&lt;/fen&gt;.

&lt;ex&gt;&lt;fex name="ent"&gt;The painting&lt;/fex&gt; &lt;t&gt;inspired&lt;/t&gt; me to take a risk and use the intense green for the sky.&lt;/ex&gt;
&lt;/def-root&gt;</definition>
        <excludesFE name="Agent" ID="12625"/>
    </FE>
    <FE bgColor="FFA500" fgColor="FFFFFF" coreType="Core" cBy="JKR" cDate="04/22/2004 03:42:46 PDT Thu" abbrev="act" name="Action" ID="6314">
        <definition>&lt;def-root&gt;An Action that the &lt;fen&gt;Cognizer&lt;/fen&gt; decides to carry out as a consequence of the influence of a &lt;fen&gt;Situation&lt;/fen&gt; or &lt;fen&gt;Entity&lt;/fen&gt;.


&lt;ex&gt;What factors &lt;t&gt;influenced&lt;/t&gt; Nixon &lt;fex name="act"&gt;to issue the doctrine&lt;/fex&gt;?&lt;/ex&gt;
&lt;/def-root&gt;</definition>
        <excludesFE name="Behavior" ID="6315"/>
    </FE>
    <FE bgColor="9400D3" fgColor="FFFFFF" coreType="Core" cBy="JKR" cDate="04/22/2004 03:43:59 PDT Thu" abbrev="beh" name="Behavior" ID="6315">
        <definition>&lt;def-root&gt;A &lt;fen&gt;Behavior&lt;/fen&gt; that the &lt;fen&gt;Cognizer&lt;/fen&gt; is engaged in independently but whose execution is subsequently influenced by the &lt;fen&gt;Situation&lt;/fen&gt; or &lt;fen&gt;Entity&lt;/fen&gt;.

&lt;ex&gt;Attention will also be paid to St. Paul , what &lt;t&gt;influenced&lt;/t&gt; him &lt;fex name="beh"&gt;in his thinking&lt;/fex&gt; and what he wrote in his letters about sex, sexuality, men and women&lt;/ex&gt;&lt;/def-root&gt;</definition>
        <excludesFE name="Product" ID="6316"/>
    </FE>
    <FE bgColor="00BFFF" fgColor="FFFFFF" coreType="Core" cBy="JKR" cDate="04/22/2004 03:50:47 PDT Thu" abbrev="pro" name="Product" ID="6316">
        <definition>&lt;def-root&gt;An entity that stands metonymically for the actions and considerations that produced it.

&lt;ex&gt;Does anyone know what &lt;t&gt;inspired&lt;/t&gt; &lt;fex name="pro"&gt;this song&lt;/fex&gt;? &lt;/ex&gt;&lt;/def-root&gt;</definition>
        <excludesFE name="Action" ID="6314"/>
    </FE>
    <FE bgColor="9F79EE" fgColor="FFFFFF" coreType="Peripheral" cBy="KmG" cDate="03/02/2007 06:00:31 PST Fri" abbrev="Tim" name="Time" ID="11151">
        <definition>&lt;def-root&gt;The &lt;fen&gt;Time&lt;/fen&gt; at which the Subjective_influencing event occurs.&lt;/def-root&gt;</definition>
    </FE>
    <FE bgColor="A9A9A9" fgColor="FFFFFF" coreType="Extra-Thematic" cBy="KmG" cDate="03/13/2007 04:51:18 PDT Tue" abbrev="Eve" name="Event_description" ID="11180">
        <definition>&lt;def-root&gt;This FE applies to appraisals of the Subjective_influence event. &lt;/def-root&gt;</definition>
    </FE>
    <FE bgColor="008000" fgColor="FFFFFF" coreType="Core" cBy="KmG" cDate="05/07/2008 03:11:49 PDT Wed" abbrev="Age" name="Agent" ID="12625">
        <definition>&lt;def-root&gt;The &lt;fen&gt;Agent&lt;/fen&gt; acts to influence a &lt;fen&gt;Cognizer&lt;/fen&gt;.&lt;/def-root&gt;</definition>
        <excludesFE name="Situation" ID="6312"/>
    </FE>
    <FE bgColor="90876C" fgColor="FFFFFF" coreType="Peripheral" cBy="PKe" cDate="04/23/2012 02:46:49 PDT Mon" abbrev="pla" name="Place" ID="15633">
        <definition>&lt;def-root&gt;The location in which one has influence.

&lt;ex&gt;&lt;fex name="Entity"&gt;Chavez&lt;/fex&gt; has much influence &lt;fex name="Place"&gt;in South America&lt;/fex&gt;.&lt;/ex&gt;&lt;/def-root&gt;</definition>
    </FE>
    <FE bgColor="EEE8AA" fgColor="000000" coreType="Peripheral" cBy="PKe" cDate="04/23/2012 02:50:37 PDT Mon" abbrev="dom" name="Domain" ID="15634">
        <definition>&lt;def-root&gt;The field in which one maintains influence.

&lt;ex&gt;&lt;fex name="Entity"&gt;Chavez&lt;/fex&gt; has much influence &lt;fex name="dom"&gt;in South American politics&lt;/fex&gt;.&lt;/ex&gt;&lt;/def-root&gt;</definition>
    </FE>
    <FE bgColor="FF69B4" fgColor="FFFFFF" coreType="Extra-Thematic" cBy="PKe" cDate="04/24/2012 01:43:52 PDT Tue" abbrev="des" name="Descriptor" ID="15640">
        <definition>&lt;def-root&gt;This is typically an adjective describing a nominal target.&lt;/def-root&gt;</definition>
    </FE>
    <FEcoreSet>
        <memberFE name="Action" ID="6314"/>
        <memberFE name="Behavior" ID="6315"/>
        <memberFE name="Cognizer" ID="6311"/>
    </FEcoreSet>
    <frameRelation type="Inherits from"/>
    <frameRelation type="Is Inherited by"/>
    <frameRelation type="Perspective on"/>
    <frameRelation type="Is Perspectivized in"/>
    <frameRelation type="Uses">
        <relatedFrame ID="198">Intentionally_act</relatedFrame>
    </frameRelation>
    <frameRelation type="Is Used by">
        <relatedFrame ID="98">Eventive_cognizer_affecting</relatedFrame>
        <relatedFrame ID="87">Attempt_suasion</relatedFrame>
    </frameRelation>
    <frameRelation type="Subframe of"/>
    <frameRelation type="Has Subframe(s)"/>
    <frameRelation type="Precedes"/>
    <frameRelation type="Is Preceded by"/>
    <frameRelation type="Is Inchoative of"/>
    <frameRelation type="Is Causative of"/>
    <frameRelation type="See also">
        <relatedFrame ID="1084">Objective_influence</relatedFrame>
    </frameRelation>
    <lexUnit status="Created" POS="V" name="impact.v" ID="10438" lemmaID="19092" cBy="JKR" cDate="04/22/2004 03:56:56 PDT Thu">
        <definition>COD: have a strong effect</definition>
        <sentenceCount annotated="0" total="0"/>
        <lexeme order="1" headword="false" breakBefore="false" POS="V" name="impact"/>
    </lexUnit>
    <lexUnit status="Created" POS="A" name="influential.a" ID="10439" lemmaID="19884" cBy="JKR" cDate="04/22/2004 04:00:18 PDT Thu">
        <definition>COD: having great influence</definition>
        <sentenceCount annotated="1" total="1"/>
        <lexeme order="1" headword="false" breakBefore="false" POS="A" name="influential"/>
    </lexUnit>
    <lexUnit status="Created" POS="V" name="inspire.v" ID="10440" lemmaID="20159" cBy="JKR" cDate="04/22/2004 04:02:26 PDT Thu">
        <definition>FN: fill with the urge or ability to do or feel something.</definition>
        <sentenceCount annotated="5" total="5"/>
        <lexeme order="1" headword="false" breakBefore="false" POS="V" name="inspire"/>
    </lexUnit>
    <lexUnit status="Created" POS="V" name="influence.v" ID="10441" lemmaID="19883" cBy="JKR" cDate="04/22/2004 04:03:57 PDT Thu">
        <definition>FN: to have an emotional effect on</definition>
        <sentenceCount annotated="10" total="10"/>
        <lexeme order="1" headword="false" breakBefore="false" POS="V" name="influence"/>
    </lexUnit>
    <lexUnit status="Created" POS="N" name="influence.n" ID="10442" lemmaID="49025" cBy="JKR" cDate="04/22/2004 04:06:32 PDT Thu">
        <definition>FN: an effect on the character or behaviour of someone or something, or the capacity to produce such effects</definition>
        <sentenceCount annotated="65" total="65"/>
        <lexeme order="1" headword="true" breakBefore="false" POS="N" name="influence"/>
    </lexUnit>
    <lexUnit status="Created" POS="N" name="inspiration.n" ID="10443" lemmaID="20157" cBy="JKR" cDate="04/22/2004 04:10:56 PDT Thu">
        <definition>FN: an event of sudden creativity</definition>
        <sentenceCount annotated="0" total="0"/>
        <lexeme order="1" headword="false" breakBefore="false" POS="N" name="inspiration"/>
    </lexUnit>
    <lexUnit status="Created" POS="N" name="effect.n" ID="10444" lemmaID="12259" cBy="JKR" cDate="04/22/2004 05:22:36 PDT Thu">
        <definition>FN: an emotional impact</definition>
        <sentenceCount annotated="0" total="0"/>
        <lexeme order="1" headword="false" breakBefore="false" POS="N" name="effect"/>
    </lexUnit>
    <lexUnit status="Created" POS="N" name="impact.n" ID="10447" lemmaID="49038" cBy="JKR" cDate="04/22/2004 05:31:17 PDT Thu">
        <definition>FN: a marked emotional effect</definition>
        <sentenceCount annotated="0" total="0"/>
        <lexeme order="1" headword="true" breakBefore="false" POS="N" name="impact"/>
    </lexUnit>
    <lexUnit status="Created" POS="V" name="drive.v" ID="13926" lemmaID="11795" cBy="KmG" cDate="03/02/2007 05:23:56 PST Fri">
        <definition>COD: compel to act in a particular way</definition>
        <sentenceCount annotated="3" total="3"/>
        <lexeme order="1" headword="false" breakBefore="false" POS="V" name="drive"/>
    </lexUnit>
    <lexUnit status="Created" POS="V" name="motivate.v" ID="13927" lemmaID="25023" cBy="KmG" cDate="03/02/2007 05:29:13 PST Fri">
        <definition>COD: stimulate the interest of.</definition>
        <sentenceCount annotated="3" total="3"/>
        <lexeme order="1" headword="false" breakBefore="false" POS="V" name="motivate"/>
    </lexUnit>
    <lexUnit status="Created" POS="V" name="push.v" ID="13971" lemmaID="31272" cBy="KmG" cDate="03/13/2007 04:47:23 PDT Tue">
        <definition>FN: motivate or drive</definition>
        <sentenceCount annotated="1" total="1"/>
        <lexeme order="1" headword="false" breakBefore="false" POS="V" name="push"/>
    </lexUnit>
    <lexUnit status="Created" POS="V" name="galvanize.v" ID="15602" lemmaID="15851" cBy="RLG" cDate="02/01/2010 04:31:49 PST Mon">
        <definition>FN: stir, excite, possible to action.</definition>
        <sentenceCount annotated="0" total="0"/>
        <lexeme order="1" headword="false" breakBefore="false" POS="V" name="galvanize"/>
    </lexUnit>
    <lexUnit status="Finished_Initial" POS="V" name="coax.v" ID="18507" lemmaID="6981" cBy="HPh" cDate="11/30/2015 12:55:27 PST Mon">
        <definition>FN: attempt to influence (someone) by gentle persuasion or flattery</definition>
        <sentenceCount annotated="12" total="161"/>
        <lexeme order="1" headword="false" breakBefore="false" POS="V" name="coax"/>
    </lexUnit>
    <lexUnit status="Finished_Initial" POS="V" name="entice.v" ID="18508" lemmaID="12867" cBy="HPh" cDate="11/30/2015 01:02:17 PST Mon">
        <definition>COD: attract by offering pleasure or advantage. </definition>
        <sentenceCount annotated="15" total="170"/>
        <lexeme order="1" headword="false" breakBefore="false" POS="V" name="entice"/>
    </lexUnit>
    <lexUnit status="Finished_Initial" POS="V" name="spur.v" ID="18510" lemmaID="37573" cBy="HPh" cDate="11/30/2015 01:43:20 PST Mon">
        <definition>FN: encourage, incite or urge on</definition>
        <sentenceCount annotated="10" total="154"/>
        <lexeme order="1" headword="false" breakBefore="false" POS="V" name="spur"/>
    </lexUnit>
    <lexUnit status="Finished_Initial" POS="V" name="tempt.v" ID="18511" lemmaID="39810" cBy="HPh" cDate="11/30/2015 02:05:07 PST Mon">
        <definition>COD: entice (someone) to do something against their better judgement. </definition>
        <sentenceCount annotated="12" total="207"/>
        <lexeme order="1" headword="false" breakBefore="false" POS="V" name="tempt"/>
    </lexUnit>
    <lexUnit status="Finished_Initial" POS="V" name="discourage.v" ID="18512" lemmaID="10888" cBy="HPh" cDate="12/03/2015 12:59:24 PST Thu">
        <definition>FN: to dissuade (usually followed by 'from'), and/or to deprive of confidence; dishearten</definition>
        <sentenceCount annotated="15" total="205"/>
        <lexeme order="1" headword="false" breakBefore="false" POS="V" name="discourage"/>
    </lexUnit>
    <lexUnit status="Finished_Initial" POS="V" name="encourage.v" ID="18513" lemmaID="12698" cBy="HPh" cDate="12/03/2015 01:01:18 PST Thu">
        <definition>FN: to inspire with confidence, spirit or hope</definition>
        <sentenceCount annotated="28" total="166"/>
        <lexeme order="1" headword="false" breakBefore="false" POS="V" name="encourage"/>
    </lexUnit>
    <lexUnit status="Created" POS="V" name="goad.v" ID="18563" lemmaID="16428" cBy="HPh" cDate="12/17/2015 07:25:27 PST Thu">
        <definition>FN: to encourage, drive, incite</definition>
        <sentenceCount annotated="0" total="0"/>
        <lexeme order="1" headword="false" breakBefore="false" POS="V" name="goad"/>
    </lexUnit>
    <lexUnit status="Created" POS="V" name="stimulate.v" ID="18564" lemmaID="38067" cBy="HPh" cDate="12/17/2015 07:26:24 PST Thu">
        <definition>FN: to rouse to action or effort through encouragement or pressure</definition>
        <sentenceCount annotated="0" total="0"/>
        <lexeme order="1" headword="false" breakBefore="false" POS="V" name="stimulate"/>
    </lexUnit>
</frame>