<?xml version="1.0" encoding="UTF-8" standalone="yes"?>
<?xml-stylesheet type="text/xsl" href="frame.xsl"?>
<frame cBy="MJE" cDate="01/27/2003 03:13:38 PST Mon" name="Subordinates_and_superiors" ID="530" xsi:schemaLocation="../schema/frame.xsd" xmlns="http://framenet.icsi.berkeley.edu" xmlns:xsi="http://www.w3.org/2001/XMLSchema-instance">
    <definition>&lt;def-root&gt;Two individuals, the &lt;fen&gt;Subordinate&lt;/fen&gt; and the &lt;fen&gt;Superior&lt;/fen&gt; have a relationship such that the &lt;fen&gt;Subordinate&lt;/fen&gt; generally follows orders given by the &lt;fen&gt;Superior&lt;/fen&gt; and has the best interests of the &lt;fen&gt;Superior&lt;/fen&gt; in mind.

&lt;ex&gt;The archduke and several of &lt;fex name="Superior"&gt;his&lt;/fex&gt; &lt;t&gt;&lt;fex name="Subordinate"&gt;henchmen&lt;/fex&gt;&lt;/t&gt; got out of the carriage, looking around nervously.&lt;/ex&gt;&lt;/def-root&gt;</definition>
    <FE bgColor="FF0000" fgColor="FFFFFF" coreType="Core" cBy="MJE" cDate="01/27/2003 03:19:12 PST Mon" abbrev="Com" name="Superior" ID="4140">
        <definition>&lt;def-root&gt;The individual in charge of the &lt;fen&gt;Subordinate&lt;/fen&gt;.&lt;/def-root&gt;</definition>
    </FE>
    <FE bgColor="00008B" fgColor="FFFFFF" coreType="Core" cBy="MJE" cDate="01/27/2003 03:19:27 PST Mon" abbrev="Sub" name="Subordinate" ID="4141">
        <definition>&lt;def-root&gt;The individual under the command of the &lt;fen&gt;Superior&lt;/fen&gt;.&lt;/def-root&gt;</definition>
    </FE>
    <frameRelation type="Inherits from"/>
    <frameRelation type="Is Inherited by"/>
    <frameRelation type="Perspective on"/>
    <frameRelation type="Is Perspectivized in"/>
    <frameRelation type="Uses">
        <relatedFrame ID="1689">Relation_between_individuals</relatedFrame>
    </frameRelation>
    <frameRelation type="Is Used by"/>
    <frameRelation type="Subframe of"/>
    <frameRelation type="Has Subframe(s)"/>
    <frameRelation type="Precedes"/>
    <frameRelation type="Is Preceded by"/>
    <frameRelation type="Is Inchoative of"/>
    <frameRelation type="Is Causative of"/>
    <frameRelation type="See also"/>
    <lexUnit status="Add_Annotation" POS="N" name="henchman.n" ID="8210" lemmaID="17865" cBy="MJE" cDate="01/27/2003 03:28:44 PST Mon">
        <definition>COD: a faithful follower or political supporter, especially one prepared to engage in crime or dishonest practices.</definition>
        <sentenceCount annotated="1" total="73"/>
        <lexeme order="1" headword="false" breakBefore="false" POS="N" name="henchman"/>
    </lexUnit>
    <lexUnit status="Created" POS="N" name="minion.n" ID="8211" lemmaID="24399" cBy="MJE" cDate="01/27/2003 03:31:52 PST Mon">
        <definition>COD: a follower or underling of a powerful person, especially a servile or unimportant one.</definition>
        <sentenceCount annotated="0" total="0"/>
        <lexeme order="1" headword="false" breakBefore="false" POS="N" name="minion"/>
    </lexUnit>
    <lexUnit status="Created" POS="N" name="underling.n" ID="8212" lemmaID="41969" cBy="MJE" cDate="01/27/2003 04:01:49 PST Mon">
        <definition>COD: a subordinate.</definition>
        <sentenceCount annotated="0" total="0"/>
        <lexeme order="1" headword="false" breakBefore="false" POS="N" name="underling"/>
    </lexUnit>
    <lexUnit status="Created" POS="N" name="lackey.n" ID="8213" lemmaID="21549" cBy="MJE" cDate="01/27/2003 04:03:35 PST Mon">
        <definition>COD: a servant, especially a liveried footman or manservant.</definition>
        <sentenceCount annotated="0" total="0"/>
        <lexeme order="1" headword="false" breakBefore="false" POS="N" name="lackey"/>
    </lexUnit>
    <lexUnit status="Created" POS="N" name="subordinate.n" ID="8214" lemmaID="38567" cBy="MJE" cDate="01/27/2003 06:16:52 PST Mon">
        <definition>COD: a person under the authority or control of another</definition>
        <sentenceCount annotated="1" total="1"/>
        <lexeme order="1" headword="false" breakBefore="false" POS="N" name="subordinate"/>
    </lexUnit>
    <lexUnit status="Created" POS="N" name="master.n" ID="8216" lemmaID="23628" cBy="MJE" cDate="01/27/2003 06:33:40 PST Mon">
        <definition>COD: a man who has people working for him, especially servants or slaves. </definition>
        <sentenceCount annotated="5" total="5"/>
        <lexeme order="1" headword="false" breakBefore="false" POS="N" name="master"/>
    </lexUnit>
    <lexUnit status="Created" POS="N" name="servant.n" ID="8218" lemmaID="35194" cBy="MJE" cDate="01/27/2003 06:35:58 PST Mon">
        <definition>COD: a devoted and helpful follower or supporter.</definition>
        <sentenceCount annotated="0" total="0"/>
        <lexeme order="1" headword="false" breakBefore="false" POS="N" name="servant"/>
    </lexUnit>
    <lexUnit status="Created" POS="N" name="superior.n" ID="8219" lemmaID="38870" cBy="MJE" cDate="01/27/2003 06:37:19 PST Mon">
        <definition>COD: a person of superior rank.</definition>
        <sentenceCount annotated="0" total="0"/>
        <lexeme order="1" headword="false" breakBefore="false" POS="N" name="superior"/>
    </lexUnit>
    <lexUnit status="Created" POS="N" name="assistant.n" ID="8220" lemmaID="2166" cBy="MJE" cDate="01/27/2003 06:38:53 PST Mon">
        <definition>COD: a person who ranks below a senior person.</definition>
        <sentenceCount annotated="0" total="0"/>
        <lexeme order="1" headword="false" breakBefore="false" POS="N" name="assistant"/>
    </lexUnit>
    <lexUnit status="Created" POS="N" name="hireling.n" ID="8222" lemmaID="18136" cBy="MJE" cDate="01/27/2003 06:40:44 PST Mon">
        <definition>COD: a person who is hired, especially for morally dubious or illegal work.</definition>
        <sentenceCount annotated="0" total="0"/>
        <lexeme order="1" headword="false" breakBefore="false" POS="N" name="hireling"/>
    </lexUnit>
    <lexUnit status="Created" POS="N" name="goon.n" ID="8223" lemmaID="16556" cBy="MJE" cDate="01/27/2003 06:42:30 PST Mon">
        <definition>FN: a ruffian employed to harm or threaten people </definition>
        <sentenceCount annotated="0" total="0"/>
        <lexeme order="1" headword="false" breakBefore="false" POS="N" name="goon"/>
    </lexUnit>
    <lexUnit status="Created" POS="N" name="paxman.n" ID="8238" lemmaID="47338" cBy="MJE" cDate="01/28/2003 04:46:34 PST Tue">
        <definition>FN: type of personal guard of a lord that enjoys an extremely close personal relationship with his charge.</definition>
        <sentenceCount annotated="0" total="0"/>
        <lexeme order="1" headword="true" breakBefore="false" POS="N" name="paxman"/>
    </lexUnit>
    <lexUnit status="Created" POS="N" name="stooge.n" ID="13549" lemmaID="38178" cBy="RLG" cDate="09/15/2006 10:52:34 PDT Fri">
        <definition>COD: a subordinate used by another to do routine or unpleasant work.</definition>
        <sentenceCount annotated="1" total="1"/>
        <lexeme order="1" headword="false" breakBefore="false" POS="N" name="stooge"/>
    </lexUnit>
    <lexUnit status="Created" POS="A" name="senior.a" ID="14160" lemmaID="35063" cBy="RLG" cDate="03/26/2007 02:13:26 PDT Mon">
        <definition>COD: high or higher in rank or status.</definition>
        <sentenceCount annotated="3" total="3"/>
        <lexeme order="1" headword="false" breakBefore="false" POS="A" name="senior"/>
    </lexUnit>
    <lexUnit status="Created" POS="A" name="junior.a" ID="14161" lemmaID="21154" cBy="RLG" cDate="03/26/2007 02:15:39 PDT Mon">
        <definition>COD: low or lower in rank or status.</definition>
        <sentenceCount annotated="0" total="0"/>
        <lexeme order="1" headword="false" breakBefore="false" POS="A" name="junior"/>
    </lexUnit>
    <lexUnit status="Created" POS="V" name="serve.v" ID="17139" lemmaID="35196" cBy="PKe" cDate="06/14/2012 04:43:53 PDT Thu">
        <definition>FN: To act for the benefit of or on behalf of another, typically a &lt;fen&gt;Superior&lt;/fen&gt;.</definition>
        <sentenceCount annotated="0" total="0"/>
        <lexeme order="1" headword="false" breakBefore="false" POS="V" name="serve"/>
    </lexUnit>
</frame>