<?xml version="1.0" encoding="UTF-8" standalone="yes"?>
<?xml-stylesheet type="text/xsl" href="frame.xsl"?>
<frame cBy="JKR" cDate="11/16/2005 05:39:55 PST Wed" name="Successfully_communicate_message" ID="1652" xsi:schemaLocation="../schema/frame.xsd" xmlns="http://framenet.icsi.berkeley.edu" xmlns:xsi="http://www.w3.org/2001/XMLSchema-instance">
    <definition>&lt;def-root&gt;A &lt;fen&gt;Communicator&lt;/fen&gt; speaks to an &lt;fen&gt;Addressee&lt;/fen&gt; in such a way that the &lt;fen&gt;Addressee&lt;/fen&gt; understands and fully appreciates the truth and/or relevance of the &lt;fen&gt;Message&lt;/fen&gt;.


&lt;ex&gt; Marred by overblown writing , &lt;fex name="Medium"&gt;this first novel by Wilbur Smith 's wife&lt;/fex&gt; effectively &lt;t&gt;conveys&lt;/t&gt; &lt;fex name="Message"&gt;some of South Africa 's problems&lt;/fex&gt; .&lt;fex name="Add"&gt;INI&lt;/fex&gt;&lt;/ex&gt;

&lt;ex&gt;&lt;fex name="Communicator"&gt;He&lt;/fex&gt; &lt;t&gt;conveys&lt;/t&gt; vividly the absurdity of a situation , but he is incurious about the underlying processes which shape it. &lt;fex name="Add"&gt;INI&lt;/fex&gt;&lt;/ex&gt;

&lt;ex&gt;&lt;fex name="Communicator"&gt;We&lt;/fex&gt;'ve got to &lt;t&gt;get&lt;/t&gt; &lt;fex name="Message"&gt;the message&lt;/fex&gt; &lt;t&gt;through&lt;/t&gt; &lt;fex name="Add"&gt;to them&lt;/fex&gt; &lt;fex name="Time"&gt;before they become sexually active&lt;/fex&gt;.&lt;/ex&gt;

&lt;ex&gt;Have you been using PowerPoint (PPT) for years and feel &lt;fex name="Communicator"&gt;you&lt;/fex&gt; don't &lt;fex name="Time"&gt;always&lt;/fex&gt; &lt;t&gt;get&lt;/t&gt; &lt;fex name="Message"&gt;your point&lt;/fex&gt; &lt;t&gt;across&lt;/t&gt; &lt;fex name="Addressee"&gt;to the audience&lt;/fex&gt;?&lt;/ex&gt;

&lt;ex&gt;It 's impossible to &lt;t&gt;convey&lt;/t&gt; &lt;fex name="Message"&gt;how lost I felt&lt;/fex&gt;. &lt;fex name="Communicator"&gt;CNI&lt;/fex&gt;  &lt;fex name="Add"&gt;INI&lt;/fex&gt;&lt;/ex&gt;

&lt;ex&gt;But , alas , &lt;fex name="Medium"&gt;the printed word&lt;/fex&gt; can not &lt;fex name="Adequacy"&gt;adequately&lt;/fex&gt; &lt;t&gt;convey&lt;/t&gt; &lt;fex name="Message"&gt;the panting , gasping misery of this particular torment&lt;/fex&gt;. &lt;fex name="Add"&gt;INI&lt;/fex&gt;&lt;/ex&gt;&lt;/def-root&gt;</definition>
    <FE bgColor="FF0000" fgColor="FFFFFF" coreType="Core" cBy="JKR" cDate="11/16/2005 05:39:55 PST Wed" abbrev="Com" name="Communicator" ID="9336">
        <definition>&lt;def-root&gt;The person who uses language in the written or spoken modality to convey a &lt;fen&gt;Message&lt;/fen&gt; to another person. 

&lt;ex&gt;&lt;fex name="Communicator"&gt;Nobody&lt;/fex&gt; seems to be able to &lt;t&gt;get&lt;/t&gt; the idea &lt;t&gt;through&lt;/t&gt; to her that she needs a job!!!!&lt;/ex&gt;&lt;/def-root&gt;</definition>
        <semType name="Sentient" ID="5"/>
    </FE>
    <FE bgColor="008000" fgColor="FFFFFF" coreType="Core" cBy="JKR" cDate="11/16/2005 05:39:57 PST Wed" abbrev="Add" name="Addressee" ID="9337">
        <definition>&lt;def-root&gt;The &lt;fen&gt;Addressee&lt;/fen&gt; receives a &lt;fen&gt;Message&lt;/fen&gt; from the &lt;fen&gt;Communicator&lt;/fen&gt;. 



&lt;ex&gt;According to Masztalics, a good teacher uses experiments to &lt;t&gt;get&lt;/t&gt; the point &lt;t&gt;across&lt;/t&gt;
&lt;fex name="Add"&gt;to the class&lt;/fex&gt;.&lt;/ex&gt;&lt;/def-root&gt;</definition>
        <semType name="Sentient" ID="5"/>
    </FE>
    <FE bgColor="800080" fgColor="FFFFFF" coreType="Core" cBy="JKR" cDate="11/16/2005 05:39:57 PST Wed" abbrev="Msg" name="Message" ID="9338">
        <definition>&lt;def-root&gt;&lt;fen&gt;Message&lt;/fen&gt; A proposition or set of propositions that the &lt;fen&gt;Communicator&lt;/fen&gt; wants the &lt;fen&gt;Addressee&lt;/fen&gt; to believe or take for granted. 


&lt;ex&gt;He tried to &lt;t&gt;get&lt;/t&gt; &lt;t&gt;through&lt;/t&gt; to his wife &lt;fex name="Msg"&gt;that the debt he's taken on buying stocks poses no risk&lt;/fex&gt;.&lt;/ex&gt;&lt;/def-root&gt;</definition>
        <semType name="Message" ID="56"/>
    </FE>
    <FE bgColor="9F79EE" fgColor="FFFFFF" coreType="Core" cBy="JKR" cDate="11/16/2005 05:39:58 PST Wed" abbrev="Medium" name="Medium" ID="9340">
        <definition>&lt;def-root&gt;The physical or abstract setting in which the &lt;fen&gt;Message&lt;/fen&gt; is conveyed. 

&lt;ex&gt;&lt;fex name="Medium"&gt;The article&lt;/fex&gt; &lt;t&gt;conveys&lt;/t&gt; Mr. Handley's disrespect for those who disagree with him.&lt;/ex&gt;&lt;/def-root&gt;</definition>
    </FE>
    <FE bgColor="9400D3" fgColor="FFFFFF" coreType="Extra-Thematic" cBy="JKR" cDate="11/16/2005 05:39:58 PST Wed" abbrev="Dep-Act" name="Depictive" ID="9342">
        <definition>&lt;def-root&gt;The &lt;fen&gt;Depictive&lt;/fen&gt; describes the state of the &lt;fen&gt;Communicator&lt;/fen&gt;.&lt;/def-root&gt;</definition>
    </FE>
    <FE bgColor="FF00FF" fgColor="FFFFFF" coreType="Peripheral" cBy="JKR" cDate="11/16/2005 05:39:58 PST Wed" abbrev="Manr" name="Manner" ID="9343">
        <definition>&lt;def-root&gt;The &lt;fen&gt;Manner&lt;/fen&gt; in which the &lt;fen&gt;Communicator&lt;/fen&gt; communicates.

&lt;ex&gt;Rais &lt;fex name="Manner"&gt;carefully&lt;/fex&gt; &lt;t&gt;conveys&lt;/t&gt; his own personal faith journey while respecting those who may have distinctly different views or experiences.&lt;/ex&gt;&lt;/def-root&gt;</definition>
        <semType name="Manner" ID="173"/>
    </FE>
    <FE bgColor="A52A2A" fgColor="FFFFFF" coreType="Peripheral" cBy="JKR" cDate="11/16/2005 05:39:58 PST Wed" abbrev="Mns" name="Means" ID="9344">
        <definition>&lt;def-root&gt;The &lt;fen&gt;Means&lt;/fen&gt; by which the &lt;fen&gt;Communicator&lt;/fen&gt; communicates.

&lt;ex&gt;She finally &lt;t&gt;got&lt;/t&gt; her point &lt;t&gt;across&lt;/t&gt; &lt;fex name="Mns"&gt;by miming a shark's fin with her hands over her head&lt;/fex&gt;. &lt;/ex&gt;&lt;/def-root&gt;</definition>
        <semType name="State_of_affairs" ID="177"/>
    </FE>
    <FE bgColor="1E90FF" fgColor="FFFFFF" coreType="Peripheral" cBy="JKR" cDate="11/16/2005 05:39:58 PST Wed" abbrev="" name="Time" ID="9345">
        <definition>&lt;def-root&gt;The time at which the communication takes place.

&lt;ex&gt;Greenspan &lt;t&gt;got&lt;/t&gt; his point &lt;t&gt;across&lt;/t&gt; &lt;fex name="Time"&gt;yesterday&lt;/fex&gt; that a measured pace of rate hikes is still the plan.&lt;/ex&gt;&lt;/def-root&gt;</definition>
        <semType name="Time" ID="141"/>
    </FE>
    <FE bgColor="FFA500" fgColor="FFFFFF" coreType="Peripheral" cBy="JKR" cDate="11/16/2005 06:20:32 PST Wed" abbrev="ade" name="Adequacy" ID="9347">
        <definition>&lt;def-root&gt;The degree to which the &lt;fen&gt;Communicator&lt;/fen&gt;'s efforts are effective at making the &lt;fen&gt;Addressee&lt;/fen&gt; understand and appreciate the &lt;fen&gt;Message&lt;/fen&gt;.

&lt;ex&gt;The ads &lt;fex name="ade"&gt;clearly&lt;/fex&gt; &lt;t&gt;got&lt;/t&gt; &lt;t&gt;across&lt;/t&gt; the need to respect the health of non-smokers.&lt;/ex&gt;&lt;/def-root&gt;</definition>
    </FE>
    <FEcoreSet>
        <memberFE name="Medium" ID="9340"/>
        <memberFE name="Communicator" ID="9336"/>
    </FEcoreSet>
    <frameRelation type="Inherits from"/>
    <frameRelation type="Is Inherited by"/>
    <frameRelation type="Perspective on"/>
    <frameRelation type="Is Perspectivized in"/>
    <frameRelation type="Uses">
        <relatedFrame ID="6">Communication</relatedFrame>
    </frameRelation>
    <frameRelation type="Is Used by"/>
    <frameRelation type="Subframe of"/>
    <frameRelation type="Has Subframe(s)"/>
    <frameRelation type="Precedes"/>
    <frameRelation type="Is Preceded by"/>
    <frameRelation type="Is Inchoative of"/>
    <frameRelation type="Is Causative of"/>
    <frameRelation type="See also"/>
    <lexUnit status="Finished_Initial" POS="V" name="convey.v" ID="12932" lemmaID="8210" cBy="JKR" cDate="11/16/2005 05:51:40 PST Wed">
        <definition>FN: successfully communicate (a message)</definition>
        <sentenceCount annotated="27" total="320"/>
        <lexeme order="1" headword="false" breakBefore="false" POS="V" name="convey"/>
    </lexUnit>
    <lexUnit status="Created" POS="V" name="get through.v" ID="12933" lemmaID="50290" cBy="JKR" cDate="11/16/2005 05:52:58 PST Wed">
        <definition>FN: succeed in communicating (a message) to someone.</definition>
        <sentenceCount annotated="0" total="0"/>
        <lexeme order="1" headword="true" breakBefore="false" POS="V" name="get"/>
        <lexeme order="2" headword="false" breakBefore="true" POS="ADV" name="through"/>
    </lexUnit>
    <lexUnit status="Created" POS="V" name="get across.v" ID="12934" lemmaID="50291" cBy="JKR" cDate="11/16/2005 05:53:55 PST Wed">
        <definition>COD: manage to communicate an idea clearly.</definition>
        <sentenceCount annotated="0" total="0"/>
        <lexeme order="1" headword="true" breakBefore="false" POS="V" name="get"/>
        <lexeme order="2" headword="false" breakBefore="true" POS="ADV" name="across"/>
    </lexUnit>
</frame>