<?xml version="1.0" encoding="UTF-8" standalone="yes"?>
<?xml-stylesheet type="text/xsl" href="frame.xsl"?>
<frame cBy="MJE" cDate="06/03/2002 06:16:06 PDT Mon" name="Sufficiency" ID="342" xsi:schemaLocation="../schema/frame.xsd" xmlns="http://framenet.icsi.berkeley.edu" xmlns:xsi="http://www.w3.org/2001/XMLSchema-instance">
    <definition>&lt;def-root&gt;An &lt;fen&gt;Item&lt;/fen&gt; is located on a &lt;fen&gt;Scale&lt;/fen&gt; relative to a critical value which is determined by some &lt;fen&gt;Enabled_situation&lt;/fen&gt;. Generally, when the &lt;fen&gt;Enabled_situation&lt;/fen&gt; is left unexpressed the &lt;fen&gt;Enabled_situation&lt;/fen&gt; is interpreted to be the desirability of the &lt;fen&gt;Item&lt;/fen&gt; being located within a particular range on the &lt;fen&gt;Scale&lt;/fen&gt;. With many of the adjectives of this frame, the &lt;fen&gt;Scale&lt;/fen&gt; is not explicitly mentioned; in such cases, the &lt;fen&gt;Scale&lt;/fen&gt; is usually the quantity, incorporated in the meaning of the targets themselves, though in the case of &lt;t&gt;adequacy&lt;/t&gt;, etc. the &lt;fen&gt;Scale&lt;/fen&gt; referred to is quality.

&lt;ex&gt;I probably have &lt;t&gt;enough&lt;/t&gt;. &lt;fex name="Item"&gt;DNI&lt;/fex&gt; &lt;fex name="Enabled_situation"&gt;DNI&lt;/fex&gt;&lt;/ex&gt;

&lt;ex&gt;&lt;fex name="Item"&gt;I&lt;/fex&gt; was &lt;fex name="Scale"&gt;mad&lt;/fex&gt; &lt;t&gt;enough&lt;/t&gt; &lt;fex name="Enabled_situation"&gt;to scream&lt;/fex&gt;.&lt;/ex&gt;

&lt;ex&gt;&lt;fex name="Item"&gt;I&lt;/fex&gt; was &lt;t&gt;too&lt;/t&gt; &lt;fex name="Scale"&gt;mad&lt;/fex&gt; &lt;fex name="Enabled_situation"&gt;to keep myself from screaming&lt;/fex&gt;.&lt;/ex&gt;

&lt;ex&gt;&lt;fex name="Item"&gt;I&lt;/fex&gt; was &lt;fex name="Degree"&gt;way&lt;/fex&gt; &lt;t&gt;too&lt;/t&gt; &lt;fex name="Scale"&gt;hot&lt;/fex&gt;. &lt;fex name="Enabled_situation"&gt;DNI&lt;/fex&gt;&lt;/ex&gt;

&lt;ex&gt;&lt;fex name="Item"&gt;The particles&lt;/fex&gt; are &lt;t&gt;sufficiently&lt;/t&gt; &lt;fex name="Scale"&gt;small&lt;/fex&gt; in diameter &lt;fex name="Enabled_situation"&gt;that they may be considered points&lt;/fex&gt;.&lt;/ex&gt;&lt;/def-root&gt;</definition>
    <FE bgColor="9400D3" fgColor="FFFFFF" coreType="Core" cBy="MJE" cDate="06/03/2002 06:34:15 PDT Mon" abbrev="Item" name="Item" ID="2933">
        <definition>&lt;def-root&gt;The entity whose scalar property is specified.&lt;ex&gt;&lt;fex name="Item"&gt;The light&lt;/fex&gt; is probably bright &lt;t&gt;enough&lt;/t&gt;.&lt;/ex&gt;&lt;ex&gt;I have &lt;t&gt;sufficient&lt;/t&gt; &lt;fex name="Item"&gt;paper&lt;/fex&gt; for the purpose.&lt;/ex&gt;&lt;/def-root&gt;</definition>
    </FE>
    <FE bgColor="808080" fgColor="FFFFFF" coreType="Core" cBy="MJE" cDate="06/03/2002 06:34:21 PDT Mon" abbrev="Scale" name="Scale" ID="2934">
        <definition>&lt;def-root&gt;The &lt;fen&gt;Scale&lt;/fen&gt; is the attribute of the &lt;fen&gt;Item&lt;/fen&gt; that is being described.&lt;ex&gt;It was &lt;fex name="Scale"&gt;hot&lt;/fex&gt; &lt;t&gt;enough&lt;/t&gt; to ignite the iron.&lt;/ex&gt;&lt;ex&gt;The workforce is &lt;t&gt;sufficient&lt;/t&gt; &lt;fex name="Scale"&gt;in number and proficiency&lt;/fex&gt; to finish the building in minimum time.&lt;/ex&gt;&lt;/def-root &gt;</definition>
    </FE>
    <FE bgColor="9F79EE" fgColor="FFFFFF" coreType="Core" cBy="MJE" cDate="06/03/2002 06:44:42 PDT Mon" abbrev="Std" name="Enabled_situation" ID="2936">
        <definition>&lt;def-root&gt;This FE identifies the &lt;fen&gt;Enabled_situation&lt;/fen&gt; by which the critical value is judged.
&lt;ex&gt;Can He make a rock &lt;t&gt;too&lt;/t&gt; heavy &lt;fex name="Enabled_situation"&gt;for Him to lift&lt;/fex&gt;?&lt;/ex&gt;
&lt;ex&gt;There's almost &lt;t&gt;enough&lt;/t&gt; &lt;fex name="Enabled_situation"&gt;for thirty people&lt;/fex&gt;.&lt;/ex&gt;
&lt;ex&gt;That information &lt;t&gt;sufficed&lt;/t&gt; &lt;fex name="Enabled_situation"&gt;to convince me&lt;/fex&gt;.&lt;/ex&gt;
&lt;ex&gt;Finding a parking spot is &lt;t&gt;sufficiently&lt;/t&gt; difficult &lt;fex name="Enabled_situation"&gt;that you'd do better to walk&lt;/fex&gt;.&lt;/ex&gt;
&lt;ex&gt;This legislation was &lt;t&gt;inadequate&lt;/t&gt; &lt;fex name="Enabled_situation"&gt;in that it allowed many obvious delinquents to escape prosecution&lt;/fex&gt;.&lt;/ex&gt;&lt;/def-root&gt;</definition>
    </FE>
    <FE bgColor="FF69B4" fgColor="FFFFFF" coreType="Peripheral" cBy="MJE" cDate="06/03/2002 07:07:09 PDT Mon" abbrev="Degr" name="Degree" ID="2937">
        <definition>&lt;def-root&gt;The &lt;fen&gt;Degree&lt;/fen&gt; frame element indicates a modification of the value indicated by the target.&lt;ex&gt;The spell was &lt;fex name="Degree"&gt;almost&lt;/fex&gt; powerful &lt;t&gt;enough&lt;/t&gt; to destroy the demonic pumpkin.&lt;/ex&gt;&lt;/def-root&gt;</definition>
        <semType name="Degree" ID="172"/>
    </FE>
    <FE bgColor="FF0000" fgColor="FFFFFF" coreType="Extra-Thematic" cBy="KmG" cDate="11/27/2006 04:05:13 PST Mon" abbrev="" name="Circumstances" ID="10856">
        <definition>&lt;def-root&gt;Circumstances describe the state of the world (at a particular time and place) which is specifically independent of the event itself and any of its participants. &lt;/def-root&gt;</definition>
    </FE>
    <frameRelation type="Inherits from">
        <relatedFrame ID="95">Position_on_a_scale</relatedFrame>
    </frameRelation>
    <frameRelation type="Is Inherited by"/>
    <frameRelation type="Perspective on"/>
    <frameRelation type="Is Perspectivized in"/>
    <frameRelation type="Uses">
        <relatedFrame ID="990">Capability</relatedFrame>
    </frameRelation>
    <frameRelation type="Is Used by">
        <relatedFrame ID="2235">Meet_specifications</relatedFrame>
    </frameRelation>
    <frameRelation type="Subframe of"/>
    <frameRelation type="Has Subframe(s)"/>
    <frameRelation type="Precedes"/>
    <frameRelation type="Is Preceded by"/>
    <frameRelation type="Is Inchoative of"/>
    <frameRelation type="Is Causative of"/>
    <frameRelation type="See also"/>
    <lexUnit status="Created" POS="N" name="enough.n" ID="5980" lemmaID="12811" cBy="MJE" cDate="06/04/2002 08:08:35 PDT Tue">
        <definition>FN: the necessary quantity of an item</definition>
        <sentenceCount annotated="1" total="1"/>
        <lexeme order="1" headword="false" breakBefore="false" POS="N" name="enough"/>
    </lexUnit>
    <lexUnit status="Created" POS="ADV" name="enough.adv" ID="5981" lemmaID="12810" cBy="MJE" cDate="06/04/2002 08:09:16 PDT Tue">
        <definition>COD: to the required degree or extent. </definition>
        <sentenceCount annotated="7" total="8"/>
        <lexeme order="1" headword="false" breakBefore="false" POS="ADV" name="enough"/>
    </lexUnit>
    <lexUnit status="Finished_Initial" POS="A" name="enough.a" ID="5982" lemmaID="45719" cBy="MJE" cDate="06/04/2002 08:12:21 PDT Tue">
        <definition>COD: as much or as many as is necessary or desirable</definition>
        <sentenceCount annotated="51" total="398"/>
        <lexeme order="1" headword="false" breakBefore="false" POS="A" name="enough"/>
    </lexUnit>
    <lexUnit status="Finished_Initial" POS="V" name="suffice.v" ID="5983" lemmaID="38688" cBy="MJE" cDate="06/04/2002 08:12:49 PDT Tue">
        <definition>COD: be enough or adequate. </definition>
        <sentenceCount annotated="30" total="154"/>
        <lexeme order="1" headword="false" breakBefore="false" POS="V" name="suffice"/>
    </lexUnit>
    <lexUnit status="Finished_Initial" POS="A" name="sufficient.a" ID="5984" lemmaID="38690" cBy="MJE" cDate="06/04/2002 08:13:03 PDT Tue">
        <definition>COD: enough; adequate.</definition>
        <sentenceCount annotated="68" total="335"/>
        <lexeme order="1" headword="false" breakBefore="false" POS="A" name="sufficient"/>
    </lexUnit>
    <lexUnit status="Created" POS="ADV" name="sufficiently.adv" ID="5985" lemmaID="38691" cBy="MJE" cDate="06/04/2002 08:13:29 PDT Tue">
        <definition>FN: adequately; with enough to meet the needs of</definition>
        <sentenceCount annotated="0" total="0"/>
        <lexeme order="1" headword="false" breakBefore="false" POS="ADV" name="sufficiently"/>
    </lexUnit>
    <lexUnit status="Finished_Initial" POS="A" name="insufficient.a" ID="5986" lemmaID="20210" cBy="MJE" cDate="06/04/2002 08:16:26 PDT Tue">
        <definition>COD: not enough. </definition>
        <sentenceCount annotated="39" total="223"/>
        <lexeme order="1" headword="false" breakBefore="false" POS="A" name="insufficient"/>
        <semType name="Negative" ID="99"/>
    </lexUnit>
    <lexUnit status="Created" POS="ADV" name="insufficiently.adv" ID="5987" lemmaID="20211" cBy="MJE" cDate="06/04/2002 08:17:48 PDT Tue">
        <definition>FN: without adequate power, capacity, or competence</definition>
        <sentenceCount annotated="0" total="0"/>
        <lexeme order="1" headword="false" breakBefore="false" POS="ADV" name="insufficiently"/>
        <semType name="Negative" ID="99"/>
    </lexUnit>
    <lexUnit status="Finished_Initial" POS="A" name="adequate.a" ID="5988" lemmaID="480" cBy="MJE" cDate="06/04/2002 08:18:53 PDT Tue">
        <definition>COD: satisfactory or acceptable. </definition>
        <sentenceCount annotated="43" total="282"/>
        <lexeme order="1" headword="false" breakBefore="false" POS="A" name="adequate"/>
    </lexUnit>
    <lexUnit status="Created" POS="ADV" name="adequately.adv" ID="5989" lemmaID="481" cBy="MJE" cDate="06/04/2002 08:19:08 PDT Tue">
        <definition>FN: satisfactorily or acceptably</definition>
        <sentenceCount annotated="0" total="0"/>
        <lexeme order="1" headword="false" breakBefore="false" POS="ADV" name="adequately"/>
    </lexUnit>
    <lexUnit status="Finished_Initial" POS="N" name="insufficiency.n" ID="5990" lemmaID="20209" cBy="MJE" cDate="06/04/2002 08:19:39 PDT Tue">
        <definition>COD: the condition of being insufficient. </definition>
        <sentenceCount annotated="8" total="46"/>
        <lexeme order="1" headword="false" breakBefore="false" POS="N" name="insufficiency"/>
        <semType name="Negative" ID="99"/>
    </lexUnit>
    <lexUnit status="Finished_Initial" POS="N" name="adequacy.n" ID="5991" lemmaID="479" cBy="MJE" cDate="06/04/2002 08:20:09 PDT Tue">
        <definition>FN: the quality of being just satisfactory or adequate</definition>
        <sentenceCount annotated="19" total="106"/>
        <lexeme order="1" headword="false" breakBefore="false" POS="N" name="adequacy"/>
    </lexUnit>
    <lexUnit status="Finished_Initial" POS="N" name="inadequacy.n" ID="5992" lemmaID="19312" cBy="MJE" cDate="06/04/2002 08:20:25 PDT Tue">
        <definition>FN: a lack of the quality or quantity required; insufficiency</definition>
        <sentenceCount annotated="31" total="169"/>
        <lexeme order="1" headword="false" breakBefore="false" POS="N" name="inadequacy"/>
        <semType name="Negative" ID="99"/>
    </lexUnit>
    <lexUnit status="Finished_Initial" POS="A" name="inadequate.a" ID="5993" lemmaID="19313" cBy="MJE" cDate="06/04/2002 08:20:53 PDT Tue">
        <definition>COD: lacking the quality or quantity required; insufficient for a purpose. </definition>
        <sentenceCount annotated="58" total="289"/>
        <lexeme order="1" headword="false" breakBefore="false" POS="A" name="inadequate"/>
        <semType name="Negative" ID="99"/>
    </lexUnit>
    <lexUnit status="Created" POS="ADV" name="inadequately.adv" ID="5994" lemmaID="19314" cBy="MJE" cDate="06/04/2002 08:21:05 PDT Tue">
        <definition>FN: with a lack of the quality or quantity required; insufficienly for a purpose</definition>
        <sentenceCount annotated="0" total="0"/>
        <lexeme order="1" headword="false" breakBefore="false" POS="ADV" name="inadequately"/>
        <semType name="Negative" ID="99"/>
    </lexUnit>
    <lexUnit status="Finished_Initial" POS="N" name="plenty.n" ID="5995" lemmaID="29383" cBy="MJE" cDate="06/04/2002 08:24:39 PDT Tue">
        <definition>COD: a large or sufficient amount or quantity; more than enough. </definition>
        <sentenceCount annotated="23" total="222"/>
        <lexeme order="1" headword="false" breakBefore="false" POS="N" name="plenty"/>
    </lexUnit>
    <lexUnit status="Created" POS="ADV" name="plenty.adv" ID="6041" lemmaID="29384" cBy="MJE" cDate="06/07/2002 02:56:22 PDT Fri">
        <definition>COD: fully; sufficiently. </definition>
        <sentenceCount annotated="0" total="0"/>
        <lexeme order="1" headword="false" breakBefore="false" POS="ADV" name="plenty"/>
    </lexUnit>
    <lexUnit status="Created" POS="A" name="plenty.a" ID="6042" lemmaID="45729" cBy="MJE" cDate="06/07/2002 02:56:57 PDT Fri">
        <definition>FN: more than adequate amount or supply</definition>
        <sentenceCount annotated="0" total="0"/>
        <lexeme order="1" headword="false" breakBefore="false" POS="A" name="plenty"/>
    </lexUnit>
    <lexUnit status="Finished_Initial" POS="A" name="ample.a" ID="6044" lemmaID="1287" cBy="MJE" cDate="06/07/2002 04:13:12 PDT Fri">
        <definition>COD: enough or more than enough; plentiful. </definition>
        <sentenceCount annotated="31" total="169"/>
        <lexeme order="1" headword="false" breakBefore="false" POS="A" name="ample"/>
    </lexUnit>
    <lexUnit status="Created" POS="ADV" name="too.adv" ID="11203" lemmaID="40693" cBy="RLG" cDate="11/18/2004 11:26:57 PST Thu">
        <definition>COD: to a higher degree than is desirable, permissible, or possible.</definition>
        <sentenceCount annotated="6" total="6"/>
        <lexeme order="1" headword="false" breakBefore="false" POS="ADV" name="too"/>
        <semType name="Negative" ID="99"/>
    </lexUnit>
    <lexUnit status="Created" POS="ADV" name="so.adv" ID="13103" lemmaID="36737" cBy="MJE" cDate="01/25/2006 06:11:34 PST Wed">
        <definition>COD: to such a great extent.</definition>
        <sentenceCount annotated="1" total="1"/>
        <lexeme order="1" headword="false" breakBefore="false" POS="ADV" name="so"/>
    </lexUnit>
    <lexUnit status="Created" POS="V" name="serve.v" ID="17141" lemmaID="35196" cBy="PKe" cDate="06/14/2012 05:31:21 PDT Thu">
        <definition>FN: To adequately facilitate a salient situation.</definition>
        <sentenceCount annotated="0" total="0"/>
        <lexeme order="1" headword="false" breakBefore="false" POS="V" name="serve"/>
    </lexUnit>
</frame>