<?xml version="1.0" encoding="UTF-8" standalone="yes"?>
<?xml-stylesheet type="text/xsl" href="frame.xsl"?>
<frame cBy="RLG" cDate="09/19/2006 01:17:13 PDT Tue" name="Surviving" ID="1792" xsi:schemaLocation="../schema/frame.xsd" xmlns="http://framenet.icsi.berkeley.edu" xmlns:xsi="http://www.w3.org/2001/XMLSchema-instance">
    <definition>&lt;def-root&gt;A &lt;fen&gt;Survivor&lt;/fen&gt; manages to avoid being negatively affected, despite encountering a &lt;fen&gt;Dangerous_situation&lt;/fen&gt;. The negative effect is most often death, destruction, or a metaphorical construal of one of these.

&lt;ex&gt;Wilderness Survival: Could &lt;fex name="sur"&gt;You&lt;/fex&gt; &lt;t&gt;Survive&lt;/t&gt; &lt;fex name="dan"&gt;the Wild&lt;/fex&gt;?&lt;/ex&gt;

&lt;ex&gt;&lt;fex name="sur"&gt;More than 400 of the 600 residents&lt;/fex&gt; &lt;t&gt;rode&lt;/t&gt; &lt;t&gt;out&lt;/t&gt; &lt;fex name="dan"&gt;the hurricane&lt;/fex&gt; &lt;fex name="Place"&gt;in Gulfport's 11-story high-rise beachfront facility&lt;/fex&gt;.&lt;/ex&gt;&lt;/def-root&gt;</definition>
    <FE bgColor="FF0000" fgColor="FFFFFF" coreType="Core" cBy="RLG" cDate="09/19/2006 01:24:02 PDT Tue" abbrev="sur" name="Survivor" ID="10621">
        <definition>&lt;def-root&gt;The &lt;fen&gt;Survivor&lt;/fen&gt; lives through a &lt;fen&gt;Dangerous_situation&lt;/fen&gt;.&lt;/def-root&gt;</definition>
    </FE>
    <FE bgColor="0000FF" fgColor="FFFFFF" coreType="Core" cBy="RLG" cDate="09/19/2006 01:24:34 PDT Tue" abbrev="dan" name="Dangerous_situation" ID="10622">
        <definition>&lt;def-root&gt;The &lt;fen&gt;Dangerous_situation&lt;/fen&gt; is one in which people are likely or expected to be negatively affected.&lt;/def-root&gt;</definition>
    </FE>
    <FE bgColor="008000" fgColor="FFFFFF" coreType="Peripheral" cBy="RLG" cDate="09/19/2006 02:04:04 PDT Tue" abbrev="pla" name="Place" ID="10623">
        <definition>&lt;def-root&gt;The location where the &lt;fen&gt;Survivor&lt;/fen&gt; (primarily) lives during the &lt;fen&gt;Dangerous_situation&lt;/fen&gt;.&lt;/def-root&gt;</definition>
        <semType name="Locative_relation" ID="182"/>
    </FE>
    <FE bgColor="FFA500" fgColor="FFFFFF" coreType="Peripheral" cBy="RLG" cDate="09/21/2006 02:29:11 PDT Thu" abbrev="tim" name="Time" ID="10625">
        <definition>&lt;def-root&gt;The time at which the surviving takes place.

&lt;ex&gt;&lt;fex name="tim"&gt;Last year&lt;/fex&gt;, Florida residents &lt;t&gt;survived&lt;/t&gt; the devastating triple punch of Hurricanes Frances, Ivan and Jeanne,&lt;/ex&gt;&lt;/def-root&gt;</definition>
    </FE>
    <FE bgColor="A52A2A" fgColor="FFFFFF" coreType="Peripheral" cBy="RLG" cDate="09/21/2006 02:31:46 PDT Thu" abbrev="mea" name="Means" ID="10626">
        <definition>&lt;def-root&gt;An action performed by the &lt;fen&gt;Survivor&lt;/fen&gt; that enables them to live throug hthe &lt;fen&gt;Dangerous_situation&lt;/fen&gt;.

&lt;ex&gt;They &lt;t&gt;survived&lt;/t&gt; the devastation &lt;fex name="mea"&gt;by using age-old early warning systems&lt;/fex&gt;.&lt;/ex&gt;&lt;/def-root&gt;</definition>
    </FE>
    <FE bgColor="FF69B4" fgColor="FFFFFF" coreType="Peripheral" cBy="RLG" cDate="09/21/2006 02:38:50 PDT Thu" abbrev="deg" name="Degree" ID="10627">
        <definition>&lt;def-root&gt;This FE identifies the &lt;fen&gt;Degree&lt;/fen&gt; to which the &lt;fen&gt;Survivor&lt;/fen&gt; survives.

&lt;ex&gt;Growing up in a rough section of the Bronx, New York, Bobby &lt;fex name="deg"&gt;barely&lt;/fex&gt; &lt;t&gt;survived&lt;/t&gt; several serious bouts of rheumatic fever that left him with a damaged heart.&lt;/ex&gt;&lt;/def-root&gt;</definition>
    </FE>
    <FE bgColor="800080" fgColor="FFFFFF" coreType="Peripheral" cBy="AlK" cDate="08/11/2010 04:00:54 PDT Wed" abbrev="" name="Depictive" ID="14151">
        <definition>&lt;def-root&gt;Depictive is a description of the Survivor, during or after the Dangerous_situation.

&lt;ex&gt;He &lt;t&gt;survived&lt;/t&gt; the crash &lt;fex name="Depictive"&gt;with minor injuries&lt;/fex&gt;.&lt;/ex&gt;&lt;/def-root&gt;</definition>
    </FE>
    <frameRelation type="Inherits from">
        <relatedFrame ID="1388">Success_or_failure</relatedFrame>
    </frameRelation>
    <frameRelation type="Is Inherited by"/>
    <frameRelation type="Perspective on"/>
    <frameRelation type="Is Perspectivized in"/>
    <frameRelation type="Uses">
        <relatedFrame ID="590">Killing</relatedFrame>
    </frameRelation>
    <frameRelation type="Is Used by"/>
    <frameRelation type="Subframe of"/>
    <frameRelation type="Has Subframe(s)"/>
    <frameRelation type="Precedes"/>
    <frameRelation type="Is Preceded by"/>
    <frameRelation type="Is Inchoative of"/>
    <frameRelation type="Is Causative of"/>
    <frameRelation type="See also"/>
    <lexUnit status="Finished_Initial" POS="V" name="survive.v" ID="13571" lemmaID="39026" cBy="RLG" cDate="09/19/2006 01:25:37 PDT Tue">
        <definition>COD: continue to live or exist in spite of (an accident or ordeal).</definition>
        <sentenceCount annotated="21" total="269"/>
        <lexeme order="1" headword="false" breakBefore="false" POS="V" name="survive"/>
    </lexUnit>
    <lexUnit status="Created" POS="V" name="ride out.v" ID="13572" lemmaID="50448" cBy="RLG" cDate="09/19/2006 01:26:01 PDT Tue">
        <definition>COD: come safely through something.</definition>
        <sentenceCount annotated="1" total="1"/>
        <lexeme order="1" headword="true" breakBefore="false" POS="V" name="ride"/>
        <lexeme order="2" headword="false" breakBefore="true" POS="ADV" name="out"/>
    </lexUnit>
    <lexUnit status="Created" POS="V" name="weather.v" ID="13594" lemmaID="43643" cBy="RLG" cDate="10/02/2006 11:05:13 PDT Mon">
        <definition>COD: come safely through.</definition>
        <sentenceCount annotated="0" total="0"/>
        <lexeme order="1" headword="false" breakBefore="false" POS="V" name="weather"/>
    </lexUnit>
    <lexUnit status="Created" POS="N" name="survival.n" ID="14587" lemmaID="39025" cBy="KmG" cDate="10/26/2007 11:38:00 PDT Fri">
        <definition>FN: the state of being alive or existing</definition>
        <sentenceCount annotated="1" total="1"/>
        <lexeme order="1" headword="false" breakBefore="false" POS="N" name="survival"/>
    </lexUnit>
    <lexUnit status="Created" POS="V" name="live [through].v" ID="16351" lemmaID="22551" cBy="AlK" cDate="06/02/2011 10:27:52 PDT Thu">
        <definition>FN: continue to live after a traumatic situation with minimal change</definition>
        <sentenceCount annotated="1" total="1"/>
        <lexeme order="1" headword="false" breakBefore="false" POS="V" name="live"/>
    </lexUnit>
</frame>