<?xml version="1.0" encoding="UTF-8" standalone="yes"?>
<?xml-stylesheet type="text/xsl" href="frame.xsl"?>
<frame cBy="MLC" cDate="10/18/2010 04:10:35 PDT Mon" name="System_complexity" ID="2434" xsi:schemaLocation="../schema/frame.xsd" xmlns="http://framenet.icsi.berkeley.edu" xmlns:xsi="http://www.w3.org/2001/XMLSchema-instance">
    <definition>&lt;def-root&gt;A &lt;fen&gt;System&lt;/fen&gt; is perceived as complex depending on the intricacy of the interconnectivty of its parts or components. These individual parts or components do not function as frame elements in this frame, even though they are implied by its definition. A &lt;fen&gt;Dimension&lt;/fen&gt; may also be defined which situates the System within a certain domain. 
&lt;ex&gt;&lt;/ex&gt;
&lt;ex&gt;San Diego freeways are a &lt;t&gt;complex&lt;/t&gt; &lt;fex name="System"&gt;array of poorly maintained roads&lt;/fex&gt;.&lt;/ex&gt;
&lt;ex&gt; &lt;fex name="System"&gt;Childrens' toys&lt;/fex&gt; &lt;ment&gt;are&lt;/ment&gt; &lt;t&gt;simple&lt;/t&gt; to assemble.&lt;/ex&gt;
&lt;ex&gt;&lt;fex name="System"&gt;The hierarchy&lt;/fex&gt; &lt;ment&gt;is&lt;/ment&gt; &lt;t&gt;complex&lt;/t&gt;&lt;fex name="Dimension"&gt;in structure&lt;/fex&gt;.&lt;/ex&gt;
&lt;ex&gt;The newly-discovered humanoid spoke a &lt;fex name="Dimension"&gt;syntactically&lt;/fex&gt; &lt;t&gt;complex&lt;/t&gt; &lt;fex name="System"&gt;language&lt;/fex&gt;.&lt;/ex&gt;&lt;/def-root&gt;</definition>
    <FE bgColor="FF0000" fgColor="FFFFFF" coreType="Core" cBy="MLC" cDate="10/18/2010 04:11:58 PDT Mon" abbrev="" name="System" ID="14250">
        <definition>&lt;def-root&gt;The complete entity or system whose complexity is under consideration. &lt;/def-root&gt;</definition>
    </FE>
    <FE bgColor="FF00FF" fgColor="FFFFFF" coreType="Peripheral" cBy="MLC" cDate="10/18/2010 04:42:10 PDT Mon" abbrev="" name="Degree" ID="14251">
        <definition>&lt;def-root&gt;The &lt;fen&gt;Dimension&lt;/fen&gt; provides domain specific information about the &lt;fen&gt;System&lt;/fen&gt;. &lt;/def-root&gt;</definition>
    </FE>
    <FE bgColor="0000FF" fgColor="FFFFFF" coreType="Peripheral" cBy="MLC" cDate="10/19/2010 12:41:08 PDT Tue" abbrev="dim" name="Dimension" ID="14253">
        <definition>&lt;def-root&gt;This frame element situates the System within a certain domain. &lt;/def-root&gt;</definition>
    </FE>
    <frameRelation type="Inherits from">
        <relatedFrame ID="1015">Gradable_attributes</relatedFrame>
    </frameRelation>
    <frameRelation type="Is Inherited by"/>
    <frameRelation type="Perspective on"/>
    <frameRelation type="Is Perspectivized in"/>
    <frameRelation type="Uses"/>
    <frameRelation type="Is Used by"/>
    <frameRelation type="Subframe of"/>
    <frameRelation type="Has Subframe(s)"/>
    <frameRelation type="Precedes"/>
    <frameRelation type="Is Preceded by"/>
    <frameRelation type="Is Inchoative of"/>
    <frameRelation type="Is Causative of"/>
    <frameRelation type="See also"/>
    <lexUnit status="Created" POS="A" name="complex.a" ID="16130" lemmaID="7499" cBy="MLC" cDate="10/20/2010 03:59:08 PDT Wed">
        <definition>FN: a highly intricate arrangement of the subparts or units of a larger entity</definition>
        <sentenceCount annotated="1" total="1"/>
        <lexeme order="1" headword="false" breakBefore="false" POS="A" name="complex"/>
    </lexUnit>
    <lexUnit status="Created" POS="A" name="simple.a" ID="16131" lemmaID="35949" cBy="MLC" cDate="10/20/2010 04:00:43 PDT Wed">
        <definition>FN: a minimally intricate arrangement of the subparts or units within an entity or system. </definition>
        <sentenceCount annotated="0" total="0"/>
        <lexeme order="1" headword="false" breakBefore="false" POS="A" name="simple"/>
        <semType name="Negative" ID="99"/>
    </lexUnit>
    <lexUnit status="Created" POS="A" name="byzantine.a" ID="16132" lemmaID="51250" cBy="MLC" cDate="10/20/2010 04:01:30 PDT Wed">
        <definition>FN: an overly intricate arrangement or plan. </definition>
        <sentenceCount annotated="12" total="12"/>
        <lexeme order="1" headword="true" breakBefore="false" POS="A" name="byzantine"/>
    </lexUnit>
</frame>