<?xml version="1.0" encoding="UTF-8" standalone="yes"?>
<?xml-stylesheet type="text/xsl" href="frame.xsl"?>
<frame cBy="JKR" cDate="02/18/2004 04:26:44 PST Wed" name="Taking_time" ID="967" xsi:schemaLocation="../schema/frame.xsd" xmlns="http://framenet.icsi.berkeley.edu" xmlns:xsi="http://www.w3.org/2001/XMLSchema-instance">
    <definition>&lt;def-root&gt;An &lt;fen&gt;Activity&lt;/fen&gt; takes some &lt;fen&gt;Time_length&lt;/fen&gt; to complete.  If an &lt;fen&gt;Agent&lt;/fen&gt; is involved they may stand in metonymically for the &lt;fen&gt;Activity&lt;/fen&gt;. For some LUs (e.g., &lt;ment&gt;fast&lt;/ment&gt;, &lt;ment&gt;speedy&lt;/ment&gt;) the &lt;fen&gt;Degree&lt;/fen&gt; to which the &lt;fen&gt;Activity&lt;/fen&gt; is conceived of as taking less time than usual can be expressed.

&lt;ex&gt;&lt;fex name="Time_length"&gt;How long&lt;/fex&gt; will &lt;fex name="Activity"&gt;this&lt;/fex&gt; &lt;t&gt;take&lt;/t&gt;?&lt;/ex&gt;

&lt;ex&gt;&lt;fex name="Activity"&gt;The ride&lt;/fex&gt; &lt;m&gt;was&lt;/m&gt; &lt;t&gt;speedy&lt;/t&gt; and often bumpy.&lt;/ex&gt;

&lt;ex&gt;Under high-pressure situations, &lt;fex name="Agent"&gt;police officers&lt;/fex&gt; &lt;m&gt;are&lt;/m&gt; &lt;fex name="Degree"&gt;very&lt;/fex&gt; &lt;t&gt;fast&lt;/t&gt; &lt;fex name="Activity"&gt;at reacting to danger&lt;/fex&gt;.&lt;/ex&gt;&lt;/def-root&gt;</definition>
    <FE bgColor="800080" fgColor="FFFFFF" coreType="Core" cBy="JKR" cDate="02/18/2004 04:26:44 PST Wed" abbrev="" name="Activity" ID="5908">
        <definition>&lt;def-root&gt;The event which requires some &lt;fen&gt;Time_length&lt;/fen&gt; for completion.

&lt;ex&gt;Mona had a &lt;t&gt;speedy&lt;/t&gt; &lt;fex name="Activity"&gt;recovery&lt;/fex&gt;.&lt;/ex&gt;

&lt;/def-root&gt;</definition>
    </FE>
    <FE bgColor="1E90FF" fgColor="FFFFFF" coreType="Peripheral" cBy="JKR" cDate="02/18/2004 04:26:44 PST Wed" abbrev="att" name="Attribute" ID="5909">
        <definition>&lt;def-root&gt;The durational feature of the &lt;fen&gt;Activity&lt;/fen&gt;.

&lt;ex&gt;&lt;fex name="att"&gt;In actual experiential time&lt;/fex&gt;, sorting the beads &lt;t&gt;takes&lt;/t&gt; an extremely long time.&lt;/ex&gt;&lt;/def-root&gt;</definition>
    </FE>
    <FE bgColor="008000" fgColor="FFFFFF" coreType="Core" cBy="JKR" cDate="02/18/2004 04:26:44 PST Wed" abbrev="" name="Time_length" ID="5910">
        <definition>&lt;def-root&gt;The amount of time required for the &lt;fen&gt;Activity&lt;/fen&gt;.

&lt;ex&gt;It'll only &lt;t&gt;take&lt;/t&gt; &lt;fex name="Time_length"&gt;20 seconds&lt;/fex&gt;.&lt;/ex&gt;&lt;/def-root&gt;</definition>
    </FE>
    <FE bgColor="FF00FF" fgColor="FFFFFF" coreType="Core" cBy="JKR" cDate="02/18/2004 04:26:44 PST Wed" abbrev="" name="Degree" ID="5911">
        <definition>&lt;def-root&gt;A modifier expressing  the deviation of the &lt;fen&gt;Time_length&lt;/fen&gt; from the norm.&lt;/def-root&gt;</definition>
        <semType name="Degree" ID="172"/>
        <excludesFE name="Time_length" ID="5910"/>
    </FE>
    <FE bgColor="FFA500" fgColor="FFFFFF" coreType="Peripheral" cBy="JKR" cDate="02/18/2004 04:26:44 PST Wed" abbrev="" name="Time" ID="5912">
        <definition>&lt;def-root&gt;The &lt;fen&gt;Time&lt;/fen&gt; at which the &lt;fen&gt;Activity&lt;/fen&gt; takes place.

&lt;ex&gt;That &lt;t&gt;took&lt;/t&gt; an hour  &lt;fex name="Time"&gt;last week&lt;/fex&gt;.&lt;/ex&gt;&lt;/def-root&gt;</definition>
        <semType name="Time" ID="141"/>
    </FE>
    <FE bgColor="A52A2A" fgColor="FFFFFF" coreType="Extra-Thematic" cBy="JKR" cDate="02/18/2004 04:26:44 PST Wed" abbrev="cir" name="Circumstances" ID="5913">
        <definition>&lt;def-root&gt;Some specification of the &lt;fen&gt;Circumstances&lt;/fen&gt; under which the &lt;fen&gt;Activity&lt;/fen&gt; takes a particular amount of time.

&lt;ex&gt;&lt;fex name="Circumstances"&gt;In the rain&lt;/fex&gt;, biking to work &lt;t&gt;takes&lt;/t&gt; me a lot longer&lt;/ex&gt;&lt;/def-root&gt;</definition>
    </FE>
    <FE bgColor="FF0000" fgColor="FFFFFF" coreType="Core" cBy="JKR" cDate="02/18/2004 04:50:38 PST Wed" abbrev="" name="Agent" ID="5914">
        <definition>&lt;def-root&gt;The individual who performs the &lt;fen&gt;Activity&lt;/fen&gt;.&lt;/def-root&gt;</definition>
        <semType name="Sentient" ID="5"/>
    </FE>
    <FE bgColor="0000FF" fgColor="FFFFFF" coreType="Extra-Thematic" cBy="AnW" cDate="08/19/2009 02:10:19 PDT Wed" abbrev="" name="Duration" ID="13423">
        <definition>&lt;def-root&gt;Duration is the length of time from the beginning of the &lt;fen&gt;Activity&lt;/fen&gt; to its end.&lt;/def-root&gt;</definition>
    </FE>
    <FEcoreSet>
        <memberFE name="Agent" ID="5914"/>
        <memberFE name="Activity" ID="5908"/>
    </FEcoreSet>
    <frameRelation type="Inherits from">
        <relatedFrame ID="1015">Gradable_attributes</relatedFrame>
    </frameRelation>
    <frameRelation type="Is Inherited by"/>
    <frameRelation type="Perspective on"/>
    <frameRelation type="Is Perspectivized in"/>
    <frameRelation type="Uses">
        <relatedFrame ID="79">Duration_description</relatedFrame>
        <relatedFrame ID="1157">Being_necessary</relatedFrame>
    </frameRelation>
    <frameRelation type="Is Used by"/>
    <frameRelation type="Subframe of"/>
    <frameRelation type="Has Subframe(s)"/>
    <frameRelation type="Precedes"/>
    <frameRelation type="Is Preceded by"/>
    <frameRelation type="Is Inchoative of"/>
    <frameRelation type="Is Causative of"/>
    <frameRelation type="See also"/>
    <lexUnit status="Add_Annotation" incorporatedFE="Attribute" POS="V" name="take.v" ID="10042" lemmaID="39414" cBy="JKR" cDate="02/18/2004 04:56:31 PST Wed">
        <definition>COD: require or use up (a specified amount of time)</definition>
        <sentenceCount annotated="19" total="189"/>
        <lexeme order="1" headword="false" breakBefore="false" POS="V" name="take"/>
    </lexUnit>
    <lexUnit status="Created" incorporatedFE="Attribute" POS="PREP" name="in.prep" ID="10043" lemmaID="19298" cBy="JKR" cDate="02/18/2004 04:58:09 PST Wed">
        <definition>FN: expressing the length of time it takes for an event to complete</definition>
        <sentenceCount annotated="4" total="5"/>
        <lexeme order="1" headword="false" breakBefore="false" POS="PREP" name="in"/>
    </lexUnit>
    <lexUnit status="Created" POS="A" name="fast.a" ID="10044" lemmaID="13990" cBy="JKR" cDate="02/18/2004 05:00:17 PST Wed">
        <definition>COD: taking place or acting rapidly</definition>
        <sentenceCount annotated="0" total="0"/>
        <lexeme order="1" headword="false" breakBefore="false" POS="A" name="fast"/>
    </lexUnit>
    <lexUnit status="Created" incorporatedFE="Attribute" POS="A" name="quick.a" ID="10045" lemmaID="31503" cBy="JKR" cDate="02/18/2004 05:02:07 PST Wed">
        <definition>COD: lasting a short time</definition>
        <sentenceCount annotated="0" total="0"/>
        <lexeme order="1" headword="false" breakBefore="false" POS="A" name="quick"/>
    </lexUnit>
    <lexUnit status="Finished_Initial" incorporatedFE="Degree" POS="A" name="rapid.a" ID="10046" lemmaID="31821" cBy="JKR" cDate="02/18/2004 05:05:48 PST Wed">
        <definition>COD: happening in a short time or at great speed</definition>
        <sentenceCount annotated="22" total="302"/>
        <lexeme order="1" headword="false" breakBefore="false" POS="A" name="rapid"/>
    </lexUnit>
    <lexUnit status="Created" incorporatedFE="Attribute" POS="A" name="swift.a" ID="10047" lemmaID="39151" cBy="JKR" cDate="02/18/2004 05:06:59 PST Wed">
        <definition>FN: happening quickly</definition>
        <sentenceCount annotated="1" total="1"/>
        <lexeme order="1" headword="false" breakBefore="false" POS="A" name="swift"/>
    </lexUnit>
    <lexUnit status="Created" POS="A" name="speedy.a" ID="11201" lemmaID="37278" cBy="RLG" cDate="11/18/2004 10:50:37 PST Thu">
        <definition>COD: done or occurring quickly.</definition>
        <sentenceCount annotated="0" total="0"/>
        <lexeme order="1" headword="false" breakBefore="false" POS="A" name="speedy"/>
    </lexUnit>
    <lexUnit status="Created" POS="ADV" name="slowly.adv" ID="14618" lemmaID="36431" cBy="KmG" cDate="10/31/2007 04:34:37 PDT Wed">
        <definition>FN: being done or happening at a slow pace.</definition>
        <sentenceCount annotated="3" total="3"/>
        <lexeme order="1" headword="false" breakBefore="false" POS="ADV" name="slowly"/>
        <semType name="Negative" ID="99"/>
    </lexUnit>
    <lexUnit status="Created" POS="A" name="slow.a" ID="14665" lemmaID="36427" cBy="KmG" cDate="01/16/2008 12:38:29 PST Wed">
        <definition>FN: characterized by taking a lot of time to do something; the opposite of fast</definition>
        <sentenceCount annotated="2" total="2"/>
        <lexeme order="1" headword="false" breakBefore="false" POS="A" name="slow"/>
        <semType name="Negative" ID="99"/>
    </lexUnit>
    <lexUnit status="Created" POS="ADV" name="gradually.adv" ID="15113" lemmaID="16640" cBy="JKs" cDate="06/12/2008 01:38:52 PDT Thu">
        <definition>FN: being or happening in slow-paced, small increments</definition>
        <sentenceCount annotated="1" total="1"/>
        <lexeme order="1" headword="false" breakBefore="false" POS="ADV" name="gradually"/>
    </lexUnit>
    <lexUnit status="Created" POS="ADV" name="quickly.adv" ID="17636" lemmaID="50876" cBy="CVa" cDate="07/21/2014 10:04:15 PDT Mon">
        <definition>FN: in a fast manner</definition>
        <sentenceCount annotated="1" total="1"/>
        <lexeme order="1" headword="true" breakBefore="false" POS="ADV" name="quickly"/>
    </lexUnit>
</frame>