<?xml version="1.0" encoding="UTF-8" standalone="yes"?>
<?xml-stylesheet type="text/xsl" href="frame.xsl"?>
<frame cBy="MJE" cDate="03/10/2014 04:39:03 PDT Mon" name="Team" ID="2828" xsi:schemaLocation="../schema/frame.xsd" xmlns="http://framenet.icsi.berkeley.edu" xmlns:xsi="http://www.w3.org/2001/XMLSchema-instance">
    <definition>&lt;def-root&gt;A &lt;fen&gt;Team&lt;/fen&gt; is a group with shared goals and works toward them together in a coordinated fashion.&lt;/def-root&gt;</definition>
    <FE bgColor="FF0000" fgColor="FFFFFF" coreType="Core" cBy="MJE" cDate="03/10/2014 04:39:03 PDT Mon" abbrev="Ind" name="Members" ID="16045">
        <definition>&lt;def-root&gt;This FE identifies the people or things that form  the &lt;fen&gt;Aggregate&lt;/fen&gt;.

&lt;/def-root&gt;</definition>
    </FE>
    <FE bgColor="9400D3" fgColor="FFFFFF" coreType="Core" cBy="MJE" cDate="03/10/2014 04:39:03 PDT Mon" abbrev="Agg" name="Team" ID="16046">
        <definition>&lt;def-root&gt;This FE identifies the collection of entities that are the &lt;fen&gt;Team&lt;/fen&gt;.
&lt;/def-root&gt;</definition>
    </FE>
    <FE bgColor="00BFFF" fgColor="FFFFFF" coreType="Extra-Thematic" cBy="MJE" cDate="03/10/2014 04:39:04 PDT Mon" abbrev="agg" name="Aggregate_property" ID="16047">
        <definition>&lt;def-root&gt;This FE describes a property of the &lt;fen&gt;Aggregate&lt;/fen&gt; rather than the &lt;fen&gt;Members&lt;/fen&gt; and is used to tag the adjective that modifies the aggregate noun when it is unambiguous.

&lt;ex&gt;A &lt;fex name="Aggregate_property"&gt;large&lt;/fex&gt; &lt;t&gt;crowd&lt;/t&gt; of hoodlums filled the plaza.&lt;/ex&gt;&lt;/def-root&gt;</definition>
    </FE>
    <FE bgColor="A52A2A" fgColor="FFFFFF" coreType="Extra-Thematic" cBy="MJE" cDate="03/10/2014 04:39:04 PDT Mon" abbrev="" name="Name" ID="16048">
        <definition>&lt;def-root&gt;The term used to refer to the &lt;fen&gt;Aggregate&lt;/fen&gt;.&lt;/def-root&gt;</definition>
    </FE>
    <FE bgColor="EEE8AA" fgColor="000000" coreType="Extra-Thematic" cBy="MJE" cDate="03/10/2014 04:39:04 PDT Mon" abbrev="Con" name="Container_possessor" ID="16049">
        <definition>&lt;def-root&gt;The location or political locale that the Organization is contained within.&lt;/def-root&gt;</definition>
    </FE>
    <FE bgColor="008000" fgColor="FFFFFF" coreType="Extra-Thematic" cBy="MJE" cDate="03/10/2014 04:39:04 PDT Mon" abbrev="" name="Domain" ID="16050">
        <definition>&lt;def-root&gt;The relevant &lt;fen&gt;Domain&lt;/fen&gt; as it pertains to the &lt;fen&gt;Aggregate&lt;/fen&gt;.&lt;/def-root&gt;</definition>
    </FE>
    <FE bgColor="FF69B4" fgColor="FFFFFF" coreType="Core" cBy="MJE" cDate="03/10/2014 04:58:46 PDT Mon" abbrev="" name="Activity" ID="16051">
        <definition>&lt;def-root&gt;The job, obligation, or goal worked towards jointly by the &lt;fen&gt;Members&lt;/fen&gt; of the &lt;fen&gt;Team&lt;/fen&gt;.&lt;/def-root&gt;</definition>
    </FE>
    <FE bgColor="FFA500" fgColor="000000" coreType="Peripheral" cBy="MJE" cDate="06/26/2014 12:40:53 PDT Thu" abbrev="par" name="Parent_organization" ID="16121">
        <definition>&lt;def-root&gt;The broader organization (if any) that members of a team belong to.

&lt;ex&gt;A &lt;t&gt;team&lt;/t&gt; &lt;fex name="Parent_organization"&gt;from the American Nutrition Council&lt;/fex&gt; issued their report today .&lt;/ex&gt;&lt;/def-root&gt;</definition>
    </FE>
    <frameRelation type="Inherits from">
        <relatedFrame ID="103">Aggregate</relatedFrame>
    </frameRelation>
    <frameRelation type="Is Inherited by"/>
    <frameRelation type="Perspective on"/>
    <frameRelation type="Is Perspectivized in"/>
    <frameRelation type="Uses"/>
    <frameRelation type="Is Used by"/>
    <frameRelation type="Subframe of"/>
    <frameRelation type="Has Subframe(s)"/>
    <frameRelation type="Precedes"/>
    <frameRelation type="Is Preceded by"/>
    <frameRelation type="Is Inchoative of"/>
    <frameRelation type="Is Causative of"/>
    <frameRelation type="See also"/>
    <lexUnit status="Created" POS="N" name="team.n" ID="17456" lemmaID="51679" cBy="MJE" cDate="03/10/2014 05:39:34 PDT Mon">
        <definition>FN: a group of people working together.</definition>
        <sentenceCount annotated="0" total="0"/>
        <lexeme order="1" headword="true" breakBefore="false" POS="N" name="team"/>
    </lexUnit>
    <lexUnit status="Created" POS="N" name="crew.n" ID="17457" lemmaID="8923" cBy="MJE" cDate="03/10/2014 05:39:59 PDT Mon">
        <definition>FN: a group of people tasked together.</definition>
        <sentenceCount annotated="8" total="8"/>
        <lexeme order="1" headword="false" breakBefore="false" POS="N" name="crew"/>
    </lexUnit>
    <lexUnit status="Created" POS="N" name="firefighter.n" ID="17494" lemmaID="51693" cBy="WMcQ" cDate="06/25/2014 01:18:53 PDT Wed">
        <definition>FN: A team tasked with putting out fires or protecting fire-threatened structures.</definition>
        <sentenceCount annotated="0" total="0"/>
        <lexeme order="1" headword="true" breakBefore="false" POS="N" name="firefighter"/>
    </lexUnit>
    <lexUnit status="Created" POS="N" name="fire fighter.n" ID="17619" lemmaID="51715" cBy="CVa" cDate="07/18/2014 10:57:06 PDT Fri">
        <definition>FN: A team tasked with putting out fires or protecting fire-threatened structures.</definition>
        <sentenceCount annotated="0" total="0"/>
        <lexeme order="1" headword="false" breakBefore="false" POS="N" name="fire"/>
        <lexeme order="2" headword="true" breakBefore="false" POS="N" name="fighter"/>
    </lexUnit>
</frame>