<?xml version="1.0" encoding="UTF-8" standalone="yes"?>
<?xml-stylesheet type="text/xsl" href="frame.xsl"?>
<frame cBy="MJE" cDate="07/28/2003 04:26:09 PDT Mon" name="Telling" ID="750" xsi:schemaLocation="../schema/frame.xsd" xmlns="http://framenet.icsi.berkeley.edu" xmlns:xsi="http://www.w3.org/2001/XMLSchema-instance">
    <definition>&lt;def-root&gt;A &lt;fen&gt;Speaker&lt;/fen&gt; addresses an &lt;fen&gt;Addressee&lt;/fen&gt; with a &lt;fen&gt;Message&lt;/fen&gt;, which may be indirectly referred to as a &lt;fen&gt;Topic&lt;/fen&gt;. Instead of (or in addition to) a &lt;fen&gt;Speaker&lt;/fen&gt;, a &lt;fen&gt;Medium&lt;/fen&gt; may also be mentioned.

&lt;ex&gt;&lt;fex name="Speaker"&gt;I&lt;/fex&gt; &lt;t&gt;told&lt;/t&gt; &lt;fex name="Addressee"&gt;him&lt;/fex&gt; &lt;fex name="Topic"&gt;about the party&lt;/fex&gt;.&lt;/ex&gt;&lt;/def-root&gt;</definition>
    <FE bgColor="FF0000" fgColor="FFFFFF" coreType="Core" cBy="ACW" cDate="07/30/2003 03:52:47 PDT Wed" abbrev="" name="Speaker" ID="4869">
        <definition>&lt;def-root&gt;The &lt;fen&gt;Speaker&lt;/fen&gt; is the sentient entity that produces the &lt;fen&gt;Message&lt;/fen&gt;.
&lt;ex&gt;&lt;fex name="Speaker"&gt;Bill&lt;/fex&gt; &lt;t&gt;told&lt;/t&gt; me that he would come to the party.&lt;/ex&gt;&lt;/def-root&gt;</definition>
        <semType name="Sentient" ID="5"/>
    </FE>
    <FE bgColor="008000" fgColor="FFFFFF" coreType="Core" cBy="ACW" cDate="07/30/2003 03:55:08 PDT Wed" abbrev="" name="Addressee" ID="4870">
        <definition>&lt;def-root&gt;The &lt;fen&gt;Addressee&lt;/fen&gt; receives the &lt;fen&gt;Message&lt;/fen&gt; from the &lt;fen&gt;Speaker&lt;/fen&gt;.&lt;/def-root&gt;</definition>
        <semType name="Sentient" ID="5"/>
    </FE>
    <FE bgColor="0000FF" fgColor="FFFFFF" coreType="Core" cBy="ACW" cDate="07/30/2003 03:55:51 PDT Wed" abbrev="" name="Message" ID="4871">
        <definition>&lt;def-root&gt;The &lt;fen&gt;Message&lt;/fen&gt; is the communication produced by the &lt;fen&gt;Speaker&lt;/fen&gt;.
&lt;ex&gt;The authorities &lt;t&gt;informed&lt;/t&gt; me &lt;fex name="Message"&gt;that my brother had been arrested&lt;/fex&gt;.&lt;/ex&gt;
&lt;ex&gt;I &lt;t&gt;told&lt;/t&gt; him &lt;fex name="Message"&gt;a bedtime story&lt;/fex&gt;.&lt;/ex&gt;&lt;/def-root&gt;</definition>
        <semType name="Message" ID="56"/>
    </FE>
    <FE bgColor="9F79EE" fgColor="FFFFFF" coreType="Core" cBy="ACW" cDate="07/30/2003 03:57:45 PDT Wed" abbrev="" name="Topic" ID="4872">
        <definition>&lt;def-root&gt;The &lt;fen&gt;Topic&lt;/fen&gt; is a general description of the content of the &lt;fen&gt;Message&lt;/fen&gt;.
&lt;ex&gt;Leroy &lt;t&gt;told&lt;/t&gt; his mother &lt;fex name="Topic"&gt;about his arrest&lt;/fex&gt;.&lt;/ex&gt;&lt;/def-root&gt;</definition>
    </FE>
    <FE bgColor="FF69B4" fgColor="FFFFFF" coreType="Peripheral" cBy="ACW" cDate="07/30/2003 04:02:05 PDT Wed" abbrev="" name="Manner" ID="4873">
        <definition>&lt;def-root&gt;The &lt;fen&gt;Manner&lt;/fen&gt; describes the way in which the &lt;fen&gt;Speaker&lt;/fen&gt; delivers the &lt;fen&gt;Message&lt;/fen&gt;.&lt;/def-root&gt;</definition>
        <semType name="Manner" ID="173"/>
    </FE>
    <FE bgColor="A52A2A" fgColor="FFFFFF" coreType="Peripheral" cBy="ACW" cDate="07/30/2003 04:06:02 PDT Wed" abbrev="" name="Means" ID="4875">
        <definition>&lt;def-root&gt;The &lt;fen&gt;Means&lt;/fen&gt; describes the way the &lt;fen&gt;Speaker&lt;/fen&gt; accomplishes the task of giving the &lt;fen&gt;Addressee&lt;/fen&gt; the &lt;fen&gt;Message&lt;/fen&gt;.&lt;/def-root&gt;</definition>
        <semType name="State_of_affairs" ID="177"/>
    </FE>
    <FE bgColor="808080" fgColor="FFFFFF" coreType="Core" cBy="ACW" cDate="07/30/2003 04:08:21 PDT Wed" abbrev="" name="Medium" ID="4876">
        <definition>&lt;def-root&gt;This FE is the &lt;fen&gt;Medium&lt;/fen&gt; in which the &lt;fen&gt;Message&lt;/fen&gt; is expressed.&lt;/def-root&gt;</definition>
    </FE>
    <FE bgColor="FFA500" fgColor="FFFFFF" coreType="Peripheral" cBy="JKR" cDate="06/15/2005 10:54:07 PDT Wed" abbrev="tim" name="Time" ID="8163">
        <definition>&lt;def-root&gt;The &lt;fen&gt;Time&lt;/fen&gt; during which the &lt;fen&gt;Speaker&lt;/fen&gt; informs the &lt;fen&gt;Addressee&lt;/fen&gt; of the &lt;fen&gt;Message&lt;/fen&gt;.

&lt;ex&gt;Even when we had a size problem they &lt;t&gt;informed&lt;/t&gt; me &lt;fex name="Time"&gt;right away&lt;/fex&gt; and everything worked
out great.&lt;/ex&gt;&lt;/def-root&gt;</definition>
        <semType name="Time" ID="141"/>
    </FE>
    <FE bgColor="2E8B57" fgColor="FFFFFF" coreType="Peripheral" cBy="JKR" cDate="06/15/2005 10:56:36 PDT Wed" abbrev="pla" name="Place" ID="8164">
        <definition>&lt;def-root&gt;&lt;fen&gt;Place&lt;/fen&gt; is the location in which the &lt;fen&gt;Speaker&lt;/fen&gt; informs  the &lt;fen&gt;Addressee&lt;/fen&gt; of the &lt;fen&gt;Message&lt;/fen&gt;.

&lt;ex&gt;She looked at it for a few moments, thinking of Mark Smeaton and what he had &lt;t&gt;told&lt;/t&gt; her &lt;fex name="Place"&gt;on the steps of City Hall&lt;/fex&gt;.&lt;/ex&gt;&lt;/def-root&gt;</definition>
        <semType name="Locative_relation" ID="182"/>
    </FE>
    <FE bgColor="FF00FF" fgColor="FFFFFF" coreType="Extra-Thematic" cBy="KmG" cDate="10/19/2006 05:09:00 PDT Thu" abbrev="Cf" name="Communicative_force" ID="10710">
        <definition>&lt;def-root&gt;This FE indicates the &lt;fex name="Cf"&gt;Communicative_force&lt;/fex&gt; or authority with which the &lt;fen&gt;Message&lt;/fen&gt; is expressed. This FE is often denoted by words such as "officially," "formally," "technically," etc.

&lt;ex&gt;She has yet to &lt;m&gt;receive&lt;/m&gt; &lt;fex name="Cf"&gt;official&lt;/fex&gt; &lt;t&gt;notification&lt;/t&gt;.&lt;/ex&gt;&lt;/def-root&gt;</definition>
    </FE>
    <FE bgColor="9400D3" fgColor="FFFFFF" coreType="Extra-Thematic" cBy="KmG" cDate="10/19/2006 05:10:54 PDT Thu" abbrev="" name="Descriptor" ID="10711">
        <definition>&lt;def-root&gt;This FE identifies a characteristic or description of the telling event. &lt;/def-root&gt;</definition>
    </FE>
    <FE bgColor="90876C" fgColor="FFFFFF" coreType="Extra-Thematic" cBy="DYo" cDate="06/11/2009 02:48:09 PDT Thu" abbrev="Ite" name="Iterations" ID="13216">
        <definition>&lt;def-root&gt;The FE &lt;fex name="Iterations"&gt;Iterations&lt;/fex&gt; is used for expressions that indicate the number of times an event or state (of the kind denoted by the target in its clause) has taken place or held. &lt;/def-root&gt;</definition>
    </FE>
    <FEcoreSet>
        <memberFE name="Message" ID="4871"/>
        <memberFE name="Topic" ID="4872"/>
    </FEcoreSet>
    <FEcoreSet>
        <memberFE name="Speaker" ID="4869"/>
        <memberFE name="Medium" ID="4876"/>
    </FEcoreSet>
    <frameRelation type="Inherits from">
        <relatedFrame ID="43">Statement</relatedFrame>
    </frameRelation>
    <frameRelation type="Is Inherited by">
        <relatedFrame ID="2730">Warning</relatedFrame>
        <relatedFrame ID="89">Suasion</relatedFrame>
    </frameRelation>
    <frameRelation type="Perspective on"/>
    <frameRelation type="Is Perspectivized in"/>
    <frameRelation type="Uses"/>
    <frameRelation type="Is Used by"/>
    <frameRelation type="Subframe of"/>
    <frameRelation type="Has Subframe(s)"/>
    <frameRelation type="Precedes"/>
    <frameRelation type="Is Preceded by"/>
    <frameRelation type="Is Inchoative of"/>
    <frameRelation type="Is Causative of"/>
    <frameRelation type="See also"/>
    <lexUnit status="Created" POS="V" name="tell.v" ID="9177" lemmaID="39772" cBy="ACW" cDate="07/30/2003 04:11:21 PDT Wed">
        <definition>COD: communicate information to. </definition>
        <sentenceCount annotated="290" total="757"/>
        <lexeme order="1" headword="false" breakBefore="false" POS="V" name="tell"/>
    </lexUnit>
    <lexUnit status="Finished_Initial" POS="V" name="inform.v" ID="9178" lemmaID="19889" cBy="ACW" cDate="07/30/2003 04:13:37 PDT Wed">
        <definition>COD: give facts or information to</definition>
        <sentenceCount annotated="58" total="329"/>
        <lexeme order="1" headword="false" breakBefore="false" POS="V" name="inform"/>
    </lexUnit>
    <lexUnit status="Created" POS="V" name="advise.v" ID="9179" lemmaID="625" cBy="ACW" cDate="07/30/2003 04:16:35 PDT Wed">
        <definition>FN: recommend, inform</definition>
        <sentenceCount annotated="70" total="344"/>
        <lexeme order="1" headword="false" breakBefore="false" POS="V" name="advise"/>
    </lexUnit>
    <lexUnit status="Created" POS="V" name="apprise.v" ID="9180" lemmaID="1766" cBy="ACW" cDate="07/30/2003 04:17:23 PDT Wed">
        <definition>COD: inform; tell</definition>
        <sentenceCount annotated="4" total="18"/>
        <lexeme order="1" headword="false" breakBefore="false" POS="V" name="apprise"/>
    </lexUnit>
    <lexUnit status="Created" POS="V" name="assure.v" ID="9181" lemmaID="2183" cBy="ACW" cDate="07/30/2003 04:17:37 PDT Wed">
        <definition>COD: tell someone something positively in order to dispel potential doubts.</definition>
        <sentenceCount annotated="34" total="197"/>
        <lexeme order="1" headword="false" breakBefore="false" POS="V" name="assure"/>
    </lexUnit>
    <lexUnit status="Created" POS="V" name="confide.v" ID="9182" lemmaID="7719" cBy="ACW" cDate="07/30/2003 04:19:21 PDT Wed">
        <definition>COD: tell someone about a secret or private matter in confidence</definition>
        <sentenceCount annotated="55" total="200"/>
        <lexeme order="1" headword="false" breakBefore="false" POS="V" name="confide"/>
    </lexUnit>
    <lexUnit status="Created" POS="V" name="notify.v" ID="9183" lemmaID="26191" cBy="ACW" cDate="07/30/2003 04:20:25 PDT Wed">
        <definition>COD: inform, typically in a formal or official manner. </definition>
        <sentenceCount annotated="30" total="215"/>
        <lexeme order="1" headword="false" breakBefore="false" POS="V" name="notify"/>
    </lexUnit>
    <lexUnit status="Created" POS="N" name="notification.n" ID="9184" lemmaID="26190" cBy="ACW" cDate="07/30/2003 04:21:17 PDT Wed">
        <definition>FN: notifying, informing, typically in a formal or official manner </definition>
        <sentenceCount annotated="21" total="137"/>
        <lexeme order="1" headword="false" breakBefore="false" POS="N" name="notification"/>
    </lexUnit>
    <lexUnit status="Finished_Initial" POS="N" name="assurance.n" ID="9185" lemmaID="2182" cBy="ACW" cDate="07/30/2003 04:35:07 PDT Wed">
        <definition>COD: a positive declaration intended to give confidence</definition>
        <sentenceCount annotated="19" total="99"/>
        <lexeme order="1" headword="false" breakBefore="false" POS="N" name="assurance"/>
    </lexUnit>
    <lexUnit status="Created" POS="V" name="brief.v" ID="16502" lemmaID="4595" cBy="RLG" cDate="08/17/2011 03:53:15 PDT Wed">
        <definition>FN: give a summary.</definition>
        <sentenceCount annotated="0" total="0"/>
        <lexeme order="1" headword="false" breakBefore="false" POS="V" name="brief"/>
    </lexUnit>
    <lexUnit status="Created" POS="IDIO" name="let know.v" ID="18759" lemmaID="52162" cBy="MJE" cDate="08/30/2016 11:28:26 PDT Tue">
        <definition>FN: tell (someone) by language or some other means.</definition>
        <sentenceCount annotated="2" total="2"/>
        <lexeme order="1" headword="true" breakBefore="false" POS="V" name="let"/>
        <lexeme order="2" headword="false" breakBefore="false" POS="V" name="know"/>
    </lexUnit>
</frame>