<?xml version="1.0" encoding="UTF-8" standalone="yes"?>
<?xml-stylesheet type="text/xsl" href="frame.xsl"?>
<frame cBy="MJE" cDate="05/31/2005 11:18:24 PDT Tue" name="Temporal_subregion" ID="1470" xsi:schemaLocation="../schema/frame.xsd" xmlns="http://framenet.icsi.berkeley.edu" xmlns:xsi="http://www.w3.org/2001/XMLSchema-instance">
    <definition>&lt;def-root&gt;A &lt;fen&gt;Subpart&lt;/fen&gt; of a &lt;fen&gt;Time_period&lt;/fen&gt; is picked out.  In some cases, the part (as opposed to the entire &lt;fen&gt;Time_period&lt;/fen&gt;) may be described by a &lt;fen&gt;Subpart_property&lt;/fen&gt;.  The &lt;fen&gt;Time_period&lt;/fen&gt; may be indicated by an event which takes place during the &lt;fen&gt;Time_period&lt;/fen&gt;.

&lt;ex&gt;I nearly kicked my TV this afternoon after watching the &lt;fex name="subpp"&gt;shambolic&lt;/fex&gt; &lt;t&gt;&lt;fex name="subpar"&gt;end&lt;/fex&gt;&lt;/t&gt; &lt;fex name="tim"&gt;of the Austrian Grand-Prix&lt;/fex&gt; .&lt;/ex&gt;
&lt;ex&gt;Jack Yan looks at how the branding profession will be affected in the &lt;fex name="subpar"&gt;&lt;t&gt;early&lt;/t&gt;&lt;/fex&gt; &lt;fex name="tim"&gt;2000s&lt;/fex&gt; by globalization .&lt;/ex&gt;
&lt;ex&gt;The &lt;t&gt;late&lt;/t&gt; &lt;fex name="Subpart"&gt;part&lt;/fex&gt; of the afternoon is the worst time to get things done .&lt;/ex&gt;
&lt;/def-root&gt;</definition>
    <semType name="Transparent Noun" ID="9"/>
    <FE bgColor="0000FF" fgColor="FFFFFF" coreType="Core" cBy="MJE" cDate="05/31/2005 11:18:24 PDT Tue" abbrev="subpar" name="Subpart" ID="8053">
        <definition>&lt;def-root&gt;The part of the &lt;fen&gt;Time_period&lt;/fen&gt; which is profiled.

&lt;ex&gt;The findings mark the &lt;t&gt;&lt;fex name="subpar"&gt;beginning&lt;/fex&gt;&lt;/t&gt; of a new age of planetary science, in which "extrasolar" planets can be directly measured and compared.&lt;/ex&gt;&lt;/def-root&gt;</definition>
    </FE>
    <FE bgColor="008000" fgColor="FFFFFF" coreType="Extra-Thematic" cBy="MJE" cDate="05/31/2005 11:18:24 PDT Tue" abbrev="subpp" name="Subpart_property" ID="8054">
        <definition>&lt;def-root&gt;Some description which pertains specifically to the &lt;fen&gt;Subpart&lt;/fen&gt; (rather than the &lt;fen&gt;Time_period&lt;/fen&gt;).

&lt;ex&gt;Indeed, the &lt;fex name="subpp"&gt;sorry&lt;/fex&gt; &lt;t&gt;end&lt;/t&gt; of the HCI period, with Korea in recession and. in the throes of rampant political turmoil, has led some analysts to conclude that the prior period had been underlyingly unstable despite its appearance of promise.&lt;/ex&gt;&lt;/def-root&gt;</definition>
    </FE>
    <FE bgColor="FF0000" fgColor="FFFFFF" coreType="Core" cBy="MJE" cDate="05/31/2005 11:18:24 PDT Tue" abbrev="tim" name="Time_period" ID="8055">
        <definition>&lt;def-root&gt;A temporal span conceived of as a whole.

&lt;ex&gt;A zillion copies and clones have been made of this Russian game since it first was released in the mid &lt;fex name="tim"&gt;80's&lt;/fex&gt;.&lt;/ex&gt;&lt;/def-root&gt;</definition>
    </FE>
    <FE bgColor="FFA500" fgColor="FFFFFF" coreType="Peripheral" cBy="KmG" cDate="03/16/2007 10:17:32 PDT Fri" abbrev="" name="Time" ID="11214">
        <definition>&lt;def-root&gt;This FE indicates the &lt;fen&gt;Time&lt;/fen&gt; that is being referred to. &lt;/def-root&gt;</definition>
    </FE>
    <FE bgColor="FF00FF" fgColor="FFFFFF" coreType="Extra-Thematic" cBy="KmG" cDate="05/09/2007 11:19:57 PDT Wed" abbrev="" name="Degree" ID="11729">
        <definition>&lt;def-root&gt;This frame element selects some gradable attribute and modifies the expected value for it.&lt;/def-root&gt;</definition>
    </FE>
    <frameRelation type="Inherits from"/>
    <frameRelation type="Is Inherited by"/>
    <frameRelation type="Perspective on"/>
    <frameRelation type="Is Perspectivized in"/>
    <frameRelation type="Uses">
        <relatedFrame ID="143">Part_orientational</relatedFrame>
    </frameRelation>
    <frameRelation type="Is Used by"/>
    <frameRelation type="Subframe of"/>
    <frameRelation type="Has Subframe(s)"/>
    <frameRelation type="Precedes"/>
    <frameRelation type="Is Preceded by"/>
    <frameRelation type="Is Inchoative of"/>
    <frameRelation type="Is Causative of"/>
    <frameRelation type="See also"/>
    <lexUnit status="Finished_Initial" POS="A" name="late.a" ID="12152" lemmaID="50041" cBy="MJE" cDate="05/31/2005 11:59:21 PDT Tue">
        <definition>FN: of, at, or belonging to the end of a particular time or period.</definition>
        <sentenceCount annotated="92" total="324"/>
        <lexeme order="1" headword="true" breakBefore="false" POS="A" name="late"/>
    </lexUnit>
    <lexUnit status="Created" POS="A" name="later.a" ID="12153" lemmaID="50042" cBy="MJE" cDate="05/31/2005 12:10:46 PDT Tue">
        <definition>FN: the late part (as opposed to some other mentioned part of the period)</definition>
        <sentenceCount annotated="3" total="3"/>
        <lexeme order="1" headword="true" breakBefore="false" POS="A" name="later"/>
    </lexUnit>
    <lexUnit status="Created" POS="N" name="middle.n" ID="12154" lemmaID="50043" cBy="MJE" cDate="05/31/2005 12:23:03 PDT Tue">
        <definition>COD: a middle point or position.</definition>
        <sentenceCount annotated="1" total="1"/>
        <lexeme order="1" headword="true" breakBefore="false" POS="N" name="middle"/>
    </lexUnit>
    <lexUnit status="Created" POS="A" name="middle.a" ID="12155" lemmaID="24203" cBy="MJE" cDate="05/31/2005 12:28:56 PDT Tue">
        <definition>FN: (of a larger time period) denoting a part contrasted with the earlier and later parts.</definition>
        <sentenceCount annotated="1" total="1"/>
        <lexeme order="1" headword="false" breakBefore="false" POS="A" name="middle"/>
    </lexUnit>
    <lexUnit status="Created" POS="A" name="early.a" ID="12156" lemmaID="50044" cBy="MJE" cDate="05/31/2005 12:39:43 PDT Tue">
        <definition>COD: of, at, or near the beginning of a particular time, period, or sequence.</definition>
        <sentenceCount annotated="41" total="41"/>
        <lexeme order="1" headword="true" breakBefore="false" POS="A" name="early"/>
    </lexUnit>
    <lexUnit status="Created" POS="A" name="earlier.a" ID="12157" lemmaID="50045" cBy="MJE" cDate="05/31/2005 12:40:47 PDT Tue">
        <definition>FN: the early  part (as opposed to some other mentioned part of the period)</definition>
        <sentenceCount annotated="2" total="2"/>
        <lexeme order="1" headword="true" breakBefore="false" POS="A" name="earlier"/>
    </lexUnit>
    <lexUnit status="Created" POS="A" name="mid.a" ID="12158" lemmaID="24197" cBy="MJE" cDate="05/31/2005 12:42:07 PDT Tue">
        <definition>FN: (of a larger time period) denoting a part that contrasts with the earlier and later parts.</definition>
        <sentenceCount annotated="8" total="8"/>
        <lexeme order="1" headword="false" breakBefore="false" POS="A" name="mid"/>
    </lexUnit>
    <lexUnit status="Created" POS="N" name="end.n" ID="12871" lemmaID="50282" cBy="Amy" cDate="11/02/2005 03:14:30 PST Wed">
        <definition>COD: a final part of something.</definition>
        <sentenceCount annotated="14" total="14"/>
        <lexeme order="1" headword="true" breakBefore="false" POS="N" name="end"/>
    </lexUnit>
    <lexUnit status="Created" POS="N" name="beginning.n" ID="12872" lemmaID="3237" cBy="Amy" cDate="11/02/2005 03:16:17 PST Wed">
        <definition>FN: the first part of something.</definition>
        <sentenceCount annotated="8" total="8"/>
        <lexeme order="1" headword="false" breakBefore="false" POS="N" name="beginning"/>
    </lexUnit>
    <lexUnit status="Finished_Initial" POS="N" name="outset.n" ID="13139" lemmaID="27147" cBy="RLG" cDate="03/23/2006 05:09:46 PST Thu">
        <definition>COD: the start or beginning.</definition>
        <sentenceCount annotated="28" total="245"/>
        <lexeme order="1" headword="false" breakBefore="false" POS="N" name="outset"/>
    </lexUnit>
    <lexUnit status="Created" POS="N" name="start.n" ID="13190" lemmaID="37839" cBy="RLG" cDate="05/08/2006 01:33:23 PDT Mon">
        <definition>COD: the beginning.</definition>
        <sentenceCount annotated="3" total="3"/>
        <lexeme order="1" headword="false" breakBefore="false" POS="N" name="start"/>
    </lexUnit>
    <lexUnit status="Created" POS="N" name="dawning.n" ID="13979" lemmaID="50550" cBy="KmG" cDate="03/14/2007 02:23:42 PDT Wed">
        <definition>COD: the beginning or first appearance of something.</definition>
        <sentenceCount annotated="1" total="1"/>
        <lexeme order="1" headword="true" breakBefore="false" POS="N" name="dawning"/>
    </lexUnit>
    <lexUnit status="Created" POS="N" name="turn.n" ID="14660" lemmaID="50781" cBy="KmG" cDate="01/16/2008 11:48:40 PST Wed">
        <definition>FN: point at which one century ends and the next century begins. </definition>
        <sentenceCount annotated="2" total="2"/>
        <lexeme order="1" headword="true" breakBefore="false" POS="N" name="turn"/>
    </lexUnit>
</frame>