<?xml version="1.0" encoding="UTF-8" standalone="yes"?>
<?xml-stylesheet type="text/xsl" href="frame.xsl"?>
<frame cBy="JKR" cDate="03/16/2004 04:44:23 PST Tue" name="Temporal_pattern" ID="1040" xsi:schemaLocation="../schema/frame.xsd" xmlns="http://framenet.icsi.berkeley.edu" xmlns:xsi="http://www.w3.org/2001/XMLSchema-instance">
    <definition>&lt;def-root&gt;A salient &lt;fen&gt;Subevent&lt;/fen&gt; has a &lt;fen&gt;Pattern&lt;/fen&gt; of recurrence within a larger &lt;fen&gt;Process&lt;/fen&gt;. 


&lt;ex&gt;Tony's fingers tapped &lt;t&gt;rhythmically&lt;/t&gt; on the keyboard&lt;/ex&gt;

&lt;/def-root&gt;</definition>
    <FE bgColor="FF0000" fgColor="FFFFFF" coreType="Core" cBy="JKR" cDate="03/16/2004 05:46:48 PST Tue" abbrev="pr" name="Process" ID="6163">
        <definition>&lt;def-root&gt;The larger event that is characterized by the recurring Subevents.

&lt;ex&gt;The &lt;t&gt;rhythm&lt;/t&gt; &lt;fex name="pr"&gt;of the rain falling on the roof&lt;/fex&gt; kept me awake&lt;/ex&gt;&lt;/def-root&gt;</definition>
    </FE>
    <FE bgColor="00008B" fgColor="FFFFFF" coreType="Core" cBy="JKR" cDate="03/16/2004 05:48:53 PST Tue" abbrev="se" name="Subevent" ID="6164">
        <definition>&lt;def-root&gt;The salient, punctual event that is construed as part of a &lt;fen&gt;Process&lt;/fen&gt;.

&lt;ex&gt;His &lt;t&gt;rhythmic&lt;/t&gt; &lt;fex name="se"&gt;tapping&lt;/fex&gt; irritated her&lt;/ex&gt;&lt;/def-root&gt;</definition>
    </FE>
    <FE bgColor="008000" fgColor="FFFFFF" coreType="Peripheral" cBy="JKR" cDate="03/16/2004 05:51:53 PST Tue" abbrev="dsc" name="Descriptor" ID="6165">
        <definition>&lt;def-root&gt;A characterization of the Pattern in which the Subevents recur.

&lt;ex&gt;I could feel the &lt;fex name="dsc"&gt;steady&lt;/fex&gt; &lt;t&gt;rhythm&lt;/t&gt; of his breathing&lt;/ex&gt;&lt;/def-root&gt;</definition>
    </FE>
    <FE bgColor="FFA500" fgColor="FFFFFF" coreType="Core" cBy="JKR" cDate="03/16/2004 05:55:22 PST Tue" abbrev="pt" name="Pattern" ID="6166">
        <definition>&lt;def-root&gt;The &lt;fen&gt;Pattern&lt;/fen&gt; that can be detected in the recurrence of  the &lt;fen&gt;Subevent&lt;/fen&gt;s of the &lt;fen&gt;Process&lt;/fen&gt; .   &lt;ex&gt;The music had a driving &lt;t&gt;rhythm&lt;/t&gt;&lt;/ex&gt; &lt;ex&gt;The music had a driving &lt;fex name="pt"&gt;rhythm&lt;/fex&gt;&lt;/ex&gt;&lt;/def-root&gt;</definition>
    </FE>
    <FE bgColor="800080" fgColor="FFFFFF" coreType="Peripheral" cBy="JKR" cDate="03/16/2004 06:01:48 PST Tue" abbrev="tp" name="Type" ID="6167">
        <definition>&lt;def-root&gt;An indication of a conventionally recognized subtype that the &lt;fen&gt;Pattern&lt;/fen&gt; belongs to.


&lt;ex&gt;Herminio illustrated a &lt;fex name="tp"&gt;rhumba&lt;/fex&gt; &lt;t&gt;rhythm&lt;/t&gt; on the congas&lt;/ex&gt;&lt;/def-root&gt;</definition>
    </FE>
    <frameRelation type="Inherits from"/>
    <frameRelation type="Is Inherited by"/>
    <frameRelation type="Perspective on"/>
    <frameRelation type="Is Perspectivized in"/>
    <frameRelation type="Uses">
        <relatedFrame ID="233">Process</relatedFrame>
        <relatedFrame ID="187">Event</relatedFrame>
    </frameRelation>
    <frameRelation type="Is Used by"/>
    <frameRelation type="Subframe of"/>
    <frameRelation type="Has Subframe(s)"/>
    <frameRelation type="Precedes"/>
    <frameRelation type="Is Preceded by"/>
    <frameRelation type="Is Inchoative of"/>
    <frameRelation type="Is Causative of"/>
    <frameRelation type="See also"/>
    <lexUnit status="Created" POS="N" name="rhythm.n" ID="10330" lemmaID="33185" cBy="JKR" cDate="03/16/2004 05:23:54 PST Tue">
        <definition>FN: a recurrent pattern, especially of sound or movement</definition>
        <sentenceCount annotated="2" total="2"/>
        <lexeme order="1" headword="false" breakBefore="false" POS="N" name="rhythm"/>
    </lexUnit>
    <lexUnit status="Created" POS="ADV" name="rhythmically.adv" ID="10331" lemmaID="33188" cBy="JKR" cDate="03/16/2004 05:36:58 PST Tue">
        <definition>FN: with regular,  patterned repetition</definition>
        <sentenceCount annotated="1" total="1"/>
        <lexeme order="1" headword="false" breakBefore="false" POS="ADV" name="rhythmically"/>
    </lexUnit>
    <lexUnit status="Created" POS="N" name="beat.n" ID="10332" lemmaID="3124" cBy="JKR" cDate="03/16/2004 05:42:21 PST Tue">
        <definition>FN: a regular, strongly punctuated pattern in music</definition>
        <sentenceCount annotated="2" total="2"/>
        <lexeme order="1" headword="false" breakBefore="false" POS="N" name="beat"/>
    </lexUnit>
    <lexUnit status="Created" incorporatedFE="Pattern" POS="A" name="rhythmic.a" ID="10333" lemmaID="33186" cBy="JKR" cDate="03/16/2004 05:58:40 PST Tue">
        <definition>FN: characterized by regular recurrence</definition>
        <sentenceCount annotated="1" total="1"/>
        <lexeme order="1" headword="false" breakBefore="false" POS="A" name="rhythmic"/>
    </lexUnit>
    <lexUnit status="Insufficient_Attestations" POS="N" name="time.n" ID="15398" lemmaID="40441" cBy="JKs" cDate="07/06/2009 03:29:14 PDT Mon">
        <definition>FN: the rhythm of a song</definition>
        <sentenceCount annotated="2" total="216"/>
        <lexeme order="1" headword="false" breakBefore="false" POS="N" name="time"/>
    </lexUnit>
</frame>