<?xml version="1.0" encoding="UTF-8" standalone="yes"?>
<?xml-stylesheet type="text/xsl" href="frame.xsl"?>
<frame cBy="RLG" cDate="07/29/2011 12:58:37 PDT Fri" name="Temporary_group" ID="2588" xsi:schemaLocation="../schema/frame.xsd" xmlns="http://framenet.icsi.berkeley.edu" xmlns:xsi="http://www.w3.org/2001/XMLSchema-instance">
    <definition>&lt;def-root&gt;A &lt;fen&gt;Temporary_group&lt;/fen&gt; is formed from members of a &lt;fen&gt;Parent_organization&lt;/fen&gt; for a particular &lt;fen&gt;Purpose&lt;/fen&gt;. The &lt;fen&gt;Temporary_group&lt;/fen&gt; does not exist independently within the &lt;fen&gt;Parent_organization&lt;/fen&gt;. It is under the control of a &lt;fen&gt;Container_possessor&lt;/fen&gt;, which also controls the &lt;fen&gt;Parent_organization&lt;/fen&gt;.

&lt;ex&gt;They came upon another of Whipple's scouting parties, Under Lieutenant S.M. Rains, and wiped out the entire &lt;fex name="mem"&gt;twelve-man&lt;/fex&gt; &lt;t&gt;&lt;fex name="tem"&gt;detachment&lt;/fex&gt;&lt;/t&gt;.&lt;/ex&gt;

&lt;ex&gt;A &lt;fex name="pur"&gt;guard&lt;/fex&gt; &lt;t&gt;&lt;fex name="tem"&gt;detachment&lt;/fex&gt;&lt;/t&gt; &lt;fex name="par"&gt;from the Royal regiment&lt;/fex&gt; was traveling with the main force to secure high-value prisoners.&lt;/ex&gt;&lt;/def-root&gt;</definition>
    <FE bgColor="0000FF" fgColor="FFFFFF" coreType="Core" cBy="RLG" cDate="07/29/2011 12:58:38 PDT Fri" abbrev="tem" name="Temporary_group" ID="14597">
        <definition>&lt;def-root&gt;The group formed temporarily from a larger group for a particular purpose.

&lt;ex&gt;The Americans posted a small &lt;t&gt;&lt;fex name="tem"&gt;detachment&lt;/fex&gt;&lt;/t&gt; to guard the facilities.&lt;/ex&gt;&lt;/def-root&gt;</definition>
        <semType name="Group" ID="76"/>
    </FE>
    <FE bgColor="FF0000" fgColor="FFFFFF" coreType="Core" cBy="RLG" cDate="07/29/2011 12:58:38 PDT Fri" abbrev="mem" name="Members" ID="14598">
        <definition>&lt;def-root&gt;The people belonging to the &lt;fen&gt;Temporary_group&lt;/fen&gt;.

&lt;ex&gt;We were provided with a security &lt;t&gt;detail&lt;/t&gt; &lt;fex name="mem"&gt;of several soldiers&lt;/fex&gt;.&lt;/ex&gt;&lt;/def-root&gt;</definition>
        <semType name="Human" ID="80"/>
    </FE>
    <FE bgColor="2E8B57" fgColor="FFFFFF" coreType="Peripheral" cBy="RLG" cDate="07/29/2011 12:58:38 PDT Fri" abbrev="pur" name="Purpose" ID="14599">
        <definition>&lt;def-root&gt;The reason for which an &lt;fen&gt;Temporary_group&lt;/fen&gt; is formed.

&lt;ex&gt;We've requested a large &lt;fex name="Purpose"&gt;guard&lt;/fex&gt; &lt;t&gt;detachment&lt;/t&gt;.&lt;/ex&gt;&lt;/def-root&gt;</definition>
        <semType name="State_of_affairs" ID="177"/>
    </FE>
    <FE bgColor="800080" fgColor="FFFFFF" coreType="Extra-Thematic" cBy="RLG" cDate="07/29/2011 12:58:38 PDT Fri" abbrev="per" name="Period_of_existence" ID="14600">
        <definition>&lt;def-root&gt;The interval during which the &lt;fen&gt;Temporary_group&lt;/fen&gt; exists.

&lt;/def-root&gt;</definition>
    </FE>
    <FE bgColor="FFFF00" fgColor="000000" coreType="Extra-Thematic" cBy="RLG" cDate="07/29/2011 12:58:38 PDT Fri" abbrev="" name="Name" ID="14601">
        <definition>&lt;def-root&gt;A name given to the &lt;fen&gt;Temporary_group&lt;/fen&gt; for identification.&lt;/def-root&gt;</definition>
    </FE>
    <FE bgColor="A52A2A" fgColor="FFFFFF" coreType="Extra-Thematic" cBy="RLG" cDate="07/29/2011 12:58:38 PDT Fri" abbrev="con" name="Container_possessor" ID="14602">
        <definition>&lt;def-root&gt;The location or political locale that the &lt;fen&gt;Temporary_group&lt;/fen&gt; is contained within or is responsible to.

&lt;ex&gt;The &lt;fex name="con"&gt;American&lt;/fex&gt; &lt;t&gt;detachment&lt;/t&gt; left at around midnight to begin the next round of patrols.&lt;/ex&gt;&lt;/def-root&gt;</definition>
    </FE>
    <FE bgColor="FF69B4" fgColor="FFFFFF" coreType="Peripheral" cBy="RLG" cDate="07/29/2011 12:58:38 PDT Fri" abbrev="pl" name="Place" ID="14603">
        <definition>&lt;def-root&gt;This FE describes the general location where the &lt;fen&gt;Temporary_group&lt;/fen&gt; operates, but does not indicate the possessor of the &lt;fen&gt;Temporary_group&lt;/fen&gt;.

&lt;ex&gt;A Marine &lt;t&gt;detail&lt;/t&gt; in southern Greenland suddenly stopped communications.&lt;/ex&gt;&lt;/def-root&gt;</definition>
        <semType name="Locative_relation" ID="182"/>
    </FE>
    <FE bgColor="FFA500" fgColor="000000" coreType="Extra-Thematic" cBy="RLG" cDate="07/29/2011 12:58:38 PDT Fri" abbrev="des" name="Descriptor" ID="14604">
        <definition>&lt;def-root&gt;Any description of the &lt;fen&gt;Temporary_group&lt;/fen&gt; not covered by a more specific frame element.

&lt;ex&gt;Smith was part of a &lt;fex name="des"&gt;small&lt;/fex&gt; security &lt;t&gt;detail&lt;/t&gt; tasked with the patients' safety.&lt;/ex&gt;&lt;/def-root&gt;</definition>
    </FE>
    <FE bgColor="1E90FF" fgColor="FFFFFF" coreType="Core" cBy="RLG" cDate="07/29/2011 01:21:00 PDT Fri" abbrev="par" name="Parent_organization" ID="14605">
        <definition>&lt;def-root&gt;The &lt;fen&gt;Parent_organization&lt;/fen&gt; is the larger group from which members are selected to be part of the &lt;fen&gt;Temporary_group&lt;/fen&gt;.

&lt;ex&gt;A &lt;t&gt;detachment&lt;/t&gt; &lt;fex name="par"&gt;from the US military forces&lt;/fex&gt; is due to arrive soon.&lt;/ex&gt;&lt;/def-root&gt;</definition>
    </FE>
    <frameRelation type="Inherits from">
        <relatedFrame ID="1371">Organization</relatedFrame>
        <relatedFrame ID="140">Part_whole</relatedFrame>
    </frameRelation>
    <frameRelation type="Is Inherited by"/>
    <frameRelation type="Perspective on"/>
    <frameRelation type="Is Perspectivized in"/>
    <frameRelation type="Uses"/>
    <frameRelation type="Is Used by"/>
    <frameRelation type="Subframe of"/>
    <frameRelation type="Has Subframe(s)"/>
    <frameRelation type="Precedes"/>
    <frameRelation type="Is Preceded by"/>
    <frameRelation type="Is Inchoative of"/>
    <frameRelation type="Is Causative of"/>
    <frameRelation type="See also"/>
    <lexUnit status="Insufficient_Attestations" POS="N" name="detachment.n" ID="16435" lemmaID="10412" cBy="RLG" cDate="07/29/2011 01:34:01 PDT Fri">
        <definition>FN: a portion of a military (or similar) organization separated and assigned a task.</definition>
        <sentenceCount annotated="1" total="2"/>
        <lexeme order="1" headword="false" breakBefore="false" POS="N" name="detachment"/>
    </lexUnit>
    <lexUnit status="Created" POS="N" name="detail.n" ID="16436" lemmaID="10413" cBy="RLG" cDate="07/29/2011 01:36:07 PDT Fri">
        <definition>FN: a (often small) group temporarily set aside from a larger military or police organization for a set task.</definition>
        <sentenceCount annotated="0" total="0"/>
        <lexeme order="1" headword="false" breakBefore="false" POS="N" name="detail"/>
    </lexUnit>
</frame>