<?xml version="1.0" encoding="UTF-8" standalone="yes"?>
<?xml-stylesheet type="text/xsl" href="frame.xsl"?>
<frame cBy="RLG" cDate="03/13/2007 11:47:54 PDT Tue" name="Temporary_stay" ID="1885" xsi:schemaLocation="../schema/frame.xsd" xmlns="http://framenet.icsi.berkeley.edu" xmlns:xsi="http://www.w3.org/2001/XMLSchema-instance">
    <definition>&lt;def-root&gt;A &lt;fen&gt;Guest&lt;/fen&gt; stays for a time at a &lt;fen&gt;Location&lt;/fen&gt;, which is not his or her permanent residence, for some &lt;fen&gt;Duration&lt;/fen&gt;. The &lt;fen&gt;Location&lt;/fen&gt; is often the permanent residence of a &lt;fen&gt;Host&lt;/fen&gt;.

&lt;ex&gt;&lt;fex name="pro"&gt;I&lt;/fex&gt; usually &lt;t&gt;stay&lt;/t&gt; &lt;fex name="Host"&gt;with my aunt&lt;/fex&gt; &lt;fex name="loc"&gt;at her summer house&lt;/fex&gt; &lt;fex name="Time"&gt;when I go to Seville&lt;/fex&gt;.&lt;/ex&gt;

&lt;ex&gt;&lt;fex name="dur"&gt;For a few days&lt;/fex&gt; &lt;fex name="pro"&gt;my father&lt;/fex&gt; &lt;t&gt;lodged&lt;/t&gt; &lt;fex name="loc"&gt;at a hotel&lt;/fex&gt; &lt;fex name="cor"&gt;with a buddy who was a biology student&lt;/fex&gt;.&lt;/ex&gt;&lt;/def-root&gt;</definition>
    <FE bgColor="FF0000" fgColor="FFFFFF" coreType="Core" cBy="RLG" cDate="03/13/2007 11:50:06 PDT Tue" abbrev="pro" name="Guest" ID="11174">
        <definition>&lt;def-root&gt;The &lt;fen&gt;Guest&lt;/fen&gt; remains for a relatively short period of time in the &lt;fen&gt;Location&lt;/fen&gt;.

&lt;ex&gt;Originally, &lt;fex name="pro"&gt;we&lt;/fex&gt; planned on &lt;t&gt;rooming&lt;/t&gt; with our relatives in Reno.&lt;/ex&gt;&lt;/def-root&gt;</definition>
    </FE>
    <FE bgColor="008000" fgColor="FFFFFF" coreType="Core" cBy="RLG" cDate="03/13/2007 11:51:05 PDT Tue" abbrev="loc" name="Location" ID="11175">
        <definition>&lt;def-root&gt;The &lt;fen&gt;Location&lt;/fen&gt; where the &lt;fen&gt;Guest&lt;/fen&gt; spends a short amount of time.

&lt;ex&gt;Originally &lt;fex name="pro"&gt;we&lt;/fex&gt; planned on &lt;t&gt;staying&lt;/t&gt; &lt;fex name="loc"&gt;at the Hilton&lt;/fex&gt;.&lt;/ex&gt;&lt;/def-root&gt;</definition>
    </FE>
    <FE bgColor="d0d0d0" fgColor="000000" coreType="Core" cBy="RLG" cDate="03/13/2007 11:52:28 PDT Tue" abbrev="dur" name="Duration" ID="11176">
        <definition>&lt;def-root&gt;The length of time that the &lt;fen&gt;Guest&lt;/fen&gt; remains at the &lt;fen&gt;Location&lt;/fen&gt;.

&lt;ex&gt;My wife and have just returned from a &lt;fex name="dur"&gt;two day&lt;/fex&gt; &lt;t&gt;stay&lt;/t&gt; at Ocean Key.&lt;/ex&gt;&lt;/def-root&gt;</definition>
    </FE>
    <FE bgColor="A52A2A" fgColor="FFFFFF" coreType="Extra-Thematic" cBy="RLG" cDate="03/14/2007 09:57:09 PDT Wed" abbrev="Co-p" name="Co-participant" ID="11181">
        <definition>&lt;def-root&gt;Another person who, along with the &lt;fen&gt;Guest&lt;/fen&gt;, is temporarily living at the &lt;fen&gt;Location&lt;/fen&gt;.

&lt;ex&gt;I will &lt;t&gt;stay&lt;/t&gt; at my parents' home, &lt;fex name="Co-participant"&gt;along with my wife and cats&lt;/fex&gt;.&lt;/ex&gt;&lt;/def-root&gt;</definition>
    </FE>
    <FE bgColor="FFA500" fgColor="FFFFFF" coreType="Peripheral" cBy="RLG" cDate="03/14/2007 09:58:19 PDT Wed" abbrev="tim" name="Time" ID="11183">
        <definition>&lt;def-root&gt;The time at which the temporary stay takes place.

&lt;ex&gt;He'll be &lt;t&gt;lodging&lt;/t&gt; here &lt;fex name="tim"&gt;next month&lt;/fex&gt;.&lt;/ex&gt;&lt;/def-root&gt;</definition>
    </FE>
    <FE bgColor="00008B" fgColor="FFFFFF" coreType="Core" cBy="RLG" cDate="03/14/2007 09:58:47 PDT Wed" abbrev="res" name="Host" ID="11184">
        <definition>&lt;def-root&gt;The &lt;fen&gt;Host&lt;/fen&gt; is living at the &lt;fen&gt;Location&lt;/fen&gt; on a permanent basis, and is allowing the &lt;fen&gt;Guest&lt;/fen&gt; to stay there.

&lt;ex&gt;You should avoid &lt;t&gt;staying&lt;/t&gt; &lt;fex name="res"&gt;with old college buddies&lt;/fex&gt; when on business trips.&lt;/ex&gt;&lt;/def-root&gt;</definition>
    </FE>
    <FE bgColor="1E90FF" fgColor="FFFFFF" coreType="Peripheral" cBy="MJE" cDate="03/28/2007 11:49:37 PDT Wed" abbrev="" name="Purpose" ID="11521">
        <definition>&lt;def-root&gt;The activity that the &lt;fen&gt;Guest&lt;/fen&gt; hopes to achieve by the stay.&lt;/def-root&gt;</definition>
    </FE>
    <FE bgColor="FF69B4" fgColor="FFFFFF" coreType="Peripheral" cBy="MJE" cDate="03/28/2007 11:51:52 PDT Wed" abbrev="" name="Means" ID="11522">
        <definition>&lt;def-root&gt;An action of the &lt;fen&gt;Guest&lt;/fen&gt; that brings about their ability to stay at the &lt;fen&gt;Location&lt;/fen&gt;.&lt;/def-root&gt;</definition>
    </FE>
    <FE bgColor="00BFFF" fgColor="FFFFFF" coreType="Peripheral" cBy="MJE" cDate="03/28/2007 11:52:43 PDT Wed" abbrev="" name="Manner" ID="11523">
        <definition>&lt;def-root&gt;Any description of the type of event by comparison to other events (&lt;ment&gt;the same way&lt;/ment&gt;) or by characterizing a state of the &lt;fen&gt;Guest&lt;/fen&gt; that affects the action.&lt;/def-root&gt;</definition>
    </FE>
    <FE bgColor="7CCD73" fgColor="000000" coreType="Extra-Thematic" cBy="MJE" cDate="03/28/2007 11:54:09 PDT Wed" abbrev="" name="Frequency" ID="11524">
        <definition>&lt;def-root&gt;The average number of times the event occurs over a period.&lt;/def-root&gt;</definition>
    </FE>
    <FE bgColor="7FFF00" fgColor="000000" coreType="Extra-Thematic" cBy="MJE" cDate="03/28/2007 11:55:23 PDT Wed" abbrev="" name="Iterations" ID="11525">
        <definition>&lt;def-root&gt;The number of times that the event occurs.&lt;/def-root&gt;</definition>
    </FE>
    <FE bgColor="800080" fgColor="FFFFFF" coreType="Extra-Thematic" cBy="RLG" cDate="04/20/2007 04:24:39 PDT Fri" abbrev="des" name="Descriptor" ID="11697">
        <definition>&lt;def-root&gt;A description of one of the participants in the temporary stay, or of the staying state-of-affairs in general.

&lt;ex&gt;I hope you have a &lt;fex name="des"&gt;pleasant&lt;/fex&gt; &lt;t&gt;stay&lt;/t&gt; at our lodge.&lt;/ex&gt;&lt;/def-root&gt;</definition>
    </FE>
    <FE bgColor="9400D3" fgColor="FFFFFF" coreType="Peripheral" cBy="RLG" cDate="04/26/2007 12:56:58 PDT Thu" abbrev="pla" name="Place" ID="11710">
        <definition>&lt;def-root&gt;The &lt;fen&gt;Place&lt;/fen&gt; indicates the larger physical setting of the temporary stay.

&lt;ex&gt;&lt;fex name="pla"&gt;In London&lt;/fex&gt;, I &lt;t&gt;stayed&lt;/t&gt; at a hotel.&lt;/ex&gt;&lt;/def-root&gt;</definition>
    </FE>
    <FE bgColor="FF00FF" fgColor="FFFFFF" coreType="Extra-Thematic" cBy="RLG" cDate="04/30/2007 01:19:07 PDT Mon" abbrev="exp" name="Explanation" ID="11711">
        <definition>&lt;def-root&gt;A state of affairs that provides an explanation for the temporary stay.&lt;/def-root&gt;</definition>
    </FE>
    <FE bgColor="FFD700" fgColor="000000" coreType="Extra-Thematic" cBy="RLG" cDate="04/30/2007 01:20:01 PDT Mon" abbrev="con" name="Containing_event" ID="11712">
        <definition>&lt;def-root&gt;This FE denotes an event that occurs or state of affairs that holds at a time that includes the time of the temporary stay, and which is taken to be a part of the stay.&lt;/def-root&gt;</definition>
    </FE>
    <FEcoreSet>
        <memberFE name="Location" ID="11175"/>
        <memberFE name="Host" ID="11184"/>
    </FEcoreSet>
    <frameRelation type="Inherits from">
        <relatedFrame ID="1911">Visiting</relatedFrame>
        <relatedFrame ID="110">Residence</relatedFrame>
    </frameRelation>
    <frameRelation type="Is Inherited by"/>
    <frameRelation type="Perspective on">
        <relatedFrame ID="1917">Lodging_scenario</relatedFrame>
    </frameRelation>
    <frameRelation type="Is Perspectivized in"/>
    <frameRelation type="Uses"/>
    <frameRelation type="Is Used by"/>
    <frameRelation type="Subframe of"/>
    <frameRelation type="Has Subframe(s)"/>
    <frameRelation type="Precedes"/>
    <frameRelation type="Is Preceded by"/>
    <frameRelation type="Is Inchoative of"/>
    <frameRelation type="Is Causative of"/>
    <frameRelation type="See also"/>
    <lexUnit status="Finished_Initial" POS="V" name="stay.v" ID="13972" lemmaID="37898" cBy="RLG" cDate="03/13/2007 05:50:06 PDT Tue">
        <definition>COD: live somewhere temporarily as a visitor or guest.</definition>
        <sentenceCount annotated="41" total="413"/>
        <lexeme order="1" headword="false" breakBefore="false" POS="V" name="stay"/>
    </lexUnit>
    <lexUnit status="Finished_Initial" POS="N" name="stay.n" ID="13973" lemmaID="37897" cBy="RLG" cDate="03/13/2007 05:50:46 PDT Tue">
        <definition>COD: a period of staying somewhere.</definition>
        <sentenceCount annotated="59" total="605"/>
        <lexeme order="1" headword="false" breakBefore="false" POS="N" name="stay"/>
    </lexUnit>
    <lexUnit status="Finished_Initial" POS="V" name="lodge.v" ID="13974" lemmaID="22647" cBy="RLG" cDate="03/13/2007 05:51:29 PDT Tue">
        <definition>FN: stay at someone else's home.</definition>
        <sentenceCount annotated="16" total="152"/>
        <lexeme order="1" headword="false" breakBefore="false" POS="V" name="lodge"/>
    </lexUnit>
    <lexUnit status="Finished_Initial" POS="V" name="room.v" ID="13975" lemmaID="33509" cBy="RLG" cDate="03/14/2007 09:56:36 PDT Wed">
        <definition>FN: temporarily live at another's residence.</definition>
        <sentenceCount annotated="5" total="12"/>
        <lexeme order="1" headword="false" breakBefore="false" POS="V" name="room"/>
    </lexUnit>
    <lexUnit status="Created" POS="V" name="guest.v" ID="14232" lemmaID="17009" cBy="MJE" cDate="03/28/2007 11:50:34 PDT Wed">
        <definition>FN: to temporarily reside (with) as guest.</definition>
        <sentenceCount annotated="0" total="0"/>
        <lexeme order="1" headword="false" breakBefore="false" POS="V" name="guest"/>
    </lexUnit>
    <lexUnit status="Finished_Initial" incorporatedFE="Duration" POS="V" name="overnight.v" ID="14233" lemmaID="50612" cBy="MJE" cDate="03/28/2007 11:59:32 PDT Wed">
        <definition>COD: stay overnight.</definition>
        <sentenceCount annotated="7" total="80"/>
        <lexeme order="1" headword="true" breakBefore="false" POS="V" name="overnight"/>
    </lexUnit>
    <lexUnit status="Finished_Initial" POS="V" name="sleep over.v" ID="14234" lemmaID="50613" cBy="MJE" cDate="03/29/2007 12:00:18 PDT Thu">
        <definition>FN: stay overnight at another's home. </definition>
        <sentenceCount annotated="6" total="121"/>
        <lexeme order="1" headword="true" breakBefore="false" POS="V" name="sleep"/>
        <lexeme order="2" headword="false" breakBefore="false" POS="ADV" name="over"/>
    </lexUnit>
    <lexUnit status="Finished_Initial" POS="V" name="stay over.v" ID="14236" lemmaID="50611" cBy="MJE" cDate="03/29/2007 12:02:03 PDT Thu">
        <definition>FN: spend the night at another's home.</definition>
        <sentenceCount annotated="7" total="68"/>
        <lexeme order="1" headword="true" breakBefore="false" POS="V" name="stay"/>
        <lexeme order="2" headword="false" breakBefore="false" POS="ADV" name="over"/>
    </lexUnit>
    <lexUnit status="Created" POS="V" name="board.v" ID="15606" lemmaID="3999" cBy="RLG" cDate="02/08/2010 11:32:42 PST Mon">
        <definition>FN: stay and take meals at a hotel or similar lodging.</definition>
        <sentenceCount annotated="0" total="0"/>
        <lexeme order="1" headword="false" breakBefore="false" POS="V" name="board"/>
    </lexUnit>
    <lexUnit status="Created" POS="V" name="quarter.v" ID="15610" lemmaID="31436" cBy="RLG" cDate="02/08/2010 12:20:58 PST Mon">
        <definition>FN: temporarily stay.</definition>
        <sentenceCount annotated="0" total="0"/>
        <lexeme order="1" headword="false" breakBefore="false" POS="V" name="quarter"/>
    </lexUnit>
</frame>