<?xml version="1.0" encoding="UTF-8" standalone="yes"?>
<?xml-stylesheet type="text/xsl" href="frame.xsl"?>
<frame cBy="JKR" cDate="06/23/2005 04:59:48 PDT Thu" name="Terms_of_agreement" ID="1531" xsi:schemaLocation="../schema/frame.xsd" xmlns="http://framenet.icsi.berkeley.edu" xmlns:xsi="http://www.w3.org/2001/XMLSchema-instance">
    <definition>&lt;def-root&gt;A condition that is set out in an &lt;fen&gt;Agreement&lt;/fen&gt; imposes &lt;fen&gt;Requirements&lt;/fen&gt; on a &lt;fen&gt;Party&lt;/fen&gt; or parties, with respect to some &lt;fen&gt;Regulated_entity&lt;/fen&gt;. If the conditions are not met, the &lt;fen&gt;Agreement&lt;/fen&gt; as a whole ceases to be valid or, more specifically, a &lt;fen&gt;Desired_state_of_affairs&lt;/fen&gt; cannot occur. (The &lt;fen&gt;Desired_state_of_affairs&lt;/fen&gt; typically is an interaction between the parties that benefits one or both sides.)


&lt;ex&gt;Breach of contract occurs where one of the parties fails to perform any one of the &lt;fex name="Agreement"&gt;contract&lt;/fex&gt; &lt;t&gt;terms&lt;/t&gt; .&lt;/ex&gt;
&lt;ex&gt;Breach of contract occurs where one of the parties fails to perform any one of the contract &lt;fex name="req"&gt;&lt;t&gt;terms&lt;/t&gt;&lt;/fex&gt; .&lt;/ex&gt;

&lt;ex&gt;&lt;fex name="req"&gt;What&lt;/fex&gt; &lt;m&gt;are&lt;/m&gt; &lt;fex name="par"&gt;your&lt;/fex&gt; &lt;t&gt;conditions&lt;/t&gt; &lt;fex name="Desired_state_of_affairs"&gt;for a peaceful settlement?&lt;/fex&gt;&lt;/ex&gt;

&lt;ex&gt;Please read &lt;fex name="par"&gt;our&lt;/fex&gt; &lt;t&gt;Conditions&lt;/t&gt; &lt;fex name="des"&gt;of Sale&lt;/fex&gt; carefully&lt;/ex&gt;
&lt;ex&gt;Please read our &lt;fex name="req"&gt;&lt;t&gt;Conditions&lt;/t&gt;&lt;/fex&gt; of Sale carefully&lt;/ex&gt;

&lt;ex&gt;We will verify compliance with the &lt;fex name="reg"&gt;financial&lt;/fex&gt; &lt;t&gt;terms&lt;/t&gt; &lt;fex name="Agreement"&gt;of the contract&lt;/fex&gt;.&lt;/ex&gt;
&lt;ex&gt;We will verify compliance with the financial &lt;t&gt;&lt;fex name="req"&gt;terms&lt;/fex&gt;&lt;/t&gt; of the contract.&lt;/ex&gt;

&lt;ex&gt;The Engineering Division has violated the &lt;fex name="reg"&gt;seniority&lt;/fex&gt; &lt;t&gt;provision&lt;/t&gt; &lt;fex name="Agreement"&gt;of the collective bargaining agreement.&lt;/fex&gt;&lt;/ex&gt;
&lt;ex&gt;The Engineering Division has violated the seniority&lt;t&gt; &lt;fex name="req"&gt;provision&lt;/fex&gt;&lt;/t&gt; of the collective bargaining agreement.&lt;/ex&gt;&lt;/def-root&gt;</definition>
    <FE bgColor="FF0000" fgColor="FFFFFF" coreType="Core" cBy="JKR" cDate="06/23/2005 05:15:12 PDT Thu" abbrev="agr" name="Agreement" ID="8339">
        <definition>&lt;def-root&gt;A mutual commitment to an obligation made by two or more parties.

&lt;ex&gt;The right to remove tenants ' fixtures may be given by the &lt;t&gt;terms&lt;/t&gt; &lt;fex name="Agreement"&gt;of the lease&lt;/fex&gt;. &lt;/ex&gt;&lt;/def-root&gt;</definition>
    </FE>
    <FE bgColor="00008B" fgColor="FFFFFF" coreType="Core" cBy="JKR" cDate="06/23/2005 05:16:23 PDT Thu" abbrev="reg" name="Regulated_entity" ID="8340">
        <definition>&lt;def-root&gt;A salient entity, an activity or behavior by the parties to the agreement to which a particular stipulation pertains.

&lt;ex&gt;Many believed that the &lt;fex name="reg"&gt;military&lt;/fex&gt; &lt;t&gt;terms&lt;/t&gt; of the armistice made the resumption of hostilities virtually impossible for Germany.&lt;/ex&gt;&lt;/def-root&gt;</definition>
    </FE>
    <FE bgColor="008000" fgColor="FFFFFF" coreType="Core" cBy="JKR" cDate="06/23/2005 05:23:21 PDT Thu" abbrev="req" name="Requirements" ID="8341">
        <definition>&lt;def-root&gt;The &lt;fen&gt;Requirements&lt;/fen&gt; that a particular stipulation of the &lt;fen&gt;Agreement&lt;/fen&gt; imposes on one or both of the parties.

&lt;ex&gt;Each time you use the site, a &lt;t&gt;condition&lt;/t&gt; of use &lt;m&gt;is&lt;/m&gt; &lt;fex name="req"&gt;that you comply with the above terms&lt;/fex&gt;.&lt;/ex&gt;&lt;/def-root&gt;</definition>
    </FE>
    <FE bgColor="800080" fgColor="FFFFFF" coreType="Core" cBy="JKR" cDate="06/23/2005 06:40:53 PDT Thu" abbrev="des" name="Desired_state_of_affairs" ID="8342">
        <definition>&lt;def-root&gt;An event or state of affairs that is desirable to some or all of the parties to the &lt;fen&gt;Agreement&lt;/fen&gt; and which is conditional on the &lt;fen&gt;Requirements&lt;/fen&gt; being met.

&lt;ex&gt;What are your &lt;t&gt;conditions&lt;/t&gt; &lt;fex name="des"&gt;of Sale&lt;/fex&gt;?&lt;/ex&gt;
&lt;/def-root&gt;</definition>
    </FE>
    <FE bgColor="0000FF" fgColor="FFFFFF" coreType="Core" cBy="JKR" cDate="06/23/2005 06:51:09 PDT Thu" abbrev="par" name="Party" ID="8343">
        <definition>&lt;def-root&gt;A party who demands that certain &lt;fen&gt;Requirements&lt;/fen&gt; be met before they will enter into an &lt;fen&gt;Agreement&lt;/fen&gt; or allow a &lt;fen&gt;Desired_state_of_affairs&lt;/fen&gt; to be realized.

&lt;ex&gt;&lt;fex name="par"&gt;Our&lt;/fex&gt; political and military &lt;t&gt;terms&lt;/t&gt; of peace will be designed to prevent a repetition of Germany's misdeeds&lt;/ex&gt;&lt;/def-root&gt;</definition>
    </FE>
    <FE bgColor="1E90FF" fgColor="FFFFFF" coreType="Extra-Thematic" cBy="JKR" cDate="06/23/2005 07:10:10 PDT Thu" abbrev="scr" name="Descriptor" ID="8344">
        <definition>&lt;def-root&gt;A description of the &lt;fen&gt;Requirements&lt;/fen&gt; that are imposed by the &lt;fen&gt;Agreement&lt;/fen&gt;.

&lt;ex&gt;No reason why SU would have to impose &lt;fex name="scr"&gt;harsh&lt;/fex&gt; &lt;t&gt;terms&lt;/t&gt;, the lease payments would pay
the bank loan used to buy the stadium.&lt;/ex&gt;&lt;/def-root&gt;</definition>
    </FE>
    <frameRelation type="Inherits from"/>
    <frameRelation type="Is Inherited by"/>
    <frameRelation type="Perspective on"/>
    <frameRelation type="Is Perspectivized in"/>
    <frameRelation type="Uses">
        <relatedFrame ID="560">Documents</relatedFrame>
    </frameRelation>
    <frameRelation type="Is Used by"/>
    <frameRelation type="Subframe of"/>
    <frameRelation type="Has Subframe(s)"/>
    <frameRelation type="Precedes"/>
    <frameRelation type="Is Preceded by"/>
    <frameRelation type="Is Inchoative of"/>
    <frameRelation type="Is Causative of"/>
    <frameRelation type="See also"/>
    <lexUnit status="Needs_SCs" POS="N" name="condition.n" ID="12336" lemmaID="7671" cBy="JKR" cDate="06/23/2005 05:09:11 PDT Thu">
        <definition>COD: a state of affairs that must exist before something else is possible.</definition>
        <sentenceCount annotated="2" total="128"/>
        <lexeme order="1" headword="false" breakBefore="false" POS="N" name="condition"/>
    </lexUnit>
    <lexUnit status="Created" POS="N" name="stipulation.n" ID="12338" lemmaID="38092" cBy="JKR" cDate="06/23/2005 05:11:41 PDT Thu">
        <definition>FN: demand that is part of a bargain or agreement.</definition>
        <sentenceCount annotated="0" total="0"/>
        <lexeme order="1" headword="false" breakBefore="false" POS="N" name="stipulation"/>
    </lexUnit>
    <lexUnit status="Created" POS="N" name="provision.n" ID="12339" lemmaID="30915" cBy="JKR" cDate="06/23/2005 05:12:33 PDT Thu">
        <definition>COD: a condition or requirement in a legal document.</definition>
        <sentenceCount annotated="1" total="2"/>
        <lexeme order="1" headword="false" breakBefore="false" POS="N" name="provision"/>
    </lexUnit>
    <lexUnit status="Created" POS="N" name="clause.n" ID="12340" lemmaID="6698" cBy="JKR" cDate="06/23/2005 05:20:09 PDT Thu">
        <definition>COD: a particular and separate article, stipulation, or proviso in a treaty, bill, or contract</definition>
        <sentenceCount annotated="1" total="1"/>
        <lexeme order="1" headword="false" breakBefore="false" POS="N" name="clause"/>
    </lexUnit>
    <lexUnit status="Created" POS="N" name="term.n" ID="12349" lemmaID="39896" cBy="JKR" cDate="06/28/2005 11:25:03 PDT Tue">
        <definition>COD: stipulated or agreed requirements.</definition>
        <sentenceCount annotated="5" total="5"/>
        <lexeme order="1" headword="false" breakBefore="false" POS="N" name="term"/>
    </lexUnit>
    <lexUnit status="Created" POS="N" name="parameter.n" ID="14261" lemmaID="27779" cBy="KmG" cDate="03/30/2007 11:15:47 PDT Fri">
        <definition>COD: a limit or boundary which defines the scope of a particular process or activity.</definition>
        <sentenceCount annotated="1" total="1"/>
        <lexeme order="1" headword="false" breakBefore="false" POS="N" name="parameter"/>
    </lexUnit>
</frame>