<?xml version="1.0" encoding="UTF-8" standalone="yes"?>
<?xml-stylesheet type="text/xsl" href="frame.xsl"?>
<frame cBy="MJE" cDate="02/28/2002 05:57:56 PST Thu" name="Text_creation" ID="278" xsi:schemaLocation="../schema/frame.xsd" xmlns="http://framenet.icsi.berkeley.edu" xmlns:xsi="http://www.w3.org/2001/XMLSchema-instance">
    <definition>&lt;def-root&gt;An &lt;fen&gt;Author&lt;/fen&gt; creates a &lt;fen&gt;Text&lt;/fen&gt;, either written, such as a letter, or spoken, such as a speech,  that contains meaningful linguistic tokens, and may have a particular &lt;fen&gt;Addressee&lt;/fen&gt; in mind.  The &lt;fen&gt;Text&lt;/fen&gt; may include information about its topic, although the latter is not an FE in this frame.

&lt;ex&gt;&lt;fex name="Author"&gt;I&lt;/fex&gt; &lt;t&gt;penned&lt;/t&gt; &lt;fex name="Text"&gt;a letter concerning racism&lt;/fex&gt;  &lt;fex name="Addressee"&gt;to Congress&lt;/fex&gt;.&lt;/ex&gt;
&lt;ex&gt;&lt;fex name="Author"&gt;The brothers&lt;/fex&gt; &lt;t&gt;said&lt;/t&gt; &lt;fex name="Text"&gt;not two words&lt;/fex&gt; &lt;fex name="Addressee"&gt;to each other&lt;/fex&gt;.&lt;/ex&gt;
&lt;ex&gt;&lt;t&gt;Jot&lt;/t&gt; &lt;fex name="Text"&gt;any notes you need&lt;/fex&gt; &lt;fex name="Place"&gt;below the line&lt;/fex&gt; &lt;fex name="Manner"&gt;in red pen only&lt;/fex&gt;.&lt;/ex&gt;&lt;/def-root&gt;</definition>
    <FE bgColor="FF0000" fgColor="FFFFFF" coreType="Core" cBy="MJE" cDate="03/04/2002 03:05:05 PST Mon" abbrev="Author" name="Author" ID="2428">
        <definition>&lt;def-root&gt;The &lt;fen&gt;Author&lt;/fen&gt; produces a particular &lt;fen&gt;Text&lt;/fen&gt;.&lt;/def-root&gt;</definition>
        <semType name="Sentient" ID="5"/>
    </FE>
    <FE bgColor="FF69B4" fgColor="FFFFFF" coreType="Extra-Thematic" cBy="MJE" cDate="03/04/2002 03:05:05 PST Mon" abbrev="Cmpnt" name="Components" ID="2429">
        <definition>&lt;def-root&gt;The &lt;fen&gt;Components&lt;/fen&gt; are the parts that the &lt;fen&gt;Author&lt;/fen&gt; uses to construct the &lt;fen&gt;Text&lt;/fen&gt;. &lt;ex&gt; Caitlin &lt;t&gt;wrote&lt;/t&gt; the book &lt;fex name="Components"&gt;from memoirs she collected&lt;/fex&gt;.&lt;/ex&gt;&lt;/def-root&gt;</definition>
    </FE>
    <FE bgColor="0000FF" fgColor="FFFFFF" coreType="Core" cBy="MJE" cDate="03/04/2002 03:05:05 PST Mon" abbrev="text" name="Text" ID="2430">
        <definition>&lt;def-root&gt;The entity which results from the act of writing or speaking.
&lt;ex&gt;Michael &lt;t&gt;wrote&lt;/t&gt; &lt;fex name="Text"&gt;a frame description&lt;/fex&gt;.&lt;/ex&gt; &lt;ex&gt; Cybil wanted to &lt;t&gt;speak&lt;/t&gt; &lt;fex name="Text"&gt;those three words&lt;/fex&gt;.&lt;/ex&gt;&lt;/def-root&gt;</definition>
    </FE>
    <FE bgColor="9400D3" fgColor="FFFFFF" coreType="Extra-Thematic" cBy="MJE" cDate="03/04/2002 03:05:05 PST Mon" abbrev="Depict" name="Depictive" ID="2431">
        <definition>&lt;def-root&gt;Depictive phrase describing the actor of an action
&lt;ex&gt;I &lt;t&gt;wrote&lt;/t&gt; everything in that decade &lt;fex name="Depict"&gt;on drugs&lt;/fex&gt;.&lt;/ex&gt;&lt;/def-root&gt;</definition>
    </FE>
    <FE bgColor="808080" fgColor="FFFFFF" coreType="Peripheral" cBy="MJE" cDate="03/04/2002 03:05:05 PST Mon" abbrev="Ins" name="Instrument" ID="2432">
        <definition>&lt;def-root&gt;The instrument with which an intentional act is performed.&lt;/def-root&gt;</definition>
        <semType name="Physical_entity" ID="70"/>
    </FE>
    <FE bgColor="008000" fgColor="FFFFFF" coreType="Peripheral" cBy="MJE" cDate="03/04/2002 03:05:05 PST Mon" abbrev="Place" name="Place" ID="2433">
        <definition>&lt;def-root&gt;Where the event takes place.&lt;/def-root&gt;</definition>
        <semType name="Locative_relation" ID="182"/>
    </FE>
    <FE bgColor="FF00FF" fgColor="FFFFFF" coreType="Peripheral" cBy="MJE" cDate="03/04/2002 03:05:05 PST Mon" abbrev="Manr" name="Manner" ID="2434">
        <definition>&lt;def-root&gt;Manner of performing an action.  This frame includes some peculiar examples of manner phrases.
&lt;t&gt;Write&lt;/t&gt; it &lt;fex name="Manner"&gt;in pen&lt;/fex&gt;.  
&lt;t&gt;Write&lt;/t&gt; it &lt;fex name="Manner"&gt;in ink&lt;/fex&gt;.&lt;/def-root&gt;</definition>
        <semType name="Manner" ID="173"/>
    </FE>
    <FE bgColor="A52A2A" fgColor="FFFFFF" coreType="Peripheral" cBy="MJE" cDate="03/04/2002 03:05:05 PST Mon" abbrev="Mns" name="Means" ID="2435">
        <definition>&lt;def-root&gt;This FE identifies the &lt;fen&gt;Means&lt;/fen&gt; by which a &lt;fen&gt;Text&lt;/fen&gt; is created.&lt;/def-root&gt;</definition>
        <semType name="State_of_affairs" ID="177"/>
    </FE>
    <FE bgColor="800080" fgColor="FFFFFF" coreType="Peripheral" cBy="MJE" cDate="03/04/2002 03:05:05 PST Mon" abbrev="Purp" name="Purpose" ID="2436">
        <definition>&lt;def-root&gt;The purpose for which an intentional act is performed.
&lt;/def-root&gt;</definition>
        <semType name="State_of_affairs" ID="177"/>
    </FE>
    <FE bgColor="FFA500" fgColor="FFFFFF" coreType="Peripheral" cBy="MJE" cDate="03/04/2002 03:05:06 PST Mon" abbrev="Time" name="Time" ID="2437">
        <definition>&lt;def-root&gt;This FE identifies the &lt;fen&gt;Time&lt;/fen&gt; at which the text is created.&lt;/def-root&gt;</definition>
        <semType name="Time" ID="141"/>
    </FE>
    <FE bgColor="006400" fgColor="FFFFFF" coreType="Extra-Thematic" cBy="MJE" cDate="03/08/2002 05:05:09 PST Fri" abbrev="Addressee" name="Addressee" ID="2452">
        <definition>&lt;def-root&gt;This is the person to whom the Message is communicated. When this FE is expressed, it often appears in a prepositional phrase introduced by to, or as the direct object, or as the first object in a double object construction.


&lt;/def-root&gt;</definition>
        <semType name="Sentient" ID="5"/>
    </FE>
    <FE bgColor="00008B" fgColor="FFFFFF" coreType="Extra-Thematic" cBy="MJE" cDate="03/08/2002 05:07:13 PST Fri" abbrev="Ben" name="Beneficiary" ID="2454">
        <definition>&lt;def-root&gt;&lt;fen&gt;Beneficiary&lt;/fen&gt; identifies the person in whose honor or for whose benefit the &lt;fen&gt;Text&lt;/fen&gt; is created.&lt;/def-root&gt;</definition>
    </FE>
    <FE bgColor="1E90FF" fgColor="FFFFFF" coreType="Extra-Thematic" cBy="GlY" cDate="03/18/2003 05:15:53 PST Tue" abbrev="For" name="Form" ID="4290">
        <definition>&lt;def-root&gt;This FE describes the form in which the text is presented.

&lt;ex&gt;&lt;fex name="Author"&gt;Yeats&lt;/fex&gt; &lt;t&gt;wrote&lt;/t&gt; &lt;t&gt;out&lt;/t&gt; his poems &lt;fex name="Form"&gt;in prose&lt;/fex&gt;.&lt;/ex&gt;&lt;/def-root&gt;</definition>
    </FE>
    <FE bgColor="90876C" fgColor="FFFFFF" coreType="Extra-Thematic" cBy="RLG" cDate="06/17/2003 03:39:55 PDT Tue" abbrev="exp" name="Explanation" ID="4640">
        <definition>&lt;def-root&gt;The &lt;fen&gt;Explanation&lt;/fen&gt; for creating the text.
&lt;ex&gt;I &lt;t&gt;wrote&lt;/t&gt; the article &lt;fex name="exp"&gt;because I would have lost my teaching post otherwise&lt;/fex&gt;.&lt;/ex&gt;&lt;/def-root&gt;</definition>
        <semType name="State_of_affairs" ID="177"/>
    </FE>
    <FE bgColor="00BFFF" fgColor="FFFFFF" coreType="Peripheral" cBy="AlK" cDate="11/04/2010 12:29:21 PDT Thu" abbrev="" name="Medium" ID="14256">
        <definition>&lt;def-root&gt;The language in which the &lt;fen&gt;Text&lt;/fen&gt; is represented or the physical materials upon which the &lt;fen&gt;Text&lt;/fen&gt; is recorded.

&lt;ex&gt;I &lt;t&gt;wrote&lt;/t&gt; the code &lt;fex name="Medium"&gt;on the back of the envelope&lt;/fex&gt;.&lt;/ex&gt;&lt;/def-root&gt;</definition>
    </FE>
    <frameRelation type="Inherits from">
        <relatedFrame ID="280">Intentionally_create</relatedFrame>
    </frameRelation>
    <frameRelation type="Is Inherited by">
        <relatedFrame ID="1151">Sign_agreement</relatedFrame>
    </frameRelation>
    <frameRelation type="Perspective on"/>
    <frameRelation type="Is Perspectivized in"/>
    <frameRelation type="Uses">
        <relatedFrame ID="6">Communication</relatedFrame>
    </frameRelation>
    <frameRelation type="Is Used by">
        <relatedFrame ID="1081">Spelling_and_pronouncing</relatedFrame>
        <relatedFrame ID="298">Text</relatedFrame>
    </frameRelation>
    <frameRelation type="Subframe of"/>
    <frameRelation type="Has Subframe(s)"/>
    <frameRelation type="Precedes"/>
    <frameRelation type="Is Preceded by"/>
    <frameRelation type="Is Inchoative of"/>
    <frameRelation type="Is Causative of"/>
    <frameRelation type="See also"/>
    <lexUnit status="Finished_Initial" POS="V" name="pen.v" ID="5065" lemmaID="28291" cBy="MJE" cDate="02/28/2002 06:01:44 PST Thu">
        <definition>COD: write or compose</definition>
        <sentenceCount annotated="12" total="124"/>
        <lexeme order="1" headword="false" breakBefore="false" POS="V" name="pen"/>
    </lexUnit>
    <lexUnit status="Finished_Initial" POS="V" name="author.v" ID="5066" lemmaID="45495" cBy="MJE" cDate="02/28/2002 06:14:28 PST Thu">
        <definition>COD: be the author or the originator of. </definition>
        <sentenceCount annotated="6" total="53"/>
        <lexeme order="1" headword="false" breakBefore="false" POS="V" name="author"/>
    </lexUnit>
    <lexUnit status="Finished_Initial" POS="V" name="write.v" ID="5067" lemmaID="44595" cBy="MJE" cDate="02/28/2002 06:53:23 PST Thu">
        <definition>FN: compose a text  in writing</definition>
        <sentenceCount annotated="117" total="405"/>
        <lexeme order="1" headword="false" breakBefore="false" POS="V" name="write"/>
    </lexUnit>
    <lexUnit status="Finished_Initial" POS="V" name="compose.v" ID="5068" lemmaID="7522" cBy="MJE" cDate="02/28/2002 06:54:51 PST Thu">
        <definition>COD: write or create (a work of art, especially music or poetry). </definition>
        <sentenceCount annotated="47" total="261"/>
        <lexeme order="1" headword="false" breakBefore="false" POS="V" name="compose"/>
    </lexUnit>
    <lexUnit status="Finished_Initial" POS="V" name="draft.v" ID="5069" lemmaID="11674" cBy="MJE" cDate="02/28/2002 06:56:01 PST Thu">
        <definition>COD: prepare a preliminary version of (a text). </definition>
        <sentenceCount annotated="26" total="167"/>
        <lexeme order="1" headword="false" breakBefore="false" POS="V" name="draft"/>
    </lexUnit>
    <lexUnit status="Finished_Initial" POS="V" name="jot down.v" ID="5070" lemmaID="45496" cBy="MJE" cDate="02/28/2002 06:57:00 PST Thu">
        <definition>FN: write quickly on paper or other receptive medium.</definition>
        <sentenceCount annotated="9" total="88"/>
        <lexeme order="1" headword="true" breakBefore="false" POS="V" name="jot"/>
        <lexeme order="2" headword="false" breakBefore="false" POS="ADV" name="down"/>
    </lexUnit>
    <lexUnit status="Finished_Initial" POS="V" name="jot.v" ID="5071" lemmaID="21053" cBy="MJE" cDate="02/28/2002 06:57:56 PST Thu">
        <definition>COD:  write quickly. </definition>
        <sentenceCount annotated="5" total="87"/>
        <lexeme order="1" headword="false" breakBefore="false" POS="V" name="jot"/>
    </lexUnit>
    <lexUnit status="Created" POS="V" name="speak.v" ID="5072" lemmaID="37202" cBy="MJE" cDate="02/28/2002 06:58:11 PST Thu">
        <definition>FN: say (a verbal formula).</definition>
        <sentenceCount annotated="2" total="2"/>
        <lexeme order="1" headword="false" breakBefore="false" POS="V" name="speak"/>
    </lexUnit>
    <lexUnit status="Finished_Initial" POS="V" name="say.v" ID="5073" lemmaID="34276" cBy="MJE" cDate="02/28/2002 06:58:28 PST Thu">
        <definition>FN: recite or create a speech, formula, or other meaningful text</definition>
        <sentenceCount annotated="32" total="323"/>
        <lexeme order="1" headword="false" breakBefore="false" POS="V" name="say"/>
    </lexUnit>
    <lexUnit status="Finished_Initial" POS="V" name="utter.v" ID="5074" lemmaID="42598" cBy="MJE" cDate="02/28/2002 06:58:45 PST Thu">
        <definition>COD:  make (a sound) or say (something). </definition>
        <sentenceCount annotated="25" total="232"/>
        <lexeme order="1" headword="false" breakBefore="false" POS="V" name="utter"/>
    </lexUnit>
    <lexUnit status="Finished_Initial" POS="V" name="write up.v" ID="5190" lemmaID="45520" cBy="MJE" cDate="03/08/2002 02:41:43 PST Fri">
        <definition>FN: write a full account of something</definition>
        <sentenceCount annotated="16" total="339"/>
        <lexeme order="2" headword="false" breakBefore="true" POS="ADV" name="up"/>
        <lexeme order="1" headword="true" breakBefore="false" POS="V" name="write"/>
    </lexUnit>
    <lexUnit status="Finished_Initial" POS="V" name="write down.v" ID="5210" lemmaID="45521" cBy="MJE" cDate="03/12/2002 04:14:47 PST Tue">
        <definition>FN: physically write (a mark or symbol) on paper or another receptive medium.</definition>
        <sentenceCount annotated="18" total="396"/>
        <lexeme order="2" headword="false" breakBefore="true" POS="ADV" name="down"/>
        <lexeme order="1" headword="true" breakBefore="false" POS="V" name="write"/>
    </lexUnit>
    <lexUnit status="Finished_Initial" POS="V" name="write in.v" ID="5211" lemmaID="45522" cBy="MJE" cDate="03/12/2002 04:53:53 PST Tue">
        <definition>FN: to write (e.g., a letter) to a central letter-receiving location (e.g., as a letter to the editor)</definition>
        <sentenceCount annotated="5" total="312"/>
        <lexeme order="2" headword="false" breakBefore="true" POS="PREP" name="in"/>
        <lexeme order="1" headword="true" breakBefore="false" POS="V" name="write"/>
    </lexUnit>
    <lexUnit status="Finished_Initial" POS="V" name="write out.v" ID="5212" lemmaID="45523" cBy="MJE" cDate="03/12/2002 05:34:15 PST Tue">
        <definition>FN: write carefully, generally to avoid omitting necessary parts of a message (or other sequence of symbols) which is already formed in the mind</definition>
        <sentenceCount annotated="8" total="208"/>
        <lexeme order="2" headword="false" breakBefore="true" POS="ADV" name="out"/>
        <lexeme order="1" headword="true" breakBefore="false" POS="V" name="write"/>
    </lexUnit>
    <lexUnit status="Created" POS="V" name="print.v" ID="5213" lemmaID="30471" cBy="MJE" cDate="03/12/2002 05:36:33 PST Tue">
        <definition>COD: write clearly without joining the letters. </definition>
        <sentenceCount annotated="1" total="1"/>
        <lexeme order="1" headword="false" breakBefore="false" POS="V" name="print"/>
    </lexUnit>
    <lexUnit status="Finished_Initial" POS="V" name="type.v" ID="5214" lemmaID="41681" cBy="MJE" cDate="03/12/2002 05:36:59 PST Tue">
        <definition>COD: write using a typewriter or computer. </definition>
        <sentenceCount annotated="26" total="225"/>
        <lexeme order="1" headword="false" breakBefore="false" POS="V" name="type"/>
    </lexUnit>
    <lexUnit status="Finished_Initial" POS="V" name="type out.v" ID="5215" lemmaID="45524" cBy="MJE" cDate="03/12/2002 05:38:37 PST Tue">
        <definition>FN: type completely, expressing all parts of a message already formed in the mind.</definition>
        <sentenceCount annotated="6" total="202"/>
        <lexeme order="2" headword="false" breakBefore="true" POS="ADV" name="out"/>
        <lexeme order="1" headword="true" breakBefore="false" POS="V" name="type"/>
    </lexUnit>
    <lexUnit status="Finished_Initial" POS="V" name="type up.v" ID="5216" lemmaID="45525" cBy="MJE" cDate="03/12/2002 05:39:09 PST Tue">
        <definition>FN: create a message by typing</definition>
        <sentenceCount annotated="6" total="297"/>
        <lexeme order="1" headword="true" breakBefore="false" POS="V" name="type"/>
        <lexeme order="2" headword="false" breakBefore="true" POS="ADV" name="up"/>
    </lexUnit>
    <lexUnit status="Finished_Initial" POS="V" name="type in.v" ID="5217" lemmaID="45526" cBy="MJE" cDate="03/12/2002 05:39:40 PST Tue">
        <definition>FN: input by typing.</definition>
        <sentenceCount annotated="9" total="148"/>
        <lexeme order="1" headword="true" breakBefore="false" POS="V" name="type"/>
        <lexeme order="2" headword="false" breakBefore="true" POS="PREP" name="in"/>
    </lexUnit>
    <lexUnit status="Finished_Initial" POS="V" name="print out.v" ID="5218" lemmaID="45527" cBy="MJE" cDate="03/12/2002 05:41:15 PST Tue">
        <definition>COD: produce a paper copy of (information stored on a computer). </definition>
        <sentenceCount annotated="15" total="321"/>
        <lexeme order="1" headword="true" breakBefore="false" POS="V" name="print"/>
        <lexeme order="2" headword="false" breakBefore="true" POS="ADV" name="out"/>
    </lexUnit>
    <lexUnit status="Finished_Initial" POS="V" name="print up.v" ID="5219" lemmaID="45528" cBy="MJE" cDate="03/12/2002 05:42:09 PST Tue">
        <definition>COD: produce (books, newspapers, etc.) by a mechanical process involving the transfer of text or designs to paper. </definition>
        <sentenceCount annotated="6" total="361"/>
        <lexeme order="1" headword="true" breakBefore="false" POS="V" name="print"/>
        <lexeme order="2" headword="false" breakBefore="true" POS="ADV" name="up"/>
    </lexUnit>
    <lexUnit status="Created" POS="V" name="get down.v" ID="5256" lemmaID="45541" cBy="MJE" cDate="03/18/2002 06:02:50 PST Mon">
        <definition>FN: write down</definition>
        <sentenceCount annotated="0" total="0"/>
        <lexeme order="1" headword="true" breakBefore="false" POS="V" name="get"/>
        <lexeme order="2" headword="false" breakBefore="true" POS="ADV" name="down"/>
    </lexUnit>
    <lexUnit status="Finished_Initial" POS="V" name="chronicle.v" ID="5421" lemmaID="6463" cBy="MJE" cDate="04/03/2002 05:59:09 PST Wed">
        <definition>COD: record (a series of events) in a factual and detailed way. </definition>
        <sentenceCount annotated="7" total="50"/>
        <lexeme order="1" headword="false" breakBefore="false" POS="V" name="chronicle"/>
    </lexUnit>
    <lexUnit status="Created" incorporatedFE="Text" POS="V" name="sign.v" ID="13320" lemmaID="35869" cBy="MiL" cDate="06/26/2006 04:05:50 PDT Mon">
        <definition>COD: write one's name on (something) for the purposes of identification or authorization.</definition>
        <sentenceCount annotated="1" total="1"/>
        <lexeme order="1" headword="false" breakBefore="false" POS="V" name="sign"/>
    </lexUnit>
    <lexUnit status="Created" POS="V" name="dash off.v" ID="14897" lemmaID="50857" cBy="MJE" cDate="03/31/2008 05:19:31 PDT Mon">
        <definition>FN: to write down quickly .</definition>
        <sentenceCount annotated="0" total="0"/>
        <lexeme order="1" headword="true" breakBefore="false" POS="V" name="dash"/>
        <lexeme order="2" headword="false" breakBefore="true" POS="ADV" name="off"/>
    </lexUnit>
    <lexUnit status="Created" POS="V" name="list.v" ID="17372" lemmaID="22492" cBy="CVa" cDate="04/18/2013 02:37:06 PDT Thu">
        <definition>FN: to communicate an enumeration of enities or events, either written or spoken</definition>
        <sentenceCount annotated="0" total="0"/>
        <lexeme order="1" headword="false" breakBefore="false" POS="V" name="list"/>
    </lexUnit>
</frame>