<?xml version="1.0" encoding="UTF-8" standalone="yes"?>
<?xml-stylesheet type="text/xsl" href="frame.xsl"?>
<frame cBy="JKs" cDate="07/06/2009 03:52:55 PDT Mon" name="Timespan" ID="2142" xsi:schemaLocation="../schema/frame.xsd" xmlns="http://framenet.icsi.berkeley.edu" xmlns:xsi="http://www.w3.org/2001/XMLSchema-instance">
    <definition>&lt;def-root&gt;The words in this frame describe a period of time, as opposed to a point in time.

&lt;ex&gt;The &lt;fex name="Descriptor"&gt;best&lt;/fex&gt; &lt;t&gt;time&lt;/t&gt; &lt;fex name="Whole"&gt;of year&lt;/fex&gt; &lt;fex name="State"&gt;for planting&lt;/fex&gt; tends to be fairly regular.&lt;/ex&gt;
&lt;/def-root&gt;</definition>
    <FE bgColor="008000" fgColor="FFFFFF" coreType="Core" cBy="JKs" cDate="07/06/2009 03:52:55 PDT Mon" abbrev="" name="Duration" ID="13280">
        <definition>&lt;def-root&gt;A quantity or other characterization of the &lt;fen&gt;State&lt;/fen&gt;'s duration.  In this frame, the duration can be inexact.&lt;/def-root&gt;</definition>
    </FE>
    <FE bgColor="800080" fgColor="FFFFFF" coreType="Core" cBy="JKs" cDate="07/06/2009 03:52:55 PDT Mon" abbrev="" name="State" ID="13281">
        <definition>&lt;def-root&gt;An ongoing state whose duration can be measured.

&lt;ex&gt;&lt;fex name="State"&gt;He was a great actor&lt;/fex&gt; &lt;m&gt;in&lt;/m&gt; his &lt;t&gt;time&lt;/t&gt;.&lt;/ex&gt;&lt;/def-root&gt;</definition>
    </FE>
    <FE bgColor="0000FF" fgColor="FFFFFF" coreType="Peripheral" cBy="JKs" cDate="07/10/2009 10:11:12 PDT Fri" abbrev="" name="Whole" ID="13290">
        <definition>&lt;def-root&gt;The &lt;fen&gt;Whole&lt;/fen&gt; is the larger moment in time of which the target is a part.

&lt;ex&gt;What &lt;t&gt;time&lt;/t&gt; &lt;fex name="Whole"&gt;of year&lt;/fex&gt; do you suggest we visit Tbilisi?&lt;/ex&gt;&lt;/def-root&gt;</definition>
    </FE>
    <FE bgColor="FFFF00" fgColor="000000" coreType="Extra-Thematic" cBy="AnW" cDate="08/21/2009 03:39:08 PDT Fri" abbrev="" name="Descriptor" ID="13441">
        <definition>&lt;def-root&gt;Any characterization or evaluation of the timespan not covered by a more specific FE.&lt;/def-root&gt;</definition>
    </FE>
    <frameRelation type="Inherits from"/>
    <frameRelation type="Is Inherited by">
        <relatedFrame ID="2290">Time_period_of_action</relatedFrame>
    </frameRelation>
    <frameRelation type="Perspective on">
        <relatedFrame ID="2123">Delimited_state_scenario</relatedFrame>
    </frameRelation>
    <frameRelation type="Is Perspectivized in"/>
    <frameRelation type="Uses"/>
    <frameRelation type="Is Used by"/>
    <frameRelation type="Subframe of"/>
    <frameRelation type="Has Subframe(s)"/>
    <frameRelation type="Precedes"/>
    <frameRelation type="Is Preceded by"/>
    <frameRelation type="Is Inchoative of"/>
    <frameRelation type="Is Causative of"/>
    <frameRelation type="See also"/>
    <lexUnit status="Created" POS="N" name="day.n" ID="15518" lemmaID="51033" cBy="AlK" cDate="09/01/2009 04:33:15 PDT Tue">
        <definition>FN: a period of time in an entity's past</definition>
        <sentenceCount annotated="2" total="2"/>
        <lexeme order="1" headword="true" breakBefore="false" POS="N" name="Day"/>
    </lexUnit>
    <lexUnit status="Finished_Initial" POS="N" name="time.n" ID="15519" lemmaID="40441" cBy="AlK" cDate="09/02/2009 01:40:41 PDT Wed">
        <definition>FN: an indefinite period of time</definition>
        <sentenceCount annotated="21" total="341"/>
        <lexeme order="1" headword="false" breakBefore="false" POS="N" name="time"/>
    </lexUnit>
    <lexUnit status="Finished_Initial" POS="N" name="life.n" ID="16371" lemmaID="22269" cBy="AlK" cDate="06/16/2011 01:26:32 PDT Thu">
        <definition>FN: a section of time in a person's lifetime</definition>
        <sentenceCount annotated="84" total="135"/>
        <lexeme order="1" headword="false" breakBefore="false" POS="N" name="life"/>
    </lexUnit>
</frame>