<?xml version="1.0" encoding="UTF-8" standalone="yes"?>
<?xml-stylesheet type="text/xsl" href="frame.xsl"?>
<frame cBy="MJE" cDate="08/29/2015 03:02:32 PDT Sat" name="Transition_to_a_quality" ID="2972" xsi:schemaLocation="../schema/frame.xsd" xmlns="http://framenet.icsi.berkeley.edu" xmlns:xsi="http://www.w3.org/2001/XMLSchema-instance">
    <definition>&lt;def-root&gt;An &lt;fen&gt;Entity&lt;/fen&gt; ends up with a particular new &lt;fen&gt;Final_quality&lt;/fen&gt;.  

&lt;ex&gt;&lt;fex name="Entity"&gt;The milk&lt;/fex&gt; has &lt;t&gt;gone&lt;/t&gt; &lt;fex name="Final_quality"&gt;sour&lt;/fex&gt; &lt;fex name="Time"&gt;already&lt;/fex&gt; .&lt;/ex&gt;

There is only one lexical unit, go.v, that evokes this frame directly in English, and it combines only with a limited set of &lt;fen&gt;Final_quality&lt;/fen&gt; types, such as undesirability (bad, sour), insanity (crazy), inability (limp), or posture (prone).  However, the frame itself is intended to cover situations with arbitrary &lt;fen&gt;Final_quality&lt;/fen&gt; types.  As such, frames describing simple state change should inherit from this frame, incorporating the &lt;fen&gt;Final_quality&lt;/fen&gt; FE as part of the background meaning of the frame.&lt;/def-root&gt;</definition>
    <FE bgColor="008000" fgColor="FFFFFF" coreType="Peripheral" cBy="MJE" cDate="08/29/2015 03:02:32 PDT Sat" abbrev="Place" name="Place" ID="16608">
        <definition>&lt;def-root&gt;Where the change takes place.

&lt;ex&gt;I &lt;t&gt;went&lt;/t&gt; nuts &lt;fex name="Final_quality"&gt;in Berlin&lt;/fex&gt; .&lt;/ex&gt;&lt;/def-root&gt;</definition>
        <semType name="Locative_relation" ID="182"/>
    </FE>
    <FE bgColor="FFA500" fgColor="FFFFFF" coreType="Peripheral" cBy="MJE" cDate="08/29/2015 03:02:32 PDT Sat" abbrev="tim" name="Time" ID="16609">
        <definition>&lt;def-root&gt;When the change occurs.

&lt;ex&gt;&lt;fex name="tim"&gt;By 1945&lt;/fex&gt; he had &lt;t&gt;gone&lt;/t&gt; bad .&lt;/ex&gt;&lt;/def-root&gt;</definition>
        <semType name="Time" ID="141"/>
    </FE>
    <FE bgColor="A52A2A" fgColor="FFFFFF" coreType="Extra-Thematic" cBy="MJE" cDate="08/29/2015 03:02:33 PDT Sat" abbrev="dur" name="Duration_of_final_state" ID="16610">
        <definition>&lt;def-root&gt;The length of time that the &lt;fen&gt;Entity&lt;/fen&gt; retains the &lt;fen&gt;Final_quality&lt;/fen&gt;.


&lt;ex&gt;He &lt;t&gt;went&lt;/t&gt; nuts &lt;fex name="dur"&gt;for three years&lt;/fex&gt; . &lt;/ex&gt;&lt;/def-root&gt;</definition>
        <semType name="Duration" ID="142"/>
    </FE>
    <FE bgColor="FF00FF" fgColor="000000" coreType="Peripheral" cBy="MJE" cDate="08/29/2015 03:02:33 PDT Sat" abbrev="man" name="Manner" ID="16611">
        <definition>&lt;def-root&gt;Any description of the event which is not covered by more specific FEs, including epistemic modification (&lt;ment&gt;probably, presumably, mysteriously&lt;/ment&gt;), secondary effects (&lt;ment&gt;quietly, loudly&lt;/ment&gt;), and general descriptions comparing events (&lt;ment&gt;the same way&lt;/ment&gt;). In cases where the &lt;fen&gt;Entity&lt;/fen&gt; is intentional, &lt;fen&gt;Manner&lt;/fen&gt; may indicate salient characteristics of an intentional &lt;fen&gt;Entity&lt;/fen&gt; that also affect the event (&lt;ment&gt;presumptuously, coldly, deliberately, eagerly, carefully&lt;/ment&gt;). 

&lt;ex&gt;The majority &lt;fex name="man"&gt;slowly&lt;/fex&gt; &lt;t&gt;went&lt;/t&gt; silent .&lt;/ex&gt;&lt;/def-root&gt;</definition>
        <semType name="Manner" ID="173"/>
    </FE>
    <FE bgColor="FF0000" fgColor="FFFFFF" coreType="Core" cBy="MJE" cDate="08/29/2015 03:02:33 PDT Sat" abbrev="ent" name="Entity" ID="16612">
        <definition>&lt;def-root&gt;The &lt;fen&gt;Entity&lt;/fen&gt; which undergoes a change so that it possesses the &lt;fen&gt;Final_quality&lt;/fen&gt;.

&lt;ex&gt;&lt;fex name="ent"&gt;I&lt;/fex&gt; &lt;t&gt;went&lt;/t&gt; limp .&lt;/ex&gt;&lt;/def-root&gt;</definition>
    </FE>
    <FE bgColor="7CCD7C" fgColor="FFFFFF" coreType="Core-Unexpressed" cBy="MJE" cDate="08/29/2015 03:02:33 PDT Sat" abbrev="finq" name="Final_quality" ID="16613">
        <definition>&lt;def-root&gt;The quality that the &lt;fen&gt;Entity&lt;/fen&gt; has at the end of the event.

&lt;ex&gt;Everything 's &lt;t&gt;going&lt;/t&gt; &lt;fex name="finq"&gt;wrong&lt;/fex&gt;!&lt;/ex&gt;&lt;/def-root&gt;</definition>
    </FE>
    <FE bgColor="0000FF" fgColor="FFFFFF" coreType="Extra-Thematic" cBy="MJE" cDate="08/29/2015 03:02:33 PDT Sat" abbrev="trp" name="Transitional_period" ID="16615">
        <definition>&lt;def-root&gt;The period during which the &lt;fen&gt;Entity&lt;/fen&gt; is in transition.

&lt;ex&gt;&lt;fex name="trp"&gt;Over the last 5 years&lt;/fex&gt;, I've &lt;t&gt;gone&lt;/t&gt; crazy.&lt;/ex&gt;&lt;/def-root&gt;</definition>
    </FE>
    <FE bgColor="9F79EE" fgColor="FFFFFF" coreType="Extra-Thematic" cBy="MJE" cDate="08/29/2015 03:02:33 PDT Sat" abbrev="cir" name="Circumstances" ID="16617">
        <definition>&lt;def-root&gt;This FE marks the set of conditions under which the &lt;fen&gt;Entity&lt;/fen&gt; adopts &lt;fen&gt;Final_quality&lt;/fen&gt;.&lt;/def-root&gt;</definition>
    </FE>
    <FE bgColor="d0d0d0" fgColor="000000" coreType="Extra-Thematic" cBy="MJE" cDate="08/29/2015 03:02:33 PDT Sat" abbrev="grp" name="Group" ID="16619">
        <definition>&lt;def-root&gt;A characterization of the kind of &lt;fen&gt;Group&lt;/fen&gt; members that the &lt;fen&gt;Entity&lt;/fen&gt; pertains to, and which are saliently affected by its change.&lt;/def-root&gt;</definition>
    </FE>
    <FE bgColor="90876C" fgColor="FFFFFF" coreType="Extra-Thematic" cBy="MJE" cDate="08/29/2015 03:02:33 PDT Sat" abbrev="Expl" name="Explanation" ID="16620">
        <definition>&lt;def-root&gt;Any eventuality or entity which brings about the change of the &lt;fen&gt;Entity&lt;/fen&gt;.

&lt;ex&gt;Smithers &lt;t&gt;went&lt;/t&gt; numb &lt;fex name="Explanation"&gt;from all the work he'd been doing&lt;/fex&gt;.&lt;/ex&gt;&lt;/def-root&gt;</definition>
        <semType name="State_of_affairs" ID="177"/>
    </FE>
    <frameRelation type="Inherits from">
        <relatedFrame ID="2971">Becoming</relatedFrame>
    </frameRelation>
    <frameRelation type="Is Inherited by">
        <relatedFrame ID="830">Absorb_heat</relatedFrame>
        <relatedFrame ID="306">Becoming_attached</relatedFrame>
        <relatedFrame ID="2029">Becoming_dry</relatedFrame>
        <relatedFrame ID="1391">Becoming_detached</relatedFrame>
        <relatedFrame ID="2582">Becoming_visible</relatedFrame>
    </frameRelation>
    <frameRelation type="Perspective on"/>
    <frameRelation type="Is Perspectivized in"/>
    <frameRelation type="Uses">
        <relatedFrame ID="1015">Gradable_attributes</relatedFrame>
    </frameRelation>
    <frameRelation type="Is Used by"/>
    <frameRelation type="Subframe of"/>
    <frameRelation type="Has Subframe(s)"/>
    <frameRelation type="Precedes"/>
    <frameRelation type="Is Preceded by"/>
    <frameRelation type="Is Inchoative of"/>
    <frameRelation type="Is Causative of"/>
    <frameRelation type="See also"/>
    <lexUnit status="Created" POS="V" name="go.v" ID="18224" lemmaID="16426" cBy="MJE" cDate="08/29/2015 03:20:41 PDT Sat">
        <definition>COD: pass into or be in a specified state, especially an undesirable one:</definition>
        <sentenceCount annotated="25" total="192"/>
        <lexeme order="1" headword="false" breakBefore="false" POS="V" name="go"/>
    </lexUnit>
</frame>