<?xml version="1.0" encoding="UTF-8" standalone="yes"?>
<?xml-stylesheet type="text/xsl" href="frame.xsl"?>
<frame cBy="RLG" cDate="07/15/2011 12:46:26 PDT Fri" name="Trap" ID="2578" xsi:schemaLocation="../schema/frame.xsd" xmlns="http://framenet.icsi.berkeley.edu" xmlns:xsi="http://www.w3.org/2001/XMLSchema-instance">
    <definition>&lt;def-root&gt;A &lt;fen&gt;Deceiver&lt;/fen&gt; sets up a &lt;fen&gt;Trap&lt;/fen&gt; in order to cause a &lt;fen&gt;Victim&lt;/fen&gt; to have an incorrect understanding about a situation. The &lt;fen&gt;Deceiver&lt;/fen&gt; anticipates that this will lead the &lt;fen&gt;Victim&lt;/fen&gt; to take a course of action (including doing nothing) which causes the &lt;fen&gt;Victim&lt;/fen&gt; harm.

&lt;ex&gt;Setting a &lt;fex name="tra"&gt;&lt;t&gt;trap&lt;/t&gt;&lt;/fex&gt; &lt;fex name="vic"&gt;for your opponents&lt;/fex&gt; is usually a good strategy.&lt;/ex&gt;

&lt;ex&gt;&lt;fex name="tra"&gt;It&lt;/fex&gt;'s a trap!&lt;/ex&gt;&lt;/def-root&gt;</definition>
    <FE bgColor="FF0000" fgColor="FFFFFF" coreType="Core" cBy="RLG" cDate="07/15/2011 03:51:09 PDT Fri" abbrev="tra" name="Trap" ID="14539">
        <definition>&lt;def-root&gt;The &lt;fen&gt;Trap&lt;/fen&gt; is a device, strategy, or system designed to mislead and cause harm to a &lt;fen&gt;Victim&lt;/fen&gt;.&lt;/def-root&gt;</definition>
    </FE>
    <FE bgColor="9400D3" fgColor="FFFFFF" coreType="Core" cBy="RLG" cDate="07/15/2011 03:53:43 PDT Fri" abbrev="dec" name="Deceiver" ID="14540">
        <definition>&lt;def-root&gt;The &lt;fen&gt;Trap&lt;/fen&gt; is orchestrated by a &lt;fen&gt;Deceiver&lt;/fen&gt;.&lt;/def-root&gt;</definition>
    </FE>
    <FE bgColor="0000FF" fgColor="FFFFFF" coreType="Core" cBy="RLG" cDate="07/15/2011 03:54:39 PDT Fri" abbrev="vic" name="Victim" ID="14541">
        <definition>&lt;def-root&gt;The &lt;fen&gt;Deceiver&lt;/fen&gt; intends to mislead and cause harm to the &lt;fen&gt;Victim&lt;/fen&gt; by means of the &lt;fen&gt;Trap&lt;/fen&gt;.&lt;/def-root&gt;</definition>
    </FE>
    <FE bgColor="90876C" fgColor="FFFFFF" coreType="Peripheral" cBy="RLG" cDate="07/28/2011 11:52:38 PDT Thu" abbrev="des" name="Descriptor" ID="14580">
        <definition>&lt;def-root&gt;A description of the &lt;fen&gt;Trap&lt;/fen&gt;.&lt;/def-root&gt;</definition>
    </FE>
    <frameRelation type="Inherits from"/>
    <frameRelation type="Is Inherited by">
        <relatedFrame ID="2586">Prank</relatedFrame>
    </frameRelation>
    <frameRelation type="Perspective on"/>
    <frameRelation type="Is Perspectivized in"/>
    <frameRelation type="Uses">
        <relatedFrame ID="2570">Intentional_deception</relatedFrame>
    </frameRelation>
    <frameRelation type="Is Used by"/>
    <frameRelation type="Subframe of"/>
    <frameRelation type="Has Subframe(s)"/>
    <frameRelation type="Precedes"/>
    <frameRelation type="Is Preceded by"/>
    <frameRelation type="Is Inchoative of"/>
    <frameRelation type="Is Causative of"/>
    <frameRelation type="See also"/>
    <lexUnit status="Created" POS="N" name="trap.n" ID="16406" lemmaID="41077" cBy="RLG" cDate="07/15/2011 04:00:26 PDT Fri">
        <definition>FN: a device or strategy to mislead and cause harm.</definition>
        <sentenceCount annotated="0" total="0"/>
        <lexeme order="1" headword="false" breakBefore="false" POS="N" name="trap"/>
    </lexUnit>
    <lexUnit status="Created" POS="N" name="snare.n" ID="16428" lemmaID="36607" cBy="RLG" cDate="07/28/2011 11:48:25 PDT Thu">
        <definition>FN: a means to deceive and entrap.</definition>
        <sentenceCount annotated="0" total="0"/>
        <lexeme order="1" headword="false" breakBefore="false" POS="N" name="snare"/>
    </lexUnit>
</frame>