<?xml version="1.0" encoding="UTF-8" standalone="yes"?>
<?xml-stylesheet type="text/xsl" href="frame.xsl"?>
<frame cBy="RLG" cDate="03/12/2007 10:16:47 PDT Mon" name="Trendiness" ID="1884" xsi:schemaLocation="../schema/frame.xsd" xmlns="http://framenet.icsi.berkeley.edu" xmlns:xsi="http://www.w3.org/2001/XMLSchema-instance">
    <definition>&lt;def-root&gt;A &lt;fen&gt;Behavior&lt;/fen&gt;, attributed to an &lt;fen&gt;Evaluee&lt;/fen&gt;, conforms with or is heavily influenced by a popular trend or practice, often in the realm of fashion, design, though extending social and interactional behavior in general. Trendiness differs from Popularity in adding a factor of aesthetic or other judgment to behaviors and individuals, and judging these with respect to social behavior; Popularity is about amount of acceptability or utilization based on general (often non-aesthetic) desirability.

&lt;ex&gt;&lt;fex name="Behavior"&gt;Wearing flowered brocaded silks&lt;/fex&gt; &lt;m&gt;was&lt;/m&gt; &lt;t&gt;fashionable&lt;/t&gt; &lt;fex name="Time"&gt;in the first few years of the decade&lt;/fex&gt;.&lt;/ex&gt;&lt;/def-root&gt;</definition>
    <FE bgColor="0000FF" fgColor="FFFFFF" coreType="Core" cBy="RLG" cDate="03/12/2007 10:16:47 PDT Mon" abbrev="beh" name="Behavior" ID="11161">
        <definition>&lt;def-root&gt;The &lt;fen&gt;Behavior&lt;/fen&gt; which is trendy.

&lt;/def-root&gt;</definition>
    </FE>
    <FE bgColor="FF00FF" fgColor="FFFFFF" coreType="Peripheral" cBy="RLG" cDate="03/12/2007 10:16:47 PDT Mon" abbrev="" name="Degree" ID="11163">
        <definition>&lt;def-root&gt;A modifier expressing  the deviation of the degree of trendiness from the norm or from the value for another &lt;fen&gt;Behavior&lt;/fen&gt;.&lt;/def-root&gt;</definition>
        <semType name="Degree" ID="172"/>
    </FE>
    <FE bgColor="FFA500" fgColor="FFFFFF" coreType="Extra-Thematic" cBy="RLG" cDate="03/12/2007 10:16:47 PDT Mon" abbrev="" name="Time" ID="11164">
        <definition>&lt;def-root&gt;The &lt;fen&gt;Time&lt;/fen&gt; during which the &lt;fen&gt;Behavior&lt;/fen&gt; is trendy or fashionable.&lt;/def-root&gt;</definition>
        <semType name="Time" ID="141"/>
    </FE>
    <FE bgColor="A52A2A" fgColor="FFFFFF" coreType="Extra-Thematic" cBy="RLG" cDate="03/12/2007 10:16:47 PDT Mon" abbrev="cir" name="Circumstances" ID="11165">
        <definition>&lt;def-root&gt;Some specification of the circumstances under which the &lt;fen&gt;Behavior&lt;/fen&gt; is trendy or not.&lt;/def-root&gt;</definition>
    </FE>
    <FE bgColor="FF0000" fgColor="FFFFFF" coreType="Core" cBy="RLG" cDate="03/12/2007 01:26:10 PDT Mon" abbrev="eva" name="Evaluee" ID="11168">
        <definition>&lt;def-root&gt;The &lt;fen&gt;Evaluee&lt;/fen&gt; is judged to conform to some degree with popular fashion with respect to his or her behavior.&lt;/def-root&gt;</definition>
        <semType name="Human" ID="80"/>
    </FE>
    <FE bgColor="1E90FF" fgColor="FFFFFF" coreType="Peripheral" cBy="RLG" cDate="03/12/2007 01:31:25 PDT Mon" abbrev="jud" name="Judge" ID="11169">
        <definition>&lt;def-root&gt;The individual whose point of view is taken in assigning the judgment of trendiness.&lt;/def-root&gt;</definition>
    </FE>
    <FE bgColor="008000" fgColor="FFFFFF" coreType="Extra-Thematic" cBy="RLG" cDate="03/12/2007 01:35:35 PDT Mon" abbrev="pla" name="Place" ID="11170">
        <definition>&lt;def-root&gt;The location where the &lt;fen&gt;Behavior&lt;/fen&gt; is trendy..&lt;/def-root&gt;</definition>
    </FE>
    <FEcoreSet>
        <memberFE name="Behavior" ID="11161"/>
        <memberFE name="Evaluee" ID="11168"/>
    </FEcoreSet>
    <frameRelation type="Inherits from">
        <relatedFrame ID="369">Social_behavior_evaluation</relatedFrame>
    </frameRelation>
    <frameRelation type="Is Inherited by"/>
    <frameRelation type="Perspective on"/>
    <frameRelation type="Is Perspectivized in"/>
    <frameRelation type="Uses"/>
    <frameRelation type="Is Used by"/>
    <frameRelation type="Subframe of"/>
    <frameRelation type="Has Subframe(s)"/>
    <frameRelation type="Precedes"/>
    <frameRelation type="Is Preceded by"/>
    <frameRelation type="Is Inchoative of"/>
    <frameRelation type="Is Causative of"/>
    <frameRelation type="See also"/>
    <lexUnit status="Created" POS="A" name="fashionable.a" ID="13942" lemmaID="13986" cBy="RLG" cDate="03/12/2007 10:24:44 PDT Mon">
        <definition>COD: characteristic of or influenced by a current popular trend or style.</definition>
        <sentenceCount annotated="2" total="2"/>
        <lexeme order="1" headword="false" breakBefore="false" POS="A" name="fashionable"/>
    </lexUnit>
    <lexUnit status="Finished_Initial" POS="A" name="trendy.a" ID="13943" lemmaID="41175" cBy="RLG" cDate="03/12/2007 10:25:12 PDT Mon">
        <definition>COD: very fashionable or up to date.</definition>
        <sentenceCount annotated="29" total="152"/>
        <lexeme order="1" headword="false" breakBefore="false" POS="A" name="trendy"/>
    </lexUnit>
    <lexUnit status="Created" POS="A" name="hip.a" ID="13944" lemmaID="18125" cBy="RLG" cDate="03/12/2007 10:25:41 PDT Mon">
        <definition>COD: fashionable.</definition>
        <sentenceCount annotated="0" total="0"/>
        <lexeme order="1" headword="false" breakBefore="false" POS="A" name="hip"/>
    </lexUnit>
    <lexUnit status="Created" POS="N" name="style.n" ID="13946" lemmaID="38477" cBy="RLG" cDate="03/12/2007 10:28:22 PDT Mon">
        <definition>FN: the state of being fahsionable.</definition>
        <sentenceCount annotated="0" total="0"/>
        <lexeme order="1" headword="false" breakBefore="false" POS="N" name="style"/>
    </lexUnit>
    <lexUnit status="Created" POS="N" name="fashion.n" ID="13947" lemmaID="13984" cBy="RLG" cDate="03/12/2007 10:28:53 PDT Mon">
        <definition>FN: the state of being fashionable.</definition>
        <sentenceCount annotated="1" total="1"/>
        <lexeme order="1" headword="false" breakBefore="false" POS="N" name="fashion"/>
    </lexUnit>
    <lexUnit status="Created" POS="A" name="chic.a" ID="13948" lemmaID="6261" cBy="KmG" cDate="03/12/2007 10:56:28 PDT Mon">
        <definition>COD: elegantly and stylishly fashionable. 

</definition>
        <sentenceCount annotated="0" total="0"/>
        <lexeme order="1" headword="false" breakBefore="false" POS="A" name="chic"/>
    </lexUnit>
    <lexUnit status="Finished_Initial" POS="A" name="cool.a" ID="13949" lemmaID="8256" cBy="KmG" cDate="03/12/2007 10:57:26 PDT Mon">
        <definition>COD: fashionably attractive or impressive.</definition>
        <sentenceCount annotated="18" total="267"/>
        <lexeme order="1" headword="false" breakBefore="false" POS="A" name="cool"/>
    </lexUnit>
    <lexUnit status="Insufficient_Attestations" POS="A" name="big.a" ID="13950" lemmaID="3537" cBy="KmG" cDate="03/12/2007 10:59:07 PDT Mon">
        <definition>COD: exciting great interest or popularity.</definition>
        <sentenceCount annotated="2" total="149"/>
        <lexeme order="1" headword="false" breakBefore="false" POS="A" name="big"/>
    </lexUnit>
</frame>