<?xml version="1.0" encoding="UTF-8" standalone="yes"?>
<?xml-stylesheet type="text/xsl" href="frame.xsl"?>
<frame cBy="MJE" cDate="08/16/2001 10:38:31 PDT Thu" name="Trial" ID="201" xsi:schemaLocation="../schema/frame.xsd" xmlns="http://framenet.icsi.berkeley.edu" xmlns:xsi="http://www.w3.org/2001/XMLSchema-instance">
    <definition>&lt;def-root&gt;A trial is a process conducted in a &lt;fen&gt;Court&lt;/fen&gt; before a &lt;fen&gt;Judge&lt;/fen&gt; and (usually) a &lt;fen&gt;Jury&lt;/fen&gt; in which the participants meet in order to decide a &lt;fen&gt;Case&lt;/fen&gt;.  The &lt;fen&gt;Prosecution&lt;/fen&gt; attempts to prove that the &lt;fen&gt;Defendant&lt;/fen&gt; is guilty of the &lt;fen&gt;Charges&lt;/fen&gt; and the &lt;fen&gt;Defense&lt;/fen&gt; tries to prove that the &lt;fen&gt;Defendant&lt;/fen&gt; is innocent. 
Trials have a rich schematic structure which is only partially represented here.  The Trial frame is the part of the Criminal Process frame that occurs after a crime, Arrest of a suspect, Arraignment, jury selection, etc. and before Sentencing and punishment or release.  The Trial is made up of court appearances.  The beginning of the Trial generally involves opening arguments, in which the &lt;fen&gt;Prosecution&lt;/fen&gt; and the &lt;fen&gt;Defense&lt;/fen&gt; present their respective points of view.  Then during the course of the Trial, both sides present evidence, some of which is provided by witnesses with testimony, and this is then drawn upon as support for their arguments.  Following the presentation of evidence, testimony, and arguments, generally culminating in closing arguments for each side, the &lt;fen&gt;Jury&lt;/fen&gt; (if present) deliberates and either comes to no sufficient consensus or produces a Verdict.&lt;/def-root&gt;</definition>
    <semType name="Non-perspectivalized_frame" ID="52"/>
    <FE bgColor="A52A2A" fgColor="FFFFFF" coreType="Core" cBy="MJE" cDate="08/16/2001 05:00:39 PDT Thu" abbrev="Chg" name="Charges" ID="1647">
        <definition>&lt;def-root&gt;The legal label for the crime that the &lt;fen&gt;Defendant&lt;/fen&gt; is accused of.&lt;/def-root&gt;</definition>
    </FE>
    <FE bgColor="9F79EE" fgColor="FFFFFF" coreType="Core" cBy="MJE" cDate="08/16/2001 05:00:39 PDT Thu" abbrev="Crt" name="Court" ID="1648">
        <definition>&lt;def-root&gt;The specific room where the participants in a Trial meet.&lt;/def-root&gt;</definition>
    </FE>
    <FE bgColor="00BFFF" fgColor="FFFFFF" coreType="Core" cBy="MJE" cDate="08/16/2001 05:00:39 PDT Thu" abbrev="Defens" name="Defense" ID="1649">
        <definition>&lt;def-root&gt;The individual or group which is responsible for promoting the welfare of the  &lt;fen&gt;Defendant&lt;/fen&gt; during a Trial, usually involving the contention that the &lt;fen&gt;Defendant&lt;/fen&gt; is innocent of the &lt;fen&gt;Charges&lt;/fen&gt;.&lt;/def-root&gt;</definition>
    </FE>
    <FE bgColor="9400D3" fgColor="FFFFFF" coreType="Core" cBy="MJE" cDate="08/16/2001 05:00:39 PDT Thu" abbrev="Jury" name="Jury" ID="1650">
        <definition>&lt;def-root&gt;The group of individuals who observe the Trial and ultimately attempt to come to a verdict.&lt;/def-root&gt;</definition>
    </FE>
    <FE bgColor="008000" fgColor="FFFFFF" coreType="Peripheral" cBy="MJE" cDate="08/16/2001 05:00:39 PDT Thu" abbrev="P" name="Place" ID="1651">
        <definition>&lt;def-root&gt;This FE identifies the &lt;fen&gt;Place&lt;/fen&gt; where the trial occurs.&lt;/def-root&gt;</definition>
        <semType name="Locative_relation" ID="182"/>
    </FE>
    <FE bgColor="800080" fgColor="FFFFFF" coreType="Core" cBy="MJE" cDate="08/16/2001 05:00:39 PDT Thu" abbrev="Prsc" name="Prosecution" ID="1652">
        <definition>&lt;def-root&gt;The individual or group responsible for promoting the interests of the state in the Trial, prototypically including presenting arguments for the guilt of the &lt;fen&gt;Defendant&lt;/fen&gt;.&lt;/def-root&gt;</definition>
    </FE>
    <FE bgColor="FFA500" fgColor="FFFFFF" coreType="Peripheral" cBy="MJE" cDate="08/16/2001 05:00:39 PDT Thu" abbrev="T" name="Time" ID="1653">
        <definition>&lt;def-root&gt;This FE identifies the &lt;fen&gt;Time&lt;/fen&gt; when the trial occurs.&lt;/def-root&gt;</definition>
        <semType name="Time" ID="141"/>
    </FE>
    <FE bgColor="0000FF" fgColor="FFFFFF" coreType="Core" cBy="MJE" cDate="08/16/2001 05:00:40 PDT Thu" abbrev="Defend" name="Defendant" ID="1654">
        <definition>&lt;def-root&gt;The person charged with an offence.&lt;/def-root&gt;</definition>
    </FE>
    <FE bgColor="FF0000" fgColor="FFFFFF" coreType="Core" cBy="MJE" cDate="08/16/2001 05:00:40 PDT Thu" abbrev="Judge" name="Judge" ID="1655">
        <definition>&lt;def-root&gt;The official who directs and presides over the Trial.&lt;/def-root&gt;</definition>
        <semType name="Sentient" ID="5"/>
    </FE>
    <FE bgColor="1E90FF" fgColor="FFFFFF" coreType="Core" cBy="MJE" cDate="08/28/2002 03:07:32 PDT Wed" abbrev="Cse" name="Case" ID="3659">
        <definition>&lt;def-root&gt;The &lt;fen&gt;Case&lt;/fen&gt; which a Trial is convened to decide.
&lt;/def-root&gt;</definition>
    </FE>
    <FE bgColor="90876C" fgColor="FFFFFF" coreType="Extra-Thematic" cBy="KmG" cDate="02/23/2007 07:09:47 PST Fri" abbrev="" name="Manner" ID="11095">
        <definition>&lt;def-root&gt;The way in which the Trial is conducted. &lt;/def-root&gt;</definition>
    </FE>
    <frameRelation type="Inherits from"/>
    <frameRelation type="Is Inherited by"/>
    <frameRelation type="Perspective on"/>
    <frameRelation type="Is Perspectivized in">
        <relatedFrame ID="320">Try_defendant</relatedFrame>
    </frameRelation>
    <frameRelation type="Uses"/>
    <frameRelation type="Is Used by"/>
    <frameRelation type="Subframe of">
        <relatedFrame ID="200">Criminal_process</relatedFrame>
    </frameRelation>
    <frameRelation type="Has Subframe(s)">
        <relatedFrame ID="318">Verdict</relatedFrame>
        <relatedFrame ID="296">Jury_deliberation</relatedFrame>
        <relatedFrame ID="507">Court_examination</relatedFrame>
    </frameRelation>
    <frameRelation type="Precedes">
        <relatedFrame ID="297">Sentencing</relatedFrame>
    </frameRelation>
    <frameRelation type="Is Preceded by">
        <relatedFrame ID="120">Arraignment</relatedFrame>
    </frameRelation>
    <frameRelation type="Is Inchoative of"/>
    <frameRelation type="Is Causative of"/>
    <frameRelation type="See also"/>
    <lexUnit status="Finished_Initial" incorporatedFE="Case" POS="N" name="trial.n" ID="8820" lemmaID="41189" cBy="GlY" cDate="06/12/2003 04:50:39 PDT Thu">
        <definition>COD: a formal examination of evidence in order to decide guilt in a case of criminal or civil proceedings. </definition>
        <sentenceCount annotated="32" total="188"/>
        <lexeme order="1" headword="false" breakBefore="false" POS="N" name="trial"/>
    </lexUnit>
    <lexUnit status="Finished_Initial" incorporatedFE="Case" POS="N" name="case.n" ID="8830" lemmaID="5649" cBy="GlY" cDate="06/12/2003 05:05:08 PDT Thu">
        <definition>COD: an incident under official investigation by the police, or a legal action, especially one that is to be decided in a court of law, or a legal action that has been decided and may be cited as a precedent. </definition>
        <sentenceCount annotated="19" total="390"/>
        <lexeme order="1" headword="false" breakBefore="false" POS="N" name="case"/>
    </lexUnit>
</frame>