<?xml version="1.0" encoding="UTF-8" standalone="yes"?>
<?xml-stylesheet type="text/xsl" href="frame.xsl"?>
<frame cBy="AlK" cDate="12/07/2009 01:31:33 PST Mon" name="Turning_out" ID="2191" xsi:schemaLocation="../schema/frame.xsd" xmlns="http://framenet.icsi.berkeley.edu" xmlns:xsi="http://www.w3.org/2001/XMLSchema-instance">
    <definition>&lt;def-root&gt;A &lt;fen&gt;State_of_affairs&lt;/fen&gt; turns out to be true in someone's knowledge of the world. This may be recognized with evidence or in certain circumstances. The cognizer whose beliefs are affected is not expressed.

&lt;ex&gt;&lt;fex name="State_of_affairs"&gt;Hybrid grass&lt;/fex&gt; may &lt;t&gt;prove&lt;/t&gt; &lt;fex name="State_of_affairs"&gt;to be a valuable fuel source&lt;/fex&gt;.&lt;/ex&gt;&lt;/def-root&gt;</definition>
    <FE bgColor="FF0000" fgColor="FFFFFF" coreType="Core" cBy="AlK" cDate="12/07/2009 02:18:25 PST Mon" abbrev="SOA" name="State_of_affairs" ID="13471">
        <definition>&lt;def-root&gt;The state of affairs that a cognizer realizes.&lt;/def-root&gt;</definition>
    </FE>
    <FE bgColor="FFA500" fgColor="FFFFFF" coreType="Peripheral" cBy="AlK" cDate="12/07/2009 02:46:41 PST Mon" abbrev="" name="Time" ID="13473">
        <definition>&lt;def-root&gt;The time at which the &lt;fen&gt;State_of_affairs&lt;/fen&gt; is realized.&lt;/def-root&gt;</definition>
        <semType name="Time" ID="141"/>
    </FE>
    <frameRelation type="Inherits from"/>
    <frameRelation type="Is Inherited by"/>
    <frameRelation type="Perspective on"/>
    <frameRelation type="Is Perspectivized in"/>
    <frameRelation type="Uses">
        <relatedFrame ID="23">Coming_to_believe</relatedFrame>
    </frameRelation>
    <frameRelation type="Is Used by"/>
    <frameRelation type="Subframe of"/>
    <frameRelation type="Has Subframe(s)"/>
    <frameRelation type="Precedes"/>
    <frameRelation type="Is Preceded by"/>
    <frameRelation type="Is Inchoative of"/>
    <frameRelation type="Is Causative of"/>
    <frameRelation type="See also"/>
    <lexUnit status="Finished_Initial" POS="V" name="prove.v" ID="15562" lemmaID="30888" cBy="AlK" cDate="12/07/2009 02:25:45 PST Mon">
        <definition>FN: to be recognized as having certain qualities</definition>
        <sentenceCount annotated="16" total="200"/>
        <lexeme order="1" headword="false" breakBefore="false" POS="V" name="prove"/>
    </lexUnit>
    <lexUnit status="Created" POS="V" name="turn out.v" ID="15564" lemmaID="51049" cBy="AlK" cDate="12/07/2009 02:32:11 PST Mon">
        <definition>FN: to be recognized</definition>
        <sentenceCount annotated="2" total="2"/>
        <lexeme order="1" headword="true" breakBefore="false" POS="V" name="turn"/>
        <lexeme order="2" headword="false" breakBefore="false" POS="ADV" name="out"/>
    </lexUnit>
    <lexUnit status="Needs_SCs" POS="V" name="end up.v" ID="15565" lemmaID="49435" cBy="AlK" cDate="12/07/2009 02:35:41 PST Mon">
        <definition>FN: found to be a certain way at the end of a period of time</definition>
        <sentenceCount annotated="1" total="311"/>
        <lexeme order="1" headword="true" breakBefore="false" POS="V" name="end"/>
        <lexeme order="2" headword="false" breakBefore="false" POS="ADV" name="up"/>
    </lexUnit>
</frame>