<?xml version="1.0" encoding="UTF-8" standalone="yes"?>
<?xml-stylesheet type="text/xsl" href="frame.xsl"?>
<frame cBy="JKR" cDate="06/08/2001 03:28:39 PDT Fri" name="Type" ID="128" xsi:schemaLocation="../schema/frame.xsd" xmlns="http://framenet.icsi.berkeley.edu" xmlns:xsi="http://www.w3.org/2001/XMLSchema-instance">
    <definition>&lt;def-root&gt;This frame has to do with nouns denoting types of entities. The &lt;fen&gt;Subtype&lt;/fen&gt; refers to a collection of members of a more general &lt;fen&gt;Category&lt;/fen&gt; which have certain defining characteristics; alternatively, the &lt;fen&gt;Subtype&lt;/fen&gt; refers only to the type itself, i.e. a more restrictive set of characteristics than those of the more general &lt;fen&gt;Category&lt;/fen&gt;.  The properties of the items that are included in the collection may be specified by the &lt;fen&gt;Item_Property&lt;/fen&gt;.  Sometimes the &lt;fen&gt;Subtype&lt;/fen&gt;s themselves are described by some &lt;fen&gt;Type_Property&lt;/fen&gt;.

&lt;ex&gt;I don't like this &lt;fex name="Type_Property"&gt;newfangled&lt;/fex&gt; &lt;t&gt;&lt;fex name="Subtype"&gt;kind&lt;/fex&gt;&lt;/t&gt; &lt;fex name="Category"&gt;of  fish&lt;/fex&gt;.&lt;/ex&gt;
&lt;ex&gt;Kleo isn't &lt;fex name="Item_Property"&gt;our&lt;/fex&gt; &lt;t&gt;&lt;fex name="Subtype"&gt;sort&lt;/fex&gt;&lt;/t&gt; &lt;fex name="Category"&gt;of people&lt;/fex&gt;.&lt;/ex&gt; &lt;ex&gt;He argued against the &lt;fex name="Item_Property"&gt;formalist&lt;/fex&gt; &lt;t&gt;&lt;fex name="Subtype"&gt;type&lt;/fex&gt;&lt;/t&gt; &lt;fex name="Category"&gt;of analysis of art&lt;/fex&gt;.&lt;/ex&gt;
&lt;ex&gt;I think that she was referring to the other &lt;t&gt;&lt;fex name="Subtype"&gt;type&lt;/fex&gt;&lt;/t&gt;. &lt;fex name="Category"&gt;DNI&lt;/fex&gt;&lt;/ex&gt;&lt;/def-root&gt;</definition>
    <semType name="Transparent Noun" ID="9"/>
    <FE bgColor="FF0000" fgColor="FFFFFF" coreType="Core" cBy="JKR" cDate="06/12/2001 05:36:52 PDT Tue" abbrev="sub" name="Subtype" ID="848">
        <definition>&lt;def-root&gt;The entity which denotes a subtype of the more general &lt;fen&gt;Category&lt;/fen&gt;.
&lt;ex&gt;I don't like this &lt;t&gt;&lt;fex name="Subtype"&gt;kind&lt;/fex&gt;&lt;/t&gt; of fish.&lt;/ex&gt;&lt;/def-root&gt;</definition>
    </FE>
    <FE bgColor="800080" fgColor="FFFFFF" coreType="Core" cBy="JKR" cDate="06/12/2001 05:42:13 PDT Tue" abbrev="Cat" name="Category" ID="849">
        <definition>&lt;def-root&gt;The more general type that the target denotes a subtype of. This FE is obligatory and should be labeled DNI when not present. 

&lt;ex&gt;They created a new &lt;t&gt;breed&lt;/t&gt; &lt;fex name="Category"&gt;of dog&lt;/fex&gt;.&lt;/ex&gt;
&lt;/def-root&gt;</definition>
    </FE>
    <FE bgColor="FFA500" fgColor="FFFFFF" coreType="Peripheral" cBy="JKR" cDate="06/12/2001 06:20:55 PDT Tue" abbrev="Type-Prop" name="Type_property" ID="850">
        <definition>&lt;def-root&gt;A property of the &lt;fen&gt;Subtype&lt;/fen&gt; itself rather than the members of the &lt;fen&gt;Category&lt;/fen&gt;. 

&lt;ex&gt;I tried a &lt;fex name="Type_property"&gt;new&lt;/fex&gt; &lt;t&gt;type&lt;/t&gt; of hair gel yesterday.&lt;/ex&gt; 

Many &lt;fen&gt;Type_property&lt;/fen&gt; adjectives (e.g. new, rare, traditional, modern, strange) make explicit that the type under discussion is just one of the types in the more general &lt;fen&gt;Category&lt;/fen&gt;. Adjectives that denote properties of items in the category should be tagged &lt;fen&gt;Item_property&lt;/fen&gt;.&lt;/def-root&gt;</definition>
    </FE>
    <FE bgColor="9F79EE" fgColor="FFFFFF" coreType="Peripheral" cBy="JKR" cDate="11/05/2001 02:01:47 PST Mon" abbrev="Item-Prop" name="Item_property" ID="2097">
        <definition>&lt;def-root&gt;A property of the members of the &lt;fen&gt;Category&lt;/fen&gt; that helps identify (directly or indirectly) the particular set of members that are referred to by the &lt;fen&gt;Subtype&lt;/fen&gt;.

&lt;ex&gt;He had a &lt;fex name="Item_property"&gt;Bon Jovi&lt;/fex&gt; &lt;t&gt;kind&lt;/t&gt; of guitar.&lt;/ex&gt; &lt;/def-root&gt;</definition>
    </FE>
    <frameRelation type="Inherits from"/>
    <frameRelation type="Is Inherited by">
        <relatedFrame ID="2701">Biological_classification</relatedFrame>
    </frameRelation>
    <frameRelation type="Perspective on"/>
    <frameRelation type="Is Perspectivized in"/>
    <frameRelation type="Uses"/>
    <frameRelation type="Is Used by">
        <relatedFrame ID="1893">Diversity</relatedFrame>
    </frameRelation>
    <frameRelation type="Subframe of"/>
    <frameRelation type="Has Subframe(s)"/>
    <frameRelation type="Precedes"/>
    <frameRelation type="Is Preceded by"/>
    <frameRelation type="Is Inchoative of"/>
    <frameRelation type="Is Causative of"/>
    <frameRelation type="See also"/>
    <lexUnit status="Finished_Initial" incorporatedFE="Subtype" POS="N" name="type.n" ID="2555" lemmaID="41680" cBy="JKR" cDate="06/08/2001 03:28:59 PDT Fri">
        <definition>COD: a category of people or things having common characteristics</definition>
        <sentenceCount annotated="53" total="317"/>
        <lexeme order="1" headword="false" breakBefore="false" POS="N" name="type"/>
        <semType name="Transparent Noun" ID="9"/>
    </lexUnit>
    <lexUnit status="Finished_Initial" incorporatedFE="Subtype" POS="N" name="class.n" ID="2556" lemmaID="6672" cBy="JKR" cDate="06/08/2001 03:29:12 PDT Fri">
        <definition>FN: a category of things having some property in common and different from others by type or quality</definition>
        <sentenceCount annotated="24" total="339"/>
        <lexeme order="1" headword="false" breakBefore="false" POS="N" name="class"/>
        <semType name="Transparent Noun" ID="9"/>
    </lexUnit>
    <lexUnit status="Finished_Initial" POS="N" name="kind.n" ID="2557" lemmaID="21321" cBy="JKR" cDate="06/08/2001 03:29:21 PDT Fri">
        <definition>COD: a class or type of people or things having similar characteristics</definition>
        <sentenceCount annotated="59" total="320"/>
        <lexeme order="1" headword="false" breakBefore="false" POS="N" name="kind"/>
        <semType name="Transparent Noun" ID="9"/>
    </lexUnit>
    <lexUnit status="Finished_Initial" POS="N" name="sort.n" ID="2559" lemmaID="37002" cBy="JKR" cDate="06/08/2001 03:29:30 PDT Fri">
        <definition>COD: a category of people or things with a common feature</definition>
        <sentenceCount annotated="56" total="287"/>
        <lexeme order="1" headword="false" breakBefore="false" POS="N" name="sort"/>
        <semType name="Transparent Noun" ID="9"/>
    </lexUnit>
    <lexUnit status="Finished_Initial" POS="N" name="variety.n" ID="2560" lemmaID="42730" cBy="JKR" cDate="06/08/2001 03:29:44 PDT Fri">
        <definition>COD: a thing which differs in some way from others of the same general class; a type.</definition>
        <sentenceCount annotated="72" total="361"/>
        <lexeme order="1" headword="false" breakBefore="false" POS="N" name="variety"/>
        <semType name="Transparent Noun" ID="9"/>
    </lexUnit>
    <lexUnit status="Finished_Initial" POS="N" name="strain.n" ID="2561" lemmaID="38250" cBy="JKR" cDate="06/08/2001 03:55:29 PDT Fri">
        <definition>COD: a distinct breed, stock, or variety of an animal, plant, or other organism</definition>
        <sentenceCount annotated="42" total="172"/>
        <lexeme order="1" headword="false" breakBefore="false" POS="N" name="strain"/>
        <semType name="Transparent Noun" ID="9"/>
    </lexUnit>
    <lexUnit status="Finished_Initial" POS="N" name="breed.n" ID="2562" lemmaID="4543" cBy="JKR" cDate="06/08/2001 03:55:42 PDT Fri">
        <definition>FN: a sort or kind, esp. a distinctive stock of animals or plants within a species, typically one deliberately developed</definition>
        <sentenceCount annotated="30" total="175"/>
        <lexeme order="1" headword="false" breakBefore="false" POS="N" name="breed"/>
        <semType name="Transparent Noun" ID="9"/>
    </lexUnit>
    <lexUnit status="Finished_Initial" POS="N" name="ilk.n" ID="2563" lemmaID="18938" cBy="JKR" cDate="06/08/2001 03:56:04 PDT Fri">
        <definition>FN: a type (usually negatively evaluated)</definition>
        <sentenceCount annotated="9" total="56"/>
        <lexeme order="1" headword="false" breakBefore="false" POS="N" name="ilk"/>
        <semType name="Negative_judgment" ID="14"/>
        <semType name="Transparent Noun" ID="9"/>
    </lexUnit>
    <lexUnit status="Finished_Initial" POS="N" name="make.n" ID="2565" lemmaID="23214" cBy="JKR" cDate="06/08/2001 04:08:33 PDT Fri">
        <definition>FN: a specific line of goods as identified by the manufacturer or a trademark</definition>
        <sentenceCount annotated="21" total="134"/>
        <lexeme order="1" headword="false" breakBefore="false" POS="N" name="make"/>
        <semType name="Transparent Noun" ID="9"/>
    </lexUnit>
    <lexUnit status="Finished_Initial" POS="N" name="race.n" ID="2566" lemmaID="31611" cBy="JKR" cDate="06/08/2001 04:11:06 PDT Fri">
        <definition>COD: each of the major divisions of humankind, having distinct physical characteristics.</definition>
        <sentenceCount annotated="20" total="313"/>
        <lexeme order="1" headword="false" breakBefore="false" POS="N" name="race"/>
        <semType name="Transparent Noun" ID="9"/>
    </lexUnit>
    <lexUnit status="Finished_Initial" POS="N" name="brand.n" ID="2645" lemmaID="4434" cBy="JKR" cDate="06/14/2001 06:06:42 PDT Thu">
        <definition>FN: a type of product that is characterized in terms of the people or company that manufactured it</definition>
        <sentenceCount annotated="44" total="246"/>
        <lexeme order="1" headword="false" breakBefore="false" POS="N" name="brand"/>
        <semType name="Transparent Noun" ID="9"/>
    </lexUnit>
    <lexUnit status="Needs_SCs" POS="N" name="form.n" ID="7718" lemmaID="15131" cBy="JKR" cDate="11/19/2002 12:58:18 PST Tue">
        <definition>COD: a type or variety of something.</definition>
        <sentenceCount annotated="14" total="380"/>
        <lexeme order="1" headword="false" breakBefore="false" POS="N" name="form"/>
    </lexUnit>
    <lexUnit status="Created" POS="N" name="shade.n" ID="7820" lemmaID="35313" cBy="MJE" cDate="12/06/2002 03:30:26 PST Fri">
        <definition>FN: a subtype or specific value (of a color).</definition>
        <sentenceCount annotated="0" total="0"/>
        <lexeme order="1" headword="false" breakBefore="false" POS="N" name="shade"/>
    </lexUnit>
    <lexUnit status="Created" POS="N" name="version.n" ID="10121" lemmaID="42904" cBy="TRn" cDate="02/26/2004 01:31:24 PST Thu">
        <definition>COD: a particular form of something differing in certain respects from an earlier form or from other forms of the same type of thing.</definition>
        <sentenceCount annotated="6" total="6"/>
        <lexeme order="1" headword="false" breakBefore="false" POS="N" name="version"/>
    </lexUnit>
</frame>