<?xml version="1.0" encoding="UTF-8" standalone="yes"?>
<?xml-stylesheet type="text/xsl" href="frame.xsl"?>
<frame cBy="JKR" cDate="06/23/2004 03:47:16 PDT Wed" name="Typicality" ID="1134" xsi:schemaLocation="../schema/frame.xsd" xmlns="http://framenet.icsi.berkeley.edu" xmlns:xsi="http://www.w3.org/2001/XMLSchema-instance">
    <definition>&lt;def-root&gt;A &lt;fen&gt;State_of_affairs&lt;/fen&gt; is generally, or with regard to a particular &lt;fen&gt;Feature&lt;/fen&gt;, representative of its class, which may be narrowed to a specific &lt;fen&gt;Comparison_set&lt;/fen&gt;.

&lt;ex&gt;The Elan truly is an &lt;t&gt;unusual&lt;/t&gt; &lt;fex name="soa"&gt;car&lt;/fex&gt;; the first and only Lotus with a front engined/front wheel drive layout, and the first new Lotus to be introduced since 1975.&lt;/ex&gt;

&lt;ex&gt; I need a plain, &lt;t&gt;vanilla&lt;/t&gt; &lt;fex name="soa"&gt;example&lt;/fex&gt; that doesn't use PRINT! &lt;/ex&gt;

&lt;ex&gt;How smart is the &lt;t&gt;average&lt;/t&gt; &lt;fex name="soa"&gt;drug user/experimenter&lt;/fex&gt;? &lt;/ex&gt;

&lt;ex&gt;It's not &lt;t&gt;unusual&lt;/t&gt; &lt;fex name="soa"&gt;to be loved by anyone&lt;/fex&gt;, It's not unusual to have fun with anyone,&lt;/ex&gt;

&lt;ex&gt;Is &lt;fex name="soa"&gt;lying&lt;/fex&gt; &lt;t&gt;normal&lt;/t&gt; &lt;fex name="com"&gt;for a child this age&lt;/fex&gt;, and how can I best handle this situation?&lt;/ex&gt;&lt;/def-root&gt;</definition>
    <FE bgColor="9400D3" fgColor="FFFFFF" coreType="Peripheral" cBy="JKR" cDate="06/23/2004 04:10:46 PDT Wed" abbrev="deg" name="Degree" ID="6561">
        <definition>&lt;def-root&gt;The extent to which the &lt;fen&gt;Entity&lt;/fen&gt; varies from other members of the &lt;fen&gt;Comparison_set&lt;/fen&gt;.

&lt;ex&gt;That is a &lt;fex name="Degree"&gt;very&lt;/fex&gt; &lt;t&gt;unusual&lt;/t&gt; bear.&lt;/ex&gt;&lt;/def-root&gt;</definition>
        <semType name="Degree" ID="172"/>
    </FE>
    <FE bgColor="FF0000" fgColor="FFFFFF" coreType="Core" cBy="JKR" cDate="06/23/2004 04:10:57 PDT Wed" abbrev="soa" name="State_of_affairs" ID="6562">
        <definition>&lt;def-root&gt;The state of affairs which is evaluated with regard to whether it exhibits the essential characteristics of a Comparison_set.

&lt;ex&gt; However I have always loved having an &lt;t&gt;unusual&lt;/t&gt; &lt;fex name="State_of_affairs"&gt;name&lt;/fex&gt; and I think it's a beautiful name. .&lt;/ex&gt;&lt;/def-root&gt;</definition>
    </FE>
    <FE bgColor="008000" fgColor="FFFFFF" coreType="Peripheral" cBy="JKR" cDate="06/23/2004 04:24:25 PDT Wed" abbrev="com" name="Comparison_set" ID="6564">
        <definition>&lt;def-root&gt;The set of indviduals, which are of similar kind to the &lt;fen&gt;Entity&lt;/fen&gt;, and to which the &lt;fen&gt;Entity&lt;/fen&gt; is compared.

&lt;ex&gt;It's not &lt;t&gt;unusual&lt;/t&gt; &lt;fex name="com"&gt;for interviewers&lt;/fex&gt; to look beyond a resume and face-to-face meeting to find the unspoken clues about your personality.&lt;/ex&gt;&lt;/def-root&gt;</definition>
    </FE>
    <FE bgColor="FFA500" fgColor="FFFFFF" coreType="Core" cBy="JKR" cDate="06/23/2004 04:42:31 PDT Wed" abbrev="fea" name="Feature" ID="6565">
        <definition>&lt;def-root&gt;A property of the &lt;fen&gt;State_of_affairs&lt;/fen&gt; wherein it differs or is similar to members of a &lt;fen&gt;Comparison_set&lt;/fen&gt;.

&lt;ex&gt;David Hasselhoff's daughters are &lt;t&gt;normal&lt;/t&gt; &lt;fex name="fea"&gt;in every way&lt;/fex&gt;. &lt;/ex&gt;&lt;/def-root&gt;</definition>
    </FE>
    <FEcoreSet>
        <memberFE name="State_of_affairs" ID="6562"/>
        <memberFE name="Feature" ID="6565"/>
    </FEcoreSet>
    <frameRelation type="Inherits from">
        <relatedFrame ID="1015">Gradable_attributes</relatedFrame>
    </frameRelation>
    <frameRelation type="Is Inherited by"/>
    <frameRelation type="Perspective on">
        <relatedFrame ID="132">Instance</relatedFrame>
    </frameRelation>
    <frameRelation type="Is Perspectivized in"/>
    <frameRelation type="Uses">
        <relatedFrame ID="481">Similarity</relatedFrame>
    </frameRelation>
    <frameRelation type="Is Used by"/>
    <frameRelation type="Subframe of"/>
    <frameRelation type="Has Subframe(s)"/>
    <frameRelation type="Precedes"/>
    <frameRelation type="Is Preceded by"/>
    <frameRelation type="Is Inchoative of"/>
    <frameRelation type="Is Causative of"/>
    <frameRelation type="See also">
        <relatedFrame ID="982">Idiosyncrasy</relatedFrame>
    </frameRelation>
    <lexUnit status="Created" POS="A" name="normal.a" ID="10604" lemmaID="26088" cBy="JKR" cDate="06/23/2004 04:48:54 PDT Wed">
        <definition>FN: reflecting a common or frequent situation</definition>
        <sentenceCount annotated="106" total="106"/>
        <lexeme order="1" headword="false" breakBefore="false" POS="A" name="normal"/>
        <semType name="Positive_judgment" ID="13"/>
    </lexUnit>
    <lexUnit status="Finished_Initial" POS="A" name="unusual.a" ID="10606" lemmaID="42425" cBy="JKR" cDate="06/23/2004 04:50:41 PDT Wed">
        <definition>COD: remarkable; exceptional.</definition>
        <sentenceCount annotated="21" total="151"/>
        <lexeme order="1" headword="false" breakBefore="false" POS="A" name="unusual"/>
        <semType name="Negative_judgment" ID="14"/>
    </lexUnit>
    <lexUnit status="Finished_Initial" POS="A" name="ordinary.a" ID="10607" lemmaID="26922" cBy="JKR" cDate="06/23/2004 04:53:08 PDT Wed">
        <definition>COD: with no distinctive features; normal or usual</definition>
        <sentenceCount annotated="28" total="155"/>
        <lexeme order="1" headword="false" breakBefore="false" POS="A" name="ordinary"/>
    </lexUnit>
    <lexUnit status="Created" POS="A" name="average.a" ID="10608" lemmaID="2479" cBy="JKR" cDate="06/23/2004 04:54:11 PDT Wed">
        <definition>COD: a usual or ordinary amount, level, or rate.</definition>
        <sentenceCount annotated="2" total="2"/>
        <lexeme order="1" headword="false" breakBefore="false" POS="A" name="average"/>
    </lexUnit>
    <lexUnit status="Created" POS="A" name="odd.a" ID="10609" lemmaID="26524" cBy="JKR" cDate="06/23/2004 04:56:44 PDT Wed">
        <definition>COD: unusual or unexpected; strange</definition>
        <sentenceCount annotated="0" total="0"/>
        <lexeme order="1" headword="false" breakBefore="false" POS="A" name="odd"/>
        <semType name="Negative_judgment" ID="14"/>
    </lexUnit>
    <lexUnit status="Finished_Initial" POS="A" name="commonplace.a" ID="10884" lemmaID="7386" cBy="KlB" cDate="08/18/2004 05:28:23 PDT Wed">
        <definition>COD: not unusual; ordinary</definition>
        <sentenceCount annotated="21" total="154"/>
        <lexeme order="1" headword="false" breakBefore="false" POS="A" name="commonplace"/>
    </lexUnit>
    <lexUnit status="Created" POS="A" name="vanilla.a" ID="11198" lemmaID="49702" cBy="RLG" cDate="11/18/2004 10:31:51 PST Thu">
        <definition>COD: having no special or extra features.</definition>
        <sentenceCount annotated="0" total="0"/>
        <lexeme order="1" headword="true" breakBefore="false" POS="A" name="vanilla"/>
    </lexUnit>
    <lexUnit status="Finished_Initial" POS="A" name="curious.a" ID="15960" lemmaID="9285" cBy="AlK" cDate="07/29/2010 01:40:16 PDT Thu">
        <definition>FN: unorthodox or unexpected</definition>
        <sentenceCount annotated="69" total="69"/>
        <lexeme order="1" headword="false" breakBefore="false" POS="A" name="curious"/>
    </lexUnit>
    <lexUnit status="Created" POS="A" name="common.a" ID="16644" lemmaID="7376" cBy="PKe" cDate="09/29/2011 03:18:07 PDT Thu">
        <definition>FN: Usual; to be expected</definition>
        <sentenceCount annotated="2" total="2"/>
        <lexeme order="1" headword="false" breakBefore="false" POS="A" name="common"/>
    </lexUnit>
    <lexUnit status="Created" POS="ADV" name="typically.adv" ID="16897" lemmaID="41694" cBy="CVa" cDate="02/14/2012 01:06:26 PST Tue">
        <definition>FN: in a typical or common manner</definition>
        <sentenceCount annotated="0" total="0"/>
        <lexeme order="1" headword="false" breakBefore="false" POS="ADV" name="typically"/>
    </lexUnit>
    <lexUnit status="Created" POS="A" name="abnormal.a" ID="16900" lemmaID="128" cBy="CVa" cDate="02/15/2012 10:57:30 PST Wed">
        <definition>FN: reflecting an uncommon or infrequent situation</definition>
        <sentenceCount annotated="0" total="0"/>
        <lexeme order="1" headword="false" breakBefore="false" POS="A" name="abnormal"/>
    </lexUnit>
    <lexUnit status="Created" POS="N" name="irregularity.n" ID="16967" lemmaID="20657" cBy="WmS" cDate="03/15/2012 07:50:05 PDT Thu">
        <definition>FN: not normal</definition>
        <sentenceCount annotated="0" total="0"/>
        <lexeme order="1" headword="false" breakBefore="false" POS="N" name="irregularity"/>
    </lexUnit>
    <lexUnit status="Created" POS="A" name="conventional.a" ID="18607" lemmaID="8183" cBy="HPh" cDate="02/08/2016 07:48:06 PST Mon">
        <definition>FN: following accepted customs or standards, especially in an ordinary or unoriginal way</definition>
        <sentenceCount annotated="0" total="0"/>
        <lexeme order="1" headword="false" breakBefore="false" POS="A" name="conventional"/>
    </lexUnit>
</frame>