<?xml version="1.0" encoding="UTF-8" standalone="yes"?>
<?xml-stylesheet type="text/xsl" href="frame.xsl"?>
<frame cBy="MJE" cDate="03/22/2006 05:02:40 PST Wed" name="Undergoing" ID="1725" xsi:schemaLocation="../schema/frame.xsd" xmlns="http://framenet.icsi.berkeley.edu" xmlns:xsi="http://www.w3.org/2001/XMLSchema-instance">
    <definition>&lt;def-root&gt;An &lt;fen&gt;Entity&lt;/fen&gt; is affected by an &lt;fen&gt;Event&lt;/fen&gt;.

&lt;ex&gt;&lt;fex name="Entity"&gt;The hotel&lt;/fex&gt; is &lt;t&gt;undergoing&lt;/t&gt; &lt;fex name="Event"&gt;renovations&lt;/fex&gt; &lt;fex name="Time"&gt;at this time&lt;/fex&gt;.&lt;/ex&gt;&lt;/def-root&gt;</definition>
    <FE bgColor="FF0000" fgColor="FFFFFF" coreType="Core" cBy="MJE" cDate="03/22/2006 05:02:40 PST Wed" abbrev="Ent" name="Entity" ID="9950">
        <definition>&lt;def-root&gt;The thing which is affected by the Event.&lt;/def-root&gt;</definition>
    </FE>
    <FE bgColor="0000FF" fgColor="FFFFFF" coreType="Core-Unexpressed" cBy="MJE" cDate="03/22/2006 05:02:40 PST Wed" abbrev="Eve" name="Event" ID="9951">
        <definition>&lt;def-root&gt;A change in the world which affects the &lt;fen&gt;Entity&lt;/fen&gt;.&lt;/def-root&gt;</definition>
        <semType name="State_of_affairs" ID="177"/>
    </FE>
    <FE bgColor="FFA500" fgColor="FFFFFF" coreType="Peripheral" cBy="KmG" cDate="06/19/2006 11:04:18 PDT Mon" abbrev="" name="Time" ID="10321">
        <definition>&lt;def-root&gt;The &lt;fen&gt;Time&lt;/fen&gt; at which the &lt;fen&gt;Entity&lt;/fen&gt; undergoes the &lt;fen&gt;Event&lt;/fen&gt;.  &lt;/def-root&gt;</definition>
    </FE>
    <FE bgColor="008000" fgColor="FFFFFF" coreType="Peripheral" cBy="KmG" cDate="06/19/2006 11:05:13 PDT Mon" abbrev="" name="Place" ID="10322">
        <definition>&lt;def-root&gt;The location at which the &lt;fen&gt;Entity&lt;/fen&gt; undergoes the &lt;fen&gt;Event&lt;/fen&gt;. &lt;/def-root&gt;</definition>
    </FE>
    <FE bgColor="800080" fgColor="FFFFFF" coreType="Extra-Thematic" cBy="KmG" cDate="06/19/2006 11:10:56 PDT Mon" abbrev="Exp" name="Explanation" ID="10324">
        <definition>&lt;def-root&gt;The &lt;fen&gt;Explanation&lt;/fen&gt; for which the &lt;fen&gt;Entity&lt;/fen&gt; undergoes the &lt;fen&gt;Event&lt;/fen&gt;. The &lt;fen&gt;Explanation&lt;/fen&gt; denotes a proposition from which the main clause (headed by the target) logically follows. This often means that the &lt;fen&gt;Explanation&lt;/fen&gt; causes the target's proposition, but not in all cases.
&lt;/def-root&gt;</definition>
    </FE>
    <FE bgColor="9400D3" fgColor="FFFFFF" coreType="Extra-Thematic" cBy="KmG" cDate="06/19/2006 11:16:40 PDT Mon" abbrev="" name="Purpose" ID="10325">
        <definition>&lt;def-root&gt;The &lt;fen&gt;Purpose&lt;/fen&gt; for which the &lt;fen&gt;Entity&lt;/fen&gt; undergoes the &lt;fen&gt;Event&lt;/fen&gt;. &lt;/def-root&gt;</definition>
    </FE>
    <FE bgColor="FF00FF" fgColor="FFFFFF" coreType="Peripheral" cBy="KmG" cDate="06/19/2006 11:27:33 PDT Mon" abbrev="" name="Manner" ID="10326">
        <definition>&lt;def-root&gt;Any description of the event which is not covered by more specific FEs, including secondary effects (quietly, loudly) and general descriptions comparing events (the same way).&lt;/def-root&gt;</definition>
    </FE>
    <FE bgColor="FFFF00" fgColor="000000" coreType="Extra-Thematic" cBy="KmG" cDate="06/19/2006 12:23:22 PDT Mon" abbrev="" name="Circumstances" ID="10328">
        <definition>&lt;def-root&gt;Circumstances describe the state of the world (at a particular time and place) which is specifically independent of the event itself and any of its participants. &lt;/def-root&gt;</definition>
    </FE>
    <frameRelation type="Inherits from">
        <relatedFrame ID="187">Event</relatedFrame>
    </frameRelation>
    <frameRelation type="Is Inherited by"/>
    <frameRelation type="Perspective on">
        <relatedFrame ID="2961">Undergoing_scenario</relatedFrame>
    </frameRelation>
    <frameRelation type="Is Perspectivized in"/>
    <frameRelation type="Uses">
        <relatedFrame ID="88">Eventive_affecting</relatedFrame>
    </frameRelation>
    <frameRelation type="Is Used by"/>
    <frameRelation type="Subframe of"/>
    <frameRelation type="Has Subframe(s)"/>
    <frameRelation type="Precedes"/>
    <frameRelation type="Is Preceded by"/>
    <frameRelation type="Is Inchoative of"/>
    <frameRelation type="Is Causative of"/>
    <frameRelation type="See also"/>
    <lexUnit status="Finished_Initial" POS="V" name="undergo.v" ID="13135" lemmaID="41952" cBy="MJE" cDate="03/22/2006 05:09:52 PST Wed">
        <definition>COD: experience or be subjected to (something unpleasant or arduous).</definition>
        <sentenceCount annotated="29" total="190"/>
        <lexeme order="1" headword="false" breakBefore="false" POS="V" name="undergo"/>
    </lexUnit>
    <lexUnit status="Created" POS="V" name="experience.v" ID="18203" lemmaID="13538" cBy="MJE" cDate="07/31/2015 03:59:51 PDT Fri">
        <definition>FN: be affected by</definition>
        <sentenceCount annotated="0" total="0"/>
        <lexeme order="1" headword="false" breakBefore="false" POS="V" name="experience"/>
    </lexUnit>
</frame>