<?xml version="1.0" encoding="UTF-8" standalone="yes"?>
<?xml-stylesheet type="text/xsl" href="frame.xsl"?>
<frame cBy="MJE" cDate="12/08/2005 11:35:35 PST Thu" name="Use_vehicle" ID="1690" xsi:schemaLocation="../schema/frame.xsd" xmlns="http://framenet.icsi.berkeley.edu" xmlns:xsi="http://www.w3.org/2001/XMLSchema-instance">
    <definition>&lt;def-root&gt;A &lt;fen&gt;Driver&lt;/fen&gt; transports themselves and possibly other passengers (the &lt;fen&gt;Theme&lt;/fen&gt;) to another location.&lt;/def-root&gt;</definition>
    <semType name="Non-Lexical Frame" ID="16"/>
    <FE bgColor="FF0000" fgColor="FFFFFF" coreType="Core" cBy="MJE" cDate="12/08/2005 11:35:35 PST Thu" abbrev="Thm" name="Theme" ID="9731">
        <definition>&lt;def-root&gt;The &lt;fen&gt;Theme&lt;/fen&gt; is the entity which moves by means of the &lt;fen&gt;Vehicle&lt;/fen&gt;.
&lt;ex&gt;&lt;fex name="Theme"&gt;Margeret&lt;/fex&gt; &lt;t&gt;flew&lt;/t&gt; to Cabo San Lucas.&lt;/ex&gt;&lt;/def-root&gt;</definition>
        <semType name="Physical_object" ID="68"/>
    </FE>
    <FE bgColor="00008B" fgColor="FFFFFF" coreType="Core" cBy="MJE" cDate="12/08/2005 11:35:35 PST Thu" abbrev="" name="Vehicle" ID="9732">
        <definition>&lt;def-root&gt;The &lt;fen&gt;Vehicle&lt;/fen&gt; is the means of conveyance of the &lt;fen&gt;Theme&lt;/fen&gt;. It is usually expressed in a &lt;ment&gt;PP&lt;/ment&gt;-complement or the direct object.
&lt;ex&gt;Professor Frink &lt;t&gt;sailed&lt;/t&gt; to Italy &lt;fex name="Vehicle"&gt;on an oceanliner&lt;/fex&gt;.&lt;/ex&gt;&lt;/def-root&gt;</definition>
    </FE>
    <FE bgColor="006400" fgColor="FFFFFF" coreType="Core" cBy="MJE" cDate="12/08/2005 11:35:35 PST Thu" abbrev="" name="Source" ID="9733">
        <definition>&lt;def-root&gt;Any expression which implies a definite starting-point of motion expresses the frame element &lt;fen&gt;Source&lt;/fen&gt;.
&lt;ex&gt;We &lt;t&gt;flew&lt;/t&gt; &lt;fex name="Source"&gt;from Atlanta&lt;/fex&gt;.&lt;/ex&gt;&lt;/def-root&gt;</definition>
        <semType name="Source" ID="151"/>
    </FE>
    <FE bgColor="FF00FF" fgColor="FFFFFF" coreType="Peripheral" cBy="MJE" cDate="12/08/2005 11:35:35 PST Thu" abbrev="" name="Manner" ID="9734">
        <definition>&lt;def-root&gt;The Manner describes a property of the motion not related to its trajectory.
&lt;ex&gt;Samantha always &lt;t&gt;rode&lt;/t&gt; &lt;fex name="Manner"&gt;gracefully&lt;/fex&gt; on the back of a motorcycle.&lt;/ex&gt;&lt;/def-root&gt;</definition>
        <semType name="Manner" ID="173"/>
    </FE>
    <FE bgColor="A52A2A" fgColor="FFFFFF" coreType="Core" cBy="MJE" cDate="12/08/2005 11:35:35 PST Thu" abbrev="" name="Path" ID="9735">
        <definition>&lt;def-root&gt;The &lt;fen&gt;Path&lt;/fen&gt; describes the trajectory of the motion.
&lt;ex&gt;The caravan &lt;t&gt;rode&lt;/t&gt; &lt;fex name="Path"&gt;through the desert&lt;/fex&gt;.&lt;/ex&gt;&lt;/def-root&gt;</definition>
    </FE>
    <FE bgColor="00BFFF" fgColor="FFFFFF" coreType="Core" cBy="MJE" cDate="12/08/2005 11:35:35 PST Thu" abbrev="" name="Goal" ID="9736">
        <definition>&lt;def-root&gt;The &lt;fen&gt;Goal&lt;/fen&gt; is the endpoint of the trajectory of motion.
&lt;ex&gt;We &lt;t&gt;sailed&lt;/t&gt; &lt;fex name="Goal"&gt;to Morocco&lt;/fex&gt;.&lt;/ex&gt;&lt;/def-root&gt;</definition>
        <semType name="Goal" ID="153"/>
    </FE>
    <FE bgColor="FF69B4" fgColor="FFFFFF" coreType="Peripheral" cBy="MJE" cDate="12/08/2005 11:35:35 PST Thu" abbrev="" name="Distance" ID="9737">
        <definition>&lt;def-root&gt;The &lt;fen&gt;Distance&lt;/fen&gt; is the extent of the motion.
&lt;ex&gt;We &lt;t&gt;flew&lt;/t&gt; &lt;fex name="Distance"&gt;300 miles&lt;/fex&gt; in 40 minutes.&lt;/ex&gt;&lt;/def-root&gt;</definition>
    </FE>
    <FE bgColor="2E8B57" fgColor="FFFFFF" coreType="Peripheral" cBy="MJE" cDate="12/08/2005 11:35:35 PST Thu" abbrev="" name="Duration" ID="9738">
        <definition>&lt;def-root&gt;The Duration is the amount of time the motion takes.
&lt;ex&gt;We &lt;t&gt;rode&lt;/t&gt; in the van &lt;fex name="Duration"&gt;for 45 minutes&lt;/fex&gt;.&lt;/ex&gt;&lt;/def-root&gt;</definition>
        <semType name="Duration" ID="142"/>
    </FE>
    <FE bgColor="800080" fgColor="FFFFFF" coreType="Peripheral" cBy="MJE" cDate="12/08/2005 11:35:35 PST Thu" abbrev="" name="Speed" ID="9739">
        <definition>&lt;def-root&gt;The &lt;fen&gt;Speed&lt;/fen&gt; is the rate at which the motion occurs.
&lt;ex&gt;We &lt;t&gt;flew&lt;/t&gt;&lt;fex name="Speed"&gt;  at nearly 600 miles per hour&lt;/fex&gt;.&lt;/ex&gt;&lt;/def-root&gt;</definition>
        <semType name="Speed" ID="234"/>
    </FE>
    <FE bgColor="9400D3" fgColor="FFFFFF" coreType="Core" cBy="MJE" cDate="12/08/2005 11:35:35 PST Thu" abbrev="" name="Area" ID="9740">
        <definition>&lt;def-root&gt;The Area is the location where the motion takes place.
&lt;ex&gt;We &lt;t&gt;rode&lt;/t&gt; &lt;fex name="Area"&gt;around the state&lt;/fex&gt;.&lt;/ex&gt;&lt;/def-root&gt;</definition>
    </FE>
    <FE bgColor="A9A9A9" fgColor="FFFFFF" coreType="Peripheral" cBy="MJE" cDate="12/08/2005 11:35:35 PST Thu" abbrev="" name="Road" ID="9741">
        <definition>&lt;def-root&gt;The Road is the thoroughfare on which the &lt;fen&gt;Vehicle&lt;/fen&gt; travels.
&lt;ex&gt;We &lt;t&gt;ride&lt;/t&gt; the bus &lt;fex name="Road"&gt;on highway 580&lt;/fex&gt;.&lt;/ex&gt;&lt;/def-root&gt;</definition>
    </FE>
    <FE bgColor="7CCD73" fgColor="FFFFFF" coreType="Peripheral" cBy="MJE" cDate="12/08/2005 11:35:35 PST Thu" abbrev="" name="Route" ID="9742">
        <definition>&lt;def-root&gt;The Route is the usual path that the &lt;fen&gt;Vehicle&lt;/fen&gt; travles.
&lt;ex&gt;I &lt;t&gt;ride&lt;/t&gt; &lt;fex name="Route"&gt;the London-Birmingham route&lt;/fex&gt; almost everyday.&lt;/ex&gt;&lt;/def-root&gt;</definition>
    </FE>
    <FE bgColor="FFA500" fgColor="FFFFFF" coreType="Peripheral" cBy="MJE" cDate="12/08/2005 11:35:35 PST Thu" abbrev="Time" name="Time" ID="9744">
        <definition>&lt;def-root&gt;When the riding takes place.
&lt;ex&gt;We will &lt;t&gt;fly&lt;/t&gt; back to New York &lt;fex name="Time"&gt;in September&lt;/fex&gt;.&lt;/ex&gt;&lt;/def-root&gt;</definition>
        <semType name="Time" ID="141"/>
    </FE>
    <FE bgColor="d0d0d0" fgColor="000000" coreType="Extra-Thematic" cBy="MJE" cDate="12/08/2005 11:35:35 PST Thu" abbrev="CT" name="Cotheme" ID="9745">
        <definition>&lt;def-root&gt;A theme that rides in the same &lt;fen&gt;Vehicle&lt;/fen&gt; as the main &lt;fen&gt;Theme&lt;/fen&gt;.
&lt;ex&gt;My family always &lt;t&gt;flies&lt;/t&gt; to New York &lt;fex name="CT"&gt;with our good friends, the Jacksons&lt;/fex&gt;.&lt;/ex&gt;&lt;/def-root&gt;</definition>
    </FE>
    <FE bgColor="1E90FF" fgColor="FFFFFF" coreType="Core" cBy="MJE" cDate="12/08/2005 11:38:47 PST Thu" abbrev="dri" name="Driver" ID="9747">
        <definition>&lt;def-root&gt;The individual that directs the motion of the &lt;fen&gt;Vehicle&lt;/fen&gt;&lt;/def-root&gt;</definition>
    </FE>
    <frameRelation type="Inherits from"/>
    <frameRelation type="Is Inherited by"/>
    <frameRelation type="Perspective on"/>
    <frameRelation type="Is Perspectivized in">
        <relatedFrame ID="690">Ride_vehicle</relatedFrame>
        <relatedFrame ID="65">Operate_vehicle</relatedFrame>
    </frameRelation>
    <frameRelation type="Uses"/>
    <frameRelation type="Is Used by"/>
    <frameRelation type="Subframe of"/>
    <frameRelation type="Has Subframe(s)"/>
    <frameRelation type="Precedes"/>
    <frameRelation type="Is Preceded by"/>
    <frameRelation type="Is Inchoative of"/>
    <frameRelation type="Is Causative of"/>
    <frameRelation type="See also"/>
</frame>