<?xml version="1.0" encoding="UTF-8" standalone="yes"?>
<?xml-stylesheet type="text/xsl" href="frame.xsl"?>
<frame cBy="MJE" cDate="07/15/2003 12:15:33 PDT Tue" name="Usefulness" ID="726" xsi:schemaLocation="../schema/frame.xsd" xmlns="http://framenet.icsi.berkeley.edu" xmlns:xsi="http://www.w3.org/2001/XMLSchema-instance">
    <definition>&lt;def-root&gt;An &lt;fen&gt;Entity&lt;/fen&gt; aids in the successful completion of a &lt;fen&gt;Purpose&lt;/fen&gt;.  Its &lt;fen&gt;Degree&lt;/fen&gt; of utility may also be expressed. Some of the lexical units  in this frame (e.g. &lt;ment&gt;great, good&lt;/ment&gt;) can only express permanent, generic states of the &lt;fen&gt;Entity&lt;/fen&gt;.

&lt;ex&gt;&lt;fex name="Entity"&gt;A box&lt;/fex&gt; is an &lt;t&gt;ideal&lt;/t&gt; &lt;fex name="Purpose"&gt;storage device&lt;/fex&gt;.&lt;/ex&gt;&lt;/def-root&gt;</definition>
    <FE bgColor="0000FF" fgColor="FFFFFF" coreType="Core" cBy="MJE" cDate="07/15/2003 12:47:06 PDT Tue" abbrev="Ent" name="Entity" ID="4783">
        <definition>&lt;def-root&gt;The item which is useful for some purpose.&lt;/def-root&gt;</definition>
        <semType name="Physical_entity" ID="70"/>
    </FE>
    <FE bgColor="800080" fgColor="FFFFFF" coreType="Core" cBy="MJE" cDate="07/15/2003 12:55:26 PDT Tue" abbrev="Purp" name="Purpose" ID="4784">
        <definition>&lt;def-root&gt;The kind of task which is promoted by the use or presence of the &lt;fen&gt;Entity&lt;/fen&gt;.&lt;/def-root&gt;</definition>
        <semType name="State_of_affairs" ID="177"/>
    </FE>
    <FE bgColor="FF00FF" fgColor="FFFFFF" coreType="Peripheral" cBy="MJE" cDate="07/15/2003 01:05:34 PDT Tue" abbrev="Deg" name="Degree" ID="4785">
        <definition>&lt;def-root&gt;The amount that the presence of the &lt;fen&gt;Entity&lt;/fen&gt; aids in the completion of the (desirable) &lt;fen&gt;Purpose&lt;/fen&gt;.&lt;/def-root&gt;</definition>
        <semType name="Degree" ID="172"/>
    </FE>
    <FE bgColor="A52A2A" fgColor="FFFFFF" coreType="Extra-Thematic" cBy="KmG" cDate="06/05/2007 12:57:05 PDT Tue" abbrev="dom" name="Domain" ID="11865">
        <definition>&lt;def-root&gt;This Frame Element marks expressions of a &lt;t&gt;Domain&lt;/t&gt; or parameter with respect to which the &lt;t&gt;Entity&lt;/t&gt; is useful. &lt;/def-root&gt;</definition>
    </FE>
    <FE bgColor="FFA500" fgColor="FFFFFF" coreType="Peripheral" cBy="KmG" cDate="11/07/2007 12:54:57 PST Wed" abbrev="" name="Time" ID="12048">
        <definition>&lt;def-root&gt;When the &lt;fen&gt;Entity&lt;/fen&gt; is useful for a &lt;fen&gt;Purpose&lt;/fen&gt;.&lt;/def-root&gt;</definition>
    </FE>
    <frameRelation type="Inherits from">
        <relatedFrame ID="1015">Gradable_attributes</relatedFrame>
    </frameRelation>
    <frameRelation type="Is Inherited by"/>
    <frameRelation type="Perspective on"/>
    <frameRelation type="Is Perspectivized in"/>
    <frameRelation type="Uses">
        <relatedFrame ID="1141">Using</relatedFrame>
        <relatedFrame ID="990">Capability</relatedFrame>
    </frameRelation>
    <frameRelation type="Is Used by"/>
    <frameRelation type="Subframe of"/>
    <frameRelation type="Has Subframe(s)"/>
    <frameRelation type="Precedes"/>
    <frameRelation type="Is Preceded by"/>
    <frameRelation type="Is Inchoative of"/>
    <frameRelation type="Is Causative of"/>
    <frameRelation type="See also"/>
    <lexUnit status="Finished_Initial" POS="A" name="good.a" ID="9110" lemmaID="16523" cBy="MJE" cDate="07/15/2003 12:23:24 PDT Tue">
        <definition>COD:  appropriate.</definition>
        <sentenceCount annotated="19" total="37"/>
        <lexeme order="1" headword="false" breakBefore="false" POS="A" name="good"/>
    </lexUnit>
    <lexUnit status="Created" POS="A" name="effective.a" ID="9194" lemmaID="12261" cBy="MJE" cDate="08/01/2003 11:29:22 PDT Fri">
        <definition>COD:  producing a desired or intended result.</definition>
        <sentenceCount annotated="11" total="11"/>
        <lexeme order="1" headword="false" breakBefore="false" POS="A" name="effective"/>
    </lexUnit>
    <lexUnit status="Created" POS="A" name="excellent.a" ID="9273" lemmaID="13347" cBy="MJE" cDate="08/13/2003 03:11:18 PDT Wed">
        <definition>FN: having features which are very good to have for a certain purpose</definition>
        <sentenceCount annotated="11" total="53"/>
        <lexeme order="1" headword="false" breakBefore="false" POS="A" name="excellent"/>
    </lexUnit>
    <lexUnit status="Needs_SCs" POS="A" name="outstanding.a" ID="9276" lemmaID="27162" cBy="MJE" cDate="08/13/2003 05:14:52 PDT Wed">
        <definition>FN: having exceptionally good features which are needed to fulfill a certain purpose</definition>
        <sentenceCount annotated="2" total="141"/>
        <lexeme order="1" headword="false" breakBefore="false" POS="A" name="outstanding"/>
    </lexUnit>
    <lexUnit status="Created" POS="A" name="superb.a" ID="9277" lemmaID="38845" cBy="MJE" cDate="08/13/2003 05:15:36 PDT Wed">
        <definition>FN: having features with make an entity extremely effective at a certain activity </definition>
        <sentenceCount annotated="4" total="5"/>
        <lexeme order="1" headword="false" breakBefore="false" POS="A" name="superb"/>
    </lexUnit>
    <lexUnit status="Created" POS="A" name="wonderful.a" ID="9278" lemmaID="44386" cBy="MJE" cDate="08/13/2003 05:17:59 PDT Wed">
        <definition>FN: having all the features necessary for a certain purpose</definition>
        <sentenceCount annotated="4" total="5"/>
        <lexeme order="1" headword="false" breakBefore="false" POS="A" name="wonderful"/>
    </lexUnit>
    <lexUnit status="Created" POS="A" name="fantastic.a" ID="9279" lemmaID="13933" cBy="MJE" cDate="08/13/2003 05:20:03 PDT Wed">
        <definition>FN: having features which are extremely good to have for a specified purpose</definition>
        <sentenceCount annotated="1" total="1"/>
        <lexeme order="1" headword="false" breakBefore="false" POS="A" name="fantastic"/>
    </lexUnit>
    <lexUnit status="Created" POS="A" name="fine.a" ID="9280" lemmaID="14396" cBy="MJE" cDate="08/13/2003 05:21:02 PDT Wed">
        <definition>COD: of very high quality. </definition>
        <sentenceCount annotated="2" total="2"/>
        <lexeme order="1" headword="false" breakBefore="false" POS="A" name="fine"/>
    </lexUnit>
    <lexUnit status="Created" POS="A" name="tremendous.a" ID="9281" lemmaID="41156" cBy="MJE" cDate="08/13/2003 05:22:20 PDT Wed">
        <definition>FN: having features with are extremely good to have for a certain purpose</definition>
        <sentenceCount annotated="1" total="1"/>
        <lexeme order="1" headword="false" breakBefore="false" POS="A" name="tremendous"/>
    </lexUnit>
    <lexUnit status="Created" POS="A" name="terrific.a" ID="9282" lemmaID="39926" cBy="MJE" cDate="08/13/2003 05:24:34 PDT Wed">
        <definition>FN: having features that make a certain entity very good at a particular use</definition>
        <sentenceCount annotated="1" total="1"/>
        <lexeme order="1" headword="false" breakBefore="false" POS="A" name="terrific"/>
    </lexUnit>
    <lexUnit status="Created" POS="A" name="marvellous.a" ID="9283" lemmaID="23574" cBy="MJE" cDate="08/13/2003 05:25:30 PDT Wed">
        <definition>FN: having extraordinarily useful feautures for a certain purpose</definition>
        <sentenceCount annotated="3" total="3"/>
        <lexeme order="1" headword="false" breakBefore="false" POS="A" name="marvellous"/>
    </lexUnit>
    <lexUnit status="Created" POS="A" name="great.a" ID="9286" lemmaID="16767" cBy="MJE" cDate="08/14/2003 05:54:20 PDT Thu">
        <definition>FN: possessing features which are beneficial to have for a certain purpose</definition>
        <sentenceCount annotated="5" total="28"/>
        <lexeme order="1" headword="false" breakBefore="false" POS="A" name="great"/>
    </lexUnit>
    <lexUnit status="Created" POS="A" name="super.a" ID="9287" lemmaID="38837" cBy="MJE" cDate="08/14/2003 05:57:00 PDT Thu">
        <definition>FN: having features with make an entity very effective at a certain activity </definition>
        <sentenceCount annotated="2" total="2"/>
        <lexeme order="1" headword="false" breakBefore="false" POS="A" name="super"/>
    </lexUnit>
    <lexUnit status="Created" POS="A" name="splendid.a" ID="9288" lemmaID="37402" cBy="MJE" cDate="08/14/2003 08:05:29 PDT Thu">
        <definition>FN: having excellent features for a specific purpose</definition>
        <sentenceCount annotated="1" total="1"/>
        <lexeme order="1" headword="false" breakBefore="false" POS="A" name="splendid"/>
    </lexUnit>
    <lexUnit status="Created" POS="A" name="useful.a" ID="11624" lemmaID="42562" cBy="JKR" cDate="02/28/2005 06:36:30 PST Mon">
        <definition>COD: able to be used for a practical purpose or in several ways.</definition>
        <sentenceCount annotated="3" total="3"/>
        <lexeme order="1" headword="false" breakBefore="false" POS="A" name="useful"/>
    </lexUnit>
    <lexUnit status="Created" POS="N" name="utility.n" ID="11625" lemmaID="42590" cBy="JKR" cDate="02/28/2005 06:44:33 PST Mon">
        <definition>COD: the state of being useful, profitable, or beneficial.</definition>
        <sentenceCount annotated="3" total="3"/>
        <lexeme order="1" headword="false" breakBefore="false" POS="N" name="utility"/>
    </lexUnit>
    <lexUnit status="Finished_Initial" POS="N" name="value.n" ID="13424" lemmaID="42680" cBy="MiL" cDate="08/07/2006 01:22:44 PDT Mon">
        <definition>FN: the usefulness of an Entity with respect to some Purpose.  </definition>
        <sentenceCount annotated="18" total="221"/>
        <lexeme order="1" headword="false" breakBefore="false" POS="N" name="value"/>
    </lexUnit>
    <lexUnit status="Finished_Initial" POS="A" name="valuable.a" ID="13426" lemmaID="42678" cBy="MiL" cDate="08/07/2006 03:04:32 PDT Mon">
        <definition>COD: extremely useful or important.</definition>
        <sentenceCount annotated="27" total="290"/>
        <lexeme order="1" headword="false" breakBefore="false" POS="A" name="valuable"/>
    </lexUnit>
    <lexUnit status="Created" POS="A" name="perfect.a" ID="13827" lemmaID="28426" cBy="MJE" cDate="02/25/2007 02:09:33 PST Sun">
        <definition>FE: absolutely suited (for a purpose).</definition>
        <sentenceCount annotated="3" total="3"/>
        <lexeme order="1" headword="false" breakBefore="false" POS="A" name="perfect"/>
    </lexUnit>
    <lexUnit status="Created" POS="A" name="ideal.a" ID="13835" lemmaID="18868" cBy="MJE" cDate="02/25/2007 03:01:46 PST Sun">
        <definition>COD: most suitable; perfect.</definition>
        <sentenceCount annotated="2" total="2"/>
        <lexeme order="1" headword="false" breakBefore="false" POS="A" name="ideal"/>
    </lexUnit>
    <lexUnit status="Created" POS="A" name="ineffective.a" ID="14523" lemmaID="50721" cBy="KmG" cDate="08/15/2007 12:55:24 PDT Wed">
        <definition>FN: not producing a desired or intended result.</definition>
        <sentenceCount annotated="1" total="1"/>
        <lexeme order="1" headword="true" breakBefore="false" POS="A" name="ineffective"/>
    </lexUnit>
    <lexUnit status="Created" POS="V" name="work.v" ID="14629" lemmaID="44462" cBy="KmG" cDate="11/07/2007 12:43:07 PST Wed">
        <definition>FN: be effective in performing as it is designed to is expected to do. </definition>
        <sentenceCount annotated="5" total="5"/>
        <lexeme order="1" headword="false" breakBefore="false" POS="V" name="work"/>
    </lexUnit>
    <lexUnit status="Created" POS="A" name="strong.a" ID="17041" lemmaID="38383" cBy="PKe" cDate="04/25/2012 04:50:26 PDT Wed">
        <definition>FN: Exceptionally useful or well-adapted</definition>
        <sentenceCount annotated="4" total="4"/>
        <lexeme order="1" headword="false" breakBefore="false" POS="A" name="strong"/>
    </lexUnit>
</frame>