<?xml version="1.0" encoding="UTF-8" standalone="yes"?>
<?xml-stylesheet type="text/xsl" href="frame.xsl"?>
<frame cBy="MLC" cDate="09/29/2010 05:21:51 PDT Wed" name="Vehicle_subpart" ID="2426" xsi:schemaLocation="../schema/frame.xsd" xmlns="http://framenet.icsi.berkeley.edu" xmlns:xsi="http://www.w3.org/2001/XMLSchema-instance">
    <definition>&lt;def-root&gt;An entity is integrated into a vehicle as a &lt;fen&gt;Part&lt;/fen&gt; of a (possibly unexpressed) &lt;fen&gt;Whole&lt;/fen&gt; which may refer to the whole vehicle or merely to a sub-part of the vehicle. 
&lt;ex&gt;&lt;/ex&gt;
&lt;ex&gt;The &lt;fex name="Whole"&gt;car's&lt;/fex&gt; &lt;fex name="Part"&gt;&lt;t&gt;engine&lt;/t&gt;&lt;/fex&gt; started smoking so we pulled over.&lt;/ex&gt;
&lt;ex&gt;Put the bags in the &lt;fex name="Part"&gt;&lt;t&gt;trunk&lt;/t&gt;&lt;/fex&gt;.&lt;/ex&gt;
&lt;ex&gt;One should always wear a &lt;fex name="Part"&gt;&lt;t&gt;seatbelt&lt;/t&gt;&lt;/fex&gt; while driving.&lt;/ex&gt;
&lt;/def-root&gt;</definition>
    <FE bgColor="FF0000" fgColor="FFFFFF" coreType="Core" cBy="MLC" cDate="09/29/2010 05:28:42 PDT Wed" abbrev="par" name="Part" ID="14220">
        <definition>&lt;def-root&gt;Some &lt;fex name="Part"&gt;Part&lt;/fex&gt; of the larger vehicle, the &lt;fex name="Whole"&gt;Whole&lt;/fex&gt;. &lt;/def-root&gt;</definition>
    </FE>
    <FE bgColor="0000FF" fgColor="FFFFFF" coreType="Core" cBy="MLC" cDate="09/29/2010 05:31:47 PDT Wed" abbrev="" name="Whole" ID="14221">
        <definition>&lt;def-root&gt;A vehicle (the &lt;fex name="Whole"&gt;Whole&lt;/fex&gt;)  which includes the &lt;fex name="Part"&gt;Part&lt;/fex&gt;. &lt;/def-root&gt;</definition>
    </FE>
    <FE bgColor="7FFF00" fgColor="000000" coreType="Peripheral" cBy="MLC" cDate="09/29/2010 05:33:01 PDT Wed" abbrev="fxn" name="Function" ID="14222">
        <definition>&lt;def-root&gt;The function of the part within the vehicule as a whole. &lt;/def-root&gt;</definition>
    </FE>
    <FE bgColor="800080" fgColor="FFFFFF" coreType="Peripheral" cBy="MLC" cDate="09/29/2010 05:33:59 PDT Wed" abbrev="ori" name="Orientation" ID="14223">
        <definition>&lt;def-root&gt;This property of the part that situates the part within the whole. &lt;/def-root&gt;</definition>
    </FE>
    <FE bgColor="EEE8AA" fgColor="000000" coreType="Peripheral" cBy="MLC" cDate="09/29/2010 05:37:09 PDT Wed" abbrev="desc" name="Descriptor" ID="14224">
        <definition>&lt;def-root&gt;A property relating to the part. &lt;/def-root&gt;</definition>
    </FE>
    <frameRelation type="Inherits from">
        <relatedFrame ID="140">Part_whole</relatedFrame>
    </frameRelation>
    <frameRelation type="Is Inherited by"/>
    <frameRelation type="Perspective on"/>
    <frameRelation type="Is Perspectivized in"/>
    <frameRelation type="Uses">
        <relatedFrame ID="429">Vehicle</relatedFrame>
    </frameRelation>
    <frameRelation type="Is Used by"/>
    <frameRelation type="Subframe of"/>
    <frameRelation type="Has Subframe(s)"/>
    <frameRelation type="Precedes"/>
    <frameRelation type="Is Preceded by"/>
    <frameRelation type="Is Inchoative of"/>
    <frameRelation type="Is Causative of"/>
    <frameRelation type="See also"/>
    <lexUnit status="Created" POS="N" name="door.n" ID="16099" lemmaID="11499" cBy="MLC" cDate="09/29/2010 05:40:09 PDT Wed">
        <definition>FN: a swinging barrier between the interior and exterior of a vehicule. </definition>
        <sentenceCount annotated="1" total="1"/>
        <lexeme order="1" headword="false" breakBefore="false" POS="N" name="door"/>
    </lexUnit>
    <lexUnit status="Created" POS="N" name="window.n" ID="16100" lemmaID="44223" cBy="MLC" cDate="09/29/2010 05:40:32 PDT Wed">
        <definition>FN: an opening in the wall of a vehicule that usually contains glass. </definition>
        <sentenceCount annotated="6" total="6"/>
        <lexeme order="1" headword="false" breakBefore="false" POS="N" name="window"/>
    </lexUnit>
    <lexUnit status="Created" POS="N" name="seat.n" ID="16101" lemmaID="34729" cBy="MLC" cDate="09/29/2010 05:40:42 PDT Wed">
        <definition>FN: the interior location designed to seat passengers travelling in a vehicule. </definition>
        <sentenceCount annotated="0" total="0"/>
        <lexeme order="1" headword="false" breakBefore="false" POS="N" name="seat"/>
    </lexUnit>
    <lexUnit status="Created" POS="N" name="seatbelt.n" ID="16102" lemmaID="51240" cBy="MLC" cDate="09/29/2010 05:41:00 PDT Wed">
        <definition>FN: a belt used to secure someone into the seat of a vehcule. </definition>
        <sentenceCount annotated="0" total="0"/>
        <lexeme order="1" headword="true" breakBefore="false" POS="N" name="seatbelt"/>
    </lexUnit>
    <lexUnit status="Created" POS="N" name="tire.n" ID="16103" lemmaID="41709" cBy="MLC" cDate="09/29/2010 05:41:11 PDT Wed">
        <definition>FN: the circular, air-inflated, and (usually) rubber component of the vehicule which permits the vehicule to touch the ground and move forward. </definition>
        <sentenceCount annotated="0" total="0"/>
        <lexeme order="1" headword="false" breakBefore="false" POS="N" name="tire"/>
    </lexUnit>
    <lexUnit status="Created" POS="N" name="wheel.n" ID="16104" lemmaID="43884" cBy="MLC" cDate="09/29/2010 05:41:23 PDT Wed">
        <definition>FN: the part of the vehicule which holds a tire. </definition>
        <sentenceCount annotated="0" total="0"/>
        <lexeme order="1" headword="false" breakBefore="false" POS="N" name="wheel"/>
    </lexUnit>
    <lexUnit status="Created" POS="N" name="brake.n" ID="16105" lemmaID="4426" cBy="MLC" cDate="09/29/2010 05:41:35 PDT Wed">
        <definition>FN: a device that is used to slow down or stop a moving vehicule. </definition>
        <sentenceCount annotated="0" total="0"/>
        <lexeme order="1" headword="false" breakBefore="false" POS="N" name="brake"/>
    </lexUnit>
    <lexUnit status="Created" POS="N" name="engine.n" ID="16106" lemmaID="12764" cBy="MLC" cDate="09/29/2010 05:41:46 PDT Wed">
        <definition>FN: the component of the vehicule that provides the necessary power for the motion of the vehicule. </definition>
        <sentenceCount annotated="0" total="0"/>
        <lexeme order="1" headword="false" breakBefore="false" POS="N" name="engine"/>
    </lexUnit>
    <lexUnit status="Created" POS="N" name="hood.n" ID="16107" lemmaID="18343" cBy="MLC" cDate="09/29/2010 05:41:58 PDT Wed">
        <definition>FN: the hinged barrier at the front of a vehicule which serves to cover the engine compartment. </definition>
        <sentenceCount annotated="0" total="0"/>
        <lexeme order="1" headword="false" breakBefore="false" POS="N" name="hood"/>
    </lexUnit>
    <lexUnit status="Created" POS="N" name="trunk.n" ID="16108" lemmaID="41389" cBy="MLC" cDate="09/29/2010 05:42:08 PDT Wed">
        <definition>FN: a part of the vehicule, generally at the posterior end of the vehicule, which is commonly used as storage space. The trunk may be covered by a hinged barrier.</definition>
        <sentenceCount annotated="0" total="0"/>
        <lexeme order="1" headword="false" breakBefore="false" POS="N" name="trunk"/>
    </lexUnit>
    <lexUnit status="Created" POS="N" name="part.n" ID="16170" lemmaID="27891" cBy="AlK" cDate="12/02/2010 01:52:21 PST Thu">
        <definition>FN: a component of a vehicle that has a distinct function</definition>
        <sentenceCount annotated="0" total="0"/>
        <lexeme order="1" headword="false" breakBefore="false" POS="N" name="part"/>
    </lexUnit>
    <lexUnit status="Created" POS="N" name="windshield.n" ID="16792" lemmaID="44229" cBy="RLG" cDate="11/10/2011 04:07:02 PST Thu">
        <definition>FN: the a pane of glass at the front of a vehicle, used for blocking wind.</definition>
        <sentenceCount annotated="0" total="0"/>
        <lexeme order="1" headword="false" breakBefore="false" POS="N" name="windshield"/>
    </lexUnit>
</frame>