<?xml version="1.0" encoding="UTF-8" standalone="yes"?>
<?xml-stylesheet type="text/xsl" href="frame.xsl"?>
<frame cBy="MJE" cDate="09/27/2004 10:43:46 PDT Mon" name="Verification" ID="1230" xsi:schemaLocation="../schema/frame.xsd" xmlns="http://framenet.icsi.berkeley.edu" xmlns:xsi="http://www.w3.org/2001/XMLSchema-instance">
    <definition>&lt;def-root&gt;An &lt;fen&gt;Inspector&lt;/fen&gt; attains a degree of certainty in the &lt;fen&gt;Unconfirmed_content&lt;/fen&gt;, generally by inspecting some evidence.

&lt;ex&gt;&lt;fex name="Medium"&gt;This note&lt;/fex&gt; &lt;t&gt;confirms&lt;/t&gt; &lt;fex name="Unconfirmed_content"&gt;my suspicions&lt;/fex&gt;.&lt;/ex&gt;&lt;/def-root&gt;</definition>
    <FE bgColor="0000FF" fgColor="FFFFFF" coreType="Core" cBy="MJE" cDate="09/27/2004 10:43:46 PDT Mon" abbrev="ins" name="Inspector" ID="7120">
        <definition>&lt;def-root&gt;The individual or individuals that ascertain that the &lt;fen&gt;Unconfirmed_content&lt;/fen&gt; is true.

&lt;ex&gt;&lt;fex name="ins"&gt;His&lt;/fex&gt; later &lt;t&gt;verification&lt;/t&gt; of the facts is certainly beyond reproach.&lt;/ex&gt;&lt;/def-root&gt;</definition>
        <semType name="Sentient" ID="5"/>
    </FE>
    <FE bgColor="FF0000" fgColor="FFFFFF" coreType="Core" cBy="MJE" cDate="09/27/2004 10:43:46 PDT Mon" abbrev="unc" name="Unconfirmed_content" ID="7121">
        <definition>&lt;def-root&gt;An open proposition that the &lt;fen&gt;Inspector&lt;/fen&gt; decides by examining evidence.  It is usually a propostion put forward which some parties would disbelieve or contest.

&lt;ex&gt;It is extremely difficult to &lt;t&gt;confirm&lt;/t&gt; &lt;fex name="unc"&gt;the absence of something&lt;/fex&gt;.&lt;/ex&gt;&lt;/def-root&gt;</definition>
        <semType name="Content" ID="55"/>
    </FE>
    <FE bgColor="FF00FF" fgColor="FFFFFF" coreType="Peripheral" cBy="MJE" cDate="09/27/2004 10:43:47 PDT Mon" abbrev="Manr" name="Manner" ID="7123">
        <definition>&lt;def-root&gt;Any description of the verification which is not covered by more specific FEs, including epistemic modification (&lt;ment&gt;probably, presumably, mysteriously&lt;/ment&gt;), force (&lt;ment&gt;hard, softly&lt;/ment&gt;), secondary effects (&lt;ment&gt;quietly, loudly&lt;/ment&gt;), and general descriptions comparing events (&lt;ment&gt;the same way&lt;/ment&gt;). It may also indicate salient characteristics of an &lt;fen&gt;Inspector&lt;/fen&gt; that also affect the action (&lt;ment&gt;presumptuously, coldly, deliberately, eagerly, carefully&lt;/ment&gt;). &lt;/def-root&gt;</definition>
        <semType name="Manner" ID="173"/>
    </FE>
    <FE bgColor="A52A2A" fgColor="FFFFFF" coreType="Peripheral" cBy="MJE" cDate="09/27/2004 10:43:47 PDT Mon" abbrev="mea" name="Means" ID="7124">
        <definition>&lt;def-root&gt;An action performed by the &lt;fen&gt;Inspector&lt;/fen&gt; by which the &lt;fen&gt;Inspector&lt;/fen&gt; manages to establish the truth of the &lt;fen&gt;Unconfirmed_content&lt;/fen&gt;.

&lt;ex&gt;We &lt;t&gt;confirmed&lt;/t&gt; our results &lt;fex name="mea"&gt;by repeating the experiment and measuring the output with a mass spec&lt;/fex&gt;.&lt;/ex&gt;&lt;/def-root&gt;</definition>
        <semType name="State_of_affairs" ID="177"/>
    </FE>
    <FE bgColor="FF69B4" fgColor="FFFFFF" coreType="Peripheral" cBy="MJE" cDate="09/27/2004 10:43:47 PDT Mon" abbrev="deg" name="Degree" ID="7125">
        <definition>&lt;def-root&gt;The amount of certainty which the &lt;fen&gt;Inspector&lt;/fen&gt; achieves after the process of verification.

&lt;ex&gt;His involvement in the action has subsequently been &lt;fex name="deg"&gt;completely&lt;/fex&gt; &lt;t&gt;confirmed&lt;/t&gt;.&lt;/ex&gt;
&lt;/def-root&gt;</definition>
        <semType name="Degree" ID="172"/>
    </FE>
    <FE bgColor="800080" fgColor="FFFFFF" coreType="Peripheral" cBy="MJE" cDate="09/27/2004 10:43:47 PDT Mon" abbrev="pur" name="Purpose" ID="7127">
        <definition>&lt;def-root&gt;The state of affairs that the &lt;fen&gt;Inspector&lt;/fen&gt; hopes to bring about by going through the verification.

&lt;ex&gt;I spent a few minutes &lt;t&gt;confirming&lt;/t&gt; his visa number &lt;fex name="pur"&gt;just to make him sweat&lt;/fex&gt;.&lt;/ex&gt;
&lt;/def-root&gt;</definition>
        <semType name="State_of_affairs" ID="177"/>
    </FE>
    <FE bgColor="808080" fgColor="FFFFFF" coreType="Core" cBy="MJE" cDate="09/27/2004 10:43:47 PDT Mon" abbrev="med" name="Medium" ID="7128">
        <definition>&lt;def-root&gt;The &lt;fen&gt;Medium&lt;/fen&gt; is the piece of text or work in which the &lt;fen&gt;Inspector&lt;/fen&gt; verifies the &lt;fen&gt;Unconfirmed_content&lt;/fen&gt;: 
&lt;ex&gt;&lt;fex name="Medium"&gt;Chapter four&lt;/fex&gt; &lt;t&gt;confirms&lt;/t&gt; the reader 's suspicions completely.&lt;/ex&gt;&lt;/def-root&gt;</definition>
    </FE>
    <FE bgColor="1E90FF" fgColor="FFFFFF" coreType="Peripheral" cBy="RLG" cDate="12/09/2005 11:59:49 PST Fri" abbrev="inst" name="Instrument" ID="9751">
        <definition>&lt;def-root&gt;A tool or instrument used by the &lt;fen&gt;Inspector&lt;/fen&gt; in the verification process.&lt;/def-root&gt;</definition>
    </FE>
    <FE bgColor="2E8B57" fgColor="FFFFFF" coreType="Extra-Thematic" cBy="KmG" cDate="09/11/2006 05:26:10 PDT Mon" abbrev="Con" name="Condition" ID="10606">
        <definition>&lt;def-root&gt;The conditions under which the the verification will occur.&lt;/def-root&gt;</definition>
    </FE>
    <FE bgColor="00008B" fgColor="FFFFFF" coreType="Extra-Thematic" cBy="KmG" cDate="09/12/2006 05:11:18 PDT Tue" abbrev="" name="Descriptor" ID="10607">
        <definition>&lt;def-root&gt;This FE describes a characteristic of the verification event. &lt;/def-root&gt;</definition>
    </FE>
    <FE bgColor="9F79EE" fgColor="FFFFFF" coreType="Extra-Thematic" cBy="KmG" cDate="09/12/2006 05:13:24 PDT Tue" abbrev="Cf" name="Communicative_force" ID="10608">
        <definition>&lt;def-root&gt;This FE indicates the &lt;fen&gt;Communicative_force&lt;/fen&gt; or authority with which the target operates (often denoted by words such as "officially," "formally," "technically," etc.). &lt;/def-root&gt;</definition>
    </FE>
    <FE bgColor="FFA500" fgColor="FFFFFF" coreType="Peripheral" cBy="KmG" cDate="09/12/2006 05:16:32 PDT Tue" abbrev="Tim" name="Time" ID="10609">
        <definition>&lt;def-root&gt;This FE describes the &lt;fen&gt;Time&lt;/fen&gt; at which the verification event takes place. &lt;/def-root&gt;</definition>
    </FE>
    <FE bgColor="008000" fgColor="FFFFFF" coreType="Peripheral" cBy="KmG" cDate="09/13/2006 12:46:17 PDT Wed" abbrev="" name="Place" ID="10610">
        <definition>&lt;def-root&gt;This FE describes where the verificiation event takes place. &lt;/def-root&gt;</definition>
    </FE>
    <FE bgColor="90876C" fgColor="FFFFFF" coreType="Extra-Thematic" cBy="KmG" cDate="09/13/2006 12:57:24 PDT Wed" abbrev="" name="Explanation" ID="10611">
        <definition>&lt;def-root&gt;The reason for the state of the verification event. &lt;/def-root&gt;</definition>
    </FE>
    <FEcoreSet>
        <memberFE name="Medium" ID="7128"/>
        <memberFE name="Inspector" ID="7120"/>
    </FEcoreSet>
    <frameRelation type="Inherits from">
        <relatedFrame ID="31">Scrutiny</relatedFrame>
    </frameRelation>
    <frameRelation type="Is Inherited by"/>
    <frameRelation type="Perspective on"/>
    <frameRelation type="Is Perspectivized in"/>
    <frameRelation type="Uses">
        <relatedFrame ID="1512">Correctness</relatedFrame>
    </frameRelation>
    <frameRelation type="Is Used by"/>
    <frameRelation type="Subframe of"/>
    <frameRelation type="Has Subframe(s)"/>
    <frameRelation type="Precedes"/>
    <frameRelation type="Is Preceded by"/>
    <frameRelation type="Is Inchoative of"/>
    <frameRelation type="Is Causative of"/>
    <frameRelation type="See also"/>
    <lexUnit status="Finished_Initial" POS="V" name="confirm.v" ID="11041" lemmaID="7733" cBy="MJE" cDate="09/27/2004 11:06:43 PDT Mon">
        <definition>FN: to verify the truth or correctness of something</definition>
        <sentenceCount annotated="10" total="261"/>
        <lexeme order="1" headword="false" breakBefore="false" POS="V" name="confirm"/>
    </lexUnit>
    <lexUnit status="Finished_Initial" POS="V" name="verify.v" ID="11042" lemmaID="42875" cBy="MJE" cDate="09/27/2004 11:08:03 PDT Mon">
        <definition>FN: to confirm that (something) is accurate or true</definition>
        <sentenceCount annotated="43" total="230"/>
        <lexeme order="1" headword="false" breakBefore="false" POS="V" name="verify"/>
    </lexUnit>
    <lexUnit status="Finished_Initial" POS="N" name="confirmation.n" ID="11043" lemmaID="7734" cBy="MJE" cDate="09/27/2004 11:08:47 PDT Mon">
        <definition>COD: the action of confirming or state of being confirmed.</definition>
        <sentenceCount annotated="28" total="273"/>
        <lexeme order="1" headword="false" breakBefore="false" POS="N" name="confirmation"/>
    </lexUnit>
    <lexUnit status="Created" POS="N" name="verification.n" ID="11044" lemmaID="42874" cBy="MJE" cDate="09/27/2004 11:09:37 PDT Mon">
        <definition>COD: the process of verifying.</definition>
        <sentenceCount annotated="1" total="1"/>
        <lexeme order="1" headword="false" breakBefore="false" POS="N" name="verification"/>
    </lexUnit>
    <lexUnit status="Finished_Initial" POS="V" name="identify.v" ID="11421" lemmaID="18880" cBy="Pam" cDate="12/13/2004 03:17:14 PST Mon">
        <definition>COD: establish the identity of.</definition>
        <sentenceCount annotated="22" total="252"/>
        <lexeme order="1" headword="false" breakBefore="false" POS="V" name="identify"/>
    </lexUnit>
    <lexUnit status="Created" POS="A" name="verifiable.a" ID="12562" lemmaID="42873" cBy="JKR" cDate="07/28/2005 02:25:54 PDT Thu">
        <definition>FN: able to be verified</definition>
        <sentenceCount annotated="2" total="2"/>
        <lexeme order="1" headword="false" breakBefore="false" POS="A" name="verifiable"/>
        <semType name="Tendency_grading_LU" ID="91"/>
    </lexUnit>
    <lexUnit status="Created" POS="V" name="substantiate.v" ID="13395" lemmaID="38604" cBy="RLG" cDate="07/26/2006 01:49:29 PDT Wed">
        <definition>COD: provide evidence to support or prove the truth of.</definition>
        <sentenceCount annotated="1" total="1"/>
        <lexeme order="1" headword="false" breakBefore="false" POS="V" name="substantiate"/>
    </lexUnit>
    <lexUnit status="Created" POS="V" name="make sure.v" ID="13941" lemmaID="50540" cBy="RLG" cDate="03/12/2007 10:08:42 PDT Mon">
        <definition>COD: confirm or ensure.</definition>
        <sentenceCount annotated="3" total="3"/>
        <lexeme order="1" headword="true" breakBefore="false" POS="V" name="make"/>
        <lexeme order="2" headword="false" breakBefore="true" POS="A" name="sure"/>
    </lexUnit>
    <lexUnit status="Finished_Initial" POS="V" name="certify.v" ID="14651" lemmaID="5958" cBy="KmG" cDate="01/15/2008 01:20:17 PST Tue">
        <definition>FN: attest or guarantee officially</definition>
        <sentenceCount annotated="13" total="172"/>
        <lexeme order="1" headword="false" breakBefore="false" POS="V" name="certify"/>
    </lexUnit>
    <lexUnit status="Created" POS="A" name="unconfirmed.a" ID="16747" lemmaID="51451" cBy="RLG" cDate="10/14/2011 06:32:17 PDT Fri">
        <definition>FN: not yet validated.</definition>
        <sentenceCount annotated="0" total="0"/>
        <lexeme order="1" headword="true" breakBefore="false" POS="A" name="unconfirmed"/>
    </lexUnit>
    <lexUnit status="Created" POS="A" name="unidentified.a" ID="18680" lemmaID="42180" cBy="CFB" cDate="03/21/2016 11:42:02 PDT Mon">
        <definition>FN: (usually of a person) one whose identity is not known or verified</definition>
        <sentenceCount annotated="0" total="0"/>
        <lexeme order="1" headword="false" breakBefore="false" POS="A" name="unidentified"/>
    </lexUnit>
</frame>