<?xml version="1.0" encoding="UTF-8" standalone="yes"?>
<?xml-stylesheet type="text/xsl" href="frame.xsl"?>
<frame cBy="RLG" cDate="05/21/2007 02:48:04 PDT Mon" name="Visiting_scenario_stay" ID="1945" xsi:schemaLocation="../schema/frame.xsd" xmlns="http://framenet.icsi.berkeley.edu" xmlns:xsi="http://www.w3.org/2001/XMLSchema-instance">
    <definition>&lt;def-root&gt;An &lt;fen&gt;Agent&lt;/fen&gt; matches location with an &lt;fen&gt;Entity&lt;/fen&gt; in order to fulfill some  &lt;fen&gt;Purpose&lt;/fen&gt;. Quite often, the &lt;fen&gt;Purpose&lt;/fen&gt; is social- or entertainment-oriented. This scene is point-of-view-neutral.&lt;/def-root&gt;</definition>
    <semType name="Non-Lexical Frame" ID="16"/>
    <semType name="Non-perspectivalized_frame" ID="52"/>
    <FE bgColor="FF0000" fgColor="FFFFFF" coreType="Core" cBy="RLG" cDate="05/21/2007 02:48:05 PDT Mon" abbrev="" name="Agent" ID="11776">
        <definition>&lt;def-root&gt;The sentient entity that is temporarily with the &lt;fen&gt;Entity&lt;/fen&gt; in order to fulfil some &lt;fen&gt;Purpose&lt;/fen&gt;.&lt;/def-root&gt;</definition>
        <semType name="Sentient" ID="5"/>
    </FE>
    <FE bgColor="008000" fgColor="FFFFFF" coreType="Core" cBy="RLG" cDate="05/21/2007 02:48:05 PDT Mon" abbrev="" name="Entity" ID="11777">
        <definition>&lt;def-root&gt;The physical entity that is permanently associated with entities or characteristics that the &lt;fen&gt;Agent&lt;/fen&gt; wishes to use for some &lt;fen&gt;Purpose&lt;/fen&gt;.  During the visit, the &lt;fen&gt;Agent&lt;/fen&gt; matches location with the &lt;fen&gt;Entity&lt;/fen&gt;.&lt;/def-root&gt;</definition>
        <semType name="Physical_object" ID="68"/>
    </FE>
    <FE bgColor="7FFF00" fgColor="000000" coreType="Extra-Thematic" cBy="RLG" cDate="05/21/2007 02:48:05 PDT Mon" abbrev="Dep" name="Dependent_state" ID="11778">
        <definition>&lt;def-root&gt;A state (of the &lt;fen&gt;Agent&lt;/fen&gt;) that results as a consequence of the &lt;fen&gt;Agent&lt;/fen&gt; being situated at the &lt;fen&gt;Entity&lt;/fen&gt;.
&lt;/def-root&gt;</definition>
    </FE>
    <FE bgColor="1E90FF" fgColor="FFFFFF" coreType="Peripheral" cBy="RLG" cDate="05/21/2007 02:48:05 PDT Mon" abbrev="" name="Purpose" ID="11779">
        <definition>&lt;def-root&gt;The activity that is enabled by the &lt;fen&gt;Entity&lt;/fen&gt; and that the &lt;fen&gt;Agent&lt;/fen&gt; wishes to achieve.&lt;/def-root&gt;</definition>
    </FE>
    <FE bgColor="00008B" fgColor="FFFFFF" coreType="Extra-Thematic" cBy="RLG" cDate="05/21/2007 02:48:05 PDT Mon" abbrev="" name="Normal_location" ID="11780">
        <definition>&lt;def-root&gt;The location that the &lt;fen&gt;Agent&lt;/fen&gt; normally resides in or is (permanently) associated with.&lt;/def-root&gt;</definition>
        <semType name="Source" ID="151"/>
    </FE>
    <FE bgColor="FFA500" fgColor="FFFFFF" coreType="Peripheral" cBy="RLG" cDate="05/21/2007 02:48:05 PDT Mon" abbrev="" name="Time" ID="11781">
        <definition>&lt;def-root&gt;The time at which a visit is made.&lt;/def-root&gt;</definition>
    </FE>
    <FE bgColor="FF69B4" fgColor="FFFFFF" coreType="Peripheral" cBy="RLG" cDate="05/21/2007 02:48:05 PDT Mon" abbrev="" name="Duration" ID="11782">
        <definition>&lt;def-root&gt;The amount of time that the &lt;fen&gt;Agent&lt;/fen&gt; spends at the &lt;fen&gt;Entity&lt;/fen&gt;.&lt;/def-root&gt;</definition>
    </FE>
    <FE bgColor="FF00FF" fgColor="FFFFFF" coreType="Peripheral" cBy="RLG" cDate="05/21/2007 02:48:05 PDT Mon" abbrev="" name="Manner" ID="11783">
        <definition>&lt;def-root&gt;Any overall description of the details of the visit, either in terms of how it matches other events (&lt;ment&gt;the same way&lt;/ment&gt;) or in terms of states of the &lt;fen&gt;Agent&lt;/fen&gt; that affect the action.&lt;/def-root&gt;</definition>
    </FE>
    <FE bgColor="A9A9A9" fgColor="FFFFFF" coreType="Peripheral" cBy="RLG" cDate="05/21/2007 02:48:05 PDT Mon" abbrev="" name="Place" ID="11784">
        <definition>&lt;def-root&gt;A description of the position of the &lt;fen&gt;Agent&lt;/fen&gt; during the visit.&lt;/def-root&gt;</definition>
    </FE>
    <FE bgColor="A52A2A" fgColor="FFFFFF" coreType="Peripheral" cBy="RLG" cDate="05/21/2007 02:48:05 PDT Mon" abbrev="" name="Means" ID="11785">
        <definition>&lt;def-root&gt;An action of the &lt;fen&gt;Agent&lt;/fen&gt; that enables their visit.&lt;/def-root&gt;</definition>
    </FE>
    <FE bgColor="00BFFF" fgColor="000000" coreType="Extra-Thematic" cBy="RLG" cDate="05/21/2007 02:48:05 PDT Mon" abbrev="ite" name="Iterations" ID="11786">
        <definition>&lt;def-root&gt;The number of instances of the described event.

&lt;/def-root&gt;</definition>
    </FE>
    <FE bgColor="d0d0d0" fgColor="000000" coreType="Extra-Thematic" cBy="RLG" cDate="05/21/2007 02:48:05 PDT Mon" abbrev="fre" name="Frequency" ID="11787">
        <definition>&lt;def-root&gt;A characterization of the average number of times a visit happens over a period of time.&lt;/def-root&gt;</definition>
    </FE>
    <frameRelation type="Inherits from"/>
    <frameRelation type="Is Inherited by">
        <relatedFrame ID="1911">Visiting</relatedFrame>
        <relatedFrame ID="1948">Visit_host_stay</relatedFrame>
    </frameRelation>
    <frameRelation type="Perspective on"/>
    <frameRelation type="Is Perspectivized in"/>
    <frameRelation type="Uses"/>
    <frameRelation type="Is Used by"/>
    <frameRelation type="Subframe of">
        <relatedFrame ID="1941">Visiting_scenario</relatedFrame>
    </frameRelation>
    <frameRelation type="Has Subframe(s)"/>
    <frameRelation type="Precedes">
        <relatedFrame ID="1944">Visiting_scenario_departing</relatedFrame>
    </frameRelation>
    <frameRelation type="Is Preceded by">
        <relatedFrame ID="1943">Visiting_scenario_arrival</relatedFrame>
    </frameRelation>
    <frameRelation type="Is Inchoative of"/>
    <frameRelation type="Is Causative of"/>
    <frameRelation type="See also"/>
</frame>