<?xml version="1.0" encoding="UTF-8" standalone="yes"?>
<?xml-stylesheet type="text/xsl" href="frame.xsl"?>
<frame cBy="MJE" cDate="03/28/2007 05:14:53 PDT Wed" name="Visitor_departure" ID="1914" xsi:schemaLocation="../schema/frame.xsd" xmlns="http://framenet.icsi.berkeley.edu" xmlns:xsi="http://www.w3.org/2001/XMLSchema-instance">
    <definition>&lt;def-root&gt;After a visit is complete, the &lt;fen&gt;Agent&lt;/fen&gt; departs the &lt;fen&gt;Source&lt;/fen&gt;, normally bound for their normal haunts.&lt;/def-root&gt;</definition>
    <semType name="Non-Lexical Frame" ID="16"/>
    <FE bgColor="0000FF" fgColor="FFFFFF" coreType="Core" cBy="MJE" cDate="03/28/2007 05:14:54 PDT Wed" abbrev="Thm" name="Agent" ID="11462">
        <definition>&lt;def-root&gt;This is the individual which moves under their own power.&lt;/def-root&gt;</definition>
        <semType name="Sentient" ID="5"/>
    </FE>
    <FE bgColor="006400" fgColor="FFFFFF" coreType="Core" cBy="MJE" cDate="03/28/2007 05:14:54 PDT Wed" abbrev="Src" name="Source" ID="11463">
        <definition>&lt;def-root&gt;Any constituent that expresses the initial position of the &lt;fen&gt;Agent&lt;/fen&gt;, before the change of location, is tagged with &lt;fen&gt;Source&lt;/fen&gt;. Often the &lt;fen&gt;Source&lt;/fen&gt; is understood from context. &lt;/def-root&gt;</definition>
        <semType name="Location" ID="54"/>
    </FE>
    <FE bgColor="7CCD73" fgColor="FFFFFF" coreType="Peripheral" cBy="MJE" cDate="03/28/2007 05:14:54 PDT Wed" abbrev="Path" name="Path" ID="11464">
        <definition>&lt;def-root&gt;Any description of the trajectory of the departure which is neither a &lt;fen&gt;Source&lt;/fen&gt; nor a &lt;fen&gt;Goal&lt;/fen&gt; expresses the frame element &lt;fen&gt;Path&lt;/fen&gt;.&lt;/def-root&gt;</definition>
    </FE>
    <FE bgColor="00BFFF" fgColor="FFFFFF" coreType="Peripheral" cBy="MJE" cDate="03/28/2007 05:14:55 PDT Wed" abbrev="Goal" name="Goal" ID="11465">
        <definition>&lt;def-root&gt;This FE labels any expression which tells where the &lt;fen&gt;Agent&lt;/fen&gt; ends up, or would end up, as a result of departing from the &lt;fen&gt;Source&lt;/fen&gt;.&lt;/def-root&gt;</definition>
        <semType name="Goal" ID="153"/>
    </FE>
    <FE bgColor="FF00FF" fgColor="FFFFFF" coreType="Peripheral" cBy="MJE" cDate="03/28/2007 05:14:55 PDT Wed" abbrev="Manr" name="Manner" ID="11466">
        <definition>&lt;def-root&gt;Any expression which describes a property of motion which is not directly related to the trajectory of motion expresses the frame element &lt;fen&gt;Manner&lt;/fen&gt;. Descriptions of steadiness, grace, and many other things count as &lt;fen&gt;Manner&lt;/fen&gt; expressions, though &lt;fen&gt;Speed&lt;/fen&gt; and &lt;fen&gt;Means&lt;/fen&gt; should be tagged using the more specific FE labels.&lt;/def-root&gt;</definition>
        <semType name="Manner" ID="173"/>
    </FE>
    <FE bgColor="9F79EE" fgColor="FFFFFF" coreType="Peripheral" cBy="MJE" cDate="03/28/2007 05:14:55 PDT Wed" abbrev="Mns" name="Means" ID="11467">
        <definition>&lt;def-root&gt;The action of the &lt;fen&gt;Agent&lt;/fen&gt; which results in their departure.&lt;/def-root&gt;</definition>
        <semType name="State_of_affairs" ID="177"/>
    </FE>
    <FE bgColor="FF69B4" fgColor="FFFFFF" coreType="Peripheral" cBy="MJE" cDate="03/28/2007 05:14:55 PDT Wed" abbrev="Spd" name="Speed" ID="11468">
        <definition>&lt;def-root&gt;This frame element labels words or phrases that describe how quickly the &lt;fen&gt;Agent&lt;/fen&gt; is moving.&lt;/def-root&gt;</definition>
        <semType name="Speed" ID="234"/>
    </FE>
    <FE bgColor="00008B" fgColor="FFFFFF" coreType="Peripheral" cBy="MJE" cDate="03/28/2007 05:14:55 PDT Wed" abbrev="MoT" name="Mode_of_transportation" ID="11469">
        <definition>&lt;def-root&gt;The &lt;fen&gt;Mode_of_transportation&lt;/fen&gt; expresses how the motion of the &lt;fen&gt;Agent&lt;/fen&gt; is effected, by its body or by a vehicle which holds and conveys the &lt;fen&gt;Agent&lt;/fen&gt;. Vehicles can move in any way and in any medium.&lt;/def-root&gt;</definition>
    </FE>
    <FE bgColor="FFFF00" fgColor="000000" coreType="Peripheral" cBy="MJE" cDate="03/28/2007 05:14:56 PDT Wed" abbrev="Dist" name="Distance" ID="11471">
        <definition>&lt;def-root&gt;The distance that the &lt;fen&gt;Agent&lt;/fen&gt; has traveled.&lt;/def-root&gt;</definition>
    </FE>
    <FE bgColor="FFA500" fgColor="FFFFFF" coreType="Peripheral" cBy="MJE" cDate="03/28/2007 05:14:56 PDT Wed" abbrev="Time" name="Time" ID="11472">
        <definition>&lt;def-root&gt;The &lt;fen&gt;Time&lt;/fen&gt; at which the departure takes place.&lt;/def-root&gt;</definition>
        <semType name="Time" ID="141"/>
    </FE>
    <FE bgColor="FF0000" fgColor="FFFFFF" coreType="Peripheral" cBy="MJE" cDate="03/28/2007 05:14:56 PDT Wed" abbrev="pla" name="Place" ID="11475">
        <definition>&lt;def-root&gt;The &lt;fen&gt;Place&lt;/fen&gt; is the location in  which the departing takes place.&lt;/def-root&gt;</definition>
    </FE>
    <FE bgColor="800080" fgColor="FFFFFF" coreType="Peripheral" cBy="MJE" cDate="03/28/2007 05:14:56 PDT Wed" abbrev="" name="Purpose" ID="11478">
        <definition>&lt;def-root&gt;This FE identifies the &lt;fen&gt;Purpose&lt;/fen&gt; for which the &lt;fen&gt;Agent&lt;/fen&gt; departs from the &lt;fen&gt;Source&lt;/fen&gt;.&lt;/def-root&gt;</definition>
        <semType name="State_of_affairs" ID="177"/>
    </FE>
    <frameRelation type="Inherits from">
        <relatedFrame ID="1944">Visiting_scenario_departing</relatedFrame>
    </frameRelation>
    <frameRelation type="Is Inherited by"/>
    <frameRelation type="Perspective on"/>
    <frameRelation type="Is Perspectivized in"/>
    <frameRelation type="Uses"/>
    <frameRelation type="Is Used by"/>
    <frameRelation type="Subframe of">
        <relatedFrame ID="1912">Visitor_scenario</relatedFrame>
    </frameRelation>
    <frameRelation type="Has Subframe(s)"/>
    <frameRelation type="Precedes"/>
    <frameRelation type="Is Preceded by">
        <relatedFrame ID="1911">Visiting</relatedFrame>
    </frameRelation>
    <frameRelation type="Is Inchoative of"/>
    <frameRelation type="Is Causative of"/>
    <frameRelation type="See also"/>
</frame>