<?xml version="1.0" encoding="UTF-8" standalone="yes"?>
<?xml-stylesheet type="text/xsl" href="frame.xsl"?>
<frame cBy="RLG" cDate="11/15/2006 04:01:36 PST Wed" name="Vocalizations" ID="1840" xsi:schemaLocation="../schema/frame.xsd" xmlns="http://framenet.icsi.berkeley.edu" xmlns:xsi="http://www.w3.org/2001/XMLSchema-instance">
    <definition>&lt;def-root&gt;This frame is concerned with the sounds produced by animate entities by means of their vocal tracts. Descriptions of sounds from artifacts meant to emulate such sounds, or to act as vocalizing animals or people, are also treated here as figurative language.

&lt;ex&gt;He woke up because of the &lt;t&gt;cries&lt;/t&gt; &lt;fex name="Sound_source"&gt;of the crows outside&lt;/fex&gt;.&lt;/ex&gt;&lt;/def-root&gt;</definition>
    <FE bgColor="006400" fgColor="FFFFFF" coreType="Core" cBy="RLG" cDate="11/15/2006 04:01:37 PST Wed" abbrev="sou" name="Sound_source" ID="10823">
        <definition>&lt;def-root&gt;An entity that is construed as a single point source emitting sound.

&lt;ex&gt;He woke up because of the &lt;t&gt;cries&lt;/t&gt; &lt;fex name="Sound_source"&gt;of the crows outside&lt;/fex&gt;.&lt;/ex&gt;&lt;/def-root&gt;</definition>
    </FE>
    <FE bgColor="00008B" fgColor="FFFFFF" coreType="Peripheral" cBy="RLG" cDate="11/15/2006 04:01:37 PST Wed" abbrev="" name="Location_of_sound_source" ID="10827">
        <definition>&lt;def-root&gt;The place from which the sound emanates.

&lt;ex&gt;There followed a small silence that was interrupted by a distant &lt;t&gt;cries&lt;/t&gt; of caged birds &lt;fex name="Location_of_sound_source"&gt;from the interior&lt;/fex&gt;.&lt;/ex&gt;

&lt;/def-root&gt;</definition>
    </FE>
    <FE bgColor="FFA500" fgColor="FFFFFF" coreType="Peripheral" cBy="RLG" cDate="11/15/2006 04:01:37 PST Wed" abbrev="" name="Place" ID="10828">
        <definition>&lt;def-root&gt;The location at which sound is produced. This FE differs from &lt;fen&gt;Location_of_sound_source&lt;/fen&gt; in that it does not highlight the sound's spreading from its source to the perceiver's location, which is usually indicated by the preposition "from".

&lt;ex&gt;The &lt;t&gt;hiss&lt;/t&gt; of snakes &lt;fex name="Place"&gt;outside the tent&lt;/fex&gt; was a constant source of worry.&lt;/ex&gt;&lt;/def-root&gt;</definition>
        <semType name="Locative_relation" ID="182"/>
    </FE>
    <FE bgColor="9F79EE" fgColor="FFFFFF" coreType="Extra-Thematic" cBy="RLG" cDate="11/15/2006 04:01:37 PST Wed" abbrev="" name="Internal_cause" ID="10829">
        <definition>&lt;def-root&gt;The noise-making may be prompted by either some outside phenomenon or occurrence, or by an &lt;fen&gt;Internal_cause&lt;/fen&gt;,  that is the mental or emotional state of an animate &lt;fen&gt;Sound_source&lt;/fen&gt;.

&lt;ex&gt;We proceeded despite his stifled &lt;t&gt;cries&lt;/t&gt; &lt;fex name="Internal_cause"&gt;of pain&lt;/fex&gt;.&lt;/ex&gt;&lt;/def-root&gt;</definition>
    </FE>
    <FE bgColor="FF00FF" fgColor="FFFFFF" coreType="Peripheral" cBy="RLG" cDate="11/15/2006 04:01:37 PST Wed" abbrev="" name="Manner" ID="10830">
        <definition>&lt;def-root&gt;Certain properties of the sound relating to its production, loudness, etc  may be of lexicographic interest if they describe properties of a sounds as such: loudly, shrilly, etc.

&lt;ex&gt;The Brigadier had heard the &lt;fex name="Manner"&gt;faint&lt;/fex&gt; &lt;t&gt;squeak&lt;/t&gt; of rats.&lt;/ex&gt;&lt;/def-root&gt;</definition>
        <semType name="Manner" ID="173"/>
    </FE>
    <FE bgColor="FF69B4" fgColor="FFFFFF" coreType="Peripheral" cBy="RLG" cDate="11/15/2006 04:01:37 PST Wed" abbrev="" name="Degree" ID="10832">
        <definition>&lt;def-root&gt;Expressions that indicate the loudness of the sound.&lt;/def-root&gt;</definition>
        <semType name="Degree" ID="172"/>
    </FE>
    <FE bgColor="FF69B4" fgColor="FFFF00" coreType="Extra-Thematic" cBy="RLG" cDate="11/15/2006 04:01:37 PST Wed" abbrev="Exp" name="Explanation" ID="10833">
        <definition>&lt;def-root&gt;This FE idntifies the &lt;fex name="Explanation"&gt;Explanation&lt;/fex&gt; that the &lt;fen&gt;Sound_source&lt;/fen&gt; produces the sound. Generally, this is some external stimulus that prompts the &lt;fen&gt;Sound_source&lt;/fen&gt; to make noise.&lt;/def-root&gt;</definition>
        <semType name="State_of_affairs" ID="177"/>
    </FE>
    <FE bgColor="1E90FF" fgColor="FFFFFF" coreType="Peripheral" cBy="RLG" cDate="11/15/2006 04:01:37 PST Wed" abbrev="pat" name="Path" ID="10834">
        <definition>&lt;def-root&gt;The &lt;fen&gt;Path&lt;/fen&gt; along which the sound travels away from the &lt;fen&gt;Sound_source&lt;/fen&gt;.

&lt;ex&gt;The books he wrote later tell how he never forgot the &lt;t&gt;howl&lt;/t&gt; of the wolf &lt;fex name="Path"&gt;across the icy field of Otsego&lt;/fex&gt; on cold winter nights.&lt;/ex&gt;&lt;/def-root&gt;</definition>
    </FE>
    <FE bgColor="9400D3" fgColor="FFFFFF" coreType="Extra-Thematic" cBy="KmG" cDate="02/09/2007 10:10:21 PST Fri" abbrev="" name="Frequency" ID="11010">
        <definition>&lt;def-root&gt;How often the Vocalization event occurs.&lt;/def-root&gt;</definition>
    </FE>
    <frameRelation type="Inherits from">
        <relatedFrame ID="850">Sounds</relatedFrame>
    </frameRelation>
    <frameRelation type="Is Inherited by"/>
    <frameRelation type="Perspective on"/>
    <frameRelation type="Is Perspectivized in"/>
    <frameRelation type="Uses"/>
    <frameRelation type="Is Used by"/>
    <frameRelation type="Subframe of"/>
    <frameRelation type="Has Subframe(s)"/>
    <frameRelation type="Precedes"/>
    <frameRelation type="Is Preceded by"/>
    <frameRelation type="Is Inchoative of"/>
    <frameRelation type="Is Causative of"/>
    <frameRelation type="See also"/>
    <lexUnit status="Finished_Initial" POS="N" name="cry.n" ID="13671" lemmaID="9150" cBy="RLG" cDate="11/15/2006 04:26:49 PST Wed">
        <definition>COD: a distinctive call of a bird or other animal.  </definition>
        <sentenceCount annotated="23" total="142"/>
        <lexeme order="1" headword="false" breakBefore="false" POS="N" name="cry"/>
    </lexUnit>
    <lexUnit status="In_Use" POS="N" name="howl.n" ID="13672" lemmaID="18559" cBy="RLG" cDate="11/15/2006 04:27:28 PST Wed">
        <definition>COD: a long doleful cry uttered by an animal such as a dog.</definition>
        <sentenceCount annotated="34" total="196"/>
        <lexeme order="1" headword="false" breakBefore="false" POS="N" name="howl"/>
    </lexUnit>
    <lexUnit status="Created" POS="N" name="squeak.n" ID="15821" lemmaID="37633" cBy="AnW" cDate="06/09/2010 01:27:58 PDT Wed">
        <definition>COD: a short, high-pitched sound or cry</definition>
        <sentenceCount annotated="33" total="168"/>
        <lexeme order="1" headword="false" breakBefore="false" POS="N" name="squeak"/>
    </lexUnit>
</frame>