<?xml version="1.0" encoding="UTF-8" standalone="yes"?>
<?xml-stylesheet type="text/xsl" href="frame.xsl"?>
<frame cBy="RLG" cDate="04/30/2012 11:01:09 PDT Mon" name="Warning" ID="2730" xsi:schemaLocation="../schema/frame.xsd" xmlns="http://framenet.icsi.berkeley.edu" xmlns:xsi="http://www.w3.org/2001/XMLSchema-instance">
    <definition>&lt;def-root&gt;A &lt;fen&gt;Speaker&lt;/fen&gt; warns an &lt;fen&gt;Addressee&lt;/fen&gt; by giving a &lt;fen&gt;Message&lt;/fen&gt; that describes an undesirable situation that may affect the &lt;fen&gt;Addressee&lt;/fen&gt;. The warning may alternatively be described as about &lt;fen&gt;Topic&lt;/fen&gt; pertaining to the undesirable situation, or issued via a specific &lt;fen&gt;Medium&lt;/fen&gt;.

&lt;ex&gt;&lt;fex name="spe"&gt;Jackson&lt;/fex&gt; &lt;t&gt;warned&lt;/t&gt; &lt;fex name="Addressee"&gt;me&lt;/fex&gt; &lt;fex name="Message"&gt;that the weather could change quickly&lt;/fex&gt;, but I guess I didn't really believe him.&lt;/ex&gt;

&lt;ex&gt;&lt;fex name="spe"&gt;We&lt;/fex&gt; &lt;t&gt;alerted&lt;/t&gt; &lt;fex name="Addressee"&gt;officials&lt;/fex&gt; &lt;fex name="Topic"&gt;about the possibility of containment failure&lt;/fex&gt; &lt;fex name="Time"&gt;as soon as we realized it could happen&lt;/fex&gt;.&lt;/ex&gt;

&lt;ex&gt;&lt;fex name="Speaker"&gt;They&lt;/fex&gt; &lt;m&gt;issued&lt;/m&gt; the &lt;t&gt;warning&lt;/t&gt; &lt;fex name="Addressee"&gt;to only those with the highest security clearence&lt;/fex&gt;. &lt;fex name="Topic"&gt;DNI&lt;/fex&gt;&lt;/ex&gt;&lt;/def-root&gt;</definition>
    <FE bgColor="FF0000" fgColor="FFFFFF" coreType="Core" cBy="RLG" cDate="04/30/2012 11:01:09 PDT Mon" abbrev="spe" name="Speaker" ID="15641">
        <definition>&lt;def-root&gt;The &lt;fen&gt;Speaker&lt;/fen&gt; produces the &lt;fen&gt;Message&lt;/fen&gt; to alert the &lt;fen&gt;Addressee&lt;/fen&gt; as to possible danger.

&lt;ex&gt;&lt;fex name="Speaker"&gt;Bill&lt;/fex&gt; &lt;t&gt;warned&lt;/t&gt; me that he would come to the party.&lt;/ex&gt;&lt;/def-root&gt;</definition>
        <semType name="Sentient" ID="5"/>
    </FE>
    <FE bgColor="008000" fgColor="FFFFFF" coreType="Core" cBy="RLG" cDate="04/30/2012 11:01:10 PDT Mon" abbrev="add" name="Addressee" ID="15642">
        <definition>&lt;def-root&gt;The &lt;fen&gt;Addressee&lt;/fen&gt; receives the warning from the &lt;fen&gt;Speaker&lt;/fen&gt;.

&lt;ex&gt;When did you &lt;t&gt;warn&lt;/t&gt; &lt;fex name="Addressee"&gt;everyone&lt;/fex&gt; about the virus?&lt;/ex&gt;&lt;/def-root&gt;</definition>
        <semType name="Sentient" ID="5"/>
    </FE>
    <FE bgColor="0000FF" fgColor="FFFFFF" coreType="Core" cBy="RLG" cDate="04/30/2012 11:01:10 PDT Mon" abbrev="mes" name="Message" ID="15643">
        <definition>&lt;def-root&gt;The &lt;fen&gt;Message&lt;/fen&gt; is the communication produced by the &lt;fen&gt;Speaker&lt;/fen&gt;.

&lt;ex&gt;The authorities &lt;t&gt;warned&lt;/t&gt; me &lt;fex name="Message"&gt;that my brother had been arrested&lt;/fex&gt;.&lt;/ex&gt;&lt;/def-root&gt;</definition>
        <semType name="Message" ID="56"/>
    </FE>
    <FE bgColor="9F79EE" fgColor="FFFFFF" coreType="Core" cBy="RLG" cDate="04/30/2012 11:01:10 PDT Mon" abbrev="top" name="Topic" ID="15644">
        <definition>&lt;def-root&gt;The &lt;fen&gt;Topic&lt;/fen&gt; is a general description of the content of the &lt;fen&gt;Message&lt;/fen&gt;.

&lt;ex&gt;Leroy &lt;t&gt;warned&lt;/t&gt; his coworkers &lt;fex name="Topic"&gt;about the upcoming audit&lt;/fex&gt;.&lt;/ex&gt;&lt;/def-root&gt;</definition>
    </FE>
    <FE bgColor="FF69B4" fgColor="FFFFFF" coreType="Peripheral" cBy="RLG" cDate="04/30/2012 11:01:10 PDT Mon" abbrev="man" name="Manner" ID="15645">
        <definition>&lt;def-root&gt;The &lt;fen&gt;Manner&lt;/fen&gt; describes the way in which the &lt;fen&gt;Speaker&lt;/fen&gt; delivers the warning.&lt;/def-root&gt;</definition>
        <semType name="Manner" ID="173"/>
    </FE>
    <FE bgColor="A52A2A" fgColor="FFFFFF" coreType="Peripheral" cBy="RLG" cDate="04/30/2012 11:01:10 PDT Mon" abbrev="" name="Means" ID="15646">
        <definition>&lt;def-root&gt;The &lt;fen&gt;Means&lt;/fen&gt; describes the way the &lt;fen&gt;Speaker&lt;/fen&gt; accomplishes the task of warning the &lt;fen&gt;Addressee&lt;/fen&gt;.

&lt;ex&gt;Do you really think you can effectively &lt;t&gt;warn&lt;/t&gt; your friends &lt;fex name="Means"&gt;by clanging on bells through the night&lt;/fex&gt;?&lt;/ex&gt;&lt;/def-root&gt;</definition>
        <semType name="State_of_affairs" ID="177"/>
    </FE>
    <FE bgColor="808080" fgColor="FFFFFF" coreType="Core" cBy="RLG" cDate="04/30/2012 11:01:10 PDT Mon" abbrev="med" name="Medium" ID="15647">
        <definition>&lt;def-root&gt;This frame element is the &lt;fen&gt;Medium&lt;/fen&gt; in which the &lt;fen&gt;Message&lt;/fen&gt; is expressed.

&lt;ex&gt;The city will now &lt;t&gt;warn&lt;/t&gt; residents &lt;fex name="Medium"&gt;in text messages and emails&lt;/fex&gt;.&lt;/ex&gt;&lt;/def-root&gt;</definition>
    </FE>
    <FE bgColor="2E8B57" fgColor="FFFFFF" coreType="Peripheral" cBy="RLG" cDate="04/30/2012 11:01:10 PDT Mon" abbrev="tim" name="Time" ID="15648">
        <definition>&lt;def-root&gt;The time period during which the &lt;fen&gt;Speaker&lt;/fen&gt; warns the &lt;fen&gt;Addressee&lt;/fen&gt;.

&lt;ex&gt;They &lt;t&gt;warned&lt;/t&gt; me &lt;fex name="Time"&gt;right away&lt;/fex&gt; and everything worked out great.&lt;/ex&gt;&lt;/def-root&gt;</definition>
        <semType name="Time" ID="141"/>
    </FE>
    <FE bgColor="FFA500" fgColor="FFFFFF" coreType="Peripheral" cBy="RLG" cDate="04/30/2012 11:01:10 PDT Mon" abbrev="pla" name="Place" ID="15649">
        <definition>&lt;def-root&gt;The location in which the &lt;fen&gt;Speaker&lt;/fen&gt; warns &lt;fen&gt;Addressee&lt;/fen&gt;.

&lt;ex&gt;She was &lt;t&gt;warned&lt;/t&gt; about it &lt;fex name="Place"&gt;in front of her family&lt;/fex&gt;, but it seemed to have no effect.&lt;/ex&gt;&lt;/def-root&gt;</definition>
        <semType name="Locative_relation" ID="182"/>
    </FE>
    <FE bgColor="FF00FF" fgColor="FFFFFF" coreType="Extra-Thematic" cBy="RLG" cDate="04/30/2012 11:01:10 PDT Mon" abbrev="Cf" name="Communicative_force" ID="15650">
        <definition>&lt;def-root&gt;This FE indicates the &lt;fen&gt;Communicative_force&lt;/fen&gt; or authority with which the &lt;fen&gt;Message&lt;/fen&gt; is expressed (often denoted by words such as "officially," "formally," "technically," etc.). 

&lt;ex&gt;She has yet to &lt;m&gt;receive&lt;/m&gt; &lt;fex name="Cf"&gt;official&lt;/fex&gt; &lt;t&gt;warning&lt;/t&gt;.&lt;/ex&gt;&lt;/def-root&gt;</definition>
    </FE>
    <FE bgColor="9400D3" fgColor="FFFFFF" coreType="Extra-Thematic" cBy="RLG" cDate="04/30/2012 11:01:10 PDT Mon" abbrev="" name="Descriptor" ID="15651">
        <definition>&lt;def-root&gt;A characteristic or description of the telling event or of the &lt;fen&gt;Speaker&lt;/fen&gt; or &lt;fen&gt;Addressee&lt;/fen&gt;.&lt;/def-root&gt;</definition>
    </FE>
    <FE bgColor="90876C" fgColor="FFFFFF" coreType="Extra-Thematic" cBy="RLG" cDate="04/30/2012 11:01:10 PDT Mon" abbrev="Ite" name="Iterations" ID="15652">
        <definition>&lt;def-root&gt;This FE indicates the number of times an event or state (of the kind denoted by the target in its clause) has taken place or held.

&lt;ex&gt;I've &lt;t&gt;warned&lt;/t&gt; you &lt;fex name="Iterations"&gt;enough times&lt;/fex&gt; already!&lt;/ex&gt;&lt;/def-root&gt;</definition>
    </FE>
    <frameRelation type="Inherits from">
        <relatedFrame ID="750">Telling</relatedFrame>
    </frameRelation>
    <frameRelation type="Is Inherited by"/>
    <frameRelation type="Perspective on"/>
    <frameRelation type="Is Perspectivized in"/>
    <frameRelation type="Uses"/>
    <frameRelation type="Is Used by"/>
    <frameRelation type="Subframe of"/>
    <frameRelation type="Has Subframe(s)"/>
    <frameRelation type="Precedes"/>
    <frameRelation type="Is Preceded by"/>
    <frameRelation type="Is Inchoative of"/>
    <frameRelation type="Is Causative of"/>
    <frameRelation type="See also"/>
    <lexUnit status="In_Use" POS="V" name="warn.v" ID="17042" lemmaID="43463" cBy="RLG" cDate="04/30/2012 01:23:12 PDT Mon">
        <definition>FN: advise someone that something bad might happen to him or her.</definition>
        <sentenceCount annotated="75" total="164"/>
        <lexeme order="1" headword="false" breakBefore="false" POS="V" name="warn"/>
    </lexUnit>
    <lexUnit status="In_Use" POS="N" name="warning.n" ID="17043" lemmaID="43464" cBy="RLG" cDate="04/30/2012 01:23:43 PDT Mon">
        <definition>FN: a message that informs someone of a potential danger.</definition>
        <sentenceCount annotated="35" total="76"/>
        <lexeme order="1" headword="false" breakBefore="false" POS="N" name="warning"/>
    </lexUnit>
    <lexUnit status="In_Use" POS="N" name="alert.n" ID="17044" lemmaID="974" cBy="RLG" cDate="04/30/2012 01:33:23 PDT Mon">
        <definition>FN: a message to inform someone of danger; a warning.</definition>
        <sentenceCount annotated="4" total="24"/>
        <lexeme order="1" headword="false" breakBefore="false" POS="N" name="alert"/>
    </lexUnit>
    <lexUnit status="Created" POS="V" name="forewarn.v" ID="17045" lemmaID="15097" cBy="RLG" cDate="04/30/2012 01:36:49 PDT Mon">
        <definition>FN: warn, give advance notice of the possibility of an undesirable event.</definition>
        <sentenceCount annotated="0" total="0"/>
        <lexeme order="1" headword="false" breakBefore="false" POS="V" name="forewarn"/>
    </lexUnit>
</frame>