<?xml version="1.0" encoding="UTF-8" standalone="yes"?>
<?xml-stylesheet type="text/xsl" href="frame.xsl"?>
<frame cBy="Shw" cDate="07/04/2001 05:06:17 PDT Wed" name="Wearing" ID="160" xsi:schemaLocation="../schema/frame.xsd" xmlns="http://framenet.icsi.berkeley.edu" xmlns:xsi="http://www.w3.org/2001/XMLSchema-instance">
    <definition>&lt;def-root&gt;The words in this frame refer to what &lt;fen&gt;Clothing&lt;/fen&gt; the &lt;fen&gt;Wearer&lt;/fen&gt; (or a specific &lt;fen&gt;Body_part&lt;/fen&gt; of the &lt;fen&gt;Wearer&lt;/fen&gt;) has on.

&lt;ex&gt;&lt;fex name="Wearer"&gt;I&lt;/fex&gt; &lt;t&gt;had&lt;/t&gt; &lt;t&gt;on&lt;/t&gt; &lt;fex name="Clothing"&gt;the most ridiculous monkey-suit you could imagine&lt;/fex&gt;.&lt;/ex&gt;
&lt;ex&gt;&lt;fex name="Wearer"&gt;These two losers&lt;/fex&gt; were &lt;t&gt;wearing&lt;/t&gt; &lt;fex name="Clothing"&gt;bras&lt;/fex&gt; &lt;fex name="BP"&gt;on their heads&lt;/fex&gt;!&lt;/ex&gt;

Many targets incorporate the &lt;fen&gt;Clothing&lt;/fen&gt; item, and some targets describe the state of &lt;ment&gt;not&lt;/ment&gt; wearing something (when it might be expected).

&lt;ex&gt;Do you think anyone would notice if &lt;fex name="Wearer"&gt;I&lt;/fex&gt; &lt;ment&gt;went&lt;/ment&gt; &lt;t&gt;topless&lt;/t&gt;?&lt;/ex&gt;
  
NB: There is a very common metonymy in which characteristics of the clothing stand for the clothing itself, such as 

&lt;ex&gt;the &lt;fex name="Wearer"&gt;man&lt;/fex&gt; &lt;t&gt;clad&lt;/t&gt; &lt;fex name="Clothing"&gt;in leather&lt;/fex&gt;.&lt;/ex&gt;
&lt;ex&gt;&lt;fex name="Wearer"&gt;She&lt;/fex&gt; was &lt;t&gt;dressed&lt;/t&gt; &lt;fex name="Clothing"&gt;all in red&lt;/fex&gt;.&lt;/ex&gt;

Such sentences should be tagged METAPHOR on the sentence level.&lt;/def-root&gt;</definition>
    <FE bgColor="d0d0d0" fgColor="000000" coreType="Core" cBy="Shw" cDate="07/04/2001 05:18:34 PDT Wed" abbrev="Wearer" name="Wearer" ID="1294">
        <definition>&lt;def-root&gt;The person whose clothing is under discussion.
&lt;ex&gt;&lt;fex name="Wearer"&gt;Fred&lt;/fex&gt; was &lt;t&gt;shirtless&lt;/t&gt;.&lt;/ex&gt;
&lt;/def-root&gt;</definition>
        <semType name="Sentient" ID="5"/>
    </FE>
    <FE bgColor="FF0000" fgColor="FFFFFF" coreType="Core" cBy="Shw" cDate="07/04/2001 05:27:27 PDT Wed" abbrev="Clo" name="Clothing" ID="1295">
        <definition>&lt;def-root&gt;This FE identifies the &lt;fen&gt;Clothing&lt;/fen&gt; that the &lt;fen&gt;Wearer&lt;/fen&gt; wears. &lt;ex&gt;Fred was &lt;t&gt;wearing&lt;/t&gt; &lt;fex name="Clothing"&gt;a shirt&lt;/fex&gt;.&lt;/ex&gt;&lt;/def-root&gt;</definition>
        <semType name="Artifact" ID="61"/>
    </FE>
    <FE bgColor="9F79EE" fgColor="FFFFFF" coreType="Core" cBy="Shw" cDate="08/15/2001 01:55:05 PDT Wed" abbrev="BP" name="Body_part" ID="1623">
        <definition>&lt;def-root&gt;The body part of the &lt;fen&gt;Wearer&lt;/fen&gt; which is covered by the &lt;fen&gt;Clothing&lt;/fen&gt;. 

&lt;ex&gt;She was &lt;t&gt;wearing&lt;/t&gt; a glove &lt;fex name="BP"&gt;on one hand&lt;/fex&gt;.&lt;/ex&gt;&lt;/def-root&gt;</definition>
        <semType name="Body_part" ID="10"/>
    </FE>
    <FE bgColor="FF69B4" fgColor="FFFFFF" coreType="Peripheral" cBy="ACW" cDate="09/14/2001 01:43:28 PDT Fri" abbrev="deg" name="Degree" ID="1869">
        <definition>&lt;def-root&gt;A characterization of how completely the clothing status holds.

&lt;ex&gt;She was &lt;fex name="deg"&gt;scantily&lt;/fex&gt; &lt;t&gt;clad&lt;/t&gt; -- with just a towel in strategic position.&lt;/ex&gt;&lt;/def-root&gt;</definition>
        <semType name="Degree" ID="172"/>
    </FE>
    <FE bgColor="FF00FF" fgColor="FFFFFF" coreType="Peripheral" cBy="ACW" cDate="09/14/2001 01:43:30 PDT Fri" abbrev="man" name="Manner" ID="1870">
        <definition>&lt;def-root&gt;A characterization of the impression given by the &lt;fen&gt;Wearer&lt;/fen&gt;'s clothing status.

&lt;ex&gt; She was aware that she was being closely observed by the &lt;fex name="man"&gt;formally&lt;/fex&gt; &lt;t&gt;dressed&lt;/t&gt; staff .&lt;/ex&gt; 
&lt;/def-root&gt;</definition>
        <semType name="Manner" ID="173"/>
    </FE>
    <FE bgColor="FFA500" fgColor="FFFFFF" coreType="Peripheral" cBy="MJE" cDate="09/02/2004 02:27:54 PDT Thu" abbrev="tim" name="Time" ID="7040">
        <definition>&lt;def-root&gt;The time at or during which the &lt;fen&gt;Wearer&lt;/fen&gt; has the &lt;fen&gt;Clothing&lt;/fen&gt; on.

&lt;ex&gt;&lt;fex name="tim"&gt;By five o'clock&lt;/fex&gt;, he was &lt;t&gt;wearing&lt;/t&gt; the old holey jeans and t-shirt again.&lt;/ex&gt;&lt;/def-root&gt;</definition>
        <semType name="Time" ID="141"/>
    </FE>
    <FE bgColor="0000FF" fgColor="FFFFFF" coreType="Extra-Thematic" cBy="MJE" cDate="09/02/2004 02:34:02 PDT Thu" abbrev="sou" name="Source" ID="7041">
        <definition>&lt;def-root&gt;NB: This FE will be mapped to Intended_wearing_location

The location that the &lt;fen&gt;Wearer&lt;/fen&gt; exits while wearing the &lt;fen&gt;Clothing&lt;/fen&gt;.

&lt;ex&gt;I just ca n't understand why he doesn't &lt;t&gt;wear&lt;/t&gt; his hat &lt;fex name="sou"&gt;out of the house&lt;/fex&gt;.&lt;/ex&gt;&lt;/def-root&gt;</definition>
    </FE>
    <FE bgColor="008000" fgColor="FFFFFF" coreType="Extra-Thematic" cBy="MJE" cDate="09/02/2004 02:36:28 PDT Thu" abbrev="goa" name="Intended_wearing_location" ID="7042">
        <definition>&lt;def-root&gt;The location whose characteristics or state the &lt;fen&gt;Clothing&lt;/fen&gt; of the &lt;fen&gt;Wearer&lt;/fen&gt; was intended to suit.  This FE is only possible with wear.v.

&lt;ex&gt;She &lt;t&gt;wore&lt;/t&gt; her purple dress &lt;fex name="goa"&gt;to the party&lt;/fex&gt;.&lt;/ex&gt;
&lt;/def-root&gt;</definition>
        <semType name="Goal" ID="153"/>
    </FE>
    <FE bgColor="00BFFF" fgColor="FFFFFF" coreType="Peripheral" cBy="MJE" cDate="10/29/2004 03:05:21 PDT Fri" abbrev="pur" name="Purpose" ID="7190">
        <definition>&lt;def-root&gt;The state-of-affairs that the &lt;fen&gt;Wearer&lt;/fen&gt; wishes to bring about.

&lt;ex&gt;He just &lt;t&gt;wore&lt;/t&gt; it &lt;fex name="pur"&gt;to see if it would fit&lt;/fex&gt;.&lt;/ex&gt;&lt;/def-root&gt;</definition>
        <semType name="State_of_affairs" ID="177"/>
    </FE>
    <FE bgColor="A52A2A" fgColor="FFFFFF" coreType="Peripheral" cBy="MJE" cDate="11/03/2004 02:30:44 PST Wed" abbrev="rel" name="Relative_location" ID="7201">
        <definition>&lt;def-root&gt;The location relative to the body of the &lt;fen&gt;Wearer&lt;/fen&gt; that the &lt;fen&gt;Clothing&lt;/fen&gt; occupies.  Note that in many cases, the location is defined relative to other clothing.

&lt;ex&gt;She &lt;t&gt;wore&lt;/t&gt; shorts &lt;fex name="rel"&gt;outside her jeans&lt;/fex&gt;.&lt;/ex&gt;&lt;/def-root&gt;</definition>
        <semType name="Locative_relation" ID="182"/>
    </FE>
    <FEcoreSet>
        <memberFE name="Wearer" ID="1294"/>
        <memberFE name="Body_part" ID="1623"/>
    </FEcoreSet>
    <frameRelation type="Inherits from"/>
    <frameRelation type="Is Inherited by"/>
    <frameRelation type="Perspective on"/>
    <frameRelation type="Is Perspectivized in"/>
    <frameRelation type="Uses">
        <relatedFrame ID="134">Clothing</relatedFrame>
        <relatedFrame ID="119">Body_parts</relatedFrame>
        <relatedFrame ID="158">Accoutrements</relatedFrame>
    </frameRelation>
    <frameRelation type="Is Used by"/>
    <frameRelation type="Subframe of"/>
    <frameRelation type="Has Subframe(s)"/>
    <frameRelation type="Precedes"/>
    <frameRelation type="Is Preceded by"/>
    <frameRelation type="Is Inchoative of"/>
    <frameRelation type="Is Causative of"/>
    <frameRelation type="See also">
        <relatedFrame ID="2890">Spatial_contact</relatedFrame>
    </frameRelation>
    <lexUnit status="Finished_Initial" POS="A" name="naked.a" ID="3737" lemmaID="25396" cBy="Shw" cDate="08/12/2001 01:19:06 PDT Sun">
        <definition>COD: without clothes.</definition>
        <sentenceCount annotated="31" total="286"/>
        <lexeme order="1" headword="false" breakBefore="false" POS="A" name="naked"/>
    </lexUnit>
    <lexUnit status="Finished_Initial" POS="A" name="nude.a" ID="3738" lemmaID="26240" cBy="Shw" cDate="08/12/2001 01:19:21 PDT Sun">
        <definition>COD: wearing no clothes. </definition>
        <sentenceCount annotated="10" total="118"/>
        <lexeme order="1" headword="false" breakBefore="false" POS="A" name="nude"/>
    </lexUnit>
    <lexUnit status="Insufficient_Attestations" POS="A" name="unclad.a" ID="3739" lemmaID="41860" cBy="Shw" cDate="08/12/2001 01:19:31 PDT Sun">
        <definition>COD: unclothed; naked. </definition>
        <sentenceCount annotated="2" total="4"/>
        <lexeme order="1" headword="false" breakBefore="false" POS="A" name="unclad"/>
    </lexUnit>
    <lexUnit status="Finished_Initial" POS="A" name="unshod.a" ID="3740" lemmaID="42372" cBy="Shw" cDate="08/12/2001 01:19:41 PDT Sun">
        <definition>COD: wearing no shoes.</definition>
        <sentenceCount annotated="5" total="5"/>
        <lexeme order="1" headword="false" breakBefore="false" POS="A" name="unshod"/>
    </lexUnit>
    <lexUnit status="Finished_Initial" POS="A" name="shoeless.a" ID="3741" lemmaID="45100" cBy="Shw" cDate="08/12/2001 01:20:29 PDT Sun">
        <definition>FN: wearing no shoes.</definition>
        <sentenceCount annotated="4" total="10"/>
        <lexeme order="1" headword="false" breakBefore="false" POS="A" name="shoeless"/>
    </lexUnit>
    <lexUnit status="Insufficient_Attestations" POS="A" name="sockless.a" ID="3743" lemmaID="45102" cBy="Shw" cDate="08/12/2001 01:25:56 PDT Sun">
        <definition>FN: wearing no socks.</definition>
        <sentenceCount annotated="2" total="4"/>
        <lexeme order="1" headword="false" breakBefore="false" POS="A" name="sockless"/>
    </lexUnit>
    <lexUnit status="Finished_Initial" POS="N" name="nakedness.n" ID="3744" lemmaID="25398" cBy="Shw" cDate="08/12/2001 01:26:14 PDT Sun">
        <definition>FN: the state of being naked.</definition>
        <sentenceCount annotated="12" total="109"/>
        <lexeme order="1" headword="false" breakBefore="false" POS="N" name="nakedness"/>
    </lexUnit>
    <lexUnit status="Finished_Initial" POS="N" name="nudity.n" ID="3745" lemmaID="26246" cBy="Shw" cDate="08/12/2001 01:26:27 PDT Sun">
        <definition>FN: the state of being nude.</definition>
        <sentenceCount annotated="4" total="50"/>
        <lexeme order="1" headword="false" breakBefore="false" POS="N" name="nudity"/>
    </lexUnit>
    <lexUnit status="Finished_Initial" POS="A" name="clad.a" ID="3746" lemmaID="6609" cBy="Shw" cDate="08/12/2001 01:26:59 PDT Sun">
        <definition>COD: clothed. </definition>
        <sentenceCount annotated="22" total="181"/>
        <lexeme order="1" headword="false" breakBefore="false" POS="A" name="clad"/>
    </lexUnit>
    <lexUnit status="Finished_Initial" POS="A" name="clothed.a" ID="3747" lemmaID="45104" cBy="Shw" cDate="08/12/2001 01:29:16 PDT Sun">
        <definition>FN: wearing clothes</definition>
        <sentenceCount annotated="8" total="40"/>
        <lexeme order="1" headword="false" breakBefore="false" POS="A" name="clothed"/>
    </lexUnit>
    <lexUnit status="Finished_Initial" POS="V" name="wear.v" ID="3748" lemmaID="43632" cBy="Shw" cDate="08/12/2001 01:33:11 PDT Sun">
        <definition>COD: with obj. have on one's body or a part of one's body as clothing, decoration, or protection. </definition>
        <sentenceCount annotated="250" total="499"/>
        <lexeme order="1" headword="false" breakBefore="false" POS="V" name="wear"/>
    </lexUnit>
    <lexUnit status="Finished_Initial" POS="A" name="dressed.a" ID="3749" lemmaID="45105" cBy="Shw" cDate="08/12/2001 01:33:43 PDT Sun">
        <definition>FN: wearing clothes</definition>
        <sentenceCount annotated="51" total="165"/>
        <lexeme order="1" headword="false" breakBefore="false" POS="A" name="dressed"/>
    </lexUnit>
    <lexUnit status="Finished_Initial" POS="A" name="barefoot.a" ID="3750" lemmaID="2894" cBy="Shw" cDate="08/12/2001 01:41:44 PDT Sun">
        <definition>COD: wearing nothing on the feet</definition>
        <sentenceCount annotated="18" total="148"/>
        <lexeme order="1" headword="false" breakBefore="false" POS="A" name="barefoot"/>
    </lexUnit>
    <lexUnit status="Finished_Initial" POS="A" name="bare.a" ID="3752" lemmaID="2886" cBy="Shw" cDate="08/12/2001 01:43:36 PDT Sun">
        <definition>COD: (of a person or part of the body) not clothed or covered. </definition>
        <sentenceCount annotated="29" total="294"/>
        <lexeme order="1" headword="false" breakBefore="false" POS="A" name="bare"/>
    </lexUnit>
    <lexUnit status="Created" POS="V" name="bare.v" ID="3753" lemmaID="2885" cBy="Shw" cDate="08/12/2001 01:44:11 PDT Sun">
        <definition>COD: with obj. uncover (a part of the body) and expose it to view. </definition>
        <sentenceCount annotated="0" total="3"/>
        <lexeme order="1" headword="false" breakBefore="false" POS="V" name="bare"/>
    </lexUnit>
    <lexUnit status="Insufficient_Attestations" POS="A" name="bareheaded.a" ID="3754" lemmaID="2897" cBy="Shw" cDate="08/12/2001 01:44:35 PDT Sun">
        <definition>COD:  without a covering for one's head. </definition>
        <sentenceCount annotated="4" total="5"/>
        <lexeme order="1" headword="false" breakBefore="false" POS="A" name="bareheaded"/>
    </lexUnit>
    <lexUnit status="Finished_Initial" POS="A" name="barelegged.a" ID="3755" lemmaID="2899" cBy="Shw" cDate="08/12/2001 01:44:54 PDT Sun">
        <definition>FN: without a covering for one's legs</definition>
        <sentenceCount annotated="5" total="7"/>
        <lexeme order="1" headword="false" breakBefore="false" POS="A" name="barelegged"/>
    </lexUnit>
    <lexUnit status="Finished_Initial" POS="A" name="bare-chested.a" ID="3756" lemmaID="45106" cBy="Shw" cDate="08/12/2001 01:48:10 PDT Sun">
        <definition>FN: without a covering for one's chest. </definition>
        <sentenceCount annotated="4" total="6"/>
        <lexeme order="1" headword="false" breakBefore="false" POS="A" name="bare-chested"/>
    </lexUnit>
    <lexUnit status="Finished_Initial" POS="A" name="hatless.a" ID="3761" lemmaID="17553" cBy="Shw" cDate="08/12/2001 02:11:32 PDT Sun">
        <definition>FN: wearing no hat.</definition>
        <sentenceCount annotated="4" total="9"/>
        <lexeme order="1" headword="false" breakBefore="false" POS="A" name="hatless"/>
    </lexUnit>
    <lexUnit status="Insufficient_Attestations" POS="A" name="coatless.a" ID="3762" lemmaID="45107" cBy="Shw" cDate="08/12/2001 02:14:42 PDT Sun">
        <definition>FN: wearing no coat.</definition>
        <sentenceCount annotated="1" total="1"/>
        <lexeme order="1" headword="false" breakBefore="false" POS="A" name="coatless"/>
    </lexUnit>
    <lexUnit status="Finished_Initial" POS="A" name="shirtless.a" ID="3763" lemmaID="45101" cBy="Shw" cDate="08/12/2001 03:17:28 PDT Sun">
        <definition>FN: wearing no shirt</definition>
        <sentenceCount annotated="4" total="8"/>
        <lexeme order="1" headword="false" breakBefore="false" POS="A" name="shirtless"/>
    </lexUnit>
    <lexUnit status="Finished_Initial" POS="A" name="barefooted.a" ID="3771" lemmaID="2895" cBy="Shw" cDate="08/17/2001 04:22:17 PDT Fri">
        <definition>FN: wearing nothing on the feet.</definition>
        <sentenceCount annotated="5" total="6"/>
        <lexeme order="1" headword="false" breakBefore="false" POS="A" name="barefooted"/>
    </lexUnit>
    <lexUnit status="Finished_Initial" POS="A" name="undressed.a" ID="3958" lemmaID="42055" cBy="ACW" cDate="09/14/2001 01:13:05 PDT Fri">
        <definition>COD: wearing no clothes; naked. </definition>
        <sentenceCount annotated="8" total="19"/>
        <lexeme order="1" headword="false" breakBefore="false" POS="A" name="undressed"/>
    </lexUnit>
    <lexUnit status="Finished_Initial" POS="A" name="topless.a" ID="3959" lemmaID="40736" cBy="ACW" cDate="09/14/2001 01:17:17 PDT Fri">
        <definition>COD:  having or leaving the breasts uncovered. </definition>
        <sentenceCount annotated="16" total="75"/>
        <lexeme order="1" headword="false" breakBefore="false" POS="A" name="topless"/>
    </lexUnit>
    <lexUnit status="Finished_Initial" POS="A" name="masked.a" ID="3960" lemmaID="23598" cBy="ACW" cDate="09/14/2001 01:23:57 PDT Fri">
        <definition>FN: wearing a mask</definition>
        <sentenceCount annotated="32" total="115"/>
        <lexeme order="1" headword="false" breakBefore="false" POS="A" name="masked"/>
    </lexUnit>
    <lexUnit status="Finished_Initial" POS="A" name="hooded.a" ID="3961" lemmaID="18345" cBy="ACW" cDate="09/14/2001 01:31:12 PDT Fri">
        <definition>COD: having or wearing a hood. </definition>
        <sentenceCount annotated="10" total="61"/>
        <lexeme order="1" headword="false" breakBefore="false" POS="A" name="hooded"/>
    </lexUnit>
    <lexUnit status="Finished_Initial" POS="N" name="undress.n" ID="3963" lemmaID="42053" cBy="ACW" cDate="09/14/2001 01:39:55 PDT Fri">
        <definition>COD: the state of being naked or only partially clothed. </definition>
        <sentenceCount annotated="7" total="32"/>
        <lexeme order="1" headword="false" breakBefore="false" POS="N" name="undress"/>
    </lexUnit>
    <lexUnit status="Finished_Initial" POS="A" name="costumed.a" ID="3964" lemmaID="45177" cBy="KCo" cDate="09/14/2001 02:40:23 PDT Fri">
        <definition>FN: wearing a costume</definition>
        <sentenceCount annotated="5" total="11"/>
        <lexeme order="1" headword="false" breakBefore="false" POS="A" name="costumed"/>
    </lexUnit>
    <lexUnit status="Finished_Initial" POS="A" name="garbed.a" ID="3965" lemmaID="45178" cBy="KCo" cDate="09/14/2001 02:46:28 PDT Fri">
        <definition>FN: wearing garb</definition>
        <sentenceCount annotated="5" total="7"/>
        <lexeme order="1" headword="false" breakBefore="false" POS="A" name="garbed"/>
    </lexUnit>
    <lexUnit status="Finished_Initial" POS="A" name="unclothed.a" ID="3966" lemmaID="45179" cBy="KCo" cDate="09/14/2001 02:52:14 PDT Fri">
        <definition>FN: without clothes</definition>
        <sentenceCount annotated="6" total="23"/>
        <lexeme order="1" headword="false" breakBefore="false" POS="A" name="unclothed"/>
    </lexUnit>
    <lexUnit status="Insufficient_Attestations" POS="A" name="bare-armed.a" ID="3967" lemmaID="45180" cBy="KCo" cDate="09/14/2001 02:56:07 PDT Fri">
        <definition>FN: wearing no clothing on the arms.</definition>
        <sentenceCount annotated="1" total="2"/>
        <lexeme order="1" headword="false" breakBefore="false" POS="A" name="bare-armed"/>
    </lexUnit>
    <lexUnit status="Finished_Initial" POS="A" name="bare-breasted.a" ID="3968" lemmaID="45181" cBy="KCo" cDate="09/14/2001 02:58:52 PDT Fri">
        <definition>FN: without clothing over one's breasts</definition>
        <sentenceCount annotated="4" total="8"/>
        <lexeme order="1" headword="false" breakBefore="false" POS="A" name="bare-breasted"/>
    </lexUnit>
    <lexUnit status="Finished_Initial" POS="A" name="hatted.a" ID="3969" lemmaID="45182" cBy="KCo" cDate="09/14/2001 03:10:51 PDT Fri">
        <definition>FN: wearing a hat.</definition>
        <sentenceCount annotated="5" total="5"/>
        <lexeme order="1" headword="false" breakBefore="false" POS="A" name="hatted"/>
    </lexUnit>
    <lexUnit status="Insufficient_Attestations" POS="A" name="braless.a" ID="3970" lemmaID="45188" cBy="KCo" cDate="09/14/2001 03:19:56 PDT Fri">
        <definition>FN: without a bra</definition>
        <sentenceCount annotated="1" total="2"/>
        <lexeme order="1" headword="false" breakBefore="false" POS="A" name="braless"/>
    </lexUnit>
    <lexUnit status="Finished_Initial" POS="A" name="robed.a" ID="3971" lemmaID="45189" cBy="KCo" cDate="09/14/2001 03:32:55 PDT Fri">
        <definition>FN: wearing a robe</definition>
        <sentenceCount annotated="5" total="15"/>
        <lexeme order="1" headword="false" breakBefore="false" POS="A" name="robed"/>
    </lexUnit>
    <lexUnit status="Finished_Initial" POS="A" name="attired.a" ID="3972" lemmaID="45190" cBy="KCo" cDate="09/14/2001 03:49:27 PDT Fri">
        <definition>FN: wearing attire</definition>
        <sentenceCount annotated="4" total="8"/>
        <lexeme order="1" headword="false" breakBefore="false" POS="A" name="attired"/>
    </lexUnit>
    <lexUnit status="Finished_Initial" POS="A" name="gloved.a" ID="3973" lemmaID="45191" cBy="KCo" cDate="09/14/2001 03:53:12 PDT Fri">
        <definition>FN: wearing a glove/gloves.</definition>
        <sentenceCount annotated="12" total="110"/>
        <lexeme order="1" headword="false" breakBefore="false" POS="A" name="gloved"/>
    </lexUnit>
    <lexUnit status="Insufficient_Attestations" POS="A" name="gloveless.a" ID="3974" lemmaID="45192" cBy="KCo" cDate="09/14/2001 03:54:20 PDT Fri">
        <definition>FN: without a glove/gloves.</definition>
        <sentenceCount annotated="1" total="1"/>
        <lexeme order="1" headword="false" breakBefore="false" POS="A" name="gloveless"/>
    </lexUnit>
    <lexUnit status="Finished_Initial" POS="V" name="have on.v" ID="10940" lemmaID="49530" cBy="MJE" cDate="09/01/2004 05:01:30 PDT Wed">
        <definition>FN: wear</definition>
        <sentenceCount annotated="21" total="23"/>
        <lexeme order="1" headword="true" breakBefore="false" POS="V" name="have"/>
        <lexeme order="2" headword="false" breakBefore="false" POS="ADV" name="on"/>
    </lexUnit>
    <lexUnit status="Created" POS="IDIO" name="with on.idio" ID="10941" lemmaID="49531" cBy="MJE" cDate="09/01/2004 05:04:56 PDT Wed">
        <definition>FN: wearing</definition>
        <sentenceCount annotated="1" total="1"/>
        <lexeme order="1" headword="true" breakBefore="false" POS="PREP" name="with"/>
        <lexeme order="2" headword="false" breakBefore="false" POS="ADV" name="on"/>
    </lexUnit>
    <lexUnit status="Created" POS="V" name="have got on.v" ID="10942" lemmaID="49532" cBy="MJE" cDate="09/01/2004 05:53:11 PDT Wed">
        <definition>FN: wear</definition>
        <sentenceCount annotated="0" total="0"/>
        <lexeme order="1" headword="true" breakBefore="false" POS="V" name="have"/>
        <lexeme order="2" headword="false" breakBefore="false" POS="V" name="got"/>
        <lexeme order="3" headword="false" breakBefore="false" POS="ADV" name="on"/>
    </lexUnit>
    <lexUnit status="Finished_Initial" POS="PREP" name="in.prep" ID="10950" lemmaID="19298" cBy="MJE" cDate="09/08/2004 04:30:02 PDT Wed">
        <definition>FN: wearing </definition>
        <sentenceCount annotated="28" total="257"/>
        <lexeme order="1" headword="false" breakBefore="false" POS="PREP" name="in"/>
    </lexUnit>
    <lexUnit status="Created" POS="A" name="decked out.a" ID="10974" lemmaID="49564" cBy="MJE" cDate="09/20/2004 04:59:12 PDT Mon">
        <definition>FN: dressed finely </definition>
        <sentenceCount annotated="0" total="1"/>
        <lexeme order="1" headword="true" breakBefore="false" POS="A" name="decked"/>
        <lexeme order="2" headword="false" breakBefore="false" POS="ADV" name="out"/>
    </lexUnit>
    <lexUnit status="Created" POS="A" name="dolled up.a" ID="10980" lemmaID="49570" cBy="MJE" cDate="09/20/2004 05:06:56 PDT Mon">
        <definition>FN: dressed attractively</definition>
        <sentenceCount annotated="0" total="1"/>
        <lexeme order="1" headword="true" breakBefore="false" POS="A" name="dolled"/>
        <lexeme order="2" headword="false" breakBefore="false" POS="ADV" name="up"/>
    </lexUnit>
    <lexUnit status="Created" POS="V" name="got on.v" ID="10984" lemmaID="49574" cBy="MJE" cDate="09/20/2004 06:18:43 PDT Mon">
        <definition>FN: be wearing</definition>
        <sentenceCount annotated="4" total="4"/>
        <lexeme order="1" headword="true" breakBefore="false" POS="V" name="got"/>
        <lexeme order="2" headword="false" breakBefore="false" POS="ADV" name="on"/>
    </lexUnit>
    <lexUnit status="Finished_Initial" POS="V" name="sport.v" ID="10993" lemmaID="37477" cBy="MJE" cDate="09/20/2004 06:51:19 PDT Mon">
        <definition>COD: wear or display (a distinctive or noticeable item).</definition>
        <sentenceCount annotated="10" total="10"/>
        <lexeme order="1" headword="false" breakBefore="false" POS="V" name="sport"/>
    </lexUnit>
    <lexUnit status="Created" POS="A" name="swaddled.a" ID="11000" lemmaID="49590" cBy="Hay" cDate="09/21/2004 11:21:45 PDT Tue">
        <definition>FN: (of a baby) wrapped (in a blanket, etc.)</definition>
        <sentenceCount annotated="0" total="1"/>
        <lexeme order="1" headword="true" breakBefore="false" POS="A" name="swaddled"/>
    </lexUnit>
    <lexUnit status="Created" POS="A" name="swathed.a" ID="11001" lemmaID="49591" cBy="MJE" cDate="09/21/2004 11:27:48 PDT Tue">
        <definition>FN: wrapped (in something) so as to clothe</definition>
        <sentenceCount annotated="0" total="2"/>
        <lexeme order="1" headword="true" breakBefore="false" POS="A" name="swathed"/>
    </lexUnit>
</frame>