<?xml version="1.0" encoding="UTF-8" standalone="yes"?>
<?xml-stylesheet type="text/xsl" href="frame.xsl"?>
<frame cBy="JKR" cDate="10/12/2005 01:49:30 PDT Wed" name="Willingness" ID="1632" xsi:schemaLocation="../schema/frame.xsd" xmlns="http://framenet.icsi.berkeley.edu" xmlns:xsi="http://www.w3.org/2001/XMLSchema-instance">
    <definition>&lt;def-root&gt;A &lt;fen&gt;Cognizer&lt;/fen&gt; would engage in an &lt;fen&gt;Activity&lt;/fen&gt; if asked or otherwise prompted to do so.

&lt;ex&gt;&lt;fex name="Cognizer"&gt;The court&lt;/fex&gt; &lt;m&gt;is&lt;/m&gt; &lt;t&gt;willing&lt;/t&gt; &lt;fex name="Activity"&gt;to depart from the usual range of sentencing&lt;/fex&gt; .&lt;/ex&gt;

&lt;ex&gt;&lt;fex name="Cognizer"&gt;The Nicaraguan National Assembly&lt;/fex&gt; has &lt;m&gt;been&lt;/m&gt; &lt;t&gt;reluctant&lt;/t&gt; &lt;fex name="Activity"&gt;to destroy the remaining stockpile&lt;/fex&gt;. &lt;/ex&gt;

&lt;ex&gt;The Turks are in &lt;t&gt;grudging&lt;/t&gt; &lt;fex name="act"&gt;acceptance&lt;/fex&gt; of terms set by EU.&lt;/ex&gt;

&lt;ex&gt;Would &lt;fex name="Cognizer"&gt;you&lt;/fex&gt; &lt;m&gt;be&lt;/m&gt; &lt;t&gt;prepared&lt;/t&gt;&lt;fex name="Activity"&gt;to give up some of your privacy to industry to help improve customer service&lt;/fex&gt;?&lt;/ex&gt;&lt;/def-root&gt;</definition>
    <FE bgColor="FF0000" fgColor="FFFFFF" coreType="Core" cBy="JKR" cDate="10/12/2005 01:49:31 PDT Wed" abbrev="Cog" name="Cognizer" ID="9096">
        <definition>&lt;def-root&gt;The &lt;fen&gt;Cognizer&lt;/fen&gt; is the individual that is willing to engage in the &lt;fen&gt;Activity&lt;/fen&gt;.

&lt;ex&gt;&lt;fex name="Cog"&gt;My mom&lt;/fex&gt; &lt;m&gt;is&lt;/m&gt; very &lt;t&gt;loath&lt;/t&gt; to take any drugs without medical supervision.&lt;/ex&gt;&lt;/def-root&gt;</definition>
        <semType name="Sentient" ID="5"/>
    </FE>
    <FE bgColor="0000FF" fgColor="FFFFFF" coreType="Core" cBy="JKR" cDate="10/12/2005 01:49:31 PDT Wed" abbrev="act" name="Activity" ID="9097">
        <definition>&lt;def-root&gt;
The &lt;fen&gt;Activity&lt;/fen&gt; is what the &lt;fen&gt;Cognizer&lt;/fen&gt; would do under certain circumstances.

&lt;ex&gt;Does biology really matter more than a &lt;t&gt;willingness&lt;/t&gt; &lt;fex name="act"&gt;to take an active role in a child's life&lt;/fex&gt;? &lt;/ex&gt;&lt;/def-root&gt;</definition>
    </FE>
    <FE bgColor="006400" fgColor="FFFFFF" coreType="Extra-Thematic" cBy="JKR" cDate="10/12/2005 01:49:31 PDT Wed" abbrev="exp" name="Explanation" ID="9098">
        <definition>&lt;def-root&gt;The &lt;fen&gt;Explanation&lt;/fen&gt; denotes a proposition from which the &lt;fen&gt;Cognizer&lt;/fen&gt;'s willingness logically follows. 

&lt;ex&gt;The other companies would have been &lt;t&gt;unwilling&lt;/t&gt; to participate &lt;fex name="exp"&gt;because of the project's high risk&lt;/fex&gt;.&lt;/ex&gt;&lt;/def-root&gt;</definition>
        <semType name="State_of_affairs" ID="177"/>
    </FE>
    <FE bgColor="008000" fgColor="FFFFFF" coreType="Peripheral" cBy="JKR" cDate="10/12/2005 01:49:31 PDT Wed" abbrev="Place" name="Place" ID="9101">
        <definition>&lt;def-root&gt;This FE identifies the &lt;fen&gt;Place&lt;/fen&gt; where the &lt;fen&gt;Cognizer&lt;/fen&gt; is willing to engage in the &lt;fen&gt;Activity&lt;/fen&gt;. &lt;/def-root &gt;</definition>
        <semType name="Locative_relation" ID="182"/>
    </FE>
    <FE bgColor="FFA500" fgColor="FFFFFF" coreType="Peripheral" cBy="JKR" cDate="10/12/2005 01:49:31 PDT Wed" abbrev="Time" name="Time" ID="9103">
        <definition>&lt;def-root&gt;This FE identifies the &lt;fen&gt;Time&lt;/fen&gt; when the &lt;fen&gt;Cognizer&lt;/fen&gt; is willing to engage in the &lt;fen&gt;Activity&lt;/fen&gt;.&lt;/def-root&gt;</definition>
        <semType name="Time" ID="141"/>
    </FE>
    <FE bgColor="9F79EE" fgColor="FFFFFF" coreType="Extra-Thematic" cBy="JKR" cDate="10/12/2005 01:49:31 PDT Wed" abbrev="pur" name="Purpose" ID="9106">
        <definition>&lt;def-root&gt;The state of affairs that the &lt;fen&gt;Cognizer&lt;/fen&gt; wants to achieve by being willing to engage in the &lt;fen&gt;Activity&lt;/fen&gt;.
&lt;/def-root&gt;</definition>
        <semType name="State_of_affairs" ID="177"/>
    </FE>
    <FE bgColor="FF69B4" fgColor="FFFFFF" coreType="Peripheral" cBy="JKR" cDate="10/12/2005 02:18:30 PDT Wed" abbrev="deg" name="Degree" ID="9107">
        <definition>&lt;def-root&gt;A modifier expressing  the deviation of the willingness from the norm or from the value for another &lt;fen&gt;Cognizer&lt;/fen&gt;.

&lt;ex&gt;If you need help or have any problems, she is &lt;fex name="deg"&gt;extremely&lt;/fex&gt; &lt;t&gt;willing&lt;/t&gt; to work with you.&lt;/ex&gt;&lt;/def-root&gt;</definition>
        <semType name="Degree" ID="172"/>
    </FE>
    <FE bgColor="800080" fgColor="000000" coreType="Extra-Thematic" cBy="JKs" cDate="05/29/2008 12:12:33 PDT Thu" abbrev="" name="Frequency" ID="12680">
        <definition>&lt;def-root&gt;This FE denotes the number of times the &lt;fen&gt;Cognizer&lt;/fen&gt; is willing  per some unit of time.&lt;/def-root&gt;</definition>
    </FE>
    <FEcoreSet>
        <memberFE name="Activity" ID="9097"/>
        <memberFE name="Cognizer" ID="9096"/>
    </FEcoreSet>
    <frameRelation type="Inherits from"/>
    <frameRelation type="Is Inherited by"/>
    <frameRelation type="Perspective on"/>
    <frameRelation type="Is Perspectivized in"/>
    <frameRelation type="Uses">
        <relatedFrame ID="352">Choosing</relatedFrame>
    </frameRelation>
    <frameRelation type="Is Used by"/>
    <frameRelation type="Subframe of"/>
    <frameRelation type="Has Subframe(s)"/>
    <frameRelation type="Precedes"/>
    <frameRelation type="Is Preceded by"/>
    <frameRelation type="Is Inchoative of"/>
    <frameRelation type="Is Causative of"/>
    <frameRelation type="See also"/>
    <lexUnit status="Finished_Initial" POS="A" name="willing.a" ID="12799" lemmaID="44181" cBy="JKR" cDate="10/12/2005 02:16:41 PDT Wed">
        <definition>FN: not opposed to</definition>
        <sentenceCount annotated="29" total="239"/>
        <lexeme order="1" headword="false" breakBefore="false" POS="A" name="willing"/>
    </lexUnit>
    <lexUnit status="Created" POS="A" name="unwilling.a" ID="12800" lemmaID="42438" cBy="JKR" cDate="10/12/2005 02:18:06 PDT Wed">
        <definition>COD: not willing.</definition>
        <sentenceCount annotated="0" total="0"/>
        <lexeme order="1" headword="false" breakBefore="false" POS="A" name="unwilling"/>
    </lexUnit>
    <lexUnit status="Finished_Initial" POS="A" name="reluctant.a" ID="12801" lemmaID="32543" cBy="JKR" cDate="10/12/2005 02:24:17 PDT Wed">
        <definition>COD: unwilling and hesitant. </definition>
        <sentenceCount annotated="20" total="170"/>
        <lexeme order="1" headword="false" breakBefore="false" POS="A" name="reluctant"/>
    </lexUnit>
    <lexUnit status="Created" POS="N" name="willingness.n" ID="12802" lemmaID="44183" cBy="JKR" cDate="10/12/2005 02:26:11 PDT Wed">
        <definition>FN: the state or degree of being unopposed to</definition>
        <sentenceCount annotated="9" total="9"/>
        <lexeme order="1" headword="false" breakBefore="false" POS="N" name="willingness"/>
    </lexUnit>
    <lexUnit status="Finished_Initial" POS="A" name="loath.a" ID="12803" lemmaID="22592" cBy="JKR" cDate="10/12/2005 02:29:08 PDT Wed">
        <definition>COD: reluctant; unwilling:</definition>
        <sentenceCount annotated="20" total="100"/>
        <lexeme order="1" headword="false" breakBefore="false" POS="A" name="loath"/>
    </lexUnit>
    <lexUnit status="Created" POS="A" name="grudging.a" ID="12804" lemmaID="16954" cBy="JKR" cDate="10/12/2005 02:35:26 PDT Wed">
        <definition>FN: resentfully unwilling to</definition>
        <sentenceCount annotated="0" total="0"/>
        <lexeme order="1" headword="false" breakBefore="false" POS="A" name="grudging"/>
    </lexUnit>
    <lexUnit status="Created" POS="N" name="unwillingness.n" ID="12805" lemmaID="50266" cBy="JKR" cDate="10/12/2005 02:42:35 PDT Wed">
        <definition>FN: the state or degree of being opposed to</definition>
        <sentenceCount annotated="0" total="0"/>
        <lexeme order="1" headword="true" breakBefore="false" POS="N" name="unwillingness"/>
    </lexUnit>
    <lexUnit status="Created" POS="A" name="prepared.a" ID="12806" lemmaID="30240" cBy="JKR" cDate="10/12/2005 02:43:06 PDT Wed">
        <definition>FN: willing (as a result of consideration)</definition>
        <sentenceCount annotated="0" total="0"/>
        <lexeme order="1" headword="false" breakBefore="false" POS="A" name="prepared"/>
    </lexUnit>
    <lexUnit status="Created" POS="A" name="down.a" ID="15885" lemmaID="11611" cBy="AnW" cDate="07/16/2010 04:08:56 PDT Fri">
        <definition>FN: willing to (do something)</definition>
        <sentenceCount annotated="0" total="0"/>
        <lexeme order="1" headword="false" breakBefore="false" POS="A" name="down"/>
    </lexUnit>
</frame>