<?xml version="1.0" encoding="UTF-8" standalone="yes"?>
<?xml-stylesheet type="text/xsl" href="frame.xsl"?>
<frame cBy="KmG" cDate="06/13/2008 04:06:51 PDT Fri" name="Win_prize" ID="2072" xsi:schemaLocation="../schema/frame.xsd" xmlns="http://framenet.icsi.berkeley.edu" xmlns:xsi="http://www.w3.org/2001/XMLSchema-instance">
    <definition>&lt;def-root&gt;A &lt;fen&gt;Competitor&lt;/fen&gt; claims a &lt;fen&gt;Prize&lt;/fen&gt; as a result of the outcome of their participation in a &lt;fen&gt;Competition&lt;/fen&gt;.  &lt;fen&gt;Competition&lt;/fen&gt; is meant to be construed broadly to include cases where there is no skill involved as well as cases where there is no ranking of participants, and indeed does not require that there be multiple pariticipants or a definable end of game, as in the case of winning prizes at a carnival game. All that is required to be this kind of &lt;fen&gt;Competition&lt;/fen&gt; is that there is some way of determining whether a &lt;fen&gt;Competitor&lt;/fen&gt; will receive the &lt;fen&gt;Prize&lt;/fen&gt;.

&lt;ex&gt;&lt;fex name="Competitor"&gt;We&lt;/fex&gt; &lt;t&gt;won&lt;/t&gt; &lt;fex name="Prize"&gt;a car&lt;/fex&gt; &lt;fex name="Competition"&gt;in the raffle&lt;/fex&gt;.&lt;/ex&gt;

&lt;ex&gt;&lt;/ex&gt;

The use of win.v in this frame is similar to the Finish_competition frame, but there are a number of differences. Firstly, Win_prize focuses on what the &lt;fen&gt;Competitor&lt;/fen&gt; receives as a result of their participation in a process. Unlike Finish_competition, Win_prize does not necessarily give any information about how a &lt;fen&gt;Competitor&lt;/fen&gt; ranked relative to other competitors, or even if there is any system of ranking of competitors, or any end of the process that is defined as winning or losing. Win_prize only requires a system for determining which &lt;fen&gt;Prize&lt;/fen&gt; or prizes go to a &lt;fen&gt;Competitor&lt;/fen&gt;, if any. That is why the opposite of "I won (something)" in Win_prize is not "I lost", but rather "I didn't win anything".&lt;/def-root&gt;</definition>
    <FE bgColor="FF0000" fgColor="FFFFFF" coreType="Core" cBy="KmG" cDate="06/13/2008 04:06:51 PDT Fri" abbrev="Tor" name="Competitor" ID="12782">
        <definition>&lt;def-root&gt;The individual or individuals involved in the &lt;fen&gt;Competition&lt;/fen&gt;.&lt;/def-root&gt;</definition>
    </FE>
    <FE bgColor="2E8B57" fgColor="FFFFFF" coreType="Peripheral" cBy="KmG" cDate="06/13/2008 04:06:51 PDT Fri" abbrev="Sco" name="Score" ID="12785">
        <definition>&lt;def-root&gt;A quantity whereby progress is measured during the game, and Rank and &lt;fen&gt;Prize&lt;/fen&gt;s are awarded to the &lt;fen&gt;Competitor&lt;/fen&gt; afterward.&lt;/def-root&gt;</definition>
    </FE>
    <FE bgColor="00BFFF" fgColor="FFFFFF" coreType="Peripheral" cBy="KmG" cDate="06/13/2008 04:06:51 PDT Fri" abbrev="Mar" name="Margin" ID="12786">
        <definition>&lt;def-root&gt;The amount by which the &lt;fen&gt;Competitor&lt;/fen&gt; 's and &lt;fen&gt;Score&lt;/fen&gt;s differ.&lt;/def-root&gt;</definition>
    </FE>
    <FE bgColor="008000" fgColor="FFFFFF" coreType="Peripheral" cBy="KmG" cDate="06/13/2008 04:06:51 PDT Fri" abbrev="Ran" name="Rank" ID="12787">
        <definition>&lt;def-root&gt;The rank (according to &lt;fen&gt;Score&lt;/fen&gt;) that a &lt;fen&gt;Competitor&lt;/fen&gt; acheives.&lt;/def-root&gt;</definition>
    </FE>
    <FE bgColor="9400D3" fgColor="FFFFFF" coreType="Core" cBy="KmG" cDate="06/13/2008 04:06:51 PDT Fri" abbrev="Pri" name="Prize" ID="12788">
        <definition>&lt;def-root&gt;A socially and/or monetarily significant entity which is given to a &lt;fen&gt;Competitor&lt;/fen&gt; according to &lt;fen&gt;Score&lt;/fen&gt; or &lt;fen&gt;Rank&lt;/fen&gt;.&lt;/def-root&gt;</definition>
    </FE>
    <FE bgColor="1E90FF" fgColor="FFFFFF" coreType="Peripheral" cBy="KmG" cDate="06/13/2008 04:06:51 PDT Fri" abbrev="Mea" name="Means" ID="12790">
        <definition>&lt;def-root&gt;An action of the &lt;fen&gt;Competitor&lt;/fen&gt; that results in the outcome of the &lt;fen&gt;Competition&lt;/fen&gt;.&lt;/def-root&gt;</definition>
        <semType name="State_of_affairs" ID="177"/>
    </FE>
    <FE bgColor="FF00FF" fgColor="FFFFFF" coreType="Peripheral" cBy="KmG" cDate="06/13/2008 04:06:51 PDT Fri" abbrev="Man" name="Manner" ID="12791">
        <definition>&lt;def-root&gt;Any description of the &lt;fen&gt;Competitor&lt;/fen&gt; which is not covered by more specific FEs, including epistemic modification (probably, presumably, mysteriously), secondary effects (quietly, loudly), and general descriptions comparing events (the same way). It may also indicate salient characteristics of a &lt;fen&gt;Competitor&lt;/fen&gt; that also affect their action (presumptuously, coldly, deliberately, eagerly, carefully). &lt;/def-root&gt;</definition>
        <semType name="Manner" ID="173"/>
    </FE>
    <FE bgColor="FFA500" fgColor="FFFFFF" coreType="Peripheral" cBy="KmG" cDate="06/13/2008 04:06:51 PDT Fri" abbrev="Tim" name="Time" ID="12792">
        <definition>&lt;def-root&gt;When the &lt;fen&gt;Competition&lt;/fen&gt; takes place.&lt;/def-root&gt;</definition>
        <semType name="Time" ID="141"/>
    </FE>
    <FE bgColor="A52A2A" fgColor="FFFFFF" coreType="Peripheral" cBy="KmG" cDate="06/13/2008 04:06:51 PDT Fri" abbrev="Pla" name="Place" ID="12793">
        <definition>&lt;def-root&gt;The location where the &lt;fen&gt;Competition&lt;/fen&gt; takes place.&lt;/def-root&gt;</definition>
        <semType name="Locative_relation" ID="182"/>
    </FE>
    <FE bgColor="A9A9A9" fgColor="FFFFFF" coreType="Peripheral" cBy="KmG" cDate="06/13/2008 04:06:51 PDT Fri" abbrev="Ven" name="Venue" ID="12794">
        <definition>&lt;def-root&gt;This FE is for the named venue of a competition, particularly when the place has been built for the purpose of a &lt;fen&gt;Competition&lt;/fen&gt;.

&lt;/def-root&gt;</definition>
    </FE>
    <FE bgColor="90876C" fgColor="000000" coreType="Extra-Thematic" cBy="KmG" cDate="06/13/2008 04:06:51 PDT Fri" abbrev="Par" name="Particular_iteration" ID="12795">
        <definition>&lt;def-root&gt;Expressions marked with this extra-thematic FE modify a non-iterative use of the target, and indicate that it is conceived as embedded within an iterated series of similar events or states. &lt;/def-root&gt;</definition>
    </FE>
    <FE bgColor="00008B" fgColor="FFFFFF" coreType="Peripheral" cBy="KmG" cDate="06/13/2008 04:12:41 PDT Fri" abbrev="Ion" name="Competition" ID="12796">
        <definition>&lt;def-root&gt;The event in which the &lt;fen&gt;Competitor&lt;/fen&gt; competes.&lt;/def-root&gt;</definition>
    </FE>
    <FE bgColor="FFFF00" fgColor="00008B" coreType="Extra-Thematic" cBy="KmG" cDate="06/17/2008 04:37:45 PDT Tue" abbrev="Exp" name="Explanation" ID="12808">
        <definition>&lt;def-root&gt;The reason why the &lt;fen&gt;Competitor&lt;/fen&gt; wins the &lt;fen&gt;Competition&lt;/fen&gt;.&lt;/def-root&gt;</definition>
    </FE>
    <FE bgColor="EEE8AA" fgColor="00008B" coreType="Extra-Thematic" cBy="KmG" cDate="06/17/2008 04:40:23 PDT Tue" abbrev="Per" name="Period_of_iterations" ID="12809">
        <definition>&lt;def-root&gt;The length of time from when winning events began to be repeated to when they stopped.&lt;/def-root&gt;</definition>
    </FE>
    <FE bgColor="0000FF" fgColor="FFFFFF" coreType="Peripheral" cBy="KmG" cDate="06/17/2008 04:45:32 PDT Tue" abbrev="Opp" name="Opponent" ID="12810">
        <definition>&lt;def-root&gt;The individual that the &lt;fen&gt;Competitor&lt;/fen&gt; has been competing against.&lt;/def-root&gt;</definition>
    </FE>
    <FE bgColor="EEE8AA" fgColor="FF0000" coreType="Extra-Thematic" cBy="KmG" cDate="06/17/2008 04:48:33 PDT Tue" abbrev="Cir" name="Circumstances" ID="12811">
        <definition>&lt;def-root&gt;The state of the world when the &lt;fen&gt;Competitor&lt;/fen&gt; wins the &lt;fen&gt;Competition&lt;/fen&gt;.&lt;/def-root&gt;</definition>
    </FE>
    <FE bgColor="7CCD73" fgColor="FFFFFF" coreType="Extra-Thematic" cBy="KmG" cDate="06/17/2008 04:50:30 PDT Tue" abbrev="re-e" name="Re-encoding" ID="12812">
        <definition>&lt;def-root&gt;The frame expressed by the target typically corresponds to a Means action within the frame expressed by the &lt;fex name="Re-encoding"&gt;Re-encoding&lt;/fex&gt;, but not necessarily. &lt;/def-root&gt;</definition>
    </FE>
    <FE bgColor="9F79EE" fgColor="FFFFFF" coreType="Extra-Thematic" cBy="KmG" cDate="06/17/2008 04:53:51 PDT Tue" abbrev="Res" name="Result" ID="12813">
        <definition>&lt;def-root&gt;The state-of-affairs that prevails as a result of the &lt;fen&gt;Competitor&lt;/fen&gt; winning the &lt;fen&gt;Competition&lt;/fen&gt;.&lt;/def-root&gt;</definition>
    </FE>
    <FE bgColor="FFD700" fgColor="800080" coreType="Extra-Thematic" cBy="KmG" cDate="06/17/2008 04:56:07 PDT Tue" abbrev="Iter" name="Iterations" ID="12814">
        <definition>&lt;def-root&gt;The frame element &lt;fex name="Iterations"&gt;Iterations&lt;/fex&gt; is used for expressions that indicate the number of times the &lt;fen&gt;Competitor&lt;/fen&gt; wins the &lt;fen&gt;Competition&lt;/fen&gt;.&lt;/def-root&gt;</definition>
    </FE>
    <FE bgColor="7FFF00" fgColor="00008B" coreType="Extra-Thematic" cBy="KmG" cDate="06/17/2008 04:59:25 PDT Tue" abbrev="Cf" name="Communicative_force" ID="12815">
        <definition>&lt;def-root&gt;This FE indicates the &lt;fen&gt;Communicative_force&lt;/fen&gt; or authority with which the winning event operates (often denoted by words such as "officially," "formally," "technically," etc.). &lt;/def-root&gt;</definition>
    </FE>
    <FE bgColor="FF69B4" fgColor="FFFFFF" coreType="Extra-Thematic" cBy="KmG" cDate="06/17/2008 05:13:07 PDT Tue" abbrev="Eve" name="Event_description" ID="12816">
        <definition>&lt;def-root&gt;This FE applies to appraisals of the event, typically a judgment of its expectedness, or a description of the state-of-affairs introduced by the winning event.&lt;/def-root&gt;</definition>
    </FE>
    <frameRelation type="Inherits from"/>
    <frameRelation type="Is Inherited by"/>
    <frameRelation type="Perspective on"/>
    <frameRelation type="Is Perspectivized in"/>
    <frameRelation type="Uses"/>
    <frameRelation type="Is Used by">
        <relatedFrame ID="2074">Beat_opponent</relatedFrame>
    </frameRelation>
    <frameRelation type="Subframe of"/>
    <frameRelation type="Has Subframe(s)"/>
    <frameRelation type="Precedes"/>
    <frameRelation type="Is Preceded by"/>
    <frameRelation type="Is Inchoative of"/>
    <frameRelation type="Is Causative of"/>
    <frameRelation type="See also">
        <relatedFrame ID="798">Finish_competition</relatedFrame>
    </frameRelation>
    <lexUnit status="Finished_Initial" POS="V" name="win.v" ID="15119" lemmaID="44198" cBy="KmG" cDate="06/13/2008 04:52:35 PDT Fri">
        <definition>FN: receive reward for competition</definition>
        <sentenceCount annotated="58" total="308"/>
        <lexeme order="1" headword="false" breakBefore="false" POS="V" name="win"/>
    </lexUnit>
</frame>